from_category_id,to_category_id,degree
6cb1940e-089b-550c-994b-967a2838a1c6,6cb1940e-089b-550c-994b-967a2838a1c6,5
6cb1940e-089b-550c-994b-967a2838a1c6,be08644d-074f-5f3a-9efe-76fd98dd9352,5
6cb1940e-089b-550c-994b-967a2838a1c6,71a51932-46c6-5ac5-9664-416aa6d0314e,4
6cb1940e-089b-550c-994b-967a2838a1c6,d0b7e504-f9c6-5ce6-8fe9-c129f6b67cea,4
6cb1940e-089b-550c-994b-967a2838a1c6,7442da53-9c7d-577e-9ad7-410bee197b1e,5
6cb1940e-089b-550c-994b-967a2838a1c6,57d1d8bd-114a-5579-b4e4-9f9f16b6dac1,5
6cb1940e-089b-550c-994b-967a2838a1c6,4f4b0751-5cfe-5a43-9362-8c7dba59b36c,2
6cb1940e-089b-550c-994b-967a2838a1c6,df1d48cd-df3a-5628-a040-6778bf13622b,2
6cb1940e-089b-550c-994b-967a2838a1c6,386a6ef6-09ba-5655-b636-ae4dba9a0515,3
6cb1940e-089b-550c-994b-967a2838a1c6,6e834874-ddde-59d5-ae61-151ce52f3bd9,3
6cb1940e-089b-550c-994b-967a2838a1c6,c0d261de-414a-5439-9b3e-5d11d63ca082,3
6cb1940e-089b-550c-994b-967a2838a1c6,620fcc12-1c5b-5d2e-ad11-e9b506320a0e,3
6cb1940e-089b-550c-994b-967a2838a1c6,f9bcacc3-ec3b-54f5-9f37-c919d69d55dc,3
6cb1940e-089b-550c-994b-967a2838a1c6,b90181dd-8347-50e0-afe4-81250bf3f29b,3
6cb1940e-089b-550c-994b-967a2838a1c6,6766f734-fa72-5b43-8aeb-108daaa93ecc,1
6cb1940e-089b-550c-994b-967a2838a1c6,86457463-d115-58f7-aaa6-6dfc7ad345c0,1
6cb1940e-089b-550c-994b-967a2838a1c6,77e80601-42e2-5aaa-acd2-fd1079174ab3,1
6cb1940e-089b-550c-994b-967a2838a1c6,22f5885d-8434-56df-89e2-885b68232365,1
6cb1940e-089b-550c-994b-967a2838a1c6,fe3eaaec-0928-5934-847d-95f8d93942cd,1
6cb1940e-089b-550c-994b-967a2838a1c6,a6c19abd-e1b1-5ab8-8816-b2f6c05ba496,1
6cb1940e-089b-550c-994b-967a2838a1c6,458d030e-4592-537b-aec8-dc33588eb337,2
6cb1940e-089b-550c-994b-967a2838a1c6,cce79a8e-8eae-5ee6-be2a-7af0a7a08459,2
6cb1940e-089b-550c-994b-967a2838a1c6,87f95c22-1504-5c92-a8f0-2d1ee8df5466,1
6cb1940e-089b-550c-994b-967a2838a1c6,0fc96ba5-2e99-50dd-9e48-21a7a7013eca,1
6cb1940e-089b-550c-994b-967a2838a1c6,a92a73a1-df74-5394-b24a-f1eeae520988,1
6cb1940e-089b-550c-994b-967a2838a1c6,8410b912-0b3e-574f-986b-a86c59b91748,1
be08644d-074f-5f3a-9efe-76fd98dd9352,6cb1940e-089b-550c-994b-967a2838a1c6,5
be08644d-074f-5f3a-9efe-76fd98dd9352,be08644d-074f-5f3a-9efe-76fd98dd9352,5
be08644d-074f-5f3a-9efe-76fd98dd9352,71a51932-46c6-5ac5-9664-416aa6d0314e,4
be08644d-074f-5f3a-9efe-76fd98dd9352,d0b7e504-f9c6-5ce6-8fe9-c129f6b67cea,4
be08644d-074f-5f3a-9efe-76fd98dd9352,7442da53-9c7d-577e-9ad7-410bee197b1e,5
be08644d-074f-5f3a-9efe-76fd98dd9352,57d1d8bd-114a-5579-b4e4-9f9f16b6dac1,5
be08644d-074f-5f3a-9efe-76fd98dd9352,4f4b0751-5cfe-5a43-9362-8c7dba59b36c,2
be08644d-074f-5f3a-9efe-76fd98dd9352,df1d48cd-df3a-5628-a040-6778bf13622b,2
be08644d-074f-5f3a-9efe-76fd98dd9352,386a6ef6-09ba-5655-b636-ae4dba9a0515,3
be08644d-074f-5f3a-9efe-76fd98dd9352,6e834874-ddde-59d5-ae61-151ce52f3bd9,3
be08644d-074f-5f3a-9efe-76fd98dd9352,c0d261de-414a-5439-9b3e-5d11d63ca082,3
be08644d-074f-5f3a-9efe-76fd98dd9352,620fcc12-1c5b-5d2e-ad11-e9b506320a0e,3
be08644d-074f-5f3a-9efe-76fd98dd9352,f9bcacc3-ec3b-54f5-9f37-c919d69d55dc,3
be08644d-074f-5f3a-9efe-76fd98dd9352,b90181dd-8347-50e0-afe4-81250bf3f29b,3
be08644d-074f-5f3a-9efe-76fd98dd9352,6766f734-fa72-5b43-8aeb-108daaa93ecc,1
be08644d-074f-5f3a-9efe-76fd98dd9352,86457463-d115-58f7-aaa6-6dfc7ad345c0,1
be08644d-074f-5f3a-9efe-76fd98dd9352,77e80601-42e2-5aaa-acd2-fd1079174ab3,1
be08644d-074f-5f3a-9efe-76fd98dd9352,22f5885d-8434-56df-89e2-885b68232365,1
be08644d-074f-5f3a-9efe-76fd98dd9352,fe3eaaec-0928-5934-847d-95f8d93942cd,1
be08644d-074f-5f3a-9efe-76fd98dd9352,a6c19abd-e1b1-5ab8-8816-b2f6c05ba496,1
be08644d-074f-5f3a-9efe-76fd98dd9352,458d030e-4592-537b-aec8-dc33588eb337,2
be08644d-074f-5f3a-9efe-76fd98dd9352,cce79a8e-8eae-5ee6-be2a-7af0a7a08459,2
be08644d-074f-5f3a-9efe-76fd98dd9352,87f95c22-1504-5c92-a8f0-2d1ee8df5466,1
be08644d-074f-5f3a-9efe-76fd98dd9352,0fc96ba5-2e99-50dd-9e48-21a7a7013eca,1
be08644d-074f-5f3a-9efe-76fd98dd9352,a92a73a1-df74-5394-b24a-f1eeae520988,1
be08644d-074f-5f3a-9efe-76fd98dd9352,8410b912-0b3e-574f-986b-a86c59b91748,1
71a51932-46c6-5ac5-9664-416aa6d0314e,6cb1940e-089b-550c-994b-967a2838a1c6,4
71a51932-46c6-5ac5-9664-416aa6d0314e,be08644d-074f-5f3a-9efe-76fd98dd9352,4
71a51932-46c6-5ac5-9664-416aa6d0314e,71a51932-46c6-5ac5-9664-416aa6d0314e,5
71a51932-46c6-5ac5-9664-416aa6d0314e,d0b7e504-f9c6-5ce6-8fe9-c129f6b67cea,5
71a51932-46c6-5ac5-9664-416aa6d0314e,7442da53-9c7d-577e-9ad7-410bee197b1e,4
71a51932-46c6-5ac5-9664-416aa6d0314e,57d1d8bd-114a-5579-b4e4-9f9f16b6dac1,4
71a51932-46c6-5ac5-9664-416aa6d0314e,4f4b0751-5cfe-5a43-9362-8c7dba59b36c,2
71a51932-46c6-5ac5-9664-416aa6d0314e,df1d48cd-df3a-5628-a040-6778bf13622b,2
71a51932-46c6-5ac5-9664-416aa6d0314e,386a6ef6-09ba-5655-b636-ae4dba9a0515,3
71a51932-46c6-5ac5-9664-416aa6d0314e,6e834874-ddde-59d5-ae61-151ce52f3bd9,3
71a51932-46c6-5ac5-9664-416aa6d0314e,c0d261de-414a-5439-9b3e-5d11d63ca082,3
71a51932-46c6-5ac5-9664-416aa6d0314e,620fcc12-1c5b-5d2e-ad11-e9b506320a0e,3
71a51932-46c6-5ac5-9664-416aa6d0314e,f9bcacc3-ec3b-54f5-9f37-c919d69d55dc,3
71a51932-46c6-5ac5-9664-416aa6d0314e,b90181dd-8347-50e0-afe4-81250bf3f29b,3
71a51932-46c6-5ac5-9664-416aa6d0314e,6766f734-fa72-5b43-8aeb-108daaa93ecc,1
71a51932-46c6-5ac5-9664-416aa6d0314e,86457463-d115-58f7-aaa6-6dfc7ad345c0,1
71a51932-46c6-5ac5-9664-416aa6d0314e,77e80601-42e2-5aaa-acd2-fd1079174ab3,1
71a51932-46c6-5ac5-9664-416aa6d0314e,22f5885d-8434-56df-89e2-885b68232365,1
71a51932-46c6-5ac5-9664-416aa6d0314e,fe3eaaec-0928-5934-847d-95f8d93942cd,1
71a51932-46c6-5ac5-9664-416aa6d0314e,a6c19abd-e1b1-5ab8-8816-b2f6c05ba496,1
71a51932-46c6-5ac5-9664-416aa6d0314e,458d030e-4592-537b-aec8-dc33588eb337,2
71a51932-46c6-5ac5-9664-416aa6d0314e,cce79a8e-8eae-5ee6-be2a-7af0a7a08459,2
71a51932-46c6-5ac5-9664-416aa6d0314e,87f95c22-1504-5c92-a8f0-2d1ee8df5466,1
71a51932-46c6-5ac5-9664-416aa6d0314e,0fc96ba5-2e99-50dd-9e48-21a7a7013eca,1
71a51932-46c6-5ac5-9664-416aa6d0314e,a92a73a1-df74-5394-b24a-f1eeae520988,1
71a51932-46c6-5ac5-9664-416aa6d0314e,8410b912-0b3e-574f-986b-a86c59b91748,1
d0b7e504-f9c6-5ce6-8fe9-c129f6b67cea,6cb1940e-089b-550c-994b-967a2838a1c6,4
d0b7e504-f9c6-5ce6-8fe9-c129f6b67cea,be08644d-074f-5f3a-9efe-76fd98dd9352,4
d0b7e504-f9c6-5ce6-8fe9-c129f6b67cea,71a51932-46c6-5ac5-9664-416aa6d0314e,5
d0b7e504-f9c6-5ce6-8fe9-c129f6b67cea,d0b7e504-f9c6-5ce6-8fe9-c129f6b67cea,5
d0b7e504-f9c6-5ce6-8fe9-c129f6b67cea,7442da53-9c7d-577e-9ad7-410bee197b1e,4
d0b7e504-f9c6-5ce6-8fe9-c129f6b67cea,57d1d8bd-114a-5579-b4e4-9f9f16b6dac1,4
d0b7e504-f9c6-5ce6-8fe9-c129f6b67cea,4f4b0751-5cfe-5a43-9362-8c7dba59b36c,2
d0b7e504-f9c6-5ce6-8fe9-c129f6b67cea,df1d48cd-df3a-5628-a040-6778bf13622b,2
d0b7e504-f9c6-5ce6-8fe9-c129f6b67cea,386a6ef6-09ba-5655-b636-ae4dba9a0515,3
d0b7e504-f9c6-5ce6-8fe9-c129f6b67cea,6e834874-ddde-59d5-ae61-151ce52f3bd9,3
d0b7e504-f9c6-5ce6-8fe9-c129f6b67cea,c0d261de-414a-5439-9b3e-5d11d63ca082,3
d0b7e504-f9c6-5ce6-8fe9-c129f6b67cea,620fcc12-1c5b-5d2e-ad11-e9b506320a0e,3
d0b7e504-f9c6-5ce6-8fe9-c129f6b67cea,f9bcacc3-ec3b-54f5-9f37-c919d69d55dc,3
d0b7e504-f9c6-5ce6-8fe9-c129f6b67cea,b90181dd-8347-50e0-afe4-81250bf3f29b,3
d0b7e504-f9c6-5ce6-8fe9-c129f6b67cea,6766f734-fa72-5b43-8aeb-108daaa93ecc,1
d0b7e504-f9c6-5ce6-8fe9-c129f6b67cea,86457463-d115-58f7-aaa6-6dfc7ad345c0,1
d0b7e504-f9c6-5ce6-8fe9-c129f6b67cea,77e80601-42e2-5aaa-acd2-fd1079174ab3,1
d0b7e504-f9c6-5ce6-8fe9-c129f6b67cea,22f5885d-8434-56df-89e2-885b68232365,1
d0b7e504-f9c6-5ce6-8fe9-c129f6b67cea,fe3eaaec-0928-5934-847d-95f8d93942cd,1
d0b7e504-f9c6-5ce6-8fe9-c129f6b67cea,a6c19abd-e1b1-5ab8-8816-b2f6c05ba496,1
d0b7e504-f9c6-5ce6-8fe9-c129f6b67cea,458d030e-4592-537b-aec8-dc33588eb337,2
d0b7e504-f9c6-5ce6-8fe9-c129f6b67cea,cce79a8e-8eae-5ee6-be2a-7af0a7a08459,2
d0b7e504-f9c6-5ce6-8fe9-c129f6b67cea,87f95c22-1504-5c92-a8f0-2d1ee8df5466,1
d0b7e504-f9c6-5ce6-8fe9-c129f6b67cea,0fc96ba5-2e99-50dd-9e48-21a7a7013eca,1
d0b7e504-f9c6-5ce6-8fe9-c129f6b67cea,a92a73a1-df74-5394-b24a-f1eeae520988,1
d0b7e504-f9c6-5ce6-8fe9-c129f6b67cea,8410b912-0b3e-574f-986b-a86c59b91748,1
7442da53-9c7d-577e-9ad7-410bee197b1e,6cb1940e-089b-550c-994b-967a2838a1c6,5
7442da53-9c7d-577e-9ad7-410bee197b1e,be08644d-074f-5f3a-9efe-76fd98dd9352,5
7442da53-9c7d-577e-9ad7-410bee197b1e,71a51932-46c6-5ac5-9664-416aa6d0314e,4
7442da53-9c7d-577e-9ad7-410bee197b1e,d0b7e504-f9c6-5ce6-8fe9-c129f6b67cea,4
7442da53-9c7d-577e-9ad7-410bee197b1e,7442da53-9c7d-577e-9ad7-410bee197b1e,5
7442da53-9c7d-577e-9ad7-410bee197b1e,57d1d8bd-114a-5579-b4e4-9f9f16b6dac1,5
7442da53-9c7d-577e-9ad7-410bee197b1e,4f4b0751-5cfe-5a43-9362-8c7dba59b36c,2
7442da53-9c7d-577e-9ad7-410bee197b1e,df1d48cd-df3a-5628-a040-6778bf13622b,2
7442da53-9c7d-577e-9ad7-410bee197b1e,386a6ef6-09ba-5655-b636-ae4dba9a0515,3
7442da53-9c7d-577e-9ad7-410bee197b1e,6e834874-ddde-59d5-ae61-151ce52f3bd9,3
7442da53-9c7d-577e-9ad7-410bee197b1e,c0d261de-414a-5439-9b3e-5d11d63ca082,3
7442da53-9c7d-577e-9ad7-410bee197b1e,620fcc12-1c5b-5d2e-ad11-e9b506320a0e,3
7442da53-9c7d-577e-9ad7-410bee197b1e,f9bcacc3-ec3b-54f5-9f37-c919d69d55dc,3
7442da53-9c7d-577e-9ad7-410bee197b1e,b90181dd-8347-50e0-afe4-81250bf3f29b,3
7442da53-9c7d-577e-9ad7-410bee197b1e,6766f734-fa72-5b43-8aeb-108daaa93ecc,1
7442da53-9c7d-577e-9ad7-410bee197b1e,86457463-d115-58f7-aaa6-6dfc7ad345c0,1
7442da53-9c7d-577e-9ad7-410bee197b1e,77e80601-42e2-5aaa-acd2-fd1079174ab3,1
7442da53-9c7d-577e-9ad7-410bee197b1e,22f5885d-8434-56df-89e2-885b68232365,1
7442da53-9c7d-577e-9ad7-410bee197b1e,fe3eaaec-0928-5934-847d-95f8d93942cd,1
7442da53-9c7d-577e-9ad7-410bee197b1e,a6c19abd-e1b1-5ab8-8816-b2f6c05ba496,1
7442da53-9c7d-577e-9ad7-410bee197b1e,458d030e-4592-537b-aec8-dc33588eb337,2
7442da53-9c7d-577e-9ad7-410bee197b1e,cce79a8e-8eae-5ee6-be2a-7af0a7a08459,2
7442da53-9c7d-577e-9ad7-410bee197b1e,87f95c22-1504-5c92-a8f0-2d1ee8df5466,1
7442da53-9c7d-577e-9ad7-410bee197b1e,0fc96ba5-2e99-50dd-9e48-21a7a7013eca,1
7442da53-9c7d-577e-9ad7-410bee197b1e,a92a73a1-df74-5394-b24a-f1eeae520988,1
7442da53-9c7d-577e-9ad7-410bee197b1e,8410b912-0b3e-574f-986b-a86c59b91748,1
57d1d8bd-114a-5579-b4e4-9f9f16b6dac1,6cb1940e-089b-550c-994b-967a2838a1c6,5
57d1d8bd-114a-5579-b4e4-9f9f16b6dac1,be08644d-074f-5f3a-9efe-76fd98dd9352,5
57d1d8bd-114a-5579-b4e4-9f9f16b6dac1,71a51932-46c6-5ac5-9664-416aa6d0314e,4
57d1d8bd-114a-5579-b4e4-9f9f16b6dac1,d0b7e504-f9c6-5ce6-8fe9-c129f6b67cea,4
57d1d8bd-114a-5579-b4e4-9f9f16b6dac1,7442da53-9c7d-577e-9ad7-410bee197b1e,5
57d1d8bd-114a-5579-b4e4-9f9f16b6dac1,57d1d8bd-114a-5579-b4e4-9f9f16b6dac1,5
57d1d8bd-114a-5579-b4e4-9f9f16b6dac1,4f4b0751-5cfe-5a43-9362-8c7dba59b36c,2
57d1d8bd-114a-5579-b4e4-9f9f16b6dac1,df1d48cd-df3a-5628-a040-6778bf13622b,2
57d1d8bd-114a-5579-b4e4-9f9f16b6dac1,386a6ef6-09ba-5655-b636-ae4dba9a0515,3
57d1d8bd-114a-5579-b4e4-9f9f16b6dac1,6e834874-ddde-59d5-ae61-151ce52f3bd9,3
57d1d8bd-114a-5579-b4e4-9f9f16b6dac1,c0d261de-414a-5439-9b3e-5d11d63ca082,3
57d1d8bd-114a-5579-b4e4-9f9f16b6dac1,620fcc12-1c5b-5d2e-ad11-e9b506320a0e,3
57d1d8bd-114a-5579-b4e4-9f9f16b6dac1,f9bcacc3-ec3b-54f5-9f37-c919d69d55dc,3
57d1d8bd-114a-5579-b4e4-9f9f16b6dac1,b90181dd-8347-50e0-afe4-81250bf3f29b,3
57d1d8bd-114a-5579-b4e4-9f9f16b6dac1,6766f734-fa72-5b43-8aeb-108daaa93ecc,1
57d1d8bd-114a-5579-b4e4-9f9f16b6dac1,86457463-d115-58f7-aaa6-6dfc7ad345c0,1
57d1d8bd-114a-5579-b4e4-9f9f16b6dac1,77e80601-42e2-5aaa-acd2-fd1079174ab3,1
57d1d8bd-114a-5579-b4e4-9f9f16b6dac1,22f5885d-8434-56df-89e2-885b68232365,1
57d1d8bd-114a-5579-b4e4-9f9f16b6dac1,fe3eaaec-0928-5934-847d-95f8d93942cd,1
57d1d8bd-114a-5579-b4e4-9f9f16b6dac1,a6c19abd-e1b1-5ab8-8816-b2f6c05ba496,1
57d1d8bd-114a-5579-b4e4-9f9f16b6dac1,458d030e-4592-537b-aec8-dc33588eb337,2
57d1d8bd-114a-5579-b4e4-9f9f16b6dac1,cce79a8e-8eae-5ee6-be2a-7af0a7a08459,2
57d1d8bd-114a-5579-b4e4-9f9f16b6dac1,87f95c22-1504-5c92-a8f0-2d1ee8df5466,1
57d1d8bd-114a-5579-b4e4-9f9f16b6dac1,0fc96ba5-2e99-50dd-9e48-21a7a7013eca,1
57d1d8bd-114a-5579-b4e4-9f9f16b6dac1,a92a73a1-df74-5394-b24a-f1eeae520988,1
57d1d8bd-114a-5579-b4e4-9f9f16b6dac1,8410b912-0b3e-574f-986b-a86c59b91748,1
305f942e-780e-5e9a-b83c-c3bf6aac4da2,305f942e-780e-5e9a-b83c-c3bf6aac4da2,5
305f942e-780e-5e9a-b83c-c3bf6aac4da2,84d748e6-afb6-5fd2-ad3e-5da242b4db83,3
305f942e-780e-5e9a-b83c-c3bf6aac4da2,06ce4e90-4c18-5c6a-81ed-69439d70eb70,5
305f942e-780e-5e9a-b83c-c3bf6aac4da2,5bdf0653-4e33-595a-b189-d26137596c1a,5
305f942e-780e-5e9a-b83c-c3bf6aac4da2,bda11d26-d01c-50c3-8f8b-7b6128c68da1,4
84d748e6-afb6-5fd2-ad3e-5da242b4db83,305f942e-780e-5e9a-b83c-c3bf6aac4da2,3
84d748e6-afb6-5fd2-ad3e-5da242b4db83,84d748e6-afb6-5fd2-ad3e-5da242b4db83,5
84d748e6-afb6-5fd2-ad3e-5da242b4db83,06ce4e90-4c18-5c6a-81ed-69439d70eb70,3
84d748e6-afb6-5fd2-ad3e-5da242b4db83,5bdf0653-4e33-595a-b189-d26137596c1a,3
84d748e6-afb6-5fd2-ad3e-5da242b4db83,bda11d26-d01c-50c3-8f8b-7b6128c68da1,3
06ce4e90-4c18-5c6a-81ed-69439d70eb70,305f942e-780e-5e9a-b83c-c3bf6aac4da2,5
06ce4e90-4c18-5c6a-81ed-69439d70eb70,84d748e6-afb6-5fd2-ad3e-5da242b4db83,3
06ce4e90-4c18-5c6a-81ed-69439d70eb70,06ce4e90-4c18-5c6a-81ed-69439d70eb70,5
06ce4e90-4c18-5c6a-81ed-69439d70eb70,5bdf0653-4e33-595a-b189-d26137596c1a,5
06ce4e90-4c18-5c6a-81ed-69439d70eb70,bda11d26-d01c-50c3-8f8b-7b6128c68da1,4
5bdf0653-4e33-595a-b189-d26137596c1a,305f942e-780e-5e9a-b83c-c3bf6aac4da2,5
5bdf0653-4e33-595a-b189-d26137596c1a,84d748e6-afb6-5fd2-ad3e-5da242b4db83,3
5bdf0653-4e33-595a-b189-d26137596c1a,06ce4e90-4c18-5c6a-81ed-69439d70eb70,5
5bdf0653-4e33-595a-b189-d26137596c1a,5bdf0653-4e33-595a-b189-d26137596c1a,5
5bdf0653-4e33-595a-b189-d26137596c1a,bda11d26-d01c-50c3-8f8b-7b6128c68da1,4
bda11d26-d01c-50c3-8f8b-7b6128c68da1,305f942e-780e-5e9a-b83c-c3bf6aac4da2,4
bda11d26-d01c-50c3-8f8b-7b6128c68da1,84d748e6-afb6-5fd2-ad3e-5da242b4db83,3
bda11d26-d01c-50c3-8f8b-7b6128c68da1,06ce4e90-4c18-5c6a-81ed-69439d70eb70,4
bda11d26-d01c-50c3-8f8b-7b6128c68da1,5bdf0653-4e33-595a-b189-d26137596c1a,4
bda11d26-d01c-50c3-8f8b-7b6128c68da1,bda11d26-d01c-50c3-8f8b-7b6128c68da1,5
e43a37b9-d86e-50bf-90c1-20b4c0cffbe0,e43a37b9-d86e-50bf-90c1-20b4c0cffbe0,5
e43a37b9-d86e-50bf-90c1-20b4c0cffbe0,c91c0cbf-9b34-5cb2-88f9-ca5937963928,4
e43a37b9-d86e-50bf-90c1-20b4c0cffbe0,28b0d572-aa4e-5de7-b620-6ae9cb6cab9e,4
e43a37b9-d86e-50bf-90c1-20b4c0cffbe0,2e62310c-5778-5861-96cd-1a95e53e044e,4
e43a37b9-d86e-50bf-90c1-20b4c0cffbe0,b34520b6-8f5a-591a-83b8-dbce1961baac,4
e43a37b9-d86e-50bf-90c1-20b4c0cffbe0,784c6b4f-efcf-581a-8fc5-075ec33f4065,4
e43a37b9-d86e-50bf-90c1-20b4c0cffbe0,41fbc688-c61e-5d88-894c-a1ba8c9030cc,4
e43a37b9-d86e-50bf-90c1-20b4c0cffbe0,740f372f-3c34-5462-9834-bd152faacd83,3
e43a37b9-d86e-50bf-90c1-20b4c0cffbe0,ddf9c247-5ec0-57fb-a41d-c9cf7546e2d8,4
e43a37b9-d86e-50bf-90c1-20b4c0cffbe0,71ddb23f-c0c9-5706-afe4-0c0e61e23113,4
e43a37b9-d86e-50bf-90c1-20b4c0cffbe0,dc819ed5-f7e0-51f7-a6ef-03017bbf41c5,2
e43a37b9-d86e-50bf-90c1-20b4c0cffbe0,1e1d0a0f-a1f7-5413-81c3-334d88bc199a,2
e43a37b9-d86e-50bf-90c1-20b4c0cffbe0,55ffbeaf-7b1b-587e-ac86-b7f128600580,2
e43a37b9-d86e-50bf-90c1-20b4c0cffbe0,c639d49c-15c7-5825-b7d8-4765005e6503,2
e43a37b9-d86e-50bf-90c1-20b4c0cffbe0,0936718b-bdf4-5888-a93e-0afdb4d81aa5,2
e43a37b9-d86e-50bf-90c1-20b4c0cffbe0,b670eb05-6ea0-560e-b97e-e99ab502276c,2
e43a37b9-d86e-50bf-90c1-20b4c0cffbe0,38862325-903a-5c90-a407-4a7d95aaa21f,2
e43a37b9-d86e-50bf-90c1-20b4c0cffbe0,1fd5c63f-f772-5f65-b816-e78e38bc7c42,2
e43a37b9-d86e-50bf-90c1-20b4c0cffbe0,a44a5788-c0bd-51bb-b7f3-47dd16e2be0f,2
e43a37b9-d86e-50bf-90c1-20b4c0cffbe0,630e0f1d-b1bb-59f7-b19e-280f48548722,2
e43a37b9-d86e-50bf-90c1-20b4c0cffbe0,1cc52057-5c13-599d-926e-b5beb535377f,2
e43a37b9-d86e-50bf-90c1-20b4c0cffbe0,894256de-b67e-5c4b-8c98-9c075dbafa43,2
e43a37b9-d86e-50bf-90c1-20b4c0cffbe0,18a19ff3-cd95-526e-b49d-f0f164331891,2
e43a37b9-d86e-50bf-90c1-20b4c0cffbe0,d2c7ed1d-c8c5-5d26-be45-7869771d6d54,2
e43a37b9-d86e-50bf-90c1-20b4c0cffbe0,9216e979-ed16-5497-b963-f707d343ba3d,2
e43a37b9-d86e-50bf-90c1-20b4c0cffbe0,9da881a4-ff31-548f-9c8f-e87fd67983aa,2
e43a37b9-d86e-50bf-90c1-20b4c0cffbe0,ac1ffc46-2ef5-5f03-a2c2-ef3aba1d5455,2
e43a37b9-d86e-50bf-90c1-20b4c0cffbe0,1e419658-4d63-5c56-b066-8872836eb5e9,2
e43a37b9-d86e-50bf-90c1-20b4c0cffbe0,575ee2db-397d-5aa2-8f31-c8a185b8d862,3
e43a37b9-d86e-50bf-90c1-20b4c0cffbe0,4c69140f-b5c1-59fc-a421-f8ad1a394a64,2
e43a37b9-d86e-50bf-90c1-20b4c0cffbe0,14954378-e6e5-5ed8-9482-e21de0c8c019,2
e43a37b9-d86e-50bf-90c1-20b4c0cffbe0,c586380d-da3d-59f1-b17e-e36dbd3dae38,2
e43a37b9-d86e-50bf-90c1-20b4c0cffbe0,098f16b9-1f50-51ab-96c8-b490e2f6791c,1
e43a37b9-d86e-50bf-90c1-20b4c0cffbe0,099db3bd-2162-5fda-93c3-5b3b018f4d0d,1
e43a37b9-d86e-50bf-90c1-20b4c0cffbe0,e38dfa77-80fe-583f-87de-9c68002a6ee4,1
e43a37b9-d86e-50bf-90c1-20b4c0cffbe0,e2672248-764f-59ba-8a6a-959fb1f2097a,1
e43a37b9-d86e-50bf-90c1-20b4c0cffbe0,c5c268e9-c0b7-5bba-ac50-e070acc27dc1,1
e43a37b9-d86e-50bf-90c1-20b4c0cffbe0,61f44d00-e7e0-5397-98f9-fb4cd632cbdb,1
e43a37b9-d86e-50bf-90c1-20b4c0cffbe0,85a4de6a-5fb4-5b75-8b1d-c96933e42420,1
e43a37b9-d86e-50bf-90c1-20b4c0cffbe0,77ece2d6-5532-585e-bafd-4d13346a04ea,1
e43a37b9-d86e-50bf-90c1-20b4c0cffbe0,ba061473-0e83-548d-acec-2fa521d1b955,1
c91c0cbf-9b34-5cb2-88f9-ca5937963928,e43a37b9-d86e-50bf-90c1-20b4c0cffbe0,4
c91c0cbf-9b34-5cb2-88f9-ca5937963928,c91c0cbf-9b34-5cb2-88f9-ca5937963928,5
c91c0cbf-9b34-5cb2-88f9-ca5937963928,28b0d572-aa4e-5de7-b620-6ae9cb6cab9e,4
c91c0cbf-9b34-5cb2-88f9-ca5937963928,2e62310c-5778-5861-96cd-1a95e53e044e,4
c91c0cbf-9b34-5cb2-88f9-ca5937963928,b34520b6-8f5a-591a-83b8-dbce1961baac,4
c91c0cbf-9b34-5cb2-88f9-ca5937963928,784c6b4f-efcf-581a-8fc5-075ec33f4065,4
c91c0cbf-9b34-5cb2-88f9-ca5937963928,41fbc688-c61e-5d88-894c-a1ba8c9030cc,3
c91c0cbf-9b34-5cb2-88f9-ca5937963928,740f372f-3c34-5462-9834-bd152faacd83,3
c91c0cbf-9b34-5cb2-88f9-ca5937963928,ddf9c247-5ec0-57fb-a41d-c9cf7546e2d8,4
c91c0cbf-9b34-5cb2-88f9-ca5937963928,71ddb23f-c0c9-5706-afe4-0c0e61e23113,4
c91c0cbf-9b34-5cb2-88f9-ca5937963928,dc819ed5-f7e0-51f7-a6ef-03017bbf41c5,2
c91c0cbf-9b34-5cb2-88f9-ca5937963928,1e1d0a0f-a1f7-5413-81c3-334d88bc199a,2
c91c0cbf-9b34-5cb2-88f9-ca5937963928,55ffbeaf-7b1b-587e-ac86-b7f128600580,2
c91c0cbf-9b34-5cb2-88f9-ca5937963928,c639d49c-15c7-5825-b7d8-4765005e6503,2
c91c0cbf-9b34-5cb2-88f9-ca5937963928,0936718b-bdf4-5888-a93e-0afdb4d81aa5,2
c91c0cbf-9b34-5cb2-88f9-ca5937963928,b670eb05-6ea0-560e-b97e-e99ab502276c,2
c91c0cbf-9b34-5cb2-88f9-ca5937963928,38862325-903a-5c90-a407-4a7d95aaa21f,2
c91c0cbf-9b34-5cb2-88f9-ca5937963928,1fd5c63f-f772-5f65-b816-e78e38bc7c42,2
c91c0cbf-9b34-5cb2-88f9-ca5937963928,a44a5788-c0bd-51bb-b7f3-47dd16e2be0f,2
c91c0cbf-9b34-5cb2-88f9-ca5937963928,630e0f1d-b1bb-59f7-b19e-280f48548722,2
c91c0cbf-9b34-5cb2-88f9-ca5937963928,1cc52057-5c13-599d-926e-b5beb535377f,2
c91c0cbf-9b34-5cb2-88f9-ca5937963928,894256de-b67e-5c4b-8c98-9c075dbafa43,2
c91c0cbf-9b34-5cb2-88f9-ca5937963928,18a19ff3-cd95-526e-b49d-f0f164331891,2
c91c0cbf-9b34-5cb2-88f9-ca5937963928,d2c7ed1d-c8c5-5d26-be45-7869771d6d54,2
c91c0cbf-9b34-5cb2-88f9-ca5937963928,9216e979-ed16-5497-b963-f707d343ba3d,2
c91c0cbf-9b34-5cb2-88f9-ca5937963928,9da881a4-ff31-548f-9c8f-e87fd67983aa,2
c91c0cbf-9b34-5cb2-88f9-ca5937963928,ac1ffc46-2ef5-5f03-a2c2-ef3aba1d5455,2
c91c0cbf-9b34-5cb2-88f9-ca5937963928,1e419658-4d63-5c56-b066-8872836eb5e9,2
c91c0cbf-9b34-5cb2-88f9-ca5937963928,575ee2db-397d-5aa2-8f31-c8a185b8d862,3
c91c0cbf-9b34-5cb2-88f9-ca5937963928,4c69140f-b5c1-59fc-a421-f8ad1a394a64,2
c91c0cbf-9b34-5cb2-88f9-ca5937963928,14954378-e6e5-5ed8-9482-e21de0c8c019,2
c91c0cbf-9b34-5cb2-88f9-ca5937963928,c586380d-da3d-59f1-b17e-e36dbd3dae38,2
28b0d572-aa4e-5de7-b620-6ae9cb6cab9e,e43a37b9-d86e-50bf-90c1-20b4c0cffbe0,4
28b0d572-aa4e-5de7-b620-6ae9cb6cab9e,c91c0cbf-9b34-5cb2-88f9-ca5937963928,4
28b0d572-aa4e-5de7-b620-6ae9cb6cab9e,28b0d572-aa4e-5de7-b620-6ae9cb6cab9e,5
28b0d572-aa4e-5de7-b620-6ae9cb6cab9e,2e62310c-5778-5861-96cd-1a95e53e044e,4
28b0d572-aa4e-5de7-b620-6ae9cb6cab9e,b34520b6-8f5a-591a-83b8-dbce1961baac,4
28b0d572-aa4e-5de7-b620-6ae9cb6cab9e,784c6b4f-efcf-581a-8fc5-075ec33f4065,4
28b0d572-aa4e-5de7-b620-6ae9cb6cab9e,41fbc688-c61e-5d88-894c-a1ba8c9030cc,3
28b0d572-aa4e-5de7-b620-6ae9cb6cab9e,740f372f-3c34-5462-9834-bd152faacd83,3
28b0d572-aa4e-5de7-b620-6ae9cb6cab9e,ddf9c247-5ec0-57fb-a41d-c9cf7546e2d8,4
28b0d572-aa4e-5de7-b620-6ae9cb6cab9e,71ddb23f-c0c9-5706-afe4-0c0e61e23113,4
28b0d572-aa4e-5de7-b620-6ae9cb6cab9e,d03a8f6e-7994-5cdb-ac19-9e83ed2b42a5,2
28b0d572-aa4e-5de7-b620-6ae9cb6cab9e,89d77124-c997-569d-82b4-71eb82cfae08,2
28b0d572-aa4e-5de7-b620-6ae9cb6cab9e,dc819ed5-f7e0-51f7-a6ef-03017bbf41c5,2
28b0d572-aa4e-5de7-b620-6ae9cb6cab9e,1e1d0a0f-a1f7-5413-81c3-334d88bc199a,2
28b0d572-aa4e-5de7-b620-6ae9cb6cab9e,55ffbeaf-7b1b-587e-ac86-b7f128600580,2
28b0d572-aa4e-5de7-b620-6ae9cb6cab9e,c639d49c-15c7-5825-b7d8-4765005e6503,2
28b0d572-aa4e-5de7-b620-6ae9cb6cab9e,0936718b-bdf4-5888-a93e-0afdb4d81aa5,2
28b0d572-aa4e-5de7-b620-6ae9cb6cab9e,b670eb05-6ea0-560e-b97e-e99ab502276c,2
28b0d572-aa4e-5de7-b620-6ae9cb6cab9e,38862325-903a-5c90-a407-4a7d95aaa21f,2
28b0d572-aa4e-5de7-b620-6ae9cb6cab9e,1fd5c63f-f772-5f65-b816-e78e38bc7c42,2
28b0d572-aa4e-5de7-b620-6ae9cb6cab9e,a44a5788-c0bd-51bb-b7f3-47dd16e2be0f,2
28b0d572-aa4e-5de7-b620-6ae9cb6cab9e,630e0f1d-b1bb-59f7-b19e-280f48548722,2
28b0d572-aa4e-5de7-b620-6ae9cb6cab9e,1cc52057-5c13-599d-926e-b5beb535377f,2
28b0d572-aa4e-5de7-b620-6ae9cb6cab9e,894256de-b67e-5c4b-8c98-9c075dbafa43,2
28b0d572-aa4e-5de7-b620-6ae9cb6cab9e,18a19ff3-cd95-526e-b49d-f0f164331891,2
28b0d572-aa4e-5de7-b620-6ae9cb6cab9e,d2c7ed1d-c8c5-5d26-be45-7869771d6d54,2
28b0d572-aa4e-5de7-b620-6ae9cb6cab9e,9216e979-ed16-5497-b963-f707d343ba3d,2
28b0d572-aa4e-5de7-b620-6ae9cb6cab9e,9da881a4-ff31-548f-9c8f-e87fd67983aa,2
28b0d572-aa4e-5de7-b620-6ae9cb6cab9e,ac1ffc46-2ef5-5f03-a2c2-ef3aba1d5455,2
28b0d572-aa4e-5de7-b620-6ae9cb6cab9e,1e419658-4d63-5c56-b066-8872836eb5e9,2
28b0d572-aa4e-5de7-b620-6ae9cb6cab9e,575ee2db-397d-5aa2-8f31-c8a185b8d862,3
28b0d572-aa4e-5de7-b620-6ae9cb6cab9e,4c69140f-b5c1-59fc-a421-f8ad1a394a64,2
28b0d572-aa4e-5de7-b620-6ae9cb6cab9e,14954378-e6e5-5ed8-9482-e21de0c8c019,2
28b0d572-aa4e-5de7-b620-6ae9cb6cab9e,c586380d-da3d-59f1-b17e-e36dbd3dae38,2
2e62310c-5778-5861-96cd-1a95e53e044e,e43a37b9-d86e-50bf-90c1-20b4c0cffbe0,4
2e62310c-5778-5861-96cd-1a95e53e044e,c91c0cbf-9b34-5cb2-88f9-ca5937963928,4
2e62310c-5778-5861-96cd-1a95e53e044e,28b0d572-aa4e-5de7-b620-6ae9cb6cab9e,4
2e62310c-5778-5861-96cd-1a95e53e044e,2e62310c-5778-5861-96cd-1a95e53e044e,5
2e62310c-5778-5861-96cd-1a95e53e044e,b34520b6-8f5a-591a-83b8-dbce1961baac,4
2e62310c-5778-5861-96cd-1a95e53e044e,784c6b4f-efcf-581a-8fc5-075ec33f4065,4
2e62310c-5778-5861-96cd-1a95e53e044e,41fbc688-c61e-5d88-894c-a1ba8c9030cc,3
2e62310c-5778-5861-96cd-1a95e53e044e,740f372f-3c34-5462-9834-bd152faacd83,3
2e62310c-5778-5861-96cd-1a95e53e044e,ddf9c247-5ec0-57fb-a41d-c9cf7546e2d8,4
2e62310c-5778-5861-96cd-1a95e53e044e,71ddb23f-c0c9-5706-afe4-0c0e61e23113,4
2e62310c-5778-5861-96cd-1a95e53e044e,e05c5e11-180d-5409-b37f-173d43d465bc,2
2e62310c-5778-5861-96cd-1a95e53e044e,9cbbb4a4-2e06-50e4-b155-074fbb698b91,2
2e62310c-5778-5861-96cd-1a95e53e044e,bf2e9326-8051-57d2-a020-18418d7e4e6f,2
2e62310c-5778-5861-96cd-1a95e53e044e,c8a8a61f-a72b-5294-a855-7c2368f6a922,2
2e62310c-5778-5861-96cd-1a95e53e044e,7af13960-ba5e-581c-b839-6dd085d4f423,2
2e62310c-5778-5861-96cd-1a95e53e044e,dc819ed5-f7e0-51f7-a6ef-03017bbf41c5,2
2e62310c-5778-5861-96cd-1a95e53e044e,1e1d0a0f-a1f7-5413-81c3-334d88bc199a,2
2e62310c-5778-5861-96cd-1a95e53e044e,55ffbeaf-7b1b-587e-ac86-b7f128600580,2
2e62310c-5778-5861-96cd-1a95e53e044e,c639d49c-15c7-5825-b7d8-4765005e6503,2
2e62310c-5778-5861-96cd-1a95e53e044e,0936718b-bdf4-5888-a93e-0afdb4d81aa5,2
2e62310c-5778-5861-96cd-1a95e53e044e,b670eb05-6ea0-560e-b97e-e99ab502276c,2
2e62310c-5778-5861-96cd-1a95e53e044e,38862325-903a-5c90-a407-4a7d95aaa21f,2
2e62310c-5778-5861-96cd-1a95e53e044e,1fd5c63f-f772-5f65-b816-e78e38bc7c42,2
2e62310c-5778-5861-96cd-1a95e53e044e,a44a5788-c0bd-51bb-b7f3-47dd16e2be0f,2
2e62310c-5778-5861-96cd-1a95e53e044e,630e0f1d-b1bb-59f7-b19e-280f48548722,2
2e62310c-5778-5861-96cd-1a95e53e044e,1cc52057-5c13-599d-926e-b5beb535377f,2
2e62310c-5778-5861-96cd-1a95e53e044e,894256de-b67e-5c4b-8c98-9c075dbafa43,2
2e62310c-5778-5861-96cd-1a95e53e044e,18a19ff3-cd95-526e-b49d-f0f164331891,2
2e62310c-5778-5861-96cd-1a95e53e044e,d2c7ed1d-c8c5-5d26-be45-7869771d6d54,2
2e62310c-5778-5861-96cd-1a95e53e044e,9216e979-ed16-5497-b963-f707d343ba3d,2
2e62310c-5778-5861-96cd-1a95e53e044e,9da881a4-ff31-548f-9c8f-e87fd67983aa,2
2e62310c-5778-5861-96cd-1a95e53e044e,ac1ffc46-2ef5-5f03-a2c2-ef3aba1d5455,2
2e62310c-5778-5861-96cd-1a95e53e044e,1e419658-4d63-5c56-b066-8872836eb5e9,2
2e62310c-5778-5861-96cd-1a95e53e044e,575ee2db-397d-5aa2-8f31-c8a185b8d862,3
2e62310c-5778-5861-96cd-1a95e53e044e,4c69140f-b5c1-59fc-a421-f8ad1a394a64,2
2e62310c-5778-5861-96cd-1a95e53e044e,14954378-e6e5-5ed8-9482-e21de0c8c019,2
2e62310c-5778-5861-96cd-1a95e53e044e,c586380d-da3d-59f1-b17e-e36dbd3dae38,2
b34520b6-8f5a-591a-83b8-dbce1961baac,e43a37b9-d86e-50bf-90c1-20b4c0cffbe0,4
b34520b6-8f5a-591a-83b8-dbce1961baac,c91c0cbf-9b34-5cb2-88f9-ca5937963928,4
b34520b6-8f5a-591a-83b8-dbce1961baac,28b0d572-aa4e-5de7-b620-6ae9cb6cab9e,4
b34520b6-8f5a-591a-83b8-dbce1961baac,2e62310c-5778-5861-96cd-1a95e53e044e,4
b34520b6-8f5a-591a-83b8-dbce1961baac,b34520b6-8f5a-591a-83b8-dbce1961baac,5
b34520b6-8f5a-591a-83b8-dbce1961baac,784c6b4f-efcf-581a-8fc5-075ec33f4065,4
b34520b6-8f5a-591a-83b8-dbce1961baac,41fbc688-c61e-5d88-894c-a1ba8c9030cc,3
b34520b6-8f5a-591a-83b8-dbce1961baac,740f372f-3c34-5462-9834-bd152faacd83,3
b34520b6-8f5a-591a-83b8-dbce1961baac,ddf9c247-5ec0-57fb-a41d-c9cf7546e2d8,4
b34520b6-8f5a-591a-83b8-dbce1961baac,71ddb23f-c0c9-5706-afe4-0c0e61e23113,4
b34520b6-8f5a-591a-83b8-dbce1961baac,dc819ed5-f7e0-51f7-a6ef-03017bbf41c5,2
b34520b6-8f5a-591a-83b8-dbce1961baac,1e1d0a0f-a1f7-5413-81c3-334d88bc199a,2
b34520b6-8f5a-591a-83b8-dbce1961baac,55ffbeaf-7b1b-587e-ac86-b7f128600580,2
b34520b6-8f5a-591a-83b8-dbce1961baac,c639d49c-15c7-5825-b7d8-4765005e6503,2
b34520b6-8f5a-591a-83b8-dbce1961baac,0936718b-bdf4-5888-a93e-0afdb4d81aa5,2
b34520b6-8f5a-591a-83b8-dbce1961baac,b670eb05-6ea0-560e-b97e-e99ab502276c,2
b34520b6-8f5a-591a-83b8-dbce1961baac,38862325-903a-5c90-a407-4a7d95aaa21f,2
b34520b6-8f5a-591a-83b8-dbce1961baac,1fd5c63f-f772-5f65-b816-e78e38bc7c42,2
b34520b6-8f5a-591a-83b8-dbce1961baac,a44a5788-c0bd-51bb-b7f3-47dd16e2be0f,2
b34520b6-8f5a-591a-83b8-dbce1961baac,630e0f1d-b1bb-59f7-b19e-280f48548722,2
b34520b6-8f5a-591a-83b8-dbce1961baac,1cc52057-5c13-599d-926e-b5beb535377f,2
b34520b6-8f5a-591a-83b8-dbce1961baac,894256de-b67e-5c4b-8c98-9c075dbafa43,2
b34520b6-8f5a-591a-83b8-dbce1961baac,18a19ff3-cd95-526e-b49d-f0f164331891,2
b34520b6-8f5a-591a-83b8-dbce1961baac,d2c7ed1d-c8c5-5d26-be45-7869771d6d54,2
b34520b6-8f5a-591a-83b8-dbce1961baac,9216e979-ed16-5497-b963-f707d343ba3d,2
b34520b6-8f5a-591a-83b8-dbce1961baac,9da881a4-ff31-548f-9c8f-e87fd67983aa,2
b34520b6-8f5a-591a-83b8-dbce1961baac,ac1ffc46-2ef5-5f03-a2c2-ef3aba1d5455,2
b34520b6-8f5a-591a-83b8-dbce1961baac,1e419658-4d63-5c56-b066-8872836eb5e9,2
b34520b6-8f5a-591a-83b8-dbce1961baac,575ee2db-397d-5aa2-8f31-c8a185b8d862,3
b34520b6-8f5a-591a-83b8-dbce1961baac,4c69140f-b5c1-59fc-a421-f8ad1a394a64,2
b34520b6-8f5a-591a-83b8-dbce1961baac,14954378-e6e5-5ed8-9482-e21de0c8c019,2
b34520b6-8f5a-591a-83b8-dbce1961baac,c586380d-da3d-59f1-b17e-e36dbd3dae38,2
784c6b4f-efcf-581a-8fc5-075ec33f4065,e43a37b9-d86e-50bf-90c1-20b4c0cffbe0,4
784c6b4f-efcf-581a-8fc5-075ec33f4065,c91c0cbf-9b34-5cb2-88f9-ca5937963928,4
784c6b4f-efcf-581a-8fc5-075ec33f4065,28b0d572-aa4e-5de7-b620-6ae9cb6cab9e,4
784c6b4f-efcf-581a-8fc5-075ec33f4065,2e62310c-5778-5861-96cd-1a95e53e044e,4
784c6b4f-efcf-581a-8fc5-075ec33f4065,b34520b6-8f5a-591a-83b8-dbce1961baac,4
784c6b4f-efcf-581a-8fc5-075ec33f4065,784c6b4f-efcf-581a-8fc5-075ec33f4065,5
784c6b4f-efcf-581a-8fc5-075ec33f4065,41fbc688-c61e-5d88-894c-a1ba8c9030cc,3
784c6b4f-efcf-581a-8fc5-075ec33f4065,740f372f-3c34-5462-9834-bd152faacd83,3
784c6b4f-efcf-581a-8fc5-075ec33f4065,ddf9c247-5ec0-57fb-a41d-c9cf7546e2d8,4
784c6b4f-efcf-581a-8fc5-075ec33f4065,71ddb23f-c0c9-5706-afe4-0c0e61e23113,4
784c6b4f-efcf-581a-8fc5-075ec33f4065,dc819ed5-f7e0-51f7-a6ef-03017bbf41c5,2
784c6b4f-efcf-581a-8fc5-075ec33f4065,1e1d0a0f-a1f7-5413-81c3-334d88bc199a,2
784c6b4f-efcf-581a-8fc5-075ec33f4065,55ffbeaf-7b1b-587e-ac86-b7f128600580,2
784c6b4f-efcf-581a-8fc5-075ec33f4065,c639d49c-15c7-5825-b7d8-4765005e6503,2
784c6b4f-efcf-581a-8fc5-075ec33f4065,0936718b-bdf4-5888-a93e-0afdb4d81aa5,2
784c6b4f-efcf-581a-8fc5-075ec33f4065,b670eb05-6ea0-560e-b97e-e99ab502276c,2
784c6b4f-efcf-581a-8fc5-075ec33f4065,38862325-903a-5c90-a407-4a7d95aaa21f,2
784c6b4f-efcf-581a-8fc5-075ec33f4065,1fd5c63f-f772-5f65-b816-e78e38bc7c42,2
784c6b4f-efcf-581a-8fc5-075ec33f4065,a44a5788-c0bd-51bb-b7f3-47dd16e2be0f,2
784c6b4f-efcf-581a-8fc5-075ec33f4065,630e0f1d-b1bb-59f7-b19e-280f48548722,2
784c6b4f-efcf-581a-8fc5-075ec33f4065,1cc52057-5c13-599d-926e-b5beb535377f,2
784c6b4f-efcf-581a-8fc5-075ec33f4065,894256de-b67e-5c4b-8c98-9c075dbafa43,2
784c6b4f-efcf-581a-8fc5-075ec33f4065,18a19ff3-cd95-526e-b49d-f0f164331891,2
784c6b4f-efcf-581a-8fc5-075ec33f4065,d2c7ed1d-c8c5-5d26-be45-7869771d6d54,2
784c6b4f-efcf-581a-8fc5-075ec33f4065,9216e979-ed16-5497-b963-f707d343ba3d,2
784c6b4f-efcf-581a-8fc5-075ec33f4065,9da881a4-ff31-548f-9c8f-e87fd67983aa,2
784c6b4f-efcf-581a-8fc5-075ec33f4065,ac1ffc46-2ef5-5f03-a2c2-ef3aba1d5455,2
784c6b4f-efcf-581a-8fc5-075ec33f4065,1e419658-4d63-5c56-b066-8872836eb5e9,2
784c6b4f-efcf-581a-8fc5-075ec33f4065,575ee2db-397d-5aa2-8f31-c8a185b8d862,3
784c6b4f-efcf-581a-8fc5-075ec33f4065,4c69140f-b5c1-59fc-a421-f8ad1a394a64,2
784c6b4f-efcf-581a-8fc5-075ec33f4065,14954378-e6e5-5ed8-9482-e21de0c8c019,2
784c6b4f-efcf-581a-8fc5-075ec33f4065,c586380d-da3d-59f1-b17e-e36dbd3dae38,2
41fbc688-c61e-5d88-894c-a1ba8c9030cc,e43a37b9-d86e-50bf-90c1-20b4c0cffbe0,4
41fbc688-c61e-5d88-894c-a1ba8c9030cc,c91c0cbf-9b34-5cb2-88f9-ca5937963928,3
41fbc688-c61e-5d88-894c-a1ba8c9030cc,28b0d572-aa4e-5de7-b620-6ae9cb6cab9e,3
41fbc688-c61e-5d88-894c-a1ba8c9030cc,2e62310c-5778-5861-96cd-1a95e53e044e,3
41fbc688-c61e-5d88-894c-a1ba8c9030cc,b34520b6-8f5a-591a-83b8-dbce1961baac,3
41fbc688-c61e-5d88-894c-a1ba8c9030cc,784c6b4f-efcf-581a-8fc5-075ec33f4065,3
41fbc688-c61e-5d88-894c-a1ba8c9030cc,41fbc688-c61e-5d88-894c-a1ba8c9030cc,5
41fbc688-c61e-5d88-894c-a1ba8c9030cc,740f372f-3c34-5462-9834-bd152faacd83,4
41fbc688-c61e-5d88-894c-a1ba8c9030cc,ddf9c247-5ec0-57fb-a41d-c9cf7546e2d8,3
41fbc688-c61e-5d88-894c-a1ba8c9030cc,71ddb23f-c0c9-5706-afe4-0c0e61e23113,4
41fbc688-c61e-5d88-894c-a1ba8c9030cc,098f16b9-1f50-51ab-96c8-b490e2f6791c,1
41fbc688-c61e-5d88-894c-a1ba8c9030cc,099db3bd-2162-5fda-93c3-5b3b018f4d0d,1
41fbc688-c61e-5d88-894c-a1ba8c9030cc,e38dfa77-80fe-583f-87de-9c68002a6ee4,1
41fbc688-c61e-5d88-894c-a1ba8c9030cc,e2672248-764f-59ba-8a6a-959fb1f2097a,1
41fbc688-c61e-5d88-894c-a1ba8c9030cc,c5c268e9-c0b7-5bba-ac50-e070acc27dc1,1
41fbc688-c61e-5d88-894c-a1ba8c9030cc,61f44d00-e7e0-5397-98f9-fb4cd632cbdb,1
41fbc688-c61e-5d88-894c-a1ba8c9030cc,85a4de6a-5fb4-5b75-8b1d-c96933e42420,1
41fbc688-c61e-5d88-894c-a1ba8c9030cc,77ece2d6-5532-585e-bafd-4d13346a04ea,1
41fbc688-c61e-5d88-894c-a1ba8c9030cc,ba061473-0e83-548d-acec-2fa521d1b955,1
740f372f-3c34-5462-9834-bd152faacd83,e43a37b9-d86e-50bf-90c1-20b4c0cffbe0,3
740f372f-3c34-5462-9834-bd152faacd83,c91c0cbf-9b34-5cb2-88f9-ca5937963928,3
740f372f-3c34-5462-9834-bd152faacd83,28b0d572-aa4e-5de7-b620-6ae9cb6cab9e,3
740f372f-3c34-5462-9834-bd152faacd83,2e62310c-5778-5861-96cd-1a95e53e044e,3
740f372f-3c34-5462-9834-bd152faacd83,b34520b6-8f5a-591a-83b8-dbce1961baac,3
740f372f-3c34-5462-9834-bd152faacd83,784c6b4f-efcf-581a-8fc5-075ec33f4065,3
740f372f-3c34-5462-9834-bd152faacd83,41fbc688-c61e-5d88-894c-a1ba8c9030cc,4
740f372f-3c34-5462-9834-bd152faacd83,740f372f-3c34-5462-9834-bd152faacd83,5
740f372f-3c34-5462-9834-bd152faacd83,ddf9c247-5ec0-57fb-a41d-c9cf7546e2d8,3
740f372f-3c34-5462-9834-bd152faacd83,71ddb23f-c0c9-5706-afe4-0c0e61e23113,3
740f372f-3c34-5462-9834-bd152faacd83,620fcc12-1c5b-5d2e-ad11-e9b506320a0e,3
740f372f-3c34-5462-9834-bd152faacd83,b90181dd-8347-50e0-afe4-81250bf3f29b,4
740f372f-3c34-5462-9834-bd152faacd83,098f16b9-1f50-51ab-96c8-b490e2f6791c,1
740f372f-3c34-5462-9834-bd152faacd83,099db3bd-2162-5fda-93c3-5b3b018f4d0d,1
740f372f-3c34-5462-9834-bd152faacd83,e38dfa77-80fe-583f-87de-9c68002a6ee4,1
740f372f-3c34-5462-9834-bd152faacd83,e2672248-764f-59ba-8a6a-959fb1f2097a,1
740f372f-3c34-5462-9834-bd152faacd83,c5c268e9-c0b7-5bba-ac50-e070acc27dc1,1
740f372f-3c34-5462-9834-bd152faacd83,61f44d00-e7e0-5397-98f9-fb4cd632cbdb,1
740f372f-3c34-5462-9834-bd152faacd83,85a4de6a-5fb4-5b75-8b1d-c96933e42420,1
740f372f-3c34-5462-9834-bd152faacd83,77ece2d6-5532-585e-bafd-4d13346a04ea,1
740f372f-3c34-5462-9834-bd152faacd83,ba061473-0e83-548d-acec-2fa521d1b955,1
ddf9c247-5ec0-57fb-a41d-c9cf7546e2d8,e43a37b9-d86e-50bf-90c1-20b4c0cffbe0,4
ddf9c247-5ec0-57fb-a41d-c9cf7546e2d8,c91c0cbf-9b34-5cb2-88f9-ca5937963928,4
ddf9c247-5ec0-57fb-a41d-c9cf7546e2d8,28b0d572-aa4e-5de7-b620-6ae9cb6cab9e,4
ddf9c247-5ec0-57fb-a41d-c9cf7546e2d8,2e62310c-5778-5861-96cd-1a95e53e044e,4
ddf9c247-5ec0-57fb-a41d-c9cf7546e2d8,b34520b6-8f5a-591a-83b8-dbce1961baac,4
ddf9c247-5ec0-57fb-a41d-c9cf7546e2d8,784c6b4f-efcf-581a-8fc5-075ec33f4065,4
ddf9c247-5ec0-57fb-a41d-c9cf7546e2d8,41fbc688-c61e-5d88-894c-a1ba8c9030cc,3
ddf9c247-5ec0-57fb-a41d-c9cf7546e2d8,740f372f-3c34-5462-9834-bd152faacd83,3
ddf9c247-5ec0-57fb-a41d-c9cf7546e2d8,ddf9c247-5ec0-57fb-a41d-c9cf7546e2d8,5
ddf9c247-5ec0-57fb-a41d-c9cf7546e2d8,71ddb23f-c0c9-5706-afe4-0c0e61e23113,4
ddf9c247-5ec0-57fb-a41d-c9cf7546e2d8,dc819ed5-f7e0-51f7-a6ef-03017bbf41c5,2
ddf9c247-5ec0-57fb-a41d-c9cf7546e2d8,1e1d0a0f-a1f7-5413-81c3-334d88bc199a,2
ddf9c247-5ec0-57fb-a41d-c9cf7546e2d8,55ffbeaf-7b1b-587e-ac86-b7f128600580,2
ddf9c247-5ec0-57fb-a41d-c9cf7546e2d8,c639d49c-15c7-5825-b7d8-4765005e6503,2
ddf9c247-5ec0-57fb-a41d-c9cf7546e2d8,0936718b-bdf4-5888-a93e-0afdb4d81aa5,2
ddf9c247-5ec0-57fb-a41d-c9cf7546e2d8,b670eb05-6ea0-560e-b97e-e99ab502276c,2
ddf9c247-5ec0-57fb-a41d-c9cf7546e2d8,38862325-903a-5c90-a407-4a7d95aaa21f,2
ddf9c247-5ec0-57fb-a41d-c9cf7546e2d8,1fd5c63f-f772-5f65-b816-e78e38bc7c42,2
ddf9c247-5ec0-57fb-a41d-c9cf7546e2d8,a44a5788-c0bd-51bb-b7f3-47dd16e2be0f,2
ddf9c247-5ec0-57fb-a41d-c9cf7546e2d8,630e0f1d-b1bb-59f7-b19e-280f48548722,2
ddf9c247-5ec0-57fb-a41d-c9cf7546e2d8,1cc52057-5c13-599d-926e-b5beb535377f,2
ddf9c247-5ec0-57fb-a41d-c9cf7546e2d8,894256de-b67e-5c4b-8c98-9c075dbafa43,2
ddf9c247-5ec0-57fb-a41d-c9cf7546e2d8,18a19ff3-cd95-526e-b49d-f0f164331891,2
ddf9c247-5ec0-57fb-a41d-c9cf7546e2d8,d2c7ed1d-c8c5-5d26-be45-7869771d6d54,2
ddf9c247-5ec0-57fb-a41d-c9cf7546e2d8,9216e979-ed16-5497-b963-f707d343ba3d,2
ddf9c247-5ec0-57fb-a41d-c9cf7546e2d8,9da881a4-ff31-548f-9c8f-e87fd67983aa,2
ddf9c247-5ec0-57fb-a41d-c9cf7546e2d8,ac1ffc46-2ef5-5f03-a2c2-ef3aba1d5455,2
ddf9c247-5ec0-57fb-a41d-c9cf7546e2d8,1e419658-4d63-5c56-b066-8872836eb5e9,2
ddf9c247-5ec0-57fb-a41d-c9cf7546e2d8,575ee2db-397d-5aa2-8f31-c8a185b8d862,3
ddf9c247-5ec0-57fb-a41d-c9cf7546e2d8,4c69140f-b5c1-59fc-a421-f8ad1a394a64,2
ddf9c247-5ec0-57fb-a41d-c9cf7546e2d8,14954378-e6e5-5ed8-9482-e21de0c8c019,2
ddf9c247-5ec0-57fb-a41d-c9cf7546e2d8,c586380d-da3d-59f1-b17e-e36dbd3dae38,2
71ddb23f-c0c9-5706-afe4-0c0e61e23113,e43a37b9-d86e-50bf-90c1-20b4c0cffbe0,4
71ddb23f-c0c9-5706-afe4-0c0e61e23113,c91c0cbf-9b34-5cb2-88f9-ca5937963928,4
71ddb23f-c0c9-5706-afe4-0c0e61e23113,28b0d572-aa4e-5de7-b620-6ae9cb6cab9e,4
71ddb23f-c0c9-5706-afe4-0c0e61e23113,2e62310c-5778-5861-96cd-1a95e53e044e,4
71ddb23f-c0c9-5706-afe4-0c0e61e23113,b34520b6-8f5a-591a-83b8-dbce1961baac,4
71ddb23f-c0c9-5706-afe4-0c0e61e23113,784c6b4f-efcf-581a-8fc5-075ec33f4065,4
71ddb23f-c0c9-5706-afe4-0c0e61e23113,41fbc688-c61e-5d88-894c-a1ba8c9030cc,4
71ddb23f-c0c9-5706-afe4-0c0e61e23113,740f372f-3c34-5462-9834-bd152faacd83,3
71ddb23f-c0c9-5706-afe4-0c0e61e23113,ddf9c247-5ec0-57fb-a41d-c9cf7546e2d8,4
71ddb23f-c0c9-5706-afe4-0c0e61e23113,71ddb23f-c0c9-5706-afe4-0c0e61e23113,5
71ddb23f-c0c9-5706-afe4-0c0e61e23113,dc819ed5-f7e0-51f7-a6ef-03017bbf41c5,2
71ddb23f-c0c9-5706-afe4-0c0e61e23113,1e1d0a0f-a1f7-5413-81c3-334d88bc199a,2
71ddb23f-c0c9-5706-afe4-0c0e61e23113,55ffbeaf-7b1b-587e-ac86-b7f128600580,2
71ddb23f-c0c9-5706-afe4-0c0e61e23113,c639d49c-15c7-5825-b7d8-4765005e6503,2
71ddb23f-c0c9-5706-afe4-0c0e61e23113,0936718b-bdf4-5888-a93e-0afdb4d81aa5,2
71ddb23f-c0c9-5706-afe4-0c0e61e23113,b670eb05-6ea0-560e-b97e-e99ab502276c,2
71ddb23f-c0c9-5706-afe4-0c0e61e23113,38862325-903a-5c90-a407-4a7d95aaa21f,2
71ddb23f-c0c9-5706-afe4-0c0e61e23113,1fd5c63f-f772-5f65-b816-e78e38bc7c42,2
71ddb23f-c0c9-5706-afe4-0c0e61e23113,a44a5788-c0bd-51bb-b7f3-47dd16e2be0f,2
71ddb23f-c0c9-5706-afe4-0c0e61e23113,630e0f1d-b1bb-59f7-b19e-280f48548722,2
71ddb23f-c0c9-5706-afe4-0c0e61e23113,1cc52057-5c13-599d-926e-b5beb535377f,2
71ddb23f-c0c9-5706-afe4-0c0e61e23113,894256de-b67e-5c4b-8c98-9c075dbafa43,2
71ddb23f-c0c9-5706-afe4-0c0e61e23113,18a19ff3-cd95-526e-b49d-f0f164331891,2
71ddb23f-c0c9-5706-afe4-0c0e61e23113,d2c7ed1d-c8c5-5d26-be45-7869771d6d54,2
71ddb23f-c0c9-5706-afe4-0c0e61e23113,9216e979-ed16-5497-b963-f707d343ba3d,2
71ddb23f-c0c9-5706-afe4-0c0e61e23113,9da881a4-ff31-548f-9c8f-e87fd67983aa,2
71ddb23f-c0c9-5706-afe4-0c0e61e23113,ac1ffc46-2ef5-5f03-a2c2-ef3aba1d5455,2
71ddb23f-c0c9-5706-afe4-0c0e61e23113,1e419658-4d63-5c56-b066-8872836eb5e9,2
71ddb23f-c0c9-5706-afe4-0c0e61e23113,575ee2db-397d-5aa2-8f31-c8a185b8d862,3
71ddb23f-c0c9-5706-afe4-0c0e61e23113,4c69140f-b5c1-59fc-a421-f8ad1a394a64,2
71ddb23f-c0c9-5706-afe4-0c0e61e23113,14954378-e6e5-5ed8-9482-e21de0c8c019,2
71ddb23f-c0c9-5706-afe4-0c0e61e23113,c586380d-da3d-59f1-b17e-e36dbd3dae38,2
71ddb23f-c0c9-5706-afe4-0c0e61e23113,098f16b9-1f50-51ab-96c8-b490e2f6791c,1
71ddb23f-c0c9-5706-afe4-0c0e61e23113,099db3bd-2162-5fda-93c3-5b3b018f4d0d,1
71ddb23f-c0c9-5706-afe4-0c0e61e23113,e38dfa77-80fe-583f-87de-9c68002a6ee4,1
71ddb23f-c0c9-5706-afe4-0c0e61e23113,e2672248-764f-59ba-8a6a-959fb1f2097a,1
71ddb23f-c0c9-5706-afe4-0c0e61e23113,c5c268e9-c0b7-5bba-ac50-e070acc27dc1,1
71ddb23f-c0c9-5706-afe4-0c0e61e23113,61f44d00-e7e0-5397-98f9-fb4cd632cbdb,1
71ddb23f-c0c9-5706-afe4-0c0e61e23113,85a4de6a-5fb4-5b75-8b1d-c96933e42420,1
71ddb23f-c0c9-5706-afe4-0c0e61e23113,77ece2d6-5532-585e-bafd-4d13346a04ea,1
71ddb23f-c0c9-5706-afe4-0c0e61e23113,ba061473-0e83-548d-acec-2fa521d1b955,1
4f4b0751-5cfe-5a43-9362-8c7dba59b36c,6cb1940e-089b-550c-994b-967a2838a1c6,2
4f4b0751-5cfe-5a43-9362-8c7dba59b36c,be08644d-074f-5f3a-9efe-76fd98dd9352,2
4f4b0751-5cfe-5a43-9362-8c7dba59b36c,71a51932-46c6-5ac5-9664-416aa6d0314e,2
4f4b0751-5cfe-5a43-9362-8c7dba59b36c,d0b7e504-f9c6-5ce6-8fe9-c129f6b67cea,2
4f4b0751-5cfe-5a43-9362-8c7dba59b36c,7442da53-9c7d-577e-9ad7-410bee197b1e,2
4f4b0751-5cfe-5a43-9362-8c7dba59b36c,57d1d8bd-114a-5579-b4e4-9f9f16b6dac1,2
4f4b0751-5cfe-5a43-9362-8c7dba59b36c,4f4b0751-5cfe-5a43-9362-8c7dba59b36c,5
4f4b0751-5cfe-5a43-9362-8c7dba59b36c,df1d48cd-df3a-5628-a040-6778bf13622b,5
4f4b0751-5cfe-5a43-9362-8c7dba59b36c,386a6ef6-09ba-5655-b636-ae4dba9a0515,4
4f4b0751-5cfe-5a43-9362-8c7dba59b36c,6e834874-ddde-59d5-ae61-151ce52f3bd9,4
4f4b0751-5cfe-5a43-9362-8c7dba59b36c,c0d261de-414a-5439-9b3e-5d11d63ca082,4
4f4b0751-5cfe-5a43-9362-8c7dba59b36c,620fcc12-1c5b-5d2e-ad11-e9b506320a0e,4
4f4b0751-5cfe-5a43-9362-8c7dba59b36c,f9bcacc3-ec3b-54f5-9f37-c919d69d55dc,4
4f4b0751-5cfe-5a43-9362-8c7dba59b36c,b90181dd-8347-50e0-afe4-81250bf3f29b,4
4f4b0751-5cfe-5a43-9362-8c7dba59b36c,6766f734-fa72-5b43-8aeb-108daaa93ecc,4
4f4b0751-5cfe-5a43-9362-8c7dba59b36c,86457463-d115-58f7-aaa6-6dfc7ad345c0,4
4f4b0751-5cfe-5a43-9362-8c7dba59b36c,77e80601-42e2-5aaa-acd2-fd1079174ab3,4
4f4b0751-5cfe-5a43-9362-8c7dba59b36c,22f5885d-8434-56df-89e2-885b68232365,4
4f4b0751-5cfe-5a43-9362-8c7dba59b36c,fe3eaaec-0928-5934-847d-95f8d93942cd,4
4f4b0751-5cfe-5a43-9362-8c7dba59b36c,a6c19abd-e1b1-5ab8-8816-b2f6c05ba496,4
4f4b0751-5cfe-5a43-9362-8c7dba59b36c,458d030e-4592-537b-aec8-dc33588eb337,4
4f4b0751-5cfe-5a43-9362-8c7dba59b36c,cce79a8e-8eae-5ee6-be2a-7af0a7a08459,4
4f4b0751-5cfe-5a43-9362-8c7dba59b36c,87f95c22-1504-5c92-a8f0-2d1ee8df5466,4
4f4b0751-5cfe-5a43-9362-8c7dba59b36c,0fc96ba5-2e99-50dd-9e48-21a7a7013eca,3
4f4b0751-5cfe-5a43-9362-8c7dba59b36c,a92a73a1-df74-5394-b24a-f1eeae520988,3
4f4b0751-5cfe-5a43-9362-8c7dba59b36c,8410b912-0b3e-574f-986b-a86c59b91748,3
df1d48cd-df3a-5628-a040-6778bf13622b,6cb1940e-089b-550c-994b-967a2838a1c6,2
df1d48cd-df3a-5628-a040-6778bf13622b,be08644d-074f-5f3a-9efe-76fd98dd9352,2
df1d48cd-df3a-5628-a040-6778bf13622b,71a51932-46c6-5ac5-9664-416aa6d0314e,2
df1d48cd-df3a-5628-a040-6778bf13622b,d0b7e504-f9c6-5ce6-8fe9-c129f6b67cea,2
df1d48cd-df3a-5628-a040-6778bf13622b,7442da53-9c7d-577e-9ad7-410bee197b1e,2
df1d48cd-df3a-5628-a040-6778bf13622b,57d1d8bd-114a-5579-b4e4-9f9f16b6dac1,2
df1d48cd-df3a-5628-a040-6778bf13622b,4f4b0751-5cfe-5a43-9362-8c7dba59b36c,5
df1d48cd-df3a-5628-a040-6778bf13622b,df1d48cd-df3a-5628-a040-6778bf13622b,5
df1d48cd-df3a-5628-a040-6778bf13622b,386a6ef6-09ba-5655-b636-ae4dba9a0515,4
df1d48cd-df3a-5628-a040-6778bf13622b,6e834874-ddde-59d5-ae61-151ce52f3bd9,4
df1d48cd-df3a-5628-a040-6778bf13622b,c0d261de-414a-5439-9b3e-5d11d63ca082,4
df1d48cd-df3a-5628-a040-6778bf13622b,620fcc12-1c5b-5d2e-ad11-e9b506320a0e,4
df1d48cd-df3a-5628-a040-6778bf13622b,f9bcacc3-ec3b-54f5-9f37-c919d69d55dc,4
df1d48cd-df3a-5628-a040-6778bf13622b,b90181dd-8347-50e0-afe4-81250bf3f29b,4
df1d48cd-df3a-5628-a040-6778bf13622b,6766f734-fa72-5b43-8aeb-108daaa93ecc,4
df1d48cd-df3a-5628-a040-6778bf13622b,86457463-d115-58f7-aaa6-6dfc7ad345c0,4
df1d48cd-df3a-5628-a040-6778bf13622b,77e80601-42e2-5aaa-acd2-fd1079174ab3,4
df1d48cd-df3a-5628-a040-6778bf13622b,22f5885d-8434-56df-89e2-885b68232365,4
df1d48cd-df3a-5628-a040-6778bf13622b,fe3eaaec-0928-5934-847d-95f8d93942cd,4
df1d48cd-df3a-5628-a040-6778bf13622b,a6c19abd-e1b1-5ab8-8816-b2f6c05ba496,4
df1d48cd-df3a-5628-a040-6778bf13622b,458d030e-4592-537b-aec8-dc33588eb337,4
df1d48cd-df3a-5628-a040-6778bf13622b,cce79a8e-8eae-5ee6-be2a-7af0a7a08459,4
df1d48cd-df3a-5628-a040-6778bf13622b,87f95c22-1504-5c92-a8f0-2d1ee8df5466,4
df1d48cd-df3a-5628-a040-6778bf13622b,0fc96ba5-2e99-50dd-9e48-21a7a7013eca,3
df1d48cd-df3a-5628-a040-6778bf13622b,a92a73a1-df74-5394-b24a-f1eeae520988,3
df1d48cd-df3a-5628-a040-6778bf13622b,8410b912-0b3e-574f-986b-a86c59b91748,3
d03a8f6e-7994-5cdb-ac19-9e83ed2b42a5,28b0d572-aa4e-5de7-b620-6ae9cb6cab9e,2
d03a8f6e-7994-5cdb-ac19-9e83ed2b42a5,d03a8f6e-7994-5cdb-ac19-9e83ed2b42a5,5
d03a8f6e-7994-5cdb-ac19-9e83ed2b42a5,89d77124-c997-569d-82b4-71eb82cfae08,4
d03a8f6e-7994-5cdb-ac19-9e83ed2b42a5,e05c5e11-180d-5409-b37f-173d43d465bc,3
d03a8f6e-7994-5cdb-ac19-9e83ed2b42a5,9cbbb4a4-2e06-50e4-b155-074fbb698b91,3
d03a8f6e-7994-5cdb-ac19-9e83ed2b42a5,bf2e9326-8051-57d2-a020-18418d7e4e6f,3
d03a8f6e-7994-5cdb-ac19-9e83ed2b42a5,c8a8a61f-a72b-5294-a855-7c2368f6a922,3
d03a8f6e-7994-5cdb-ac19-9e83ed2b42a5,7af13960-ba5e-581c-b839-6dd085d4f423,3
d03a8f6e-7994-5cdb-ac19-9e83ed2b42a5,dc819ed5-f7e0-51f7-a6ef-03017bbf41c5,2
d03a8f6e-7994-5cdb-ac19-9e83ed2b42a5,14176a14-0fff-5757-89a2-39c4571a7139,2
d03a8f6e-7994-5cdb-ac19-9e83ed2b42a5,c694bfe8-dc9c-5496-a633-2e8374e3f777,2
d03a8f6e-7994-5cdb-ac19-9e83ed2b42a5,c639d49c-15c7-5825-b7d8-4765005e6503,3
d03a8f6e-7994-5cdb-ac19-9e83ed2b42a5,0936718b-bdf4-5888-a93e-0afdb4d81aa5,3
d03a8f6e-7994-5cdb-ac19-9e83ed2b42a5,b670eb05-6ea0-560e-b97e-e99ab502276c,4
d03a8f6e-7994-5cdb-ac19-9e83ed2b42a5,38862325-903a-5c90-a407-4a7d95aaa21f,4
d03a8f6e-7994-5cdb-ac19-9e83ed2b42a5,1fd5c63f-f772-5f65-b816-e78e38bc7c42,4
d03a8f6e-7994-5cdb-ac19-9e83ed2b42a5,a44a5788-c0bd-51bb-b7f3-47dd16e2be0f,4
d03a8f6e-7994-5cdb-ac19-9e83ed2b42a5,630e0f1d-b1bb-59f7-b19e-280f48548722,4
d03a8f6e-7994-5cdb-ac19-9e83ed2b42a5,1cc52057-5c13-599d-926e-b5beb535377f,3
d03a8f6e-7994-5cdb-ac19-9e83ed2b42a5,894256de-b67e-5c4b-8c98-9c075dbafa43,4
d03a8f6e-7994-5cdb-ac19-9e83ed2b42a5,18a19ff3-cd95-526e-b49d-f0f164331891,4
d03a8f6e-7994-5cdb-ac19-9e83ed2b42a5,d2c7ed1d-c8c5-5d26-be45-7869771d6d54,4
d03a8f6e-7994-5cdb-ac19-9e83ed2b42a5,9216e979-ed16-5497-b963-f707d343ba3d,4
d03a8f6e-7994-5cdb-ac19-9e83ed2b42a5,9da881a4-ff31-548f-9c8f-e87fd67983aa,4
d03a8f6e-7994-5cdb-ac19-9e83ed2b42a5,ac1ffc46-2ef5-5f03-a2c2-ef3aba1d5455,4
d03a8f6e-7994-5cdb-ac19-9e83ed2b42a5,1e419658-4d63-5c56-b066-8872836eb5e9,3
d03a8f6e-7994-5cdb-ac19-9e83ed2b42a5,79d55e52-2a80-5e5d-8bc9-3d2020d844ae,2
d03a8f6e-7994-5cdb-ac19-9e83ed2b42a5,6766f734-fa72-5b43-8aeb-108daaa93ecc,1
d03a8f6e-7994-5cdb-ac19-9e83ed2b42a5,86457463-d115-58f7-aaa6-6dfc7ad345c0,1
d03a8f6e-7994-5cdb-ac19-9e83ed2b42a5,77e80601-42e2-5aaa-acd2-fd1079174ab3,1
89d77124-c997-569d-82b4-71eb82cfae08,28b0d572-aa4e-5de7-b620-6ae9cb6cab9e,2
89d77124-c997-569d-82b4-71eb82cfae08,d03a8f6e-7994-5cdb-ac19-9e83ed2b42a5,4
89d77124-c997-569d-82b4-71eb82cfae08,89d77124-c997-569d-82b4-71eb82cfae08,5
89d77124-c997-569d-82b4-71eb82cfae08,e05c5e11-180d-5409-b37f-173d43d465bc,3
89d77124-c997-569d-82b4-71eb82cfae08,9cbbb4a4-2e06-50e4-b155-074fbb698b91,3
89d77124-c997-569d-82b4-71eb82cfae08,bf2e9326-8051-57d2-a020-18418d7e4e6f,3
89d77124-c997-569d-82b4-71eb82cfae08,c8a8a61f-a72b-5294-a855-7c2368f6a922,3
89d77124-c997-569d-82b4-71eb82cfae08,7af13960-ba5e-581c-b839-6dd085d4f423,3
89d77124-c997-569d-82b4-71eb82cfae08,dc819ed5-f7e0-51f7-a6ef-03017bbf41c5,2
89d77124-c997-569d-82b4-71eb82cfae08,14176a14-0fff-5757-89a2-39c4571a7139,2
89d77124-c997-569d-82b4-71eb82cfae08,c694bfe8-dc9c-5496-a633-2e8374e3f777,2
89d77124-c997-569d-82b4-71eb82cfae08,c639d49c-15c7-5825-b7d8-4765005e6503,3
89d77124-c997-569d-82b4-71eb82cfae08,0936718b-bdf4-5888-a93e-0afdb4d81aa5,3
89d77124-c997-569d-82b4-71eb82cfae08,b670eb05-6ea0-560e-b97e-e99ab502276c,4
89d77124-c997-569d-82b4-71eb82cfae08,38862325-903a-5c90-a407-4a7d95aaa21f,4
89d77124-c997-569d-82b4-71eb82cfae08,1fd5c63f-f772-5f65-b816-e78e38bc7c42,4
89d77124-c997-569d-82b4-71eb82cfae08,a44a5788-c0bd-51bb-b7f3-47dd16e2be0f,4
89d77124-c997-569d-82b4-71eb82cfae08,630e0f1d-b1bb-59f7-b19e-280f48548722,4
89d77124-c997-569d-82b4-71eb82cfae08,1cc52057-5c13-599d-926e-b5beb535377f,3
89d77124-c997-569d-82b4-71eb82cfae08,894256de-b67e-5c4b-8c98-9c075dbafa43,4
89d77124-c997-569d-82b4-71eb82cfae08,18a19ff3-cd95-526e-b49d-f0f164331891,4
89d77124-c997-569d-82b4-71eb82cfae08,d2c7ed1d-c8c5-5d26-be45-7869771d6d54,4
89d77124-c997-569d-82b4-71eb82cfae08,9216e979-ed16-5497-b963-f707d343ba3d,4
89d77124-c997-569d-82b4-71eb82cfae08,9da881a4-ff31-548f-9c8f-e87fd67983aa,4
89d77124-c997-569d-82b4-71eb82cfae08,ac1ffc46-2ef5-5f03-a2c2-ef3aba1d5455,4
89d77124-c997-569d-82b4-71eb82cfae08,1e419658-4d63-5c56-b066-8872836eb5e9,3
89d77124-c997-569d-82b4-71eb82cfae08,79d55e52-2a80-5e5d-8bc9-3d2020d844ae,2
89d77124-c997-569d-82b4-71eb82cfae08,6766f734-fa72-5b43-8aeb-108daaa93ecc,1
89d77124-c997-569d-82b4-71eb82cfae08,86457463-d115-58f7-aaa6-6dfc7ad345c0,1
89d77124-c997-569d-82b4-71eb82cfae08,77e80601-42e2-5aaa-acd2-fd1079174ab3,1
e05c5e11-180d-5409-b37f-173d43d465bc,2e62310c-5778-5861-96cd-1a95e53e044e,2
e05c5e11-180d-5409-b37f-173d43d465bc,d03a8f6e-7994-5cdb-ac19-9e83ed2b42a5,3
e05c5e11-180d-5409-b37f-173d43d465bc,89d77124-c997-569d-82b4-71eb82cfae08,3
e05c5e11-180d-5409-b37f-173d43d465bc,e05c5e11-180d-5409-b37f-173d43d465bc,5
e05c5e11-180d-5409-b37f-173d43d465bc,9cbbb4a4-2e06-50e4-b155-074fbb698b91,5
e05c5e11-180d-5409-b37f-173d43d465bc,bf2e9326-8051-57d2-a020-18418d7e4e6f,5
e05c5e11-180d-5409-b37f-173d43d465bc,c8a8a61f-a72b-5294-a855-7c2368f6a922,5
e05c5e11-180d-5409-b37f-173d43d465bc,7af13960-ba5e-581c-b839-6dd085d4f423,5
e05c5e11-180d-5409-b37f-173d43d465bc,c639d49c-15c7-5825-b7d8-4765005e6503,3
e05c5e11-180d-5409-b37f-173d43d465bc,0936718b-bdf4-5888-a93e-0afdb4d81aa5,3
e05c5e11-180d-5409-b37f-173d43d465bc,b670eb05-6ea0-560e-b97e-e99ab502276c,4
e05c5e11-180d-5409-b37f-173d43d465bc,38862325-903a-5c90-a407-4a7d95aaa21f,4
e05c5e11-180d-5409-b37f-173d43d465bc,1fd5c63f-f772-5f65-b816-e78e38bc7c42,4
e05c5e11-180d-5409-b37f-173d43d465bc,a44a5788-c0bd-51bb-b7f3-47dd16e2be0f,4
e05c5e11-180d-5409-b37f-173d43d465bc,630e0f1d-b1bb-59f7-b19e-280f48548722,4
e05c5e11-180d-5409-b37f-173d43d465bc,1cc52057-5c13-599d-926e-b5beb535377f,3
e05c5e11-180d-5409-b37f-173d43d465bc,894256de-b67e-5c4b-8c98-9c075dbafa43,4
e05c5e11-180d-5409-b37f-173d43d465bc,18a19ff3-cd95-526e-b49d-f0f164331891,4
e05c5e11-180d-5409-b37f-173d43d465bc,d2c7ed1d-c8c5-5d26-be45-7869771d6d54,3
e05c5e11-180d-5409-b37f-173d43d465bc,9216e979-ed16-5497-b963-f707d343ba3d,4
e05c5e11-180d-5409-b37f-173d43d465bc,9da881a4-ff31-548f-9c8f-e87fd67983aa,3
e05c5e11-180d-5409-b37f-173d43d465bc,ac1ffc46-2ef5-5f03-a2c2-ef3aba1d5455,4
e05c5e11-180d-5409-b37f-173d43d465bc,1e419658-4d63-5c56-b066-8872836eb5e9,3
e05c5e11-180d-5409-b37f-173d43d465bc,79d55e52-2a80-5e5d-8bc9-3d2020d844ae,1
9cbbb4a4-2e06-50e4-b155-074fbb698b91,2e62310c-5778-5861-96cd-1a95e53e044e,2
9cbbb4a4-2e06-50e4-b155-074fbb698b91,d03a8f6e-7994-5cdb-ac19-9e83ed2b42a5,3
9cbbb4a4-2e06-50e4-b155-074fbb698b91,89d77124-c997-569d-82b4-71eb82cfae08,3
9cbbb4a4-2e06-50e4-b155-074fbb698b91,e05c5e11-180d-5409-b37f-173d43d465bc,5
9cbbb4a4-2e06-50e4-b155-074fbb698b91,9cbbb4a4-2e06-50e4-b155-074fbb698b91,5
9cbbb4a4-2e06-50e4-b155-074fbb698b91,bf2e9326-8051-57d2-a020-18418d7e4e6f,5
9cbbb4a4-2e06-50e4-b155-074fbb698b91,c8a8a61f-a72b-5294-a855-7c2368f6a922,5
9cbbb4a4-2e06-50e4-b155-074fbb698b91,7af13960-ba5e-581c-b839-6dd085d4f423,5
9cbbb4a4-2e06-50e4-b155-074fbb698b91,c639d49c-15c7-5825-b7d8-4765005e6503,3
9cbbb4a4-2e06-50e4-b155-074fbb698b91,0936718b-bdf4-5888-a93e-0afdb4d81aa5,3
9cbbb4a4-2e06-50e4-b155-074fbb698b91,b670eb05-6ea0-560e-b97e-e99ab502276c,4
9cbbb4a4-2e06-50e4-b155-074fbb698b91,38862325-903a-5c90-a407-4a7d95aaa21f,4
9cbbb4a4-2e06-50e4-b155-074fbb698b91,1fd5c63f-f772-5f65-b816-e78e38bc7c42,4
9cbbb4a4-2e06-50e4-b155-074fbb698b91,a44a5788-c0bd-51bb-b7f3-47dd16e2be0f,4
9cbbb4a4-2e06-50e4-b155-074fbb698b91,630e0f1d-b1bb-59f7-b19e-280f48548722,4
9cbbb4a4-2e06-50e4-b155-074fbb698b91,1cc52057-5c13-599d-926e-b5beb535377f,3
9cbbb4a4-2e06-50e4-b155-074fbb698b91,894256de-b67e-5c4b-8c98-9c075dbafa43,4
9cbbb4a4-2e06-50e4-b155-074fbb698b91,18a19ff3-cd95-526e-b49d-f0f164331891,4
9cbbb4a4-2e06-50e4-b155-074fbb698b91,d2c7ed1d-c8c5-5d26-be45-7869771d6d54,3
9cbbb4a4-2e06-50e4-b155-074fbb698b91,9216e979-ed16-5497-b963-f707d343ba3d,4
9cbbb4a4-2e06-50e4-b155-074fbb698b91,9da881a4-ff31-548f-9c8f-e87fd67983aa,3
9cbbb4a4-2e06-50e4-b155-074fbb698b91,ac1ffc46-2ef5-5f03-a2c2-ef3aba1d5455,4
9cbbb4a4-2e06-50e4-b155-074fbb698b91,1e419658-4d63-5c56-b066-8872836eb5e9,3
9cbbb4a4-2e06-50e4-b155-074fbb698b91,79d55e52-2a80-5e5d-8bc9-3d2020d844ae,1
bf2e9326-8051-57d2-a020-18418d7e4e6f,2e62310c-5778-5861-96cd-1a95e53e044e,2
bf2e9326-8051-57d2-a020-18418d7e4e6f,d03a8f6e-7994-5cdb-ac19-9e83ed2b42a5,3
bf2e9326-8051-57d2-a020-18418d7e4e6f,89d77124-c997-569d-82b4-71eb82cfae08,3
bf2e9326-8051-57d2-a020-18418d7e4e6f,e05c5e11-180d-5409-b37f-173d43d465bc,5
bf2e9326-8051-57d2-a020-18418d7e4e6f,9cbbb4a4-2e06-50e4-b155-074fbb698b91,5
bf2e9326-8051-57d2-a020-18418d7e4e6f,bf2e9326-8051-57d2-a020-18418d7e4e6f,5
bf2e9326-8051-57d2-a020-18418d7e4e6f,c8a8a61f-a72b-5294-a855-7c2368f6a922,5
bf2e9326-8051-57d2-a020-18418d7e4e6f,7af13960-ba5e-581c-b839-6dd085d4f423,5
bf2e9326-8051-57d2-a020-18418d7e4e6f,c639d49c-15c7-5825-b7d8-4765005e6503,3
bf2e9326-8051-57d2-a020-18418d7e4e6f,0936718b-bdf4-5888-a93e-0afdb4d81aa5,3
bf2e9326-8051-57d2-a020-18418d7e4e6f,b670eb05-6ea0-560e-b97e-e99ab502276c,4
bf2e9326-8051-57d2-a020-18418d7e4e6f,38862325-903a-5c90-a407-4a7d95aaa21f,4
bf2e9326-8051-57d2-a020-18418d7e4e6f,1fd5c63f-f772-5f65-b816-e78e38bc7c42,4
bf2e9326-8051-57d2-a020-18418d7e4e6f,a44a5788-c0bd-51bb-b7f3-47dd16e2be0f,4
bf2e9326-8051-57d2-a020-18418d7e4e6f,630e0f1d-b1bb-59f7-b19e-280f48548722,4
bf2e9326-8051-57d2-a020-18418d7e4e6f,1cc52057-5c13-599d-926e-b5beb535377f,3
bf2e9326-8051-57d2-a020-18418d7e4e6f,894256de-b67e-5c4b-8c98-9c075dbafa43,4
bf2e9326-8051-57d2-a020-18418d7e4e6f,18a19ff3-cd95-526e-b49d-f0f164331891,4
bf2e9326-8051-57d2-a020-18418d7e4e6f,d2c7ed1d-c8c5-5d26-be45-7869771d6d54,3
bf2e9326-8051-57d2-a020-18418d7e4e6f,9216e979-ed16-5497-b963-f707d343ba3d,4
bf2e9326-8051-57d2-a020-18418d7e4e6f,9da881a4-ff31-548f-9c8f-e87fd67983aa,3
bf2e9326-8051-57d2-a020-18418d7e4e6f,ac1ffc46-2ef5-5f03-a2c2-ef3aba1d5455,4
bf2e9326-8051-57d2-a020-18418d7e4e6f,1e419658-4d63-5c56-b066-8872836eb5e9,3
bf2e9326-8051-57d2-a020-18418d7e4e6f,79d55e52-2a80-5e5d-8bc9-3d2020d844ae,1
c8a8a61f-a72b-5294-a855-7c2368f6a922,2e62310c-5778-5861-96cd-1a95e53e044e,2
c8a8a61f-a72b-5294-a855-7c2368f6a922,d03a8f6e-7994-5cdb-ac19-9e83ed2b42a5,3
c8a8a61f-a72b-5294-a855-7c2368f6a922,89d77124-c997-569d-82b4-71eb82cfae08,3
c8a8a61f-a72b-5294-a855-7c2368f6a922,e05c5e11-180d-5409-b37f-173d43d465bc,5
c8a8a61f-a72b-5294-a855-7c2368f6a922,9cbbb4a4-2e06-50e4-b155-074fbb698b91,5
c8a8a61f-a72b-5294-a855-7c2368f6a922,bf2e9326-8051-57d2-a020-18418d7e4e6f,5
c8a8a61f-a72b-5294-a855-7c2368f6a922,c8a8a61f-a72b-5294-a855-7c2368f6a922,5
c8a8a61f-a72b-5294-a855-7c2368f6a922,7af13960-ba5e-581c-b839-6dd085d4f423,5
c8a8a61f-a72b-5294-a855-7c2368f6a922,c639d49c-15c7-5825-b7d8-4765005e6503,3
c8a8a61f-a72b-5294-a855-7c2368f6a922,0936718b-bdf4-5888-a93e-0afdb4d81aa5,3
c8a8a61f-a72b-5294-a855-7c2368f6a922,b670eb05-6ea0-560e-b97e-e99ab502276c,4
c8a8a61f-a72b-5294-a855-7c2368f6a922,38862325-903a-5c90-a407-4a7d95aaa21f,4
c8a8a61f-a72b-5294-a855-7c2368f6a922,1fd5c63f-f772-5f65-b816-e78e38bc7c42,4
c8a8a61f-a72b-5294-a855-7c2368f6a922,a44a5788-c0bd-51bb-b7f3-47dd16e2be0f,4
c8a8a61f-a72b-5294-a855-7c2368f6a922,630e0f1d-b1bb-59f7-b19e-280f48548722,4
c8a8a61f-a72b-5294-a855-7c2368f6a922,1cc52057-5c13-599d-926e-b5beb535377f,3
c8a8a61f-a72b-5294-a855-7c2368f6a922,894256de-b67e-5c4b-8c98-9c075dbafa43,4
c8a8a61f-a72b-5294-a855-7c2368f6a922,18a19ff3-cd95-526e-b49d-f0f164331891,4
c8a8a61f-a72b-5294-a855-7c2368f6a922,d2c7ed1d-c8c5-5d26-be45-7869771d6d54,4
c8a8a61f-a72b-5294-a855-7c2368f6a922,9216e979-ed16-5497-b963-f707d343ba3d,4
c8a8a61f-a72b-5294-a855-7c2368f6a922,9da881a4-ff31-548f-9c8f-e87fd67983aa,4
c8a8a61f-a72b-5294-a855-7c2368f6a922,ac1ffc46-2ef5-5f03-a2c2-ef3aba1d5455,4
c8a8a61f-a72b-5294-a855-7c2368f6a922,1e419658-4d63-5c56-b066-8872836eb5e9,3
c8a8a61f-a72b-5294-a855-7c2368f6a922,79d55e52-2a80-5e5d-8bc9-3d2020d844ae,1
7af13960-ba5e-581c-b839-6dd085d4f423,2e62310c-5778-5861-96cd-1a95e53e044e,2
7af13960-ba5e-581c-b839-6dd085d4f423,d03a8f6e-7994-5cdb-ac19-9e83ed2b42a5,3
7af13960-ba5e-581c-b839-6dd085d4f423,89d77124-c997-569d-82b4-71eb82cfae08,3
7af13960-ba5e-581c-b839-6dd085d4f423,e05c5e11-180d-5409-b37f-173d43d465bc,5
7af13960-ba5e-581c-b839-6dd085d4f423,9cbbb4a4-2e06-50e4-b155-074fbb698b91,5
7af13960-ba5e-581c-b839-6dd085d4f423,bf2e9326-8051-57d2-a020-18418d7e4e6f,5
7af13960-ba5e-581c-b839-6dd085d4f423,c8a8a61f-a72b-5294-a855-7c2368f6a922,5
7af13960-ba5e-581c-b839-6dd085d4f423,7af13960-ba5e-581c-b839-6dd085d4f423,5
7af13960-ba5e-581c-b839-6dd085d4f423,c639d49c-15c7-5825-b7d8-4765005e6503,3
7af13960-ba5e-581c-b839-6dd085d4f423,0936718b-bdf4-5888-a93e-0afdb4d81aa5,3
7af13960-ba5e-581c-b839-6dd085d4f423,b670eb05-6ea0-560e-b97e-e99ab502276c,4
7af13960-ba5e-581c-b839-6dd085d4f423,38862325-903a-5c90-a407-4a7d95aaa21f,4
7af13960-ba5e-581c-b839-6dd085d4f423,1fd5c63f-f772-5f65-b816-e78e38bc7c42,4
7af13960-ba5e-581c-b839-6dd085d4f423,a44a5788-c0bd-51bb-b7f3-47dd16e2be0f,4
7af13960-ba5e-581c-b839-6dd085d4f423,630e0f1d-b1bb-59f7-b19e-280f48548722,4
7af13960-ba5e-581c-b839-6dd085d4f423,1cc52057-5c13-599d-926e-b5beb535377f,3
7af13960-ba5e-581c-b839-6dd085d4f423,894256de-b67e-5c4b-8c98-9c075dbafa43,4
7af13960-ba5e-581c-b839-6dd085d4f423,18a19ff3-cd95-526e-b49d-f0f164331891,4
7af13960-ba5e-581c-b839-6dd085d4f423,d2c7ed1d-c8c5-5d26-be45-7869771d6d54,3
7af13960-ba5e-581c-b839-6dd085d4f423,9216e979-ed16-5497-b963-f707d343ba3d,4
7af13960-ba5e-581c-b839-6dd085d4f423,9da881a4-ff31-548f-9c8f-e87fd67983aa,3
7af13960-ba5e-581c-b839-6dd085d4f423,ac1ffc46-2ef5-5f03-a2c2-ef3aba1d5455,4
7af13960-ba5e-581c-b839-6dd085d4f423,1e419658-4d63-5c56-b066-8872836eb5e9,3
7af13960-ba5e-581c-b839-6dd085d4f423,79d55e52-2a80-5e5d-8bc9-3d2020d844ae,1
1fa1dd4e-7900-5b05-a761-8b8474b38b93,1fa1dd4e-7900-5b05-a761-8b8474b38b93,5
1fa1dd4e-7900-5b05-a761-8b8474b38b93,e1f51fe6-394f-54bc-b864-f2130a85601d,3
1fa1dd4e-7900-5b05-a761-8b8474b38b93,083084f8-ffab-5a23-b2f1-c097c76cee17,3
1fa1dd4e-7900-5b05-a761-8b8474b38b93,f0336fb9-dc40-5502-8987-773dbfc9023a,3
1fa1dd4e-7900-5b05-a761-8b8474b38b93,f3fecfbb-61d7-57c2-a586-22cbad031c7a,3
1fa1dd4e-7900-5b05-a761-8b8474b38b93,8bd80623-c3ee-5601-80af-8329401fe06c,4
1fa1dd4e-7900-5b05-a761-8b8474b38b93,96e97afb-0019-500e-a6aa-cc1bebc3a8be,4
e1f51fe6-394f-54bc-b864-f2130a85601d,1fa1dd4e-7900-5b05-a761-8b8474b38b93,3
e1f51fe6-394f-54bc-b864-f2130a85601d,e1f51fe6-394f-54bc-b864-f2130a85601d,5
e1f51fe6-394f-54bc-b864-f2130a85601d,083084f8-ffab-5a23-b2f1-c097c76cee17,5
e1f51fe6-394f-54bc-b864-f2130a85601d,f0336fb9-dc40-5502-8987-773dbfc9023a,4
e1f51fe6-394f-54bc-b864-f2130a85601d,f3fecfbb-61d7-57c2-a586-22cbad031c7a,4
e1f51fe6-394f-54bc-b864-f2130a85601d,8bd80623-c3ee-5601-80af-8329401fe06c,3
e1f51fe6-394f-54bc-b864-f2130a85601d,96e97afb-0019-500e-a6aa-cc1bebc3a8be,3
083084f8-ffab-5a23-b2f1-c097c76cee17,1fa1dd4e-7900-5b05-a761-8b8474b38b93,3
083084f8-ffab-5a23-b2f1-c097c76cee17,e1f51fe6-394f-54bc-b864-f2130a85601d,5
083084f8-ffab-5a23-b2f1-c097c76cee17,083084f8-ffab-5a23-b2f1-c097c76cee17,5
083084f8-ffab-5a23-b2f1-c097c76cee17,f0336fb9-dc40-5502-8987-773dbfc9023a,4
083084f8-ffab-5a23-b2f1-c097c76cee17,f3fecfbb-61d7-57c2-a586-22cbad031c7a,4
083084f8-ffab-5a23-b2f1-c097c76cee17,8bd80623-c3ee-5601-80af-8329401fe06c,3
083084f8-ffab-5a23-b2f1-c097c76cee17,96e97afb-0019-500e-a6aa-cc1bebc3a8be,3
f0336fb9-dc40-5502-8987-773dbfc9023a,1fa1dd4e-7900-5b05-a761-8b8474b38b93,3
f0336fb9-dc40-5502-8987-773dbfc9023a,e1f51fe6-394f-54bc-b864-f2130a85601d,4
f0336fb9-dc40-5502-8987-773dbfc9023a,083084f8-ffab-5a23-b2f1-c097c76cee17,4
f0336fb9-dc40-5502-8987-773dbfc9023a,f0336fb9-dc40-5502-8987-773dbfc9023a,5
f0336fb9-dc40-5502-8987-773dbfc9023a,f3fecfbb-61d7-57c2-a586-22cbad031c7a,5
f0336fb9-dc40-5502-8987-773dbfc9023a,8bd80623-c3ee-5601-80af-8329401fe06c,3
f0336fb9-dc40-5502-8987-773dbfc9023a,96e97afb-0019-500e-a6aa-cc1bebc3a8be,3
f3fecfbb-61d7-57c2-a586-22cbad031c7a,1fa1dd4e-7900-5b05-a761-8b8474b38b93,3
f3fecfbb-61d7-57c2-a586-22cbad031c7a,e1f51fe6-394f-54bc-b864-f2130a85601d,4
f3fecfbb-61d7-57c2-a586-22cbad031c7a,083084f8-ffab-5a23-b2f1-c097c76cee17,4
f3fecfbb-61d7-57c2-a586-22cbad031c7a,f0336fb9-dc40-5502-8987-773dbfc9023a,5
f3fecfbb-61d7-57c2-a586-22cbad031c7a,f3fecfbb-61d7-57c2-a586-22cbad031c7a,5
f3fecfbb-61d7-57c2-a586-22cbad031c7a,8bd80623-c3ee-5601-80af-8329401fe06c,3
f3fecfbb-61d7-57c2-a586-22cbad031c7a,96e97afb-0019-500e-a6aa-cc1bebc3a8be,3
8bd80623-c3ee-5601-80af-8329401fe06c,1fa1dd4e-7900-5b05-a761-8b8474b38b93,4
8bd80623-c3ee-5601-80af-8329401fe06c,e1f51fe6-394f-54bc-b864-f2130a85601d,3
8bd80623-c3ee-5601-80af-8329401fe06c,083084f8-ffab-5a23-b2f1-c097c76cee17,3
8bd80623-c3ee-5601-80af-8329401fe06c,f0336fb9-dc40-5502-8987-773dbfc9023a,3
8bd80623-c3ee-5601-80af-8329401fe06c,f3fecfbb-61d7-57c2-a586-22cbad031c7a,3
8bd80623-c3ee-5601-80af-8329401fe06c,8bd80623-c3ee-5601-80af-8329401fe06c,5
8bd80623-c3ee-5601-80af-8329401fe06c,96e97afb-0019-500e-a6aa-cc1bebc3a8be,4
96e97afb-0019-500e-a6aa-cc1bebc3a8be,1fa1dd4e-7900-5b05-a761-8b8474b38b93,4
96e97afb-0019-500e-a6aa-cc1bebc3a8be,e1f51fe6-394f-54bc-b864-f2130a85601d,3
96e97afb-0019-500e-a6aa-cc1bebc3a8be,083084f8-ffab-5a23-b2f1-c097c76cee17,3
96e97afb-0019-500e-a6aa-cc1bebc3a8be,f0336fb9-dc40-5502-8987-773dbfc9023a,3
96e97afb-0019-500e-a6aa-cc1bebc3a8be,f3fecfbb-61d7-57c2-a586-22cbad031c7a,3
96e97afb-0019-500e-a6aa-cc1bebc3a8be,8bd80623-c3ee-5601-80af-8329401fe06c,4
96e97afb-0019-500e-a6aa-cc1bebc3a8be,96e97afb-0019-500e-a6aa-cc1bebc3a8be,5
077e3610-db30-5535-96c5-4b4fb6c0ecbd,077e3610-db30-5535-96c5-4b4fb6c0ecbd,5
077e3610-db30-5535-96c5-4b4fb6c0ecbd,752e5386-1dcd-593a-824f-4399292f3e60,5
077e3610-db30-5535-96c5-4b4fb6c0ecbd,b3087ff5-3dc2-5f99-a844-b5774317be2c,3
077e3610-db30-5535-96c5-4b4fb6c0ecbd,c6a2b173-e738-5995-b07c-2a50079f11c1,3
077e3610-db30-5535-96c5-4b4fb6c0ecbd,0f962b9a-a2c1-5ba9-93a7-3609e59f75a1,5
077e3610-db30-5535-96c5-4b4fb6c0ecbd,911f879d-e8c9-5b49-8994-3a720fa7d634,4
077e3610-db30-5535-96c5-4b4fb6c0ecbd,f3b140a6-414b-55d8-8437-7a37e09772ad,5
077e3610-db30-5535-96c5-4b4fb6c0ecbd,b275afee-1ddc-5879-a993-d0ad3fe115e8,5
077e3610-db30-5535-96c5-4b4fb6c0ecbd,dc819ed5-f7e0-51f7-a6ef-03017bbf41c5,1
077e3610-db30-5535-96c5-4b4fb6c0ecbd,14176a14-0fff-5757-89a2-39c4571a7139,1
077e3610-db30-5535-96c5-4b4fb6c0ecbd,c694bfe8-dc9c-5496-a633-2e8374e3f777,1
077e3610-db30-5535-96c5-4b4fb6c0ecbd,79d55e52-2a80-5e5d-8bc9-3d2020d844ae,2
077e3610-db30-5535-96c5-4b4fb6c0ecbd,2825dbaa-bbd0-53c6-bd1e-d30679b51a69,4
077e3610-db30-5535-96c5-4b4fb6c0ecbd,4c69140f-b5c1-59fc-a421-f8ad1a394a64,3
077e3610-db30-5535-96c5-4b4fb6c0ecbd,83a28abf-2628-5048-92a1-58d37ed3d708,3
077e3610-db30-5535-96c5-4b4fb6c0ecbd,482c19a2-0809-5e37-87c3-b9102f57cf81,3
077e3610-db30-5535-96c5-4b4fb6c0ecbd,7d7cec0e-2c09-5b0b-8c50-643fcdf97a53,2
752e5386-1dcd-593a-824f-4399292f3e60,077e3610-db30-5535-96c5-4b4fb6c0ecbd,5
752e5386-1dcd-593a-824f-4399292f3e60,752e5386-1dcd-593a-824f-4399292f3e60,5
752e5386-1dcd-593a-824f-4399292f3e60,b3087ff5-3dc2-5f99-a844-b5774317be2c,3
752e5386-1dcd-593a-824f-4399292f3e60,c6a2b173-e738-5995-b07c-2a50079f11c1,3
752e5386-1dcd-593a-824f-4399292f3e60,0f962b9a-a2c1-5ba9-93a7-3609e59f75a1,5
752e5386-1dcd-593a-824f-4399292f3e60,911f879d-e8c9-5b49-8994-3a720fa7d634,4
752e5386-1dcd-593a-824f-4399292f3e60,f3b140a6-414b-55d8-8437-7a37e09772ad,5
752e5386-1dcd-593a-824f-4399292f3e60,b275afee-1ddc-5879-a993-d0ad3fe115e8,5
752e5386-1dcd-593a-824f-4399292f3e60,dc819ed5-f7e0-51f7-a6ef-03017bbf41c5,1
752e5386-1dcd-593a-824f-4399292f3e60,14176a14-0fff-5757-89a2-39c4571a7139,1
752e5386-1dcd-593a-824f-4399292f3e60,c694bfe8-dc9c-5496-a633-2e8374e3f777,1
752e5386-1dcd-593a-824f-4399292f3e60,79d55e52-2a80-5e5d-8bc9-3d2020d844ae,2
752e5386-1dcd-593a-824f-4399292f3e60,2825dbaa-bbd0-53c6-bd1e-d30679b51a69,4
752e5386-1dcd-593a-824f-4399292f3e60,4c69140f-b5c1-59fc-a421-f8ad1a394a64,3
752e5386-1dcd-593a-824f-4399292f3e60,83a28abf-2628-5048-92a1-58d37ed3d708,3
752e5386-1dcd-593a-824f-4399292f3e60,482c19a2-0809-5e37-87c3-b9102f57cf81,3
752e5386-1dcd-593a-824f-4399292f3e60,7d7cec0e-2c09-5b0b-8c50-643fcdf97a53,2
b3087ff5-3dc2-5f99-a844-b5774317be2c,077e3610-db30-5535-96c5-4b4fb6c0ecbd,3
b3087ff5-3dc2-5f99-a844-b5774317be2c,752e5386-1dcd-593a-824f-4399292f3e60,3
b3087ff5-3dc2-5f99-a844-b5774317be2c,b3087ff5-3dc2-5f99-a844-b5774317be2c,5
b3087ff5-3dc2-5f99-a844-b5774317be2c,c6a2b173-e738-5995-b07c-2a50079f11c1,3
b3087ff5-3dc2-5f99-a844-b5774317be2c,0f962b9a-a2c1-5ba9-93a7-3609e59f75a1,3
b3087ff5-3dc2-5f99-a844-b5774317be2c,911f879d-e8c9-5b49-8994-3a720fa7d634,4
b3087ff5-3dc2-5f99-a844-b5774317be2c,f3b140a6-414b-55d8-8437-7a37e09772ad,3
b3087ff5-3dc2-5f99-a844-b5774317be2c,b275afee-1ddc-5879-a993-d0ad3fe115e8,3
b3087ff5-3dc2-5f99-a844-b5774317be2c,dc819ed5-f7e0-51f7-a6ef-03017bbf41c5,1
b3087ff5-3dc2-5f99-a844-b5774317be2c,14176a14-0fff-5757-89a2-39c4571a7139,1
b3087ff5-3dc2-5f99-a844-b5774317be2c,c694bfe8-dc9c-5496-a633-2e8374e3f777,1
b3087ff5-3dc2-5f99-a844-b5774317be2c,79d55e52-2a80-5e5d-8bc9-3d2020d844ae,2
b3087ff5-3dc2-5f99-a844-b5774317be2c,2825dbaa-bbd0-53c6-bd1e-d30679b51a69,4
b3087ff5-3dc2-5f99-a844-b5774317be2c,4c69140f-b5c1-59fc-a421-f8ad1a394a64,3
b3087ff5-3dc2-5f99-a844-b5774317be2c,83a28abf-2628-5048-92a1-58d37ed3d708,3
b3087ff5-3dc2-5f99-a844-b5774317be2c,482c19a2-0809-5e37-87c3-b9102f57cf81,3
b3087ff5-3dc2-5f99-a844-b5774317be2c,7d7cec0e-2c09-5b0b-8c50-643fcdf97a53,2
c6a2b173-e738-5995-b07c-2a50079f11c1,077e3610-db30-5535-96c5-4b4fb6c0ecbd,3
c6a2b173-e738-5995-b07c-2a50079f11c1,752e5386-1dcd-593a-824f-4399292f3e60,3
c6a2b173-e738-5995-b07c-2a50079f11c1,b3087ff5-3dc2-5f99-a844-b5774317be2c,3
c6a2b173-e738-5995-b07c-2a50079f11c1,c6a2b173-e738-5995-b07c-2a50079f11c1,5
c6a2b173-e738-5995-b07c-2a50079f11c1,0f962b9a-a2c1-5ba9-93a7-3609e59f75a1,3
c6a2b173-e738-5995-b07c-2a50079f11c1,911f879d-e8c9-5b49-8994-3a720fa7d634,4
c6a2b173-e738-5995-b07c-2a50079f11c1,f3b140a6-414b-55d8-8437-7a37e09772ad,3
c6a2b173-e738-5995-b07c-2a50079f11c1,b275afee-1ddc-5879-a993-d0ad3fe115e8,3
c6a2b173-e738-5995-b07c-2a50079f11c1,dc819ed5-f7e0-51f7-a6ef-03017bbf41c5,2
c6a2b173-e738-5995-b07c-2a50079f11c1,14176a14-0fff-5757-89a2-39c4571a7139,2
c6a2b173-e738-5995-b07c-2a50079f11c1,c694bfe8-dc9c-5496-a633-2e8374e3f777,2
c6a2b173-e738-5995-b07c-2a50079f11c1,d2c7ed1d-c8c5-5d26-be45-7869771d6d54,3
c6a2b173-e738-5995-b07c-2a50079f11c1,9da881a4-ff31-548f-9c8f-e87fd67983aa,3
c6a2b173-e738-5995-b07c-2a50079f11c1,1e419658-4d63-5c56-b066-8872836eb5e9,3
c6a2b173-e738-5995-b07c-2a50079f11c1,2825dbaa-bbd0-53c6-bd1e-d30679b51a69,3
c6a2b173-e738-5995-b07c-2a50079f11c1,4c69140f-b5c1-59fc-a421-f8ad1a394a64,2
c6a2b173-e738-5995-b07c-2a50079f11c1,aa4da362-ecaa-5bb4-8222-84653d4932d3,3
c6a2b173-e738-5995-b07c-2a50079f11c1,01e1ed25-a83b-57c5-be07-6fb6e25bd20d,3
c6a2b173-e738-5995-b07c-2a50079f11c1,4be1cc4c-d9b1-55d4-b4bd-99b3f445ffb5,3
c6a2b173-e738-5995-b07c-2a50079f11c1,e831362e-6240-5d54-9ecc-5c7c384bc98b,3
c6a2b173-e738-5995-b07c-2a50079f11c1,c518b4f0-9b16-5c4b-871c-bd9509e86e8a,3
c6a2b173-e738-5995-b07c-2a50079f11c1,7d7cec0e-2c09-5b0b-8c50-643fcdf97a53,2
0f962b9a-a2c1-5ba9-93a7-3609e59f75a1,077e3610-db30-5535-96c5-4b4fb6c0ecbd,5
0f962b9a-a2c1-5ba9-93a7-3609e59f75a1,752e5386-1dcd-593a-824f-4399292f3e60,5
0f962b9a-a2c1-5ba9-93a7-3609e59f75a1,b3087ff5-3dc2-5f99-a844-b5774317be2c,3
0f962b9a-a2c1-5ba9-93a7-3609e59f75a1,c6a2b173-e738-5995-b07c-2a50079f11c1,3
0f962b9a-a2c1-5ba9-93a7-3609e59f75a1,0f962b9a-a2c1-5ba9-93a7-3609e59f75a1,5
0f962b9a-a2c1-5ba9-93a7-3609e59f75a1,911f879d-e8c9-5b49-8994-3a720fa7d634,4
0f962b9a-a2c1-5ba9-93a7-3609e59f75a1,f3b140a6-414b-55d8-8437-7a37e09772ad,5
0f962b9a-a2c1-5ba9-93a7-3609e59f75a1,b275afee-1ddc-5879-a993-d0ad3fe115e8,5
0f962b9a-a2c1-5ba9-93a7-3609e59f75a1,dc819ed5-f7e0-51f7-a6ef-03017bbf41c5,1
0f962b9a-a2c1-5ba9-93a7-3609e59f75a1,14176a14-0fff-5757-89a2-39c4571a7139,1
0f962b9a-a2c1-5ba9-93a7-3609e59f75a1,c694bfe8-dc9c-5496-a633-2e8374e3f777,1
0f962b9a-a2c1-5ba9-93a7-3609e59f75a1,79d55e52-2a80-5e5d-8bc9-3d2020d844ae,2
0f962b9a-a2c1-5ba9-93a7-3609e59f75a1,2825dbaa-bbd0-53c6-bd1e-d30679b51a69,4
0f962b9a-a2c1-5ba9-93a7-3609e59f75a1,4c69140f-b5c1-59fc-a421-f8ad1a394a64,3
0f962b9a-a2c1-5ba9-93a7-3609e59f75a1,83a28abf-2628-5048-92a1-58d37ed3d708,3
0f962b9a-a2c1-5ba9-93a7-3609e59f75a1,482c19a2-0809-5e37-87c3-b9102f57cf81,3
0f962b9a-a2c1-5ba9-93a7-3609e59f75a1,7d7cec0e-2c09-5b0b-8c50-643fcdf97a53,2
911f879d-e8c9-5b49-8994-3a720fa7d634,077e3610-db30-5535-96c5-4b4fb6c0ecbd,4
911f879d-e8c9-5b49-8994-3a720fa7d634,752e5386-1dcd-593a-824f-4399292f3e60,4
911f879d-e8c9-5b49-8994-3a720fa7d634,b3087ff5-3dc2-5f99-a844-b5774317be2c,4
911f879d-e8c9-5b49-8994-3a720fa7d634,c6a2b173-e738-5995-b07c-2a50079f11c1,4
911f879d-e8c9-5b49-8994-3a720fa7d634,0f962b9a-a2c1-5ba9-93a7-3609e59f75a1,4
911f879d-e8c9-5b49-8994-3a720fa7d634,911f879d-e8c9-5b49-8994-3a720fa7d634,5
911f879d-e8c9-5b49-8994-3a720fa7d634,f3b140a6-414b-55d8-8437-7a37e09772ad,4
911f879d-e8c9-5b49-8994-3a720fa7d634,b275afee-1ddc-5879-a993-d0ad3fe115e8,4
911f879d-e8c9-5b49-8994-3a720fa7d634,dc819ed5-f7e0-51f7-a6ef-03017bbf41c5,2
911f879d-e8c9-5b49-8994-3a720fa7d634,14176a14-0fff-5757-89a2-39c4571a7139,2
911f879d-e8c9-5b49-8994-3a720fa7d634,c694bfe8-dc9c-5496-a633-2e8374e3f777,2
911f879d-e8c9-5b49-8994-3a720fa7d634,79d55e52-2a80-5e5d-8bc9-3d2020d844ae,2
911f879d-e8c9-5b49-8994-3a720fa7d634,2825dbaa-bbd0-53c6-bd1e-d30679b51a69,4
911f879d-e8c9-5b49-8994-3a720fa7d634,4c69140f-b5c1-59fc-a421-f8ad1a394a64,3
911f879d-e8c9-5b49-8994-3a720fa7d634,83a28abf-2628-5048-92a1-58d37ed3d708,3
911f879d-e8c9-5b49-8994-3a720fa7d634,482c19a2-0809-5e37-87c3-b9102f57cf81,3
911f879d-e8c9-5b49-8994-3a720fa7d634,7d7cec0e-2c09-5b0b-8c50-643fcdf97a53,2
f3b140a6-414b-55d8-8437-7a37e09772ad,077e3610-db30-5535-96c5-4b4fb6c0ecbd,5
f3b140a6-414b-55d8-8437-7a37e09772ad,752e5386-1dcd-593a-824f-4399292f3e60,5
f3b140a6-414b-55d8-8437-7a37e09772ad,b3087ff5-3dc2-5f99-a844-b5774317be2c,3
f3b140a6-414b-55d8-8437-7a37e09772ad,c6a2b173-e738-5995-b07c-2a50079f11c1,3
f3b140a6-414b-55d8-8437-7a37e09772ad,0f962b9a-a2c1-5ba9-93a7-3609e59f75a1,5
f3b140a6-414b-55d8-8437-7a37e09772ad,911f879d-e8c9-5b49-8994-3a720fa7d634,4
f3b140a6-414b-55d8-8437-7a37e09772ad,f3b140a6-414b-55d8-8437-7a37e09772ad,5
f3b140a6-414b-55d8-8437-7a37e09772ad,b275afee-1ddc-5879-a993-d0ad3fe115e8,5
f3b140a6-414b-55d8-8437-7a37e09772ad,dc819ed5-f7e0-51f7-a6ef-03017bbf41c5,1
f3b140a6-414b-55d8-8437-7a37e09772ad,14176a14-0fff-5757-89a2-39c4571a7139,1
f3b140a6-414b-55d8-8437-7a37e09772ad,c694bfe8-dc9c-5496-a633-2e8374e3f777,1
f3b140a6-414b-55d8-8437-7a37e09772ad,79d55e52-2a80-5e5d-8bc9-3d2020d844ae,2
f3b140a6-414b-55d8-8437-7a37e09772ad,2825dbaa-bbd0-53c6-bd1e-d30679b51a69,4
f3b140a6-414b-55d8-8437-7a37e09772ad,4c69140f-b5c1-59fc-a421-f8ad1a394a64,3
f3b140a6-414b-55d8-8437-7a37e09772ad,83a28abf-2628-5048-92a1-58d37ed3d708,3
f3b140a6-414b-55d8-8437-7a37e09772ad,482c19a2-0809-5e37-87c3-b9102f57cf81,3
f3b140a6-414b-55d8-8437-7a37e09772ad,7d7cec0e-2c09-5b0b-8c50-643fcdf97a53,2
b275afee-1ddc-5879-a993-d0ad3fe115e8,077e3610-db30-5535-96c5-4b4fb6c0ecbd,5
b275afee-1ddc-5879-a993-d0ad3fe115e8,752e5386-1dcd-593a-824f-4399292f3e60,5
b275afee-1ddc-5879-a993-d0ad3fe115e8,b3087ff5-3dc2-5f99-a844-b5774317be2c,3
b275afee-1ddc-5879-a993-d0ad3fe115e8,c6a2b173-e738-5995-b07c-2a50079f11c1,3
b275afee-1ddc-5879-a993-d0ad3fe115e8,0f962b9a-a2c1-5ba9-93a7-3609e59f75a1,5
b275afee-1ddc-5879-a993-d0ad3fe115e8,911f879d-e8c9-5b49-8994-3a720fa7d634,4
b275afee-1ddc-5879-a993-d0ad3fe115e8,f3b140a6-414b-55d8-8437-7a37e09772ad,5
b275afee-1ddc-5879-a993-d0ad3fe115e8,b275afee-1ddc-5879-a993-d0ad3fe115e8,5
b275afee-1ddc-5879-a993-d0ad3fe115e8,dc819ed5-f7e0-51f7-a6ef-03017bbf41c5,1
b275afee-1ddc-5879-a993-d0ad3fe115e8,14176a14-0fff-5757-89a2-39c4571a7139,1
b275afee-1ddc-5879-a993-d0ad3fe115e8,c694bfe8-dc9c-5496-a633-2e8374e3f777,1
b275afee-1ddc-5879-a993-d0ad3fe115e8,79d55e52-2a80-5e5d-8bc9-3d2020d844ae,2
b275afee-1ddc-5879-a993-d0ad3fe115e8,2825dbaa-bbd0-53c6-bd1e-d30679b51a69,4
b275afee-1ddc-5879-a993-d0ad3fe115e8,4c69140f-b5c1-59fc-a421-f8ad1a394a64,3
b275afee-1ddc-5879-a993-d0ad3fe115e8,83a28abf-2628-5048-92a1-58d37ed3d708,3
b275afee-1ddc-5879-a993-d0ad3fe115e8,482c19a2-0809-5e37-87c3-b9102f57cf81,3
b275afee-1ddc-5879-a993-d0ad3fe115e8,7d7cec0e-2c09-5b0b-8c50-643fcdf97a53,2
386a6ef6-09ba-5655-b636-ae4dba9a0515,6cb1940e-089b-550c-994b-967a2838a1c6,3
386a6ef6-09ba-5655-b636-ae4dba9a0515,be08644d-074f-5f3a-9efe-76fd98dd9352,3
386a6ef6-09ba-5655-b636-ae4dba9a0515,71a51932-46c6-5ac5-9664-416aa6d0314e,3
386a6ef6-09ba-5655-b636-ae4dba9a0515,d0b7e504-f9c6-5ce6-8fe9-c129f6b67cea,3
386a6ef6-09ba-5655-b636-ae4dba9a0515,7442da53-9c7d-577e-9ad7-410bee197b1e,3
386a6ef6-09ba-5655-b636-ae4dba9a0515,57d1d8bd-114a-5579-b4e4-9f9f16b6dac1,3
386a6ef6-09ba-5655-b636-ae4dba9a0515,4f4b0751-5cfe-5a43-9362-8c7dba59b36c,4
386a6ef6-09ba-5655-b636-ae4dba9a0515,df1d48cd-df3a-5628-a040-6778bf13622b,4
386a6ef6-09ba-5655-b636-ae4dba9a0515,386a6ef6-09ba-5655-b636-ae4dba9a0515,5
386a6ef6-09ba-5655-b636-ae4dba9a0515,6e834874-ddde-59d5-ae61-151ce52f3bd9,5
386a6ef6-09ba-5655-b636-ae4dba9a0515,c0d261de-414a-5439-9b3e-5d11d63ca082,5
386a6ef6-09ba-5655-b636-ae4dba9a0515,620fcc12-1c5b-5d2e-ad11-e9b506320a0e,5
386a6ef6-09ba-5655-b636-ae4dba9a0515,f9bcacc3-ec3b-54f5-9f37-c919d69d55dc,5
386a6ef6-09ba-5655-b636-ae4dba9a0515,b90181dd-8347-50e0-afe4-81250bf3f29b,4
386a6ef6-09ba-5655-b636-ae4dba9a0515,6766f734-fa72-5b43-8aeb-108daaa93ecc,4
386a6ef6-09ba-5655-b636-ae4dba9a0515,86457463-d115-58f7-aaa6-6dfc7ad345c0,3
386a6ef6-09ba-5655-b636-ae4dba9a0515,77e80601-42e2-5aaa-acd2-fd1079174ab3,4
386a6ef6-09ba-5655-b636-ae4dba9a0515,22f5885d-8434-56df-89e2-885b68232365,4
386a6ef6-09ba-5655-b636-ae4dba9a0515,fe3eaaec-0928-5934-847d-95f8d93942cd,4
386a6ef6-09ba-5655-b636-ae4dba9a0515,a6c19abd-e1b1-5ab8-8816-b2f6c05ba496,4
386a6ef6-09ba-5655-b636-ae4dba9a0515,458d030e-4592-537b-aec8-dc33588eb337,4
386a6ef6-09ba-5655-b636-ae4dba9a0515,cce79a8e-8eae-5ee6-be2a-7af0a7a08459,4
386a6ef6-09ba-5655-b636-ae4dba9a0515,87f95c22-1504-5c92-a8f0-2d1ee8df5466,4
386a6ef6-09ba-5655-b636-ae4dba9a0515,0fc96ba5-2e99-50dd-9e48-21a7a7013eca,3
386a6ef6-09ba-5655-b636-ae4dba9a0515,a92a73a1-df74-5394-b24a-f1eeae520988,3
386a6ef6-09ba-5655-b636-ae4dba9a0515,8410b912-0b3e-574f-986b-a86c59b91748,3
6e834874-ddde-59d5-ae61-151ce52f3bd9,6cb1940e-089b-550c-994b-967a2838a1c6,3
6e834874-ddde-59d5-ae61-151ce52f3bd9,be08644d-074f-5f3a-9efe-76fd98dd9352,3
6e834874-ddde-59d5-ae61-151ce52f3bd9,71a51932-46c6-5ac5-9664-416aa6d0314e,3
6e834874-ddde-59d5-ae61-151ce52f3bd9,d0b7e504-f9c6-5ce6-8fe9-c129f6b67cea,3
6e834874-ddde-59d5-ae61-151ce52f3bd9,7442da53-9c7d-577e-9ad7-410bee197b1e,3
6e834874-ddde-59d5-ae61-151ce52f3bd9,57d1d8bd-114a-5579-b4e4-9f9f16b6dac1,3
6e834874-ddde-59d5-ae61-151ce52f3bd9,4f4b0751-5cfe-5a43-9362-8c7dba59b36c,4
6e834874-ddde-59d5-ae61-151ce52f3bd9,df1d48cd-df3a-5628-a040-6778bf13622b,4
6e834874-ddde-59d5-ae61-151ce52f3bd9,386a6ef6-09ba-5655-b636-ae4dba9a0515,5
6e834874-ddde-59d5-ae61-151ce52f3bd9,6e834874-ddde-59d5-ae61-151ce52f3bd9,5
6e834874-ddde-59d5-ae61-151ce52f3bd9,c0d261de-414a-5439-9b3e-5d11d63ca082,5
6e834874-ddde-59d5-ae61-151ce52f3bd9,620fcc12-1c5b-5d2e-ad11-e9b506320a0e,5
6e834874-ddde-59d5-ae61-151ce52f3bd9,f9bcacc3-ec3b-54f5-9f37-c919d69d55dc,5
6e834874-ddde-59d5-ae61-151ce52f3bd9,b90181dd-8347-50e0-afe4-81250bf3f29b,4
6e834874-ddde-59d5-ae61-151ce52f3bd9,6766f734-fa72-5b43-8aeb-108daaa93ecc,4
6e834874-ddde-59d5-ae61-151ce52f3bd9,86457463-d115-58f7-aaa6-6dfc7ad345c0,3
6e834874-ddde-59d5-ae61-151ce52f3bd9,77e80601-42e2-5aaa-acd2-fd1079174ab3,4
6e834874-ddde-59d5-ae61-151ce52f3bd9,22f5885d-8434-56df-89e2-885b68232365,4
6e834874-ddde-59d5-ae61-151ce52f3bd9,fe3eaaec-0928-5934-847d-95f8d93942cd,4
6e834874-ddde-59d5-ae61-151ce52f3bd9,a6c19abd-e1b1-5ab8-8816-b2f6c05ba496,4
6e834874-ddde-59d5-ae61-151ce52f3bd9,458d030e-4592-537b-aec8-dc33588eb337,4
6e834874-ddde-59d5-ae61-151ce52f3bd9,cce79a8e-8eae-5ee6-be2a-7af0a7a08459,4
6e834874-ddde-59d5-ae61-151ce52f3bd9,87f95c22-1504-5c92-a8f0-2d1ee8df5466,4
6e834874-ddde-59d5-ae61-151ce52f3bd9,0fc96ba5-2e99-50dd-9e48-21a7a7013eca,3
6e834874-ddde-59d5-ae61-151ce52f3bd9,a92a73a1-df74-5394-b24a-f1eeae520988,3
6e834874-ddde-59d5-ae61-151ce52f3bd9,8410b912-0b3e-574f-986b-a86c59b91748,3
c0d261de-414a-5439-9b3e-5d11d63ca082,6cb1940e-089b-550c-994b-967a2838a1c6,3
c0d261de-414a-5439-9b3e-5d11d63ca082,be08644d-074f-5f3a-9efe-76fd98dd9352,3
c0d261de-414a-5439-9b3e-5d11d63ca082,71a51932-46c6-5ac5-9664-416aa6d0314e,3
c0d261de-414a-5439-9b3e-5d11d63ca082,d0b7e504-f9c6-5ce6-8fe9-c129f6b67cea,3
c0d261de-414a-5439-9b3e-5d11d63ca082,7442da53-9c7d-577e-9ad7-410bee197b1e,3
c0d261de-414a-5439-9b3e-5d11d63ca082,57d1d8bd-114a-5579-b4e4-9f9f16b6dac1,3
c0d261de-414a-5439-9b3e-5d11d63ca082,4f4b0751-5cfe-5a43-9362-8c7dba59b36c,4
c0d261de-414a-5439-9b3e-5d11d63ca082,df1d48cd-df3a-5628-a040-6778bf13622b,4
c0d261de-414a-5439-9b3e-5d11d63ca082,386a6ef6-09ba-5655-b636-ae4dba9a0515,5
c0d261de-414a-5439-9b3e-5d11d63ca082,6e834874-ddde-59d5-ae61-151ce52f3bd9,5
c0d261de-414a-5439-9b3e-5d11d63ca082,c0d261de-414a-5439-9b3e-5d11d63ca082,5
c0d261de-414a-5439-9b3e-5d11d63ca082,620fcc12-1c5b-5d2e-ad11-e9b506320a0e,5
c0d261de-414a-5439-9b3e-5d11d63ca082,f9bcacc3-ec3b-54f5-9f37-c919d69d55dc,5
c0d261de-414a-5439-9b3e-5d11d63ca082,b90181dd-8347-50e0-afe4-81250bf3f29b,4
c0d261de-414a-5439-9b3e-5d11d63ca082,6766f734-fa72-5b43-8aeb-108daaa93ecc,4
c0d261de-414a-5439-9b3e-5d11d63ca082,86457463-d115-58f7-aaa6-6dfc7ad345c0,3
c0d261de-414a-5439-9b3e-5d11d63ca082,77e80601-42e2-5aaa-acd2-fd1079174ab3,4
c0d261de-414a-5439-9b3e-5d11d63ca082,22f5885d-8434-56df-89e2-885b68232365,4
c0d261de-414a-5439-9b3e-5d11d63ca082,fe3eaaec-0928-5934-847d-95f8d93942cd,4
c0d261de-414a-5439-9b3e-5d11d63ca082,a6c19abd-e1b1-5ab8-8816-b2f6c05ba496,4
c0d261de-414a-5439-9b3e-5d11d63ca082,458d030e-4592-537b-aec8-dc33588eb337,4
c0d261de-414a-5439-9b3e-5d11d63ca082,cce79a8e-8eae-5ee6-be2a-7af0a7a08459,4
c0d261de-414a-5439-9b3e-5d11d63ca082,87f95c22-1504-5c92-a8f0-2d1ee8df5466,4
c0d261de-414a-5439-9b3e-5d11d63ca082,0fc96ba5-2e99-50dd-9e48-21a7a7013eca,3
c0d261de-414a-5439-9b3e-5d11d63ca082,a92a73a1-df74-5394-b24a-f1eeae520988,3
c0d261de-414a-5439-9b3e-5d11d63ca082,8410b912-0b3e-574f-986b-a86c59b91748,3
620fcc12-1c5b-5d2e-ad11-e9b506320a0e,6cb1940e-089b-550c-994b-967a2838a1c6,3
620fcc12-1c5b-5d2e-ad11-e9b506320a0e,be08644d-074f-5f3a-9efe-76fd98dd9352,3
620fcc12-1c5b-5d2e-ad11-e9b506320a0e,71a51932-46c6-5ac5-9664-416aa6d0314e,3
620fcc12-1c5b-5d2e-ad11-e9b506320a0e,d0b7e504-f9c6-5ce6-8fe9-c129f6b67cea,3
620fcc12-1c5b-5d2e-ad11-e9b506320a0e,7442da53-9c7d-577e-9ad7-410bee197b1e,3
620fcc12-1c5b-5d2e-ad11-e9b506320a0e,57d1d8bd-114a-5579-b4e4-9f9f16b6dac1,3
620fcc12-1c5b-5d2e-ad11-e9b506320a0e,740f372f-3c34-5462-9834-bd152faacd83,3
620fcc12-1c5b-5d2e-ad11-e9b506320a0e,4f4b0751-5cfe-5a43-9362-8c7dba59b36c,4
620fcc12-1c5b-5d2e-ad11-e9b506320a0e,df1d48cd-df3a-5628-a040-6778bf13622b,4
620fcc12-1c5b-5d2e-ad11-e9b506320a0e,386a6ef6-09ba-5655-b636-ae4dba9a0515,5
620fcc12-1c5b-5d2e-ad11-e9b506320a0e,6e834874-ddde-59d5-ae61-151ce52f3bd9,5
620fcc12-1c5b-5d2e-ad11-e9b506320a0e,c0d261de-414a-5439-9b3e-5d11d63ca082,5
620fcc12-1c5b-5d2e-ad11-e9b506320a0e,620fcc12-1c5b-5d2e-ad11-e9b506320a0e,5
620fcc12-1c5b-5d2e-ad11-e9b506320a0e,f9bcacc3-ec3b-54f5-9f37-c919d69d55dc,5
620fcc12-1c5b-5d2e-ad11-e9b506320a0e,b90181dd-8347-50e0-afe4-81250bf3f29b,4
620fcc12-1c5b-5d2e-ad11-e9b506320a0e,6766f734-fa72-5b43-8aeb-108daaa93ecc,4
620fcc12-1c5b-5d2e-ad11-e9b506320a0e,86457463-d115-58f7-aaa6-6dfc7ad345c0,3
620fcc12-1c5b-5d2e-ad11-e9b506320a0e,77e80601-42e2-5aaa-acd2-fd1079174ab3,4
620fcc12-1c5b-5d2e-ad11-e9b506320a0e,22f5885d-8434-56df-89e2-885b68232365,4
620fcc12-1c5b-5d2e-ad11-e9b506320a0e,fe3eaaec-0928-5934-847d-95f8d93942cd,4
620fcc12-1c5b-5d2e-ad11-e9b506320a0e,a6c19abd-e1b1-5ab8-8816-b2f6c05ba496,4
620fcc12-1c5b-5d2e-ad11-e9b506320a0e,458d030e-4592-537b-aec8-dc33588eb337,4
620fcc12-1c5b-5d2e-ad11-e9b506320a0e,cce79a8e-8eae-5ee6-be2a-7af0a7a08459,4
620fcc12-1c5b-5d2e-ad11-e9b506320a0e,87f95c22-1504-5c92-a8f0-2d1ee8df5466,4
620fcc12-1c5b-5d2e-ad11-e9b506320a0e,0fc96ba5-2e99-50dd-9e48-21a7a7013eca,3
620fcc12-1c5b-5d2e-ad11-e9b506320a0e,a92a73a1-df74-5394-b24a-f1eeae520988,3
620fcc12-1c5b-5d2e-ad11-e9b506320a0e,8410b912-0b3e-574f-986b-a86c59b91748,3
f9bcacc3-ec3b-54f5-9f37-c919d69d55dc,6cb1940e-089b-550c-994b-967a2838a1c6,3
f9bcacc3-ec3b-54f5-9f37-c919d69d55dc,be08644d-074f-5f3a-9efe-76fd98dd9352,3
f9bcacc3-ec3b-54f5-9f37-c919d69d55dc,71a51932-46c6-5ac5-9664-416aa6d0314e,3
f9bcacc3-ec3b-54f5-9f37-c919d69d55dc,d0b7e504-f9c6-5ce6-8fe9-c129f6b67cea,3
f9bcacc3-ec3b-54f5-9f37-c919d69d55dc,7442da53-9c7d-577e-9ad7-410bee197b1e,3
f9bcacc3-ec3b-54f5-9f37-c919d69d55dc,57d1d8bd-114a-5579-b4e4-9f9f16b6dac1,3
f9bcacc3-ec3b-54f5-9f37-c919d69d55dc,4f4b0751-5cfe-5a43-9362-8c7dba59b36c,4
f9bcacc3-ec3b-54f5-9f37-c919d69d55dc,df1d48cd-df3a-5628-a040-6778bf13622b,4
f9bcacc3-ec3b-54f5-9f37-c919d69d55dc,386a6ef6-09ba-5655-b636-ae4dba9a0515,5
f9bcacc3-ec3b-54f5-9f37-c919d69d55dc,6e834874-ddde-59d5-ae61-151ce52f3bd9,5
f9bcacc3-ec3b-54f5-9f37-c919d69d55dc,c0d261de-414a-5439-9b3e-5d11d63ca082,5
f9bcacc3-ec3b-54f5-9f37-c919d69d55dc,620fcc12-1c5b-5d2e-ad11-e9b506320a0e,5
f9bcacc3-ec3b-54f5-9f37-c919d69d55dc,f9bcacc3-ec3b-54f5-9f37-c919d69d55dc,5
f9bcacc3-ec3b-54f5-9f37-c919d69d55dc,b90181dd-8347-50e0-afe4-81250bf3f29b,4
f9bcacc3-ec3b-54f5-9f37-c919d69d55dc,6766f734-fa72-5b43-8aeb-108daaa93ecc,4
f9bcacc3-ec3b-54f5-9f37-c919d69d55dc,86457463-d115-58f7-aaa6-6dfc7ad345c0,3
f9bcacc3-ec3b-54f5-9f37-c919d69d55dc,77e80601-42e2-5aaa-acd2-fd1079174ab3,4
f9bcacc3-ec3b-54f5-9f37-c919d69d55dc,22f5885d-8434-56df-89e2-885b68232365,4
f9bcacc3-ec3b-54f5-9f37-c919d69d55dc,fe3eaaec-0928-5934-847d-95f8d93942cd,4
f9bcacc3-ec3b-54f5-9f37-c919d69d55dc,a6c19abd-e1b1-5ab8-8816-b2f6c05ba496,4
f9bcacc3-ec3b-54f5-9f37-c919d69d55dc,458d030e-4592-537b-aec8-dc33588eb337,4
f9bcacc3-ec3b-54f5-9f37-c919d69d55dc,cce79a8e-8eae-5ee6-be2a-7af0a7a08459,4
f9bcacc3-ec3b-54f5-9f37-c919d69d55dc,87f95c22-1504-5c92-a8f0-2d1ee8df5466,4
f9bcacc3-ec3b-54f5-9f37-c919d69d55dc,0fc96ba5-2e99-50dd-9e48-21a7a7013eca,3
f9bcacc3-ec3b-54f5-9f37-c919d69d55dc,a92a73a1-df74-5394-b24a-f1eeae520988,3
f9bcacc3-ec3b-54f5-9f37-c919d69d55dc,8410b912-0b3e-574f-986b-a86c59b91748,3
b90181dd-8347-50e0-afe4-81250bf3f29b,6cb1940e-089b-550c-994b-967a2838a1c6,3
b90181dd-8347-50e0-afe4-81250bf3f29b,be08644d-074f-5f3a-9efe-76fd98dd9352,3
b90181dd-8347-50e0-afe4-81250bf3f29b,71a51932-46c6-5ac5-9664-416aa6d0314e,3
b90181dd-8347-50e0-afe4-81250bf3f29b,d0b7e504-f9c6-5ce6-8fe9-c129f6b67cea,3
b90181dd-8347-50e0-afe4-81250bf3f29b,7442da53-9c7d-577e-9ad7-410bee197b1e,3
b90181dd-8347-50e0-afe4-81250bf3f29b,57d1d8bd-114a-5579-b4e4-9f9f16b6dac1,3
b90181dd-8347-50e0-afe4-81250bf3f29b,740f372f-3c34-5462-9834-bd152faacd83,4
b90181dd-8347-50e0-afe4-81250bf3f29b,4f4b0751-5cfe-5a43-9362-8c7dba59b36c,4
b90181dd-8347-50e0-afe4-81250bf3f29b,df1d48cd-df3a-5628-a040-6778bf13622b,4
b90181dd-8347-50e0-afe4-81250bf3f29b,386a6ef6-09ba-5655-b636-ae4dba9a0515,4
b90181dd-8347-50e0-afe4-81250bf3f29b,6e834874-ddde-59d5-ae61-151ce52f3bd9,4
b90181dd-8347-50e0-afe4-81250bf3f29b,c0d261de-414a-5439-9b3e-5d11d63ca082,4
b90181dd-8347-50e0-afe4-81250bf3f29b,620fcc12-1c5b-5d2e-ad11-e9b506320a0e,4
b90181dd-8347-50e0-afe4-81250bf3f29b,f9bcacc3-ec3b-54f5-9f37-c919d69d55dc,4
b90181dd-8347-50e0-afe4-81250bf3f29b,b90181dd-8347-50e0-afe4-81250bf3f29b,5
b90181dd-8347-50e0-afe4-81250bf3f29b,6766f734-fa72-5b43-8aeb-108daaa93ecc,3
b90181dd-8347-50e0-afe4-81250bf3f29b,86457463-d115-58f7-aaa6-6dfc7ad345c0,3
b90181dd-8347-50e0-afe4-81250bf3f29b,77e80601-42e2-5aaa-acd2-fd1079174ab3,3
b90181dd-8347-50e0-afe4-81250bf3f29b,22f5885d-8434-56df-89e2-885b68232365,3
b90181dd-8347-50e0-afe4-81250bf3f29b,fe3eaaec-0928-5934-847d-95f8d93942cd,3
b90181dd-8347-50e0-afe4-81250bf3f29b,a6c19abd-e1b1-5ab8-8816-b2f6c05ba496,3
b90181dd-8347-50e0-afe4-81250bf3f29b,458d030e-4592-537b-aec8-dc33588eb337,3
b90181dd-8347-50e0-afe4-81250bf3f29b,cce79a8e-8eae-5ee6-be2a-7af0a7a08459,3
b90181dd-8347-50e0-afe4-81250bf3f29b,87f95c22-1504-5c92-a8f0-2d1ee8df5466,3
b90181dd-8347-50e0-afe4-81250bf3f29b,0fc96ba5-2e99-50dd-9e48-21a7a7013eca,3
b90181dd-8347-50e0-afe4-81250bf3f29b,a92a73a1-df74-5394-b24a-f1eeae520988,3
b90181dd-8347-50e0-afe4-81250bf3f29b,8410b912-0b3e-574f-986b-a86c59b91748,3
dc819ed5-f7e0-51f7-a6ef-03017bbf41c5,e43a37b9-d86e-50bf-90c1-20b4c0cffbe0,2
dc819ed5-f7e0-51f7-a6ef-03017bbf41c5,c91c0cbf-9b34-5cb2-88f9-ca5937963928,2
dc819ed5-f7e0-51f7-a6ef-03017bbf41c5,28b0d572-aa4e-5de7-b620-6ae9cb6cab9e,2
dc819ed5-f7e0-51f7-a6ef-03017bbf41c5,2e62310c-5778-5861-96cd-1a95e53e044e,2
dc819ed5-f7e0-51f7-a6ef-03017bbf41c5,b34520b6-8f5a-591a-83b8-dbce1961baac,2
dc819ed5-f7e0-51f7-a6ef-03017bbf41c5,784c6b4f-efcf-581a-8fc5-075ec33f4065,2
dc819ed5-f7e0-51f7-a6ef-03017bbf41c5,ddf9c247-5ec0-57fb-a41d-c9cf7546e2d8,2
dc819ed5-f7e0-51f7-a6ef-03017bbf41c5,71ddb23f-c0c9-5706-afe4-0c0e61e23113,2
dc819ed5-f7e0-51f7-a6ef-03017bbf41c5,d03a8f6e-7994-5cdb-ac19-9e83ed2b42a5,2
dc819ed5-f7e0-51f7-a6ef-03017bbf41c5,89d77124-c997-569d-82b4-71eb82cfae08,2
dc819ed5-f7e0-51f7-a6ef-03017bbf41c5,077e3610-db30-5535-96c5-4b4fb6c0ecbd,1
dc819ed5-f7e0-51f7-a6ef-03017bbf41c5,752e5386-1dcd-593a-824f-4399292f3e60,1
dc819ed5-f7e0-51f7-a6ef-03017bbf41c5,b3087ff5-3dc2-5f99-a844-b5774317be2c,1
dc819ed5-f7e0-51f7-a6ef-03017bbf41c5,c6a2b173-e738-5995-b07c-2a50079f11c1,2
dc819ed5-f7e0-51f7-a6ef-03017bbf41c5,0f962b9a-a2c1-5ba9-93a7-3609e59f75a1,1
dc819ed5-f7e0-51f7-a6ef-03017bbf41c5,911f879d-e8c9-5b49-8994-3a720fa7d634,2
dc819ed5-f7e0-51f7-a6ef-03017bbf41c5,f3b140a6-414b-55d8-8437-7a37e09772ad,1
dc819ed5-f7e0-51f7-a6ef-03017bbf41c5,b275afee-1ddc-5879-a993-d0ad3fe115e8,1
dc819ed5-f7e0-51f7-a6ef-03017bbf41c5,dc819ed5-f7e0-51f7-a6ef-03017bbf41c5,5
dc819ed5-f7e0-51f7-a6ef-03017bbf41c5,14176a14-0fff-5757-89a2-39c4571a7139,4
dc819ed5-f7e0-51f7-a6ef-03017bbf41c5,c694bfe8-dc9c-5496-a633-2e8374e3f777,4
dc819ed5-f7e0-51f7-a6ef-03017bbf41c5,03e4abec-bd68-517f-8c24-1037ebe75115,2
dc819ed5-f7e0-51f7-a6ef-03017bbf41c5,1e1d0a0f-a1f7-5413-81c3-334d88bc199a,4
dc819ed5-f7e0-51f7-a6ef-03017bbf41c5,55ffbeaf-7b1b-587e-ac86-b7f128600580,4
dc819ed5-f7e0-51f7-a6ef-03017bbf41c5,c639d49c-15c7-5825-b7d8-4765005e6503,2
dc819ed5-f7e0-51f7-a6ef-03017bbf41c5,0936718b-bdf4-5888-a93e-0afdb4d81aa5,2
dc819ed5-f7e0-51f7-a6ef-03017bbf41c5,79d55e52-2a80-5e5d-8bc9-3d2020d844ae,2
dc819ed5-f7e0-51f7-a6ef-03017bbf41c5,2825dbaa-bbd0-53c6-bd1e-d30679b51a69,3
dc819ed5-f7e0-51f7-a6ef-03017bbf41c5,4c69140f-b5c1-59fc-a421-f8ad1a394a64,3
dc819ed5-f7e0-51f7-a6ef-03017bbf41c5,14954378-e6e5-5ed8-9482-e21de0c8c019,3
dc819ed5-f7e0-51f7-a6ef-03017bbf41c5,c586380d-da3d-59f1-b17e-e36dbd3dae38,3
14176a14-0fff-5757-89a2-39c4571a7139,d03a8f6e-7994-5cdb-ac19-9e83ed2b42a5,2
14176a14-0fff-5757-89a2-39c4571a7139,89d77124-c997-569d-82b4-71eb82cfae08,2
14176a14-0fff-5757-89a2-39c4571a7139,077e3610-db30-5535-96c5-4b4fb6c0ecbd,1
14176a14-0fff-5757-89a2-39c4571a7139,752e5386-1dcd-593a-824f-4399292f3e60,1
14176a14-0fff-5757-89a2-39c4571a7139,b3087ff5-3dc2-5f99-a844-b5774317be2c,1
14176a14-0fff-5757-89a2-39c4571a7139,c6a2b173-e738-5995-b07c-2a50079f11c1,2
14176a14-0fff-5757-89a2-39c4571a7139,0f962b9a-a2c1-5ba9-93a7-3609e59f75a1,1
14176a14-0fff-5757-89a2-39c4571a7139,911f879d-e8c9-5b49-8994-3a720fa7d634,2
14176a14-0fff-5757-89a2-39c4571a7139,f3b140a6-414b-55d8-8437-7a37e09772ad,1
14176a14-0fff-5757-89a2-39c4571a7139,b275afee-1ddc-5879-a993-d0ad3fe115e8,1
14176a14-0fff-5757-89a2-39c4571a7139,dc819ed5-f7e0-51f7-a6ef-03017bbf41c5,4
14176a14-0fff-5757-89a2-39c4571a7139,14176a14-0fff-5757-89a2-39c4571a7139,5
14176a14-0fff-5757-89a2-39c4571a7139,c694bfe8-dc9c-5496-a633-2e8374e3f777,4
14176a14-0fff-5757-89a2-39c4571a7139,03e4abec-bd68-517f-8c24-1037ebe75115,3
14176a14-0fff-5757-89a2-39c4571a7139,1e1d0a0f-a1f7-5413-81c3-334d88bc199a,3
14176a14-0fff-5757-89a2-39c4571a7139,55ffbeaf-7b1b-587e-ac86-b7f128600580,2
14176a14-0fff-5757-89a2-39c4571a7139,79d55e52-2a80-5e5d-8bc9-3d2020d844ae,2
14176a14-0fff-5757-89a2-39c4571a7139,2825dbaa-bbd0-53c6-bd1e-d30679b51a69,3
c694bfe8-dc9c-5496-a633-2e8374e3f777,d03a8f6e-7994-5cdb-ac19-9e83ed2b42a5,2
c694bfe8-dc9c-5496-a633-2e8374e3f777,89d77124-c997-569d-82b4-71eb82cfae08,2
c694bfe8-dc9c-5496-a633-2e8374e3f777,077e3610-db30-5535-96c5-4b4fb6c0ecbd,1
c694bfe8-dc9c-5496-a633-2e8374e3f777,752e5386-1dcd-593a-824f-4399292f3e60,1
c694bfe8-dc9c-5496-a633-2e8374e3f777,b3087ff5-3dc2-5f99-a844-b5774317be2c,1
c694bfe8-dc9c-5496-a633-2e8374e3f777,c6a2b173-e738-5995-b07c-2a50079f11c1,2
c694bfe8-dc9c-5496-a633-2e8374e3f777,0f962b9a-a2c1-5ba9-93a7-3609e59f75a1,1
c694bfe8-dc9c-5496-a633-2e8374e3f777,911f879d-e8c9-5b49-8994-3a720fa7d634,2
c694bfe8-dc9c-5496-a633-2e8374e3f777,f3b140a6-414b-55d8-8437-7a37e09772ad,1
c694bfe8-dc9c-5496-a633-2e8374e3f777,b275afee-1ddc-5879-a993-d0ad3fe115e8,1
c694bfe8-dc9c-5496-a633-2e8374e3f777,dc819ed5-f7e0-51f7-a6ef-03017bbf41c5,4
c694bfe8-dc9c-5496-a633-2e8374e3f777,14176a14-0fff-5757-89a2-39c4571a7139,4
c694bfe8-dc9c-5496-a633-2e8374e3f777,c694bfe8-dc9c-5496-a633-2e8374e3f777,5
c694bfe8-dc9c-5496-a633-2e8374e3f777,03e4abec-bd68-517f-8c24-1037ebe75115,2
c694bfe8-dc9c-5496-a633-2e8374e3f777,1e1d0a0f-a1f7-5413-81c3-334d88bc199a,2
c694bfe8-dc9c-5496-a633-2e8374e3f777,55ffbeaf-7b1b-587e-ac86-b7f128600580,2
c694bfe8-dc9c-5496-a633-2e8374e3f777,79d55e52-2a80-5e5d-8bc9-3d2020d844ae,2
c694bfe8-dc9c-5496-a633-2e8374e3f777,2825dbaa-bbd0-53c6-bd1e-d30679b51a69,3
03e4abec-bd68-517f-8c24-1037ebe75115,dc819ed5-f7e0-51f7-a6ef-03017bbf41c5,2
03e4abec-bd68-517f-8c24-1037ebe75115,14176a14-0fff-5757-89a2-39c4571a7139,3
03e4abec-bd68-517f-8c24-1037ebe75115,c694bfe8-dc9c-5496-a633-2e8374e3f777,2
03e4abec-bd68-517f-8c24-1037ebe75115,03e4abec-bd68-517f-8c24-1037ebe75115,5
03e4abec-bd68-517f-8c24-1037ebe75115,1e1d0a0f-a1f7-5413-81c3-334d88bc199a,3
03e4abec-bd68-517f-8c24-1037ebe75115,55ffbeaf-7b1b-587e-ac86-b7f128600580,3
03e4abec-bd68-517f-8c24-1037ebe75115,14954378-e6e5-5ed8-9482-e21de0c8c019,2
03e4abec-bd68-517f-8c24-1037ebe75115,c586380d-da3d-59f1-b17e-e36dbd3dae38,2
1e1d0a0f-a1f7-5413-81c3-334d88bc199a,e43a37b9-d86e-50bf-90c1-20b4c0cffbe0,2
1e1d0a0f-a1f7-5413-81c3-334d88bc199a,c91c0cbf-9b34-5cb2-88f9-ca5937963928,2
1e1d0a0f-a1f7-5413-81c3-334d88bc199a,28b0d572-aa4e-5de7-b620-6ae9cb6cab9e,2
1e1d0a0f-a1f7-5413-81c3-334d88bc199a,2e62310c-5778-5861-96cd-1a95e53e044e,2
1e1d0a0f-a1f7-5413-81c3-334d88bc199a,b34520b6-8f5a-591a-83b8-dbce1961baac,2
1e1d0a0f-a1f7-5413-81c3-334d88bc199a,784c6b4f-efcf-581a-8fc5-075ec33f4065,2
1e1d0a0f-a1f7-5413-81c3-334d88bc199a,ddf9c247-5ec0-57fb-a41d-c9cf7546e2d8,2
1e1d0a0f-a1f7-5413-81c3-334d88bc199a,71ddb23f-c0c9-5706-afe4-0c0e61e23113,2
1e1d0a0f-a1f7-5413-81c3-334d88bc199a,dc819ed5-f7e0-51f7-a6ef-03017bbf41c5,4
1e1d0a0f-a1f7-5413-81c3-334d88bc199a,14176a14-0fff-5757-89a2-39c4571a7139,3
1e1d0a0f-a1f7-5413-81c3-334d88bc199a,c694bfe8-dc9c-5496-a633-2e8374e3f777,2
1e1d0a0f-a1f7-5413-81c3-334d88bc199a,03e4abec-bd68-517f-8c24-1037ebe75115,3
1e1d0a0f-a1f7-5413-81c3-334d88bc199a,1e1d0a0f-a1f7-5413-81c3-334d88bc199a,5
1e1d0a0f-a1f7-5413-81c3-334d88bc199a,55ffbeaf-7b1b-587e-ac86-b7f128600580,5
1e1d0a0f-a1f7-5413-81c3-334d88bc199a,c639d49c-15c7-5825-b7d8-4765005e6503,3
1e1d0a0f-a1f7-5413-81c3-334d88bc199a,0936718b-bdf4-5888-a93e-0afdb4d81aa5,3
1e1d0a0f-a1f7-5413-81c3-334d88bc199a,14954378-e6e5-5ed8-9482-e21de0c8c019,3
1e1d0a0f-a1f7-5413-81c3-334d88bc199a,c586380d-da3d-59f1-b17e-e36dbd3dae38,3
55ffbeaf-7b1b-587e-ac86-b7f128600580,e43a37b9-d86e-50bf-90c1-20b4c0cffbe0,2
55ffbeaf-7b1b-587e-ac86-b7f128600580,c91c0cbf-9b34-5cb2-88f9-ca5937963928,2
55ffbeaf-7b1b-587e-ac86-b7f128600580,28b0d572-aa4e-5de7-b620-6ae9cb6cab9e,2
55ffbeaf-7b1b-587e-ac86-b7f128600580,2e62310c-5778-5861-96cd-1a95e53e044e,2
55ffbeaf-7b1b-587e-ac86-b7f128600580,b34520b6-8f5a-591a-83b8-dbce1961baac,2
55ffbeaf-7b1b-587e-ac86-b7f128600580,784c6b4f-efcf-581a-8fc5-075ec33f4065,2
55ffbeaf-7b1b-587e-ac86-b7f128600580,ddf9c247-5ec0-57fb-a41d-c9cf7546e2d8,2
55ffbeaf-7b1b-587e-ac86-b7f128600580,71ddb23f-c0c9-5706-afe4-0c0e61e23113,2
55ffbeaf-7b1b-587e-ac86-b7f128600580,dc819ed5-f7e0-51f7-a6ef-03017bbf41c5,4
55ffbeaf-7b1b-587e-ac86-b7f128600580,14176a14-0fff-5757-89a2-39c4571a7139,2
55ffbeaf-7b1b-587e-ac86-b7f128600580,c694bfe8-dc9c-5496-a633-2e8374e3f777,2
55ffbeaf-7b1b-587e-ac86-b7f128600580,03e4abec-bd68-517f-8c24-1037ebe75115,3
55ffbeaf-7b1b-587e-ac86-b7f128600580,1e1d0a0f-a1f7-5413-81c3-334d88bc199a,5
55ffbeaf-7b1b-587e-ac86-b7f128600580,55ffbeaf-7b1b-587e-ac86-b7f128600580,5
55ffbeaf-7b1b-587e-ac86-b7f128600580,c639d49c-15c7-5825-b7d8-4765005e6503,3
55ffbeaf-7b1b-587e-ac86-b7f128600580,0936718b-bdf4-5888-a93e-0afdb4d81aa5,3
55ffbeaf-7b1b-587e-ac86-b7f128600580,14954378-e6e5-5ed8-9482-e21de0c8c019,3
55ffbeaf-7b1b-587e-ac86-b7f128600580,c586380d-da3d-59f1-b17e-e36dbd3dae38,3
7cf363e0-c966-55b1-926c-18bc2fa0e4b7,7cf363e0-c966-55b1-926c-18bc2fa0e4b7,5
1cc7c977-1b5d-5306-9933-2ddc299ad937,1cc7c977-1b5d-5306-9933-2ddc299ad937,5
1cc7c977-1b5d-5306-9933-2ddc299ad937,09b101aa-b945-5d4e-a0af-deb4238a10f2,5
1cc7c977-1b5d-5306-9933-2ddc299ad937,a3da86d0-0570-5ed8-918e-244bdd014c76,2
1cc7c977-1b5d-5306-9933-2ddc299ad937,9f98e0fa-ece1-540d-b32c-128f51993d77,3
1cc7c977-1b5d-5306-9933-2ddc299ad937,c77e7e51-1254-596e-86e7-959a156242e7,3
1cc7c977-1b5d-5306-9933-2ddc299ad937,eda8b7f4-4240-59f0-bf3f-9b0a22324b80,4
1cc7c977-1b5d-5306-9933-2ddc299ad937,c3432b9f-b83c-524c-9e42-aef732b4fa75,3
1cc7c977-1b5d-5306-9933-2ddc299ad937,4c684722-0fee-582f-877f-50359ef25254,3
1cc7c977-1b5d-5306-9933-2ddc299ad937,1e419658-4d63-5c56-b066-8872836eb5e9,3
1cc7c977-1b5d-5306-9933-2ddc299ad937,d8eb6802-633f-5c7e-a4b4-6f7b585f1d75,3
09b101aa-b945-5d4e-a0af-deb4238a10f2,1cc7c977-1b5d-5306-9933-2ddc299ad937,5
09b101aa-b945-5d4e-a0af-deb4238a10f2,09b101aa-b945-5d4e-a0af-deb4238a10f2,5
09b101aa-b945-5d4e-a0af-deb4238a10f2,a3da86d0-0570-5ed8-918e-244bdd014c76,2
09b101aa-b945-5d4e-a0af-deb4238a10f2,9f98e0fa-ece1-540d-b32c-128f51993d77,3
09b101aa-b945-5d4e-a0af-deb4238a10f2,c77e7e51-1254-596e-86e7-959a156242e7,3
09b101aa-b945-5d4e-a0af-deb4238a10f2,eda8b7f4-4240-59f0-bf3f-9b0a22324b80,4
09b101aa-b945-5d4e-a0af-deb4238a10f2,c3432b9f-b83c-524c-9e42-aef732b4fa75,3
09b101aa-b945-5d4e-a0af-deb4238a10f2,4c684722-0fee-582f-877f-50359ef25254,3
09b101aa-b945-5d4e-a0af-deb4238a10f2,1e419658-4d63-5c56-b066-8872836eb5e9,3
09b101aa-b945-5d4e-a0af-deb4238a10f2,d8eb6802-633f-5c7e-a4b4-6f7b585f1d75,3
a3da86d0-0570-5ed8-918e-244bdd014c76,1cc7c977-1b5d-5306-9933-2ddc299ad937,2
a3da86d0-0570-5ed8-918e-244bdd014c76,09b101aa-b945-5d4e-a0af-deb4238a10f2,2
a3da86d0-0570-5ed8-918e-244bdd014c76,a3da86d0-0570-5ed8-918e-244bdd014c76,5
a3da86d0-0570-5ed8-918e-244bdd014c76,9f98e0fa-ece1-540d-b32c-128f51993d77,2
a3da86d0-0570-5ed8-918e-244bdd014c76,c77e7e51-1254-596e-86e7-959a156242e7,2
a3da86d0-0570-5ed8-918e-244bdd014c76,eda8b7f4-4240-59f0-bf3f-9b0a22324b80,1
a3da86d0-0570-5ed8-918e-244bdd014c76,c3432b9f-b83c-524c-9e42-aef732b4fa75,3
a3da86d0-0570-5ed8-918e-244bdd014c76,4c684722-0fee-582f-877f-50359ef25254,3
9f98e0fa-ece1-540d-b32c-128f51993d77,1cc7c977-1b5d-5306-9933-2ddc299ad937,3
9f98e0fa-ece1-540d-b32c-128f51993d77,09b101aa-b945-5d4e-a0af-deb4238a10f2,3
9f98e0fa-ece1-540d-b32c-128f51993d77,a3da86d0-0570-5ed8-918e-244bdd014c76,2
9f98e0fa-ece1-540d-b32c-128f51993d77,9f98e0fa-ece1-540d-b32c-128f51993d77,5
9f98e0fa-ece1-540d-b32c-128f51993d77,c77e7e51-1254-596e-86e7-959a156242e7,5
9f98e0fa-ece1-540d-b32c-128f51993d77,eda8b7f4-4240-59f0-bf3f-9b0a22324b80,2
9f98e0fa-ece1-540d-b32c-128f51993d77,c3432b9f-b83c-524c-9e42-aef732b4fa75,5
9f98e0fa-ece1-540d-b32c-128f51993d77,4c684722-0fee-582f-877f-50359ef25254,5
c77e7e51-1254-596e-86e7-959a156242e7,1cc7c977-1b5d-5306-9933-2ddc299ad937,3
c77e7e51-1254-596e-86e7-959a156242e7,09b101aa-b945-5d4e-a0af-deb4238a10f2,3
c77e7e51-1254-596e-86e7-959a156242e7,a3da86d0-0570-5ed8-918e-244bdd014c76,2
c77e7e51-1254-596e-86e7-959a156242e7,9f98e0fa-ece1-540d-b32c-128f51993d77,5
c77e7e51-1254-596e-86e7-959a156242e7,c77e7e51-1254-596e-86e7-959a156242e7,5
c77e7e51-1254-596e-86e7-959a156242e7,eda8b7f4-4240-59f0-bf3f-9b0a22324b80,2
c77e7e51-1254-596e-86e7-959a156242e7,c3432b9f-b83c-524c-9e42-aef732b4fa75,5
c77e7e51-1254-596e-86e7-959a156242e7,4c684722-0fee-582f-877f-50359ef25254,5
eda8b7f4-4240-59f0-bf3f-9b0a22324b80,1cc7c977-1b5d-5306-9933-2ddc299ad937,4
eda8b7f4-4240-59f0-bf3f-9b0a22324b80,09b101aa-b945-5d4e-a0af-deb4238a10f2,4
eda8b7f4-4240-59f0-bf3f-9b0a22324b80,a3da86d0-0570-5ed8-918e-244bdd014c76,1
eda8b7f4-4240-59f0-bf3f-9b0a22324b80,9f98e0fa-ece1-540d-b32c-128f51993d77,2
eda8b7f4-4240-59f0-bf3f-9b0a22324b80,c77e7e51-1254-596e-86e7-959a156242e7,2
eda8b7f4-4240-59f0-bf3f-9b0a22324b80,eda8b7f4-4240-59f0-bf3f-9b0a22324b80,5
eda8b7f4-4240-59f0-bf3f-9b0a22324b80,c3432b9f-b83c-524c-9e42-aef732b4fa75,2
eda8b7f4-4240-59f0-bf3f-9b0a22324b80,4c684722-0fee-582f-877f-50359ef25254,2
eda8b7f4-4240-59f0-bf3f-9b0a22324b80,1e419658-4d63-5c56-b066-8872836eb5e9,3
eda8b7f4-4240-59f0-bf3f-9b0a22324b80,d8eb6802-633f-5c7e-a4b4-6f7b585f1d75,3
c3432b9f-b83c-524c-9e42-aef732b4fa75,1cc7c977-1b5d-5306-9933-2ddc299ad937,3
c3432b9f-b83c-524c-9e42-aef732b4fa75,09b101aa-b945-5d4e-a0af-deb4238a10f2,3
c3432b9f-b83c-524c-9e42-aef732b4fa75,a3da86d0-0570-5ed8-918e-244bdd014c76,3
c3432b9f-b83c-524c-9e42-aef732b4fa75,9f98e0fa-ece1-540d-b32c-128f51993d77,5
c3432b9f-b83c-524c-9e42-aef732b4fa75,c77e7e51-1254-596e-86e7-959a156242e7,5
c3432b9f-b83c-524c-9e42-aef732b4fa75,eda8b7f4-4240-59f0-bf3f-9b0a22324b80,2
c3432b9f-b83c-524c-9e42-aef732b4fa75,c3432b9f-b83c-524c-9e42-aef732b4fa75,5
c3432b9f-b83c-524c-9e42-aef732b4fa75,4c684722-0fee-582f-877f-50359ef25254,5
4c684722-0fee-582f-877f-50359ef25254,1cc7c977-1b5d-5306-9933-2ddc299ad937,3
4c684722-0fee-582f-877f-50359ef25254,09b101aa-b945-5d4e-a0af-deb4238a10f2,3
4c684722-0fee-582f-877f-50359ef25254,a3da86d0-0570-5ed8-918e-244bdd014c76,3
4c684722-0fee-582f-877f-50359ef25254,9f98e0fa-ece1-540d-b32c-128f51993d77,5
4c684722-0fee-582f-877f-50359ef25254,c77e7e51-1254-596e-86e7-959a156242e7,5
4c684722-0fee-582f-877f-50359ef25254,eda8b7f4-4240-59f0-bf3f-9b0a22324b80,2
4c684722-0fee-582f-877f-50359ef25254,c3432b9f-b83c-524c-9e42-aef732b4fa75,5
4c684722-0fee-582f-877f-50359ef25254,4c684722-0fee-582f-877f-50359ef25254,5
c639d49c-15c7-5825-b7d8-4765005e6503,e43a37b9-d86e-50bf-90c1-20b4c0cffbe0,2
c639d49c-15c7-5825-b7d8-4765005e6503,c91c0cbf-9b34-5cb2-88f9-ca5937963928,2
c639d49c-15c7-5825-b7d8-4765005e6503,28b0d572-aa4e-5de7-b620-6ae9cb6cab9e,2
c639d49c-15c7-5825-b7d8-4765005e6503,2e62310c-5778-5861-96cd-1a95e53e044e,2
c639d49c-15c7-5825-b7d8-4765005e6503,b34520b6-8f5a-591a-83b8-dbce1961baac,2
c639d49c-15c7-5825-b7d8-4765005e6503,784c6b4f-efcf-581a-8fc5-075ec33f4065,2
c639d49c-15c7-5825-b7d8-4765005e6503,ddf9c247-5ec0-57fb-a41d-c9cf7546e2d8,2
c639d49c-15c7-5825-b7d8-4765005e6503,71ddb23f-c0c9-5706-afe4-0c0e61e23113,2
c639d49c-15c7-5825-b7d8-4765005e6503,d03a8f6e-7994-5cdb-ac19-9e83ed2b42a5,3
c639d49c-15c7-5825-b7d8-4765005e6503,89d77124-c997-569d-82b4-71eb82cfae08,3
c639d49c-15c7-5825-b7d8-4765005e6503,e05c5e11-180d-5409-b37f-173d43d465bc,3
c639d49c-15c7-5825-b7d8-4765005e6503,9cbbb4a4-2e06-50e4-b155-074fbb698b91,3
c639d49c-15c7-5825-b7d8-4765005e6503,bf2e9326-8051-57d2-a020-18418d7e4e6f,3
c639d49c-15c7-5825-b7d8-4765005e6503,c8a8a61f-a72b-5294-a855-7c2368f6a922,3
c639d49c-15c7-5825-b7d8-4765005e6503,7af13960-ba5e-581c-b839-6dd085d4f423,3
c639d49c-15c7-5825-b7d8-4765005e6503,dc819ed5-f7e0-51f7-a6ef-03017bbf41c5,2
c639d49c-15c7-5825-b7d8-4765005e6503,1e1d0a0f-a1f7-5413-81c3-334d88bc199a,3
c639d49c-15c7-5825-b7d8-4765005e6503,55ffbeaf-7b1b-587e-ac86-b7f128600580,3
c639d49c-15c7-5825-b7d8-4765005e6503,c639d49c-15c7-5825-b7d8-4765005e6503,5
c639d49c-15c7-5825-b7d8-4765005e6503,0936718b-bdf4-5888-a93e-0afdb4d81aa5,5
c639d49c-15c7-5825-b7d8-4765005e6503,467447f9-4484-5574-924c-dfc124d92620,1
c639d49c-15c7-5825-b7d8-4765005e6503,767913ad-afe5-5808-9392-13b928678c23,1
c639d49c-15c7-5825-b7d8-4765005e6503,0a778475-8e92-519e-bcda-2c02a0fd516d,2
c639d49c-15c7-5825-b7d8-4765005e6503,b670eb05-6ea0-560e-b97e-e99ab502276c,3
c639d49c-15c7-5825-b7d8-4765005e6503,38862325-903a-5c90-a407-4a7d95aaa21f,3
c639d49c-15c7-5825-b7d8-4765005e6503,1fd5c63f-f772-5f65-b816-e78e38bc7c42,3
c639d49c-15c7-5825-b7d8-4765005e6503,a44a5788-c0bd-51bb-b7f3-47dd16e2be0f,3
c639d49c-15c7-5825-b7d8-4765005e6503,630e0f1d-b1bb-59f7-b19e-280f48548722,3
c639d49c-15c7-5825-b7d8-4765005e6503,1cc52057-5c13-599d-926e-b5beb535377f,4
c639d49c-15c7-5825-b7d8-4765005e6503,894256de-b67e-5c4b-8c98-9c075dbafa43,3
c639d49c-15c7-5825-b7d8-4765005e6503,18a19ff3-cd95-526e-b49d-f0f164331891,3
c639d49c-15c7-5825-b7d8-4765005e6503,d2c7ed1d-c8c5-5d26-be45-7869771d6d54,3
c639d49c-15c7-5825-b7d8-4765005e6503,9216e979-ed16-5497-b963-f707d343ba3d,3
c639d49c-15c7-5825-b7d8-4765005e6503,9da881a4-ff31-548f-9c8f-e87fd67983aa,3
c639d49c-15c7-5825-b7d8-4765005e6503,ac1ffc46-2ef5-5f03-a2c2-ef3aba1d5455,3
c639d49c-15c7-5825-b7d8-4765005e6503,1e419658-4d63-5c56-b066-8872836eb5e9,3
c639d49c-15c7-5825-b7d8-4765005e6503,14954378-e6e5-5ed8-9482-e21de0c8c019,3
c639d49c-15c7-5825-b7d8-4765005e6503,c586380d-da3d-59f1-b17e-e36dbd3dae38,3
c639d49c-15c7-5825-b7d8-4765005e6503,098f16b9-1f50-51ab-96c8-b490e2f6791c,3
c639d49c-15c7-5825-b7d8-4765005e6503,099db3bd-2162-5fda-93c3-5b3b018f4d0d,3
c639d49c-15c7-5825-b7d8-4765005e6503,e38dfa77-80fe-583f-87de-9c68002a6ee4,3
c639d49c-15c7-5825-b7d8-4765005e6503,e2672248-764f-59ba-8a6a-959fb1f2097a,3
c639d49c-15c7-5825-b7d8-4765005e6503,c5c268e9-c0b7-5bba-ac50-e070acc27dc1,3
c639d49c-15c7-5825-b7d8-4765005e6503,61f44d00-e7e0-5397-98f9-fb4cd632cbdb,4
c639d49c-15c7-5825-b7d8-4765005e6503,85a4de6a-5fb4-5b75-8b1d-c96933e42420,3
c639d49c-15c7-5825-b7d8-4765005e6503,77ece2d6-5532-585e-bafd-4d13346a04ea,3
c639d49c-15c7-5825-b7d8-4765005e6503,ba061473-0e83-548d-acec-2fa521d1b955,3
c639d49c-15c7-5825-b7d8-4765005e6503,20e88f8a-bd21-5e0e-9f82-1dbeb7572f27,2
0936718b-bdf4-5888-a93e-0afdb4d81aa5,e43a37b9-d86e-50bf-90c1-20b4c0cffbe0,2
0936718b-bdf4-5888-a93e-0afdb4d81aa5,c91c0cbf-9b34-5cb2-88f9-ca5937963928,2
0936718b-bdf4-5888-a93e-0afdb4d81aa5,28b0d572-aa4e-5de7-b620-6ae9cb6cab9e,2
0936718b-bdf4-5888-a93e-0afdb4d81aa5,2e62310c-5778-5861-96cd-1a95e53e044e,2
0936718b-bdf4-5888-a93e-0afdb4d81aa5,b34520b6-8f5a-591a-83b8-dbce1961baac,2
0936718b-bdf4-5888-a93e-0afdb4d81aa5,784c6b4f-efcf-581a-8fc5-075ec33f4065,2
0936718b-bdf4-5888-a93e-0afdb4d81aa5,ddf9c247-5ec0-57fb-a41d-c9cf7546e2d8,2
0936718b-bdf4-5888-a93e-0afdb4d81aa5,71ddb23f-c0c9-5706-afe4-0c0e61e23113,2
0936718b-bdf4-5888-a93e-0afdb4d81aa5,d03a8f6e-7994-5cdb-ac19-9e83ed2b42a5,3
0936718b-bdf4-5888-a93e-0afdb4d81aa5,89d77124-c997-569d-82b4-71eb82cfae08,3
0936718b-bdf4-5888-a93e-0afdb4d81aa5,e05c5e11-180d-5409-b37f-173d43d465bc,3
0936718b-bdf4-5888-a93e-0afdb4d81aa5,9cbbb4a4-2e06-50e4-b155-074fbb698b91,3
0936718b-bdf4-5888-a93e-0afdb4d81aa5,bf2e9326-8051-57d2-a020-18418d7e4e6f,3
0936718b-bdf4-5888-a93e-0afdb4d81aa5,c8a8a61f-a72b-5294-a855-7c2368f6a922,3
0936718b-bdf4-5888-a93e-0afdb4d81aa5,7af13960-ba5e-581c-b839-6dd085d4f423,3
0936718b-bdf4-5888-a93e-0afdb4d81aa5,dc819ed5-f7e0-51f7-a6ef-03017bbf41c5,2
0936718b-bdf4-5888-a93e-0afdb4d81aa5,1e1d0a0f-a1f7-5413-81c3-334d88bc199a,3
0936718b-bdf4-5888-a93e-0afdb4d81aa5,55ffbeaf-7b1b-587e-ac86-b7f128600580,3
0936718b-bdf4-5888-a93e-0afdb4d81aa5,c639d49c-15c7-5825-b7d8-4765005e6503,5
0936718b-bdf4-5888-a93e-0afdb4d81aa5,0936718b-bdf4-5888-a93e-0afdb4d81aa5,5
0936718b-bdf4-5888-a93e-0afdb4d81aa5,467447f9-4484-5574-924c-dfc124d92620,1
0936718b-bdf4-5888-a93e-0afdb4d81aa5,767913ad-afe5-5808-9392-13b928678c23,1
0936718b-bdf4-5888-a93e-0afdb4d81aa5,0a778475-8e92-519e-bcda-2c02a0fd516d,2
0936718b-bdf4-5888-a93e-0afdb4d81aa5,b670eb05-6ea0-560e-b97e-e99ab502276c,3
0936718b-bdf4-5888-a93e-0afdb4d81aa5,38862325-903a-5c90-a407-4a7d95aaa21f,3
0936718b-bdf4-5888-a93e-0afdb4d81aa5,1fd5c63f-f772-5f65-b816-e78e38bc7c42,3
0936718b-bdf4-5888-a93e-0afdb4d81aa5,a44a5788-c0bd-51bb-b7f3-47dd16e2be0f,3
0936718b-bdf4-5888-a93e-0afdb4d81aa5,630e0f1d-b1bb-59f7-b19e-280f48548722,3
0936718b-bdf4-5888-a93e-0afdb4d81aa5,1cc52057-5c13-599d-926e-b5beb535377f,4
0936718b-bdf4-5888-a93e-0afdb4d81aa5,894256de-b67e-5c4b-8c98-9c075dbafa43,3
0936718b-bdf4-5888-a93e-0afdb4d81aa5,18a19ff3-cd95-526e-b49d-f0f164331891,3
0936718b-bdf4-5888-a93e-0afdb4d81aa5,d2c7ed1d-c8c5-5d26-be45-7869771d6d54,3
0936718b-bdf4-5888-a93e-0afdb4d81aa5,9216e979-ed16-5497-b963-f707d343ba3d,3
0936718b-bdf4-5888-a93e-0afdb4d81aa5,9da881a4-ff31-548f-9c8f-e87fd67983aa,3
0936718b-bdf4-5888-a93e-0afdb4d81aa5,ac1ffc46-2ef5-5f03-a2c2-ef3aba1d5455,3
0936718b-bdf4-5888-a93e-0afdb4d81aa5,1e419658-4d63-5c56-b066-8872836eb5e9,3
0936718b-bdf4-5888-a93e-0afdb4d81aa5,14954378-e6e5-5ed8-9482-e21de0c8c019,3
0936718b-bdf4-5888-a93e-0afdb4d81aa5,c586380d-da3d-59f1-b17e-e36dbd3dae38,3
0936718b-bdf4-5888-a93e-0afdb4d81aa5,098f16b9-1f50-51ab-96c8-b490e2f6791c,3
0936718b-bdf4-5888-a93e-0afdb4d81aa5,099db3bd-2162-5fda-93c3-5b3b018f4d0d,3
0936718b-bdf4-5888-a93e-0afdb4d81aa5,e38dfa77-80fe-583f-87de-9c68002a6ee4,3
0936718b-bdf4-5888-a93e-0afdb4d81aa5,e2672248-764f-59ba-8a6a-959fb1f2097a,3
0936718b-bdf4-5888-a93e-0afdb4d81aa5,c5c268e9-c0b7-5bba-ac50-e070acc27dc1,3
0936718b-bdf4-5888-a93e-0afdb4d81aa5,61f44d00-e7e0-5397-98f9-fb4cd632cbdb,4
0936718b-bdf4-5888-a93e-0afdb4d81aa5,85a4de6a-5fb4-5b75-8b1d-c96933e42420,3
0936718b-bdf4-5888-a93e-0afdb4d81aa5,77ece2d6-5532-585e-bafd-4d13346a04ea,3
0936718b-bdf4-5888-a93e-0afdb4d81aa5,ba061473-0e83-548d-acec-2fa521d1b955,3
0936718b-bdf4-5888-a93e-0afdb4d81aa5,20e88f8a-bd21-5e0e-9f82-1dbeb7572f27,2
467447f9-4484-5574-924c-dfc124d92620,c639d49c-15c7-5825-b7d8-4765005e6503,1
467447f9-4484-5574-924c-dfc124d92620,0936718b-bdf4-5888-a93e-0afdb4d81aa5,1
467447f9-4484-5574-924c-dfc124d92620,467447f9-4484-5574-924c-dfc124d92620,5
467447f9-4484-5574-924c-dfc124d92620,767913ad-afe5-5808-9392-13b928678c23,5
467447f9-4484-5574-924c-dfc124d92620,0a778475-8e92-519e-bcda-2c02a0fd516d,3
467447f9-4484-5574-924c-dfc124d92620,4c69140f-b5c1-59fc-a421-f8ad1a394a64,3
767913ad-afe5-5808-9392-13b928678c23,c639d49c-15c7-5825-b7d8-4765005e6503,1
767913ad-afe5-5808-9392-13b928678c23,0936718b-bdf4-5888-a93e-0afdb4d81aa5,1
767913ad-afe5-5808-9392-13b928678c23,467447f9-4484-5574-924c-dfc124d92620,5
767913ad-afe5-5808-9392-13b928678c23,767913ad-afe5-5808-9392-13b928678c23,5
767913ad-afe5-5808-9392-13b928678c23,0a778475-8e92-519e-bcda-2c02a0fd516d,3
767913ad-afe5-5808-9392-13b928678c23,4c69140f-b5c1-59fc-a421-f8ad1a394a64,3
0a778475-8e92-519e-bcda-2c02a0fd516d,c639d49c-15c7-5825-b7d8-4765005e6503,2
0a778475-8e92-519e-bcda-2c02a0fd516d,0936718b-bdf4-5888-a93e-0afdb4d81aa5,2
0a778475-8e92-519e-bcda-2c02a0fd516d,467447f9-4484-5574-924c-dfc124d92620,3
0a778475-8e92-519e-bcda-2c02a0fd516d,767913ad-afe5-5808-9392-13b928678c23,3
0a778475-8e92-519e-bcda-2c02a0fd516d,0a778475-8e92-519e-bcda-2c02a0fd516d,5
0a778475-8e92-519e-bcda-2c02a0fd516d,b670eb05-6ea0-560e-b97e-e99ab502276c,2
0a778475-8e92-519e-bcda-2c02a0fd516d,38862325-903a-5c90-a407-4a7d95aaa21f,2
0a778475-8e92-519e-bcda-2c02a0fd516d,1fd5c63f-f772-5f65-b816-e78e38bc7c42,2
0a778475-8e92-519e-bcda-2c02a0fd516d,a44a5788-c0bd-51bb-b7f3-47dd16e2be0f,2
0a778475-8e92-519e-bcda-2c02a0fd516d,630e0f1d-b1bb-59f7-b19e-280f48548722,2
0a778475-8e92-519e-bcda-2c02a0fd516d,1cc52057-5c13-599d-926e-b5beb535377f,2
0a778475-8e92-519e-bcda-2c02a0fd516d,894256de-b67e-5c4b-8c98-9c075dbafa43,2
0a778475-8e92-519e-bcda-2c02a0fd516d,18a19ff3-cd95-526e-b49d-f0f164331891,2
0a778475-8e92-519e-bcda-2c02a0fd516d,d2c7ed1d-c8c5-5d26-be45-7869771d6d54,2
0a778475-8e92-519e-bcda-2c02a0fd516d,9216e979-ed16-5497-b963-f707d343ba3d,2
0a778475-8e92-519e-bcda-2c02a0fd516d,9da881a4-ff31-548f-9c8f-e87fd67983aa,2
0a778475-8e92-519e-bcda-2c02a0fd516d,ac1ffc46-2ef5-5f03-a2c2-ef3aba1d5455,2
0a778475-8e92-519e-bcda-2c02a0fd516d,1e419658-4d63-5c56-b066-8872836eb5e9,2
0a778475-8e92-519e-bcda-2c02a0fd516d,4c69140f-b5c1-59fc-a421-f8ad1a394a64,4
b670eb05-6ea0-560e-b97e-e99ab502276c,e43a37b9-d86e-50bf-90c1-20b4c0cffbe0,2
b670eb05-6ea0-560e-b97e-e99ab502276c,c91c0cbf-9b34-5cb2-88f9-ca5937963928,2
b670eb05-6ea0-560e-b97e-e99ab502276c,28b0d572-aa4e-5de7-b620-6ae9cb6cab9e,2
b670eb05-6ea0-560e-b97e-e99ab502276c,2e62310c-5778-5861-96cd-1a95e53e044e,2
b670eb05-6ea0-560e-b97e-e99ab502276c,b34520b6-8f5a-591a-83b8-dbce1961baac,2
b670eb05-6ea0-560e-b97e-e99ab502276c,784c6b4f-efcf-581a-8fc5-075ec33f4065,2
b670eb05-6ea0-560e-b97e-e99ab502276c,ddf9c247-5ec0-57fb-a41d-c9cf7546e2d8,2
b670eb05-6ea0-560e-b97e-e99ab502276c,71ddb23f-c0c9-5706-afe4-0c0e61e23113,2
b670eb05-6ea0-560e-b97e-e99ab502276c,d03a8f6e-7994-5cdb-ac19-9e83ed2b42a5,4
b670eb05-6ea0-560e-b97e-e99ab502276c,89d77124-c997-569d-82b4-71eb82cfae08,4
b670eb05-6ea0-560e-b97e-e99ab502276c,e05c5e11-180d-5409-b37f-173d43d465bc,4
b670eb05-6ea0-560e-b97e-e99ab502276c,9cbbb4a4-2e06-50e4-b155-074fbb698b91,4
b670eb05-6ea0-560e-b97e-e99ab502276c,bf2e9326-8051-57d2-a020-18418d7e4e6f,4
b670eb05-6ea0-560e-b97e-e99ab502276c,c8a8a61f-a72b-5294-a855-7c2368f6a922,4
b670eb05-6ea0-560e-b97e-e99ab502276c,7af13960-ba5e-581c-b839-6dd085d4f423,4
b670eb05-6ea0-560e-b97e-e99ab502276c,c639d49c-15c7-5825-b7d8-4765005e6503,3
b670eb05-6ea0-560e-b97e-e99ab502276c,0936718b-bdf4-5888-a93e-0afdb4d81aa5,3
b670eb05-6ea0-560e-b97e-e99ab502276c,0a778475-8e92-519e-bcda-2c02a0fd516d,2
b670eb05-6ea0-560e-b97e-e99ab502276c,b670eb05-6ea0-560e-b97e-e99ab502276c,5
b670eb05-6ea0-560e-b97e-e99ab502276c,38862325-903a-5c90-a407-4a7d95aaa21f,5
b670eb05-6ea0-560e-b97e-e99ab502276c,1fd5c63f-f772-5f65-b816-e78e38bc7c42,4
b670eb05-6ea0-560e-b97e-e99ab502276c,a44a5788-c0bd-51bb-b7f3-47dd16e2be0f,4
b670eb05-6ea0-560e-b97e-e99ab502276c,630e0f1d-b1bb-59f7-b19e-280f48548722,4
b670eb05-6ea0-560e-b97e-e99ab502276c,1cc52057-5c13-599d-926e-b5beb535377f,3
b670eb05-6ea0-560e-b97e-e99ab502276c,894256de-b67e-5c4b-8c98-9c075dbafa43,3
b670eb05-6ea0-560e-b97e-e99ab502276c,18a19ff3-cd95-526e-b49d-f0f164331891,4
b670eb05-6ea0-560e-b97e-e99ab502276c,d2c7ed1d-c8c5-5d26-be45-7869771d6d54,3
b670eb05-6ea0-560e-b97e-e99ab502276c,9216e979-ed16-5497-b963-f707d343ba3d,4
b670eb05-6ea0-560e-b97e-e99ab502276c,9da881a4-ff31-548f-9c8f-e87fd67983aa,3
b670eb05-6ea0-560e-b97e-e99ab502276c,ac1ffc46-2ef5-5f03-a2c2-ef3aba1d5455,4
b670eb05-6ea0-560e-b97e-e99ab502276c,1e419658-4d63-5c56-b066-8872836eb5e9,2
b670eb05-6ea0-560e-b97e-e99ab502276c,86457463-d115-58f7-aaa6-6dfc7ad345c0,3
38862325-903a-5c90-a407-4a7d95aaa21f,e43a37b9-d86e-50bf-90c1-20b4c0cffbe0,2
38862325-903a-5c90-a407-4a7d95aaa21f,c91c0cbf-9b34-5cb2-88f9-ca5937963928,2
38862325-903a-5c90-a407-4a7d95aaa21f,28b0d572-aa4e-5de7-b620-6ae9cb6cab9e,2
38862325-903a-5c90-a407-4a7d95aaa21f,2e62310c-5778-5861-96cd-1a95e53e044e,2
38862325-903a-5c90-a407-4a7d95aaa21f,b34520b6-8f5a-591a-83b8-dbce1961baac,2
38862325-903a-5c90-a407-4a7d95aaa21f,784c6b4f-efcf-581a-8fc5-075ec33f4065,2
38862325-903a-5c90-a407-4a7d95aaa21f,ddf9c247-5ec0-57fb-a41d-c9cf7546e2d8,2
38862325-903a-5c90-a407-4a7d95aaa21f,71ddb23f-c0c9-5706-afe4-0c0e61e23113,2
38862325-903a-5c90-a407-4a7d95aaa21f,d03a8f6e-7994-5cdb-ac19-9e83ed2b42a5,4
38862325-903a-5c90-a407-4a7d95aaa21f,89d77124-c997-569d-82b4-71eb82cfae08,4
38862325-903a-5c90-a407-4a7d95aaa21f,e05c5e11-180d-5409-b37f-173d43d465bc,4
38862325-903a-5c90-a407-4a7d95aaa21f,9cbbb4a4-2e06-50e4-b155-074fbb698b91,4
38862325-903a-5c90-a407-4a7d95aaa21f,bf2e9326-8051-57d2-a020-18418d7e4e6f,4
38862325-903a-5c90-a407-4a7d95aaa21f,c8a8a61f-a72b-5294-a855-7c2368f6a922,4
38862325-903a-5c90-a407-4a7d95aaa21f,7af13960-ba5e-581c-b839-6dd085d4f423,4
38862325-903a-5c90-a407-4a7d95aaa21f,c639d49c-15c7-5825-b7d8-4765005e6503,3
38862325-903a-5c90-a407-4a7d95aaa21f,0936718b-bdf4-5888-a93e-0afdb4d81aa5,3
38862325-903a-5c90-a407-4a7d95aaa21f,0a778475-8e92-519e-bcda-2c02a0fd516d,2
38862325-903a-5c90-a407-4a7d95aaa21f,b670eb05-6ea0-560e-b97e-e99ab502276c,5
38862325-903a-5c90-a407-4a7d95aaa21f,38862325-903a-5c90-a407-4a7d95aaa21f,5
38862325-903a-5c90-a407-4a7d95aaa21f,1fd5c63f-f772-5f65-b816-e78e38bc7c42,4
38862325-903a-5c90-a407-4a7d95aaa21f,a44a5788-c0bd-51bb-b7f3-47dd16e2be0f,4
38862325-903a-5c90-a407-4a7d95aaa21f,630e0f1d-b1bb-59f7-b19e-280f48548722,4
38862325-903a-5c90-a407-4a7d95aaa21f,1cc52057-5c13-599d-926e-b5beb535377f,3
38862325-903a-5c90-a407-4a7d95aaa21f,894256de-b67e-5c4b-8c98-9c075dbafa43,3
38862325-903a-5c90-a407-4a7d95aaa21f,18a19ff3-cd95-526e-b49d-f0f164331891,4
38862325-903a-5c90-a407-4a7d95aaa21f,d2c7ed1d-c8c5-5d26-be45-7869771d6d54,3
38862325-903a-5c90-a407-4a7d95aaa21f,9216e979-ed16-5497-b963-f707d343ba3d,4
38862325-903a-5c90-a407-4a7d95aaa21f,9da881a4-ff31-548f-9c8f-e87fd67983aa,3
38862325-903a-5c90-a407-4a7d95aaa21f,ac1ffc46-2ef5-5f03-a2c2-ef3aba1d5455,4
38862325-903a-5c90-a407-4a7d95aaa21f,1e419658-4d63-5c56-b066-8872836eb5e9,2
38862325-903a-5c90-a407-4a7d95aaa21f,86457463-d115-58f7-aaa6-6dfc7ad345c0,3
1fd5c63f-f772-5f65-b816-e78e38bc7c42,e43a37b9-d86e-50bf-90c1-20b4c0cffbe0,2
1fd5c63f-f772-5f65-b816-e78e38bc7c42,c91c0cbf-9b34-5cb2-88f9-ca5937963928,2
1fd5c63f-f772-5f65-b816-e78e38bc7c42,28b0d572-aa4e-5de7-b620-6ae9cb6cab9e,2
1fd5c63f-f772-5f65-b816-e78e38bc7c42,2e62310c-5778-5861-96cd-1a95e53e044e,2
1fd5c63f-f772-5f65-b816-e78e38bc7c42,b34520b6-8f5a-591a-83b8-dbce1961baac,2
1fd5c63f-f772-5f65-b816-e78e38bc7c42,784c6b4f-efcf-581a-8fc5-075ec33f4065,2
1fd5c63f-f772-5f65-b816-e78e38bc7c42,ddf9c247-5ec0-57fb-a41d-c9cf7546e2d8,2
1fd5c63f-f772-5f65-b816-e78e38bc7c42,71ddb23f-c0c9-5706-afe4-0c0e61e23113,2
1fd5c63f-f772-5f65-b816-e78e38bc7c42,d03a8f6e-7994-5cdb-ac19-9e83ed2b42a5,4
1fd5c63f-f772-5f65-b816-e78e38bc7c42,89d77124-c997-569d-82b4-71eb82cfae08,4
1fd5c63f-f772-5f65-b816-e78e38bc7c42,e05c5e11-180d-5409-b37f-173d43d465bc,4
1fd5c63f-f772-5f65-b816-e78e38bc7c42,9cbbb4a4-2e06-50e4-b155-074fbb698b91,4
1fd5c63f-f772-5f65-b816-e78e38bc7c42,bf2e9326-8051-57d2-a020-18418d7e4e6f,4
1fd5c63f-f772-5f65-b816-e78e38bc7c42,c8a8a61f-a72b-5294-a855-7c2368f6a922,4
1fd5c63f-f772-5f65-b816-e78e38bc7c42,7af13960-ba5e-581c-b839-6dd085d4f423,4
1fd5c63f-f772-5f65-b816-e78e38bc7c42,c639d49c-15c7-5825-b7d8-4765005e6503,3
1fd5c63f-f772-5f65-b816-e78e38bc7c42,0936718b-bdf4-5888-a93e-0afdb4d81aa5,3
1fd5c63f-f772-5f65-b816-e78e38bc7c42,0a778475-8e92-519e-bcda-2c02a0fd516d,2
1fd5c63f-f772-5f65-b816-e78e38bc7c42,b670eb05-6ea0-560e-b97e-e99ab502276c,4
1fd5c63f-f772-5f65-b816-e78e38bc7c42,38862325-903a-5c90-a407-4a7d95aaa21f,4
1fd5c63f-f772-5f65-b816-e78e38bc7c42,1fd5c63f-f772-5f65-b816-e78e38bc7c42,5
1fd5c63f-f772-5f65-b816-e78e38bc7c42,a44a5788-c0bd-51bb-b7f3-47dd16e2be0f,5
1fd5c63f-f772-5f65-b816-e78e38bc7c42,630e0f1d-b1bb-59f7-b19e-280f48548722,5
1fd5c63f-f772-5f65-b816-e78e38bc7c42,1cc52057-5c13-599d-926e-b5beb535377f,4
1fd5c63f-f772-5f65-b816-e78e38bc7c42,894256de-b67e-5c4b-8c98-9c075dbafa43,4
1fd5c63f-f772-5f65-b816-e78e38bc7c42,18a19ff3-cd95-526e-b49d-f0f164331891,5
1fd5c63f-f772-5f65-b816-e78e38bc7c42,d2c7ed1d-c8c5-5d26-be45-7869771d6d54,3
1fd5c63f-f772-5f65-b816-e78e38bc7c42,9216e979-ed16-5497-b963-f707d343ba3d,5
1fd5c63f-f772-5f65-b816-e78e38bc7c42,9da881a4-ff31-548f-9c8f-e87fd67983aa,3
1fd5c63f-f772-5f65-b816-e78e38bc7c42,ac1ffc46-2ef5-5f03-a2c2-ef3aba1d5455,4
1fd5c63f-f772-5f65-b816-e78e38bc7c42,1e419658-4d63-5c56-b066-8872836eb5e9,2
1fd5c63f-f772-5f65-b816-e78e38bc7c42,86457463-d115-58f7-aaa6-6dfc7ad345c0,3
a44a5788-c0bd-51bb-b7f3-47dd16e2be0f,e43a37b9-d86e-50bf-90c1-20b4c0cffbe0,2
a44a5788-c0bd-51bb-b7f3-47dd16e2be0f,c91c0cbf-9b34-5cb2-88f9-ca5937963928,2
a44a5788-c0bd-51bb-b7f3-47dd16e2be0f,28b0d572-aa4e-5de7-b620-6ae9cb6cab9e,2
a44a5788-c0bd-51bb-b7f3-47dd16e2be0f,2e62310c-5778-5861-96cd-1a95e53e044e,2
a44a5788-c0bd-51bb-b7f3-47dd16e2be0f,b34520b6-8f5a-591a-83b8-dbce1961baac,2
a44a5788-c0bd-51bb-b7f3-47dd16e2be0f,784c6b4f-efcf-581a-8fc5-075ec33f4065,2
a44a5788-c0bd-51bb-b7f3-47dd16e2be0f,ddf9c247-5ec0-57fb-a41d-c9cf7546e2d8,2
a44a5788-c0bd-51bb-b7f3-47dd16e2be0f,71ddb23f-c0c9-5706-afe4-0c0e61e23113,2
a44a5788-c0bd-51bb-b7f3-47dd16e2be0f,d03a8f6e-7994-5cdb-ac19-9e83ed2b42a5,4
a44a5788-c0bd-51bb-b7f3-47dd16e2be0f,89d77124-c997-569d-82b4-71eb82cfae08,4
a44a5788-c0bd-51bb-b7f3-47dd16e2be0f,e05c5e11-180d-5409-b37f-173d43d465bc,4
a44a5788-c0bd-51bb-b7f3-47dd16e2be0f,9cbbb4a4-2e06-50e4-b155-074fbb698b91,4
a44a5788-c0bd-51bb-b7f3-47dd16e2be0f,bf2e9326-8051-57d2-a020-18418d7e4e6f,4
a44a5788-c0bd-51bb-b7f3-47dd16e2be0f,c8a8a61f-a72b-5294-a855-7c2368f6a922,4
a44a5788-c0bd-51bb-b7f3-47dd16e2be0f,7af13960-ba5e-581c-b839-6dd085d4f423,4
a44a5788-c0bd-51bb-b7f3-47dd16e2be0f,c639d49c-15c7-5825-b7d8-4765005e6503,3
a44a5788-c0bd-51bb-b7f3-47dd16e2be0f,0936718b-bdf4-5888-a93e-0afdb4d81aa5,3
a44a5788-c0bd-51bb-b7f3-47dd16e2be0f,0a778475-8e92-519e-bcda-2c02a0fd516d,2
a44a5788-c0bd-51bb-b7f3-47dd16e2be0f,b670eb05-6ea0-560e-b97e-e99ab502276c,4
a44a5788-c0bd-51bb-b7f3-47dd16e2be0f,38862325-903a-5c90-a407-4a7d95aaa21f,4
a44a5788-c0bd-51bb-b7f3-47dd16e2be0f,1fd5c63f-f772-5f65-b816-e78e38bc7c42,5
a44a5788-c0bd-51bb-b7f3-47dd16e2be0f,a44a5788-c0bd-51bb-b7f3-47dd16e2be0f,5
a44a5788-c0bd-51bb-b7f3-47dd16e2be0f,630e0f1d-b1bb-59f7-b19e-280f48548722,5
a44a5788-c0bd-51bb-b7f3-47dd16e2be0f,1cc52057-5c13-599d-926e-b5beb535377f,4
a44a5788-c0bd-51bb-b7f3-47dd16e2be0f,894256de-b67e-5c4b-8c98-9c075dbafa43,4
a44a5788-c0bd-51bb-b7f3-47dd16e2be0f,18a19ff3-cd95-526e-b49d-f0f164331891,5
a44a5788-c0bd-51bb-b7f3-47dd16e2be0f,d2c7ed1d-c8c5-5d26-be45-7869771d6d54,3
a44a5788-c0bd-51bb-b7f3-47dd16e2be0f,9216e979-ed16-5497-b963-f707d343ba3d,5
a44a5788-c0bd-51bb-b7f3-47dd16e2be0f,9da881a4-ff31-548f-9c8f-e87fd67983aa,3
a44a5788-c0bd-51bb-b7f3-47dd16e2be0f,ac1ffc46-2ef5-5f03-a2c2-ef3aba1d5455,4
a44a5788-c0bd-51bb-b7f3-47dd16e2be0f,1e419658-4d63-5c56-b066-8872836eb5e9,2
a44a5788-c0bd-51bb-b7f3-47dd16e2be0f,86457463-d115-58f7-aaa6-6dfc7ad345c0,3
630e0f1d-b1bb-59f7-b19e-280f48548722,e43a37b9-d86e-50bf-90c1-20b4c0cffbe0,2
630e0f1d-b1bb-59f7-b19e-280f48548722,c91c0cbf-9b34-5cb2-88f9-ca5937963928,2
630e0f1d-b1bb-59f7-b19e-280f48548722,28b0d572-aa4e-5de7-b620-6ae9cb6cab9e,2
630e0f1d-b1bb-59f7-b19e-280f48548722,2e62310c-5778-5861-96cd-1a95e53e044e,2
630e0f1d-b1bb-59f7-b19e-280f48548722,b34520b6-8f5a-591a-83b8-dbce1961baac,2
630e0f1d-b1bb-59f7-b19e-280f48548722,784c6b4f-efcf-581a-8fc5-075ec33f4065,2
630e0f1d-b1bb-59f7-b19e-280f48548722,ddf9c247-5ec0-57fb-a41d-c9cf7546e2d8,2
630e0f1d-b1bb-59f7-b19e-280f48548722,71ddb23f-c0c9-5706-afe4-0c0e61e23113,2
630e0f1d-b1bb-59f7-b19e-280f48548722,d03a8f6e-7994-5cdb-ac19-9e83ed2b42a5,4
630e0f1d-b1bb-59f7-b19e-280f48548722,89d77124-c997-569d-82b4-71eb82cfae08,4
630e0f1d-b1bb-59f7-b19e-280f48548722,e05c5e11-180d-5409-b37f-173d43d465bc,4
630e0f1d-b1bb-59f7-b19e-280f48548722,9cbbb4a4-2e06-50e4-b155-074fbb698b91,4
630e0f1d-b1bb-59f7-b19e-280f48548722,bf2e9326-8051-57d2-a020-18418d7e4e6f,4
630e0f1d-b1bb-59f7-b19e-280f48548722,c8a8a61f-a72b-5294-a855-7c2368f6a922,4
630e0f1d-b1bb-59f7-b19e-280f48548722,7af13960-ba5e-581c-b839-6dd085d4f423,4
630e0f1d-b1bb-59f7-b19e-280f48548722,c639d49c-15c7-5825-b7d8-4765005e6503,3
630e0f1d-b1bb-59f7-b19e-280f48548722,0936718b-bdf4-5888-a93e-0afdb4d81aa5,3
630e0f1d-b1bb-59f7-b19e-280f48548722,0a778475-8e92-519e-bcda-2c02a0fd516d,2
630e0f1d-b1bb-59f7-b19e-280f48548722,b670eb05-6ea0-560e-b97e-e99ab502276c,4
630e0f1d-b1bb-59f7-b19e-280f48548722,38862325-903a-5c90-a407-4a7d95aaa21f,4
630e0f1d-b1bb-59f7-b19e-280f48548722,1fd5c63f-f772-5f65-b816-e78e38bc7c42,5
630e0f1d-b1bb-59f7-b19e-280f48548722,a44a5788-c0bd-51bb-b7f3-47dd16e2be0f,5
630e0f1d-b1bb-59f7-b19e-280f48548722,630e0f1d-b1bb-59f7-b19e-280f48548722,5
630e0f1d-b1bb-59f7-b19e-280f48548722,1cc52057-5c13-599d-926e-b5beb535377f,4
630e0f1d-b1bb-59f7-b19e-280f48548722,894256de-b67e-5c4b-8c98-9c075dbafa43,4
630e0f1d-b1bb-59f7-b19e-280f48548722,18a19ff3-cd95-526e-b49d-f0f164331891,5
630e0f1d-b1bb-59f7-b19e-280f48548722,d2c7ed1d-c8c5-5d26-be45-7869771d6d54,3
630e0f1d-b1bb-59f7-b19e-280f48548722,9216e979-ed16-5497-b963-f707d343ba3d,5
630e0f1d-b1bb-59f7-b19e-280f48548722,9da881a4-ff31-548f-9c8f-e87fd67983aa,3
630e0f1d-b1bb-59f7-b19e-280f48548722,ac1ffc46-2ef5-5f03-a2c2-ef3aba1d5455,4
630e0f1d-b1bb-59f7-b19e-280f48548722,1e419658-4d63-5c56-b066-8872836eb5e9,2
630e0f1d-b1bb-59f7-b19e-280f48548722,86457463-d115-58f7-aaa6-6dfc7ad345c0,3
1cc52057-5c13-599d-926e-b5beb535377f,e43a37b9-d86e-50bf-90c1-20b4c0cffbe0,2
1cc52057-5c13-599d-926e-b5beb535377f,c91c0cbf-9b34-5cb2-88f9-ca5937963928,2
1cc52057-5c13-599d-926e-b5beb535377f,28b0d572-aa4e-5de7-b620-6ae9cb6cab9e,2
1cc52057-5c13-599d-926e-b5beb535377f,2e62310c-5778-5861-96cd-1a95e53e044e,2
1cc52057-5c13-599d-926e-b5beb535377f,b34520b6-8f5a-591a-83b8-dbce1961baac,2
1cc52057-5c13-599d-926e-b5beb535377f,784c6b4f-efcf-581a-8fc5-075ec33f4065,2
1cc52057-5c13-599d-926e-b5beb535377f,ddf9c247-5ec0-57fb-a41d-c9cf7546e2d8,2
1cc52057-5c13-599d-926e-b5beb535377f,71ddb23f-c0c9-5706-afe4-0c0e61e23113,2
1cc52057-5c13-599d-926e-b5beb535377f,d03a8f6e-7994-5cdb-ac19-9e83ed2b42a5,3
1cc52057-5c13-599d-926e-b5beb535377f,89d77124-c997-569d-82b4-71eb82cfae08,3
1cc52057-5c13-599d-926e-b5beb535377f,e05c5e11-180d-5409-b37f-173d43d465bc,3
1cc52057-5c13-599d-926e-b5beb535377f,9cbbb4a4-2e06-50e4-b155-074fbb698b91,3
1cc52057-5c13-599d-926e-b5beb535377f,bf2e9326-8051-57d2-a020-18418d7e4e6f,3
1cc52057-5c13-599d-926e-b5beb535377f,c8a8a61f-a72b-5294-a855-7c2368f6a922,3
1cc52057-5c13-599d-926e-b5beb535377f,7af13960-ba5e-581c-b839-6dd085d4f423,3
1cc52057-5c13-599d-926e-b5beb535377f,c639d49c-15c7-5825-b7d8-4765005e6503,4
1cc52057-5c13-599d-926e-b5beb535377f,0936718b-bdf4-5888-a93e-0afdb4d81aa5,4
1cc52057-5c13-599d-926e-b5beb535377f,0a778475-8e92-519e-bcda-2c02a0fd516d,2
1cc52057-5c13-599d-926e-b5beb535377f,b670eb05-6ea0-560e-b97e-e99ab502276c,3
1cc52057-5c13-599d-926e-b5beb535377f,38862325-903a-5c90-a407-4a7d95aaa21f,3
1cc52057-5c13-599d-926e-b5beb535377f,1fd5c63f-f772-5f65-b816-e78e38bc7c42,4
1cc52057-5c13-599d-926e-b5beb535377f,a44a5788-c0bd-51bb-b7f3-47dd16e2be0f,4
1cc52057-5c13-599d-926e-b5beb535377f,630e0f1d-b1bb-59f7-b19e-280f48548722,4
1cc52057-5c13-599d-926e-b5beb535377f,1cc52057-5c13-599d-926e-b5beb535377f,5
1cc52057-5c13-599d-926e-b5beb535377f,894256de-b67e-5c4b-8c98-9c075dbafa43,4
1cc52057-5c13-599d-926e-b5beb535377f,18a19ff3-cd95-526e-b49d-f0f164331891,4
1cc52057-5c13-599d-926e-b5beb535377f,d2c7ed1d-c8c5-5d26-be45-7869771d6d54,4
1cc52057-5c13-599d-926e-b5beb535377f,9216e979-ed16-5497-b963-f707d343ba3d,4
1cc52057-5c13-599d-926e-b5beb535377f,9da881a4-ff31-548f-9c8f-e87fd67983aa,4
1cc52057-5c13-599d-926e-b5beb535377f,ac1ffc46-2ef5-5f03-a2c2-ef3aba1d5455,4
1cc52057-5c13-599d-926e-b5beb535377f,1e419658-4d63-5c56-b066-8872836eb5e9,2
1cc52057-5c13-599d-926e-b5beb535377f,86457463-d115-58f7-aaa6-6dfc7ad345c0,4
894256de-b67e-5c4b-8c98-9c075dbafa43,e43a37b9-d86e-50bf-90c1-20b4c0cffbe0,2
894256de-b67e-5c4b-8c98-9c075dbafa43,c91c0cbf-9b34-5cb2-88f9-ca5937963928,2
894256de-b67e-5c4b-8c98-9c075dbafa43,28b0d572-aa4e-5de7-b620-6ae9cb6cab9e,2
894256de-b67e-5c4b-8c98-9c075dbafa43,2e62310c-5778-5861-96cd-1a95e53e044e,2
894256de-b67e-5c4b-8c98-9c075dbafa43,b34520b6-8f5a-591a-83b8-dbce1961baac,2
894256de-b67e-5c4b-8c98-9c075dbafa43,784c6b4f-efcf-581a-8fc5-075ec33f4065,2
894256de-b67e-5c4b-8c98-9c075dbafa43,ddf9c247-5ec0-57fb-a41d-c9cf7546e2d8,2
894256de-b67e-5c4b-8c98-9c075dbafa43,71ddb23f-c0c9-5706-afe4-0c0e61e23113,2
894256de-b67e-5c4b-8c98-9c075dbafa43,d03a8f6e-7994-5cdb-ac19-9e83ed2b42a5,4
894256de-b67e-5c4b-8c98-9c075dbafa43,89d77124-c997-569d-82b4-71eb82cfae08,4
894256de-b67e-5c4b-8c98-9c075dbafa43,e05c5e11-180d-5409-b37f-173d43d465bc,4
894256de-b67e-5c4b-8c98-9c075dbafa43,9cbbb4a4-2e06-50e4-b155-074fbb698b91,4
894256de-b67e-5c4b-8c98-9c075dbafa43,bf2e9326-8051-57d2-a020-18418d7e4e6f,4
894256de-b67e-5c4b-8c98-9c075dbafa43,c8a8a61f-a72b-5294-a855-7c2368f6a922,4
894256de-b67e-5c4b-8c98-9c075dbafa43,7af13960-ba5e-581c-b839-6dd085d4f423,4
894256de-b67e-5c4b-8c98-9c075dbafa43,c639d49c-15c7-5825-b7d8-4765005e6503,3
894256de-b67e-5c4b-8c98-9c075dbafa43,0936718b-bdf4-5888-a93e-0afdb4d81aa5,3
894256de-b67e-5c4b-8c98-9c075dbafa43,0a778475-8e92-519e-bcda-2c02a0fd516d,2
894256de-b67e-5c4b-8c98-9c075dbafa43,b670eb05-6ea0-560e-b97e-e99ab502276c,3
894256de-b67e-5c4b-8c98-9c075dbafa43,38862325-903a-5c90-a407-4a7d95aaa21f,3
894256de-b67e-5c4b-8c98-9c075dbafa43,1fd5c63f-f772-5f65-b816-e78e38bc7c42,4
894256de-b67e-5c4b-8c98-9c075dbafa43,a44a5788-c0bd-51bb-b7f3-47dd16e2be0f,4
894256de-b67e-5c4b-8c98-9c075dbafa43,630e0f1d-b1bb-59f7-b19e-280f48548722,4
894256de-b67e-5c4b-8c98-9c075dbafa43,1cc52057-5c13-599d-926e-b5beb535377f,4
894256de-b67e-5c4b-8c98-9c075dbafa43,894256de-b67e-5c4b-8c98-9c075dbafa43,5
894256de-b67e-5c4b-8c98-9c075dbafa43,18a19ff3-cd95-526e-b49d-f0f164331891,4
894256de-b67e-5c4b-8c98-9c075dbafa43,d2c7ed1d-c8c5-5d26-be45-7869771d6d54,3
894256de-b67e-5c4b-8c98-9c075dbafa43,9216e979-ed16-5497-b963-f707d343ba3d,4
894256de-b67e-5c4b-8c98-9c075dbafa43,9da881a4-ff31-548f-9c8f-e87fd67983aa,3
894256de-b67e-5c4b-8c98-9c075dbafa43,ac1ffc46-2ef5-5f03-a2c2-ef3aba1d5455,4
894256de-b67e-5c4b-8c98-9c075dbafa43,1e419658-4d63-5c56-b066-8872836eb5e9,2
894256de-b67e-5c4b-8c98-9c075dbafa43,86457463-d115-58f7-aaa6-6dfc7ad345c0,3
18a19ff3-cd95-526e-b49d-f0f164331891,e43a37b9-d86e-50bf-90c1-20b4c0cffbe0,2
18a19ff3-cd95-526e-b49d-f0f164331891,c91c0cbf-9b34-5cb2-88f9-ca5937963928,2
18a19ff3-cd95-526e-b49d-f0f164331891,28b0d572-aa4e-5de7-b620-6ae9cb6cab9e,2
18a19ff3-cd95-526e-b49d-f0f164331891,2e62310c-5778-5861-96cd-1a95e53e044e,2
18a19ff3-cd95-526e-b49d-f0f164331891,b34520b6-8f5a-591a-83b8-dbce1961baac,2
18a19ff3-cd95-526e-b49d-f0f164331891,784c6b4f-efcf-581a-8fc5-075ec33f4065,2
18a19ff3-cd95-526e-b49d-f0f164331891,ddf9c247-5ec0-57fb-a41d-c9cf7546e2d8,2
18a19ff3-cd95-526e-b49d-f0f164331891,71ddb23f-c0c9-5706-afe4-0c0e61e23113,2
18a19ff3-cd95-526e-b49d-f0f164331891,d03a8f6e-7994-5cdb-ac19-9e83ed2b42a5,4
18a19ff3-cd95-526e-b49d-f0f164331891,89d77124-c997-569d-82b4-71eb82cfae08,4
18a19ff3-cd95-526e-b49d-f0f164331891,e05c5e11-180d-5409-b37f-173d43d465bc,4
18a19ff3-cd95-526e-b49d-f0f164331891,9cbbb4a4-2e06-50e4-b155-074fbb698b91,4
18a19ff3-cd95-526e-b49d-f0f164331891,bf2e9326-8051-57d2-a020-18418d7e4e6f,4
18a19ff3-cd95-526e-b49d-f0f164331891,c8a8a61f-a72b-5294-a855-7c2368f6a922,4
18a19ff3-cd95-526e-b49d-f0f164331891,7af13960-ba5e-581c-b839-6dd085d4f423,4
18a19ff3-cd95-526e-b49d-f0f164331891,c639d49c-15c7-5825-b7d8-4765005e6503,3
18a19ff3-cd95-526e-b49d-f0f164331891,0936718b-bdf4-5888-a93e-0afdb4d81aa5,3
18a19ff3-cd95-526e-b49d-f0f164331891,0a778475-8e92-519e-bcda-2c02a0fd516d,2
18a19ff3-cd95-526e-b49d-f0f164331891,b670eb05-6ea0-560e-b97e-e99ab502276c,4
18a19ff3-cd95-526e-b49d-f0f164331891,38862325-903a-5c90-a407-4a7d95aaa21f,4
18a19ff3-cd95-526e-b49d-f0f164331891,1fd5c63f-f772-5f65-b816-e78e38bc7c42,5
18a19ff3-cd95-526e-b49d-f0f164331891,a44a5788-c0bd-51bb-b7f3-47dd16e2be0f,5
18a19ff3-cd95-526e-b49d-f0f164331891,630e0f1d-b1bb-59f7-b19e-280f48548722,5
18a19ff3-cd95-526e-b49d-f0f164331891,1cc52057-5c13-599d-926e-b5beb535377f,4
18a19ff3-cd95-526e-b49d-f0f164331891,894256de-b67e-5c4b-8c98-9c075dbafa43,4
18a19ff3-cd95-526e-b49d-f0f164331891,18a19ff3-cd95-526e-b49d-f0f164331891,5
18a19ff3-cd95-526e-b49d-f0f164331891,d2c7ed1d-c8c5-5d26-be45-7869771d6d54,3
18a19ff3-cd95-526e-b49d-f0f164331891,9216e979-ed16-5497-b963-f707d343ba3d,5
18a19ff3-cd95-526e-b49d-f0f164331891,9da881a4-ff31-548f-9c8f-e87fd67983aa,3
18a19ff3-cd95-526e-b49d-f0f164331891,ac1ffc46-2ef5-5f03-a2c2-ef3aba1d5455,5
18a19ff3-cd95-526e-b49d-f0f164331891,1e419658-4d63-5c56-b066-8872836eb5e9,2
18a19ff3-cd95-526e-b49d-f0f164331891,86457463-d115-58f7-aaa6-6dfc7ad345c0,3
d2c7ed1d-c8c5-5d26-be45-7869771d6d54,e43a37b9-d86e-50bf-90c1-20b4c0cffbe0,2
d2c7ed1d-c8c5-5d26-be45-7869771d6d54,c91c0cbf-9b34-5cb2-88f9-ca5937963928,2
d2c7ed1d-c8c5-5d26-be45-7869771d6d54,28b0d572-aa4e-5de7-b620-6ae9cb6cab9e,2
d2c7ed1d-c8c5-5d26-be45-7869771d6d54,2e62310c-5778-5861-96cd-1a95e53e044e,2
d2c7ed1d-c8c5-5d26-be45-7869771d6d54,b34520b6-8f5a-591a-83b8-dbce1961baac,2
d2c7ed1d-c8c5-5d26-be45-7869771d6d54,784c6b4f-efcf-581a-8fc5-075ec33f4065,2
d2c7ed1d-c8c5-5d26-be45-7869771d6d54,ddf9c247-5ec0-57fb-a41d-c9cf7546e2d8,2
d2c7ed1d-c8c5-5d26-be45-7869771d6d54,71ddb23f-c0c9-5706-afe4-0c0e61e23113,2
d2c7ed1d-c8c5-5d26-be45-7869771d6d54,d03a8f6e-7994-5cdb-ac19-9e83ed2b42a5,4
d2c7ed1d-c8c5-5d26-be45-7869771d6d54,89d77124-c997-569d-82b4-71eb82cfae08,4
d2c7ed1d-c8c5-5d26-be45-7869771d6d54,e05c5e11-180d-5409-b37f-173d43d465bc,3
d2c7ed1d-c8c5-5d26-be45-7869771d6d54,9cbbb4a4-2e06-50e4-b155-074fbb698b91,3
d2c7ed1d-c8c5-5d26-be45-7869771d6d54,bf2e9326-8051-57d2-a020-18418d7e4e6f,3
d2c7ed1d-c8c5-5d26-be45-7869771d6d54,c8a8a61f-a72b-5294-a855-7c2368f6a922,4
d2c7ed1d-c8c5-5d26-be45-7869771d6d54,7af13960-ba5e-581c-b839-6dd085d4f423,3
d2c7ed1d-c8c5-5d26-be45-7869771d6d54,c6a2b173-e738-5995-b07c-2a50079f11c1,3
d2c7ed1d-c8c5-5d26-be45-7869771d6d54,c639d49c-15c7-5825-b7d8-4765005e6503,3
d2c7ed1d-c8c5-5d26-be45-7869771d6d54,0936718b-bdf4-5888-a93e-0afdb4d81aa5,3
d2c7ed1d-c8c5-5d26-be45-7869771d6d54,0a778475-8e92-519e-bcda-2c02a0fd516d,2
d2c7ed1d-c8c5-5d26-be45-7869771d6d54,b670eb05-6ea0-560e-b97e-e99ab502276c,3
d2c7ed1d-c8c5-5d26-be45-7869771d6d54,38862325-903a-5c90-a407-4a7d95aaa21f,3
d2c7ed1d-c8c5-5d26-be45-7869771d6d54,1fd5c63f-f772-5f65-b816-e78e38bc7c42,3
d2c7ed1d-c8c5-5d26-be45-7869771d6d54,a44a5788-c0bd-51bb-b7f3-47dd16e2be0f,3
d2c7ed1d-c8c5-5d26-be45-7869771d6d54,630e0f1d-b1bb-59f7-b19e-280f48548722,3
d2c7ed1d-c8c5-5d26-be45-7869771d6d54,1cc52057-5c13-599d-926e-b5beb535377f,4
d2c7ed1d-c8c5-5d26-be45-7869771d6d54,894256de-b67e-5c4b-8c98-9c075dbafa43,3
d2c7ed1d-c8c5-5d26-be45-7869771d6d54,18a19ff3-cd95-526e-b49d-f0f164331891,3
d2c7ed1d-c8c5-5d26-be45-7869771d6d54,d2c7ed1d-c8c5-5d26-be45-7869771d6d54,5
d2c7ed1d-c8c5-5d26-be45-7869771d6d54,9216e979-ed16-5497-b963-f707d343ba3d,3
d2c7ed1d-c8c5-5d26-be45-7869771d6d54,9da881a4-ff31-548f-9c8f-e87fd67983aa,5
d2c7ed1d-c8c5-5d26-be45-7869771d6d54,ac1ffc46-2ef5-5f03-a2c2-ef3aba1d5455,3
d2c7ed1d-c8c5-5d26-be45-7869771d6d54,1e419658-4d63-5c56-b066-8872836eb5e9,4
d2c7ed1d-c8c5-5d26-be45-7869771d6d54,86457463-d115-58f7-aaa6-6dfc7ad345c0,3
d2c7ed1d-c8c5-5d26-be45-7869771d6d54,4c69140f-b5c1-59fc-a421-f8ad1a394a64,1
d2c7ed1d-c8c5-5d26-be45-7869771d6d54,20e88f8a-bd21-5e0e-9f82-1dbeb7572f27,2
9216e979-ed16-5497-b963-f707d343ba3d,e43a37b9-d86e-50bf-90c1-20b4c0cffbe0,2
9216e979-ed16-5497-b963-f707d343ba3d,c91c0cbf-9b34-5cb2-88f9-ca5937963928,2
9216e979-ed16-5497-b963-f707d343ba3d,28b0d572-aa4e-5de7-b620-6ae9cb6cab9e,2
9216e979-ed16-5497-b963-f707d343ba3d,2e62310c-5778-5861-96cd-1a95e53e044e,2
9216e979-ed16-5497-b963-f707d343ba3d,b34520b6-8f5a-591a-83b8-dbce1961baac,2
9216e979-ed16-5497-b963-f707d343ba3d,784c6b4f-efcf-581a-8fc5-075ec33f4065,2
9216e979-ed16-5497-b963-f707d343ba3d,ddf9c247-5ec0-57fb-a41d-c9cf7546e2d8,2
9216e979-ed16-5497-b963-f707d343ba3d,71ddb23f-c0c9-5706-afe4-0c0e61e23113,2
9216e979-ed16-5497-b963-f707d343ba3d,d03a8f6e-7994-5cdb-ac19-9e83ed2b42a5,4
9216e979-ed16-5497-b963-f707d343ba3d,89d77124-c997-569d-82b4-71eb82cfae08,4
9216e979-ed16-5497-b963-f707d343ba3d,e05c5e11-180d-5409-b37f-173d43d465bc,4
9216e979-ed16-5497-b963-f707d343ba3d,9cbbb4a4-2e06-50e4-b155-074fbb698b91,4
9216e979-ed16-5497-b963-f707d343ba3d,bf2e9326-8051-57d2-a020-18418d7e4e6f,4
9216e979-ed16-5497-b963-f707d343ba3d,c8a8a61f-a72b-5294-a855-7c2368f6a922,4
9216e979-ed16-5497-b963-f707d343ba3d,7af13960-ba5e-581c-b839-6dd085d4f423,4
9216e979-ed16-5497-b963-f707d343ba3d,c639d49c-15c7-5825-b7d8-4765005e6503,3
9216e979-ed16-5497-b963-f707d343ba3d,0936718b-bdf4-5888-a93e-0afdb4d81aa5,3
9216e979-ed16-5497-b963-f707d343ba3d,0a778475-8e92-519e-bcda-2c02a0fd516d,2
9216e979-ed16-5497-b963-f707d343ba3d,b670eb05-6ea0-560e-b97e-e99ab502276c,4
9216e979-ed16-5497-b963-f707d343ba3d,38862325-903a-5c90-a407-4a7d95aaa21f,4
9216e979-ed16-5497-b963-f707d343ba3d,1fd5c63f-f772-5f65-b816-e78e38bc7c42,5
9216e979-ed16-5497-b963-f707d343ba3d,a44a5788-c0bd-51bb-b7f3-47dd16e2be0f,5
9216e979-ed16-5497-b963-f707d343ba3d,630e0f1d-b1bb-59f7-b19e-280f48548722,5
9216e979-ed16-5497-b963-f707d343ba3d,1cc52057-5c13-599d-926e-b5beb535377f,4
9216e979-ed16-5497-b963-f707d343ba3d,894256de-b67e-5c4b-8c98-9c075dbafa43,4
9216e979-ed16-5497-b963-f707d343ba3d,18a19ff3-cd95-526e-b49d-f0f164331891,5
9216e979-ed16-5497-b963-f707d343ba3d,d2c7ed1d-c8c5-5d26-be45-7869771d6d54,3
9216e979-ed16-5497-b963-f707d343ba3d,9216e979-ed16-5497-b963-f707d343ba3d,5
9216e979-ed16-5497-b963-f707d343ba3d,9da881a4-ff31-548f-9c8f-e87fd67983aa,3
9216e979-ed16-5497-b963-f707d343ba3d,ac1ffc46-2ef5-5f03-a2c2-ef3aba1d5455,5
9216e979-ed16-5497-b963-f707d343ba3d,1e419658-4d63-5c56-b066-8872836eb5e9,2
9216e979-ed16-5497-b963-f707d343ba3d,86457463-d115-58f7-aaa6-6dfc7ad345c0,3
9da881a4-ff31-548f-9c8f-e87fd67983aa,e43a37b9-d86e-50bf-90c1-20b4c0cffbe0,2
9da881a4-ff31-548f-9c8f-e87fd67983aa,c91c0cbf-9b34-5cb2-88f9-ca5937963928,2
9da881a4-ff31-548f-9c8f-e87fd67983aa,28b0d572-aa4e-5de7-b620-6ae9cb6cab9e,2
9da881a4-ff31-548f-9c8f-e87fd67983aa,2e62310c-5778-5861-96cd-1a95e53e044e,2
9da881a4-ff31-548f-9c8f-e87fd67983aa,b34520b6-8f5a-591a-83b8-dbce1961baac,2
9da881a4-ff31-548f-9c8f-e87fd67983aa,784c6b4f-efcf-581a-8fc5-075ec33f4065,2
9da881a4-ff31-548f-9c8f-e87fd67983aa,ddf9c247-5ec0-57fb-a41d-c9cf7546e2d8,2
9da881a4-ff31-548f-9c8f-e87fd67983aa,71ddb23f-c0c9-5706-afe4-0c0e61e23113,2
9da881a4-ff31-548f-9c8f-e87fd67983aa,d03a8f6e-7994-5cdb-ac19-9e83ed2b42a5,4
9da881a4-ff31-548f-9c8f-e87fd67983aa,89d77124-c997-569d-82b4-71eb82cfae08,4
9da881a4-ff31-548f-9c8f-e87fd67983aa,e05c5e11-180d-5409-b37f-173d43d465bc,3
9da881a4-ff31-548f-9c8f-e87fd67983aa,9cbbb4a4-2e06-50e4-b155-074fbb698b91,3
9da881a4-ff31-548f-9c8f-e87fd67983aa,bf2e9326-8051-57d2-a020-18418d7e4e6f,3
9da881a4-ff31-548f-9c8f-e87fd67983aa,c8a8a61f-a72b-5294-a855-7c2368f6a922,4
9da881a4-ff31-548f-9c8f-e87fd67983aa,7af13960-ba5e-581c-b839-6dd085d4f423,3
9da881a4-ff31-548f-9c8f-e87fd67983aa,c6a2b173-e738-5995-b07c-2a50079f11c1,3
9da881a4-ff31-548f-9c8f-e87fd67983aa,c639d49c-15c7-5825-b7d8-4765005e6503,3
9da881a4-ff31-548f-9c8f-e87fd67983aa,0936718b-bdf4-5888-a93e-0afdb4d81aa5,3
9da881a4-ff31-548f-9c8f-e87fd67983aa,0a778475-8e92-519e-bcda-2c02a0fd516d,2
9da881a4-ff31-548f-9c8f-e87fd67983aa,b670eb05-6ea0-560e-b97e-e99ab502276c,3
9da881a4-ff31-548f-9c8f-e87fd67983aa,38862325-903a-5c90-a407-4a7d95aaa21f,3
9da881a4-ff31-548f-9c8f-e87fd67983aa,1fd5c63f-f772-5f65-b816-e78e38bc7c42,3
9da881a4-ff31-548f-9c8f-e87fd67983aa,a44a5788-c0bd-51bb-b7f3-47dd16e2be0f,3
9da881a4-ff31-548f-9c8f-e87fd67983aa,630e0f1d-b1bb-59f7-b19e-280f48548722,3
9da881a4-ff31-548f-9c8f-e87fd67983aa,1cc52057-5c13-599d-926e-b5beb535377f,4
9da881a4-ff31-548f-9c8f-e87fd67983aa,894256de-b67e-5c4b-8c98-9c075dbafa43,3
9da881a4-ff31-548f-9c8f-e87fd67983aa,18a19ff3-cd95-526e-b49d-f0f164331891,3
9da881a4-ff31-548f-9c8f-e87fd67983aa,d2c7ed1d-c8c5-5d26-be45-7869771d6d54,5
9da881a4-ff31-548f-9c8f-e87fd67983aa,9216e979-ed16-5497-b963-f707d343ba3d,3
9da881a4-ff31-548f-9c8f-e87fd67983aa,9da881a4-ff31-548f-9c8f-e87fd67983aa,5
9da881a4-ff31-548f-9c8f-e87fd67983aa,ac1ffc46-2ef5-5f03-a2c2-ef3aba1d5455,3
9da881a4-ff31-548f-9c8f-e87fd67983aa,1e419658-4d63-5c56-b066-8872836eb5e9,4
9da881a4-ff31-548f-9c8f-e87fd67983aa,86457463-d115-58f7-aaa6-6dfc7ad345c0,3
ac1ffc46-2ef5-5f03-a2c2-ef3aba1d5455,e43a37b9-d86e-50bf-90c1-20b4c0cffbe0,2
ac1ffc46-2ef5-5f03-a2c2-ef3aba1d5455,c91c0cbf-9b34-5cb2-88f9-ca5937963928,2
ac1ffc46-2ef5-5f03-a2c2-ef3aba1d5455,28b0d572-aa4e-5de7-b620-6ae9cb6cab9e,2
ac1ffc46-2ef5-5f03-a2c2-ef3aba1d5455,2e62310c-5778-5861-96cd-1a95e53e044e,2
ac1ffc46-2ef5-5f03-a2c2-ef3aba1d5455,b34520b6-8f5a-591a-83b8-dbce1961baac,2
ac1ffc46-2ef5-5f03-a2c2-ef3aba1d5455,784c6b4f-efcf-581a-8fc5-075ec33f4065,2
ac1ffc46-2ef5-5f03-a2c2-ef3aba1d5455,ddf9c247-5ec0-57fb-a41d-c9cf7546e2d8,2
ac1ffc46-2ef5-5f03-a2c2-ef3aba1d5455,71ddb23f-c0c9-5706-afe4-0c0e61e23113,2
ac1ffc46-2ef5-5f03-a2c2-ef3aba1d5455,d03a8f6e-7994-5cdb-ac19-9e83ed2b42a5,4
ac1ffc46-2ef5-5f03-a2c2-ef3aba1d5455,89d77124-c997-569d-82b4-71eb82cfae08,4
ac1ffc46-2ef5-5f03-a2c2-ef3aba1d5455,e05c5e11-180d-5409-b37f-173d43d465bc,4
ac1ffc46-2ef5-5f03-a2c2-ef3aba1d5455,9cbbb4a4-2e06-50e4-b155-074fbb698b91,4
ac1ffc46-2ef5-5f03-a2c2-ef3aba1d5455,bf2e9326-8051-57d2-a020-18418d7e4e6f,4
ac1ffc46-2ef5-5f03-a2c2-ef3aba1d5455,c8a8a61f-a72b-5294-a855-7c2368f6a922,4
ac1ffc46-2ef5-5f03-a2c2-ef3aba1d5455,7af13960-ba5e-581c-b839-6dd085d4f423,4
ac1ffc46-2ef5-5f03-a2c2-ef3aba1d5455,c639d49c-15c7-5825-b7d8-4765005e6503,3
ac1ffc46-2ef5-5f03-a2c2-ef3aba1d5455,0936718b-bdf4-5888-a93e-0afdb4d81aa5,3
ac1ffc46-2ef5-5f03-a2c2-ef3aba1d5455,0a778475-8e92-519e-bcda-2c02a0fd516d,2
ac1ffc46-2ef5-5f03-a2c2-ef3aba1d5455,b670eb05-6ea0-560e-b97e-e99ab502276c,4
ac1ffc46-2ef5-5f03-a2c2-ef3aba1d5455,38862325-903a-5c90-a407-4a7d95aaa21f,4
ac1ffc46-2ef5-5f03-a2c2-ef3aba1d5455,1fd5c63f-f772-5f65-b816-e78e38bc7c42,4
ac1ffc46-2ef5-5f03-a2c2-ef3aba1d5455,a44a5788-c0bd-51bb-b7f3-47dd16e2be0f,4
ac1ffc46-2ef5-5f03-a2c2-ef3aba1d5455,630e0f1d-b1bb-59f7-b19e-280f48548722,4
ac1ffc46-2ef5-5f03-a2c2-ef3aba1d5455,1cc52057-5c13-599d-926e-b5beb535377f,4
ac1ffc46-2ef5-5f03-a2c2-ef3aba1d5455,894256de-b67e-5c4b-8c98-9c075dbafa43,4
ac1ffc46-2ef5-5f03-a2c2-ef3aba1d5455,18a19ff3-cd95-526e-b49d-f0f164331891,5
ac1ffc46-2ef5-5f03-a2c2-ef3aba1d5455,d2c7ed1d-c8c5-5d26-be45-7869771d6d54,3
ac1ffc46-2ef5-5f03-a2c2-ef3aba1d5455,9216e979-ed16-5497-b963-f707d343ba3d,5
ac1ffc46-2ef5-5f03-a2c2-ef3aba1d5455,9da881a4-ff31-548f-9c8f-e87fd67983aa,3
ac1ffc46-2ef5-5f03-a2c2-ef3aba1d5455,ac1ffc46-2ef5-5f03-a2c2-ef3aba1d5455,5
ac1ffc46-2ef5-5f03-a2c2-ef3aba1d5455,1e419658-4d63-5c56-b066-8872836eb5e9,2
ac1ffc46-2ef5-5f03-a2c2-ef3aba1d5455,86457463-d115-58f7-aaa6-6dfc7ad345c0,3
1e419658-4d63-5c56-b066-8872836eb5e9,e43a37b9-d86e-50bf-90c1-20b4c0cffbe0,2
1e419658-4d63-5c56-b066-8872836eb5e9,c91c0cbf-9b34-5cb2-88f9-ca5937963928,2
1e419658-4d63-5c56-b066-8872836eb5e9,28b0d572-aa4e-5de7-b620-6ae9cb6cab9e,2
1e419658-4d63-5c56-b066-8872836eb5e9,2e62310c-5778-5861-96cd-1a95e53e044e,2
1e419658-4d63-5c56-b066-8872836eb5e9,b34520b6-8f5a-591a-83b8-dbce1961baac,2
1e419658-4d63-5c56-b066-8872836eb5e9,784c6b4f-efcf-581a-8fc5-075ec33f4065,2
1e419658-4d63-5c56-b066-8872836eb5e9,ddf9c247-5ec0-57fb-a41d-c9cf7546e2d8,2
1e419658-4d63-5c56-b066-8872836eb5e9,71ddb23f-c0c9-5706-afe4-0c0e61e23113,2
1e419658-4d63-5c56-b066-8872836eb5e9,d03a8f6e-7994-5cdb-ac19-9e83ed2b42a5,3
1e419658-4d63-5c56-b066-8872836eb5e9,89d77124-c997-569d-82b4-71eb82cfae08,3
1e419658-4d63-5c56-b066-8872836eb5e9,e05c5e11-180d-5409-b37f-173d43d465bc,3
1e419658-4d63-5c56-b066-8872836eb5e9,9cbbb4a4-2e06-50e4-b155-074fbb698b91,3
1e419658-4d63-5c56-b066-8872836eb5e9,bf2e9326-8051-57d2-a020-18418d7e4e6f,3
1e419658-4d63-5c56-b066-8872836eb5e9,c8a8a61f-a72b-5294-a855-7c2368f6a922,3
1e419658-4d63-5c56-b066-8872836eb5e9,7af13960-ba5e-581c-b839-6dd085d4f423,3
1e419658-4d63-5c56-b066-8872836eb5e9,c6a2b173-e738-5995-b07c-2a50079f11c1,3
1e419658-4d63-5c56-b066-8872836eb5e9,1cc7c977-1b5d-5306-9933-2ddc299ad937,3
1e419658-4d63-5c56-b066-8872836eb5e9,09b101aa-b945-5d4e-a0af-deb4238a10f2,3
1e419658-4d63-5c56-b066-8872836eb5e9,eda8b7f4-4240-59f0-bf3f-9b0a22324b80,3
1e419658-4d63-5c56-b066-8872836eb5e9,c639d49c-15c7-5825-b7d8-4765005e6503,3
1e419658-4d63-5c56-b066-8872836eb5e9,0936718b-bdf4-5888-a93e-0afdb4d81aa5,3
1e419658-4d63-5c56-b066-8872836eb5e9,0a778475-8e92-519e-bcda-2c02a0fd516d,2
1e419658-4d63-5c56-b066-8872836eb5e9,b670eb05-6ea0-560e-b97e-e99ab502276c,2
1e419658-4d63-5c56-b066-8872836eb5e9,38862325-903a-5c90-a407-4a7d95aaa21f,2
1e419658-4d63-5c56-b066-8872836eb5e9,1fd5c63f-f772-5f65-b816-e78e38bc7c42,2
1e419658-4d63-5c56-b066-8872836eb5e9,a44a5788-c0bd-51bb-b7f3-47dd16e2be0f,2
1e419658-4d63-5c56-b066-8872836eb5e9,630e0f1d-b1bb-59f7-b19e-280f48548722,2
1e419658-4d63-5c56-b066-8872836eb5e9,1cc52057-5c13-599d-926e-b5beb535377f,2
1e419658-4d63-5c56-b066-8872836eb5e9,894256de-b67e-5c4b-8c98-9c075dbafa43,2
1e419658-4d63-5c56-b066-8872836eb5e9,18a19ff3-cd95-526e-b49d-f0f164331891,2
1e419658-4d63-5c56-b066-8872836eb5e9,d2c7ed1d-c8c5-5d26-be45-7869771d6d54,4
1e419658-4d63-5c56-b066-8872836eb5e9,9216e979-ed16-5497-b963-f707d343ba3d,2
1e419658-4d63-5c56-b066-8872836eb5e9,9da881a4-ff31-548f-9c8f-e87fd67983aa,4
1e419658-4d63-5c56-b066-8872836eb5e9,ac1ffc46-2ef5-5f03-a2c2-ef3aba1d5455,2
1e419658-4d63-5c56-b066-8872836eb5e9,1e419658-4d63-5c56-b066-8872836eb5e9,5
1e419658-4d63-5c56-b066-8872836eb5e9,6317c10c-48a3-54d4-9009-61c064461d2d,1
1e419658-4d63-5c56-b066-8872836eb5e9,d8eb6802-633f-5c7e-a4b4-6f7b585f1d75,3
1e419658-4d63-5c56-b066-8872836eb5e9,79d55e52-2a80-5e5d-8bc9-3d2020d844ae,4
1e419658-4d63-5c56-b066-8872836eb5e9,6766f734-fa72-5b43-8aeb-108daaa93ecc,3
1e419658-4d63-5c56-b066-8872836eb5e9,86457463-d115-58f7-aaa6-6dfc7ad345c0,4
1e419658-4d63-5c56-b066-8872836eb5e9,4c69140f-b5c1-59fc-a421-f8ad1a394a64,3
1e419658-4d63-5c56-b066-8872836eb5e9,01e1ed25-a83b-57c5-be07-6fb6e25bd20d,2
6317c10c-48a3-54d4-9009-61c064461d2d,1e419658-4d63-5c56-b066-8872836eb5e9,1
6317c10c-48a3-54d4-9009-61c064461d2d,6317c10c-48a3-54d4-9009-61c064461d2d,5
6317c10c-48a3-54d4-9009-61c064461d2d,d8eb6802-633f-5c7e-a4b4-6f7b585f1d75,2
6317c10c-48a3-54d4-9009-61c064461d2d,79d55e52-2a80-5e5d-8bc9-3d2020d844ae,2
6317c10c-48a3-54d4-9009-61c064461d2d,6766f734-fa72-5b43-8aeb-108daaa93ecc,3
6317c10c-48a3-54d4-9009-61c064461d2d,86457463-d115-58f7-aaa6-6dfc7ad345c0,3
d8eb6802-633f-5c7e-a4b4-6f7b585f1d75,1cc7c977-1b5d-5306-9933-2ddc299ad937,3
d8eb6802-633f-5c7e-a4b4-6f7b585f1d75,09b101aa-b945-5d4e-a0af-deb4238a10f2,3
d8eb6802-633f-5c7e-a4b4-6f7b585f1d75,eda8b7f4-4240-59f0-bf3f-9b0a22324b80,3
d8eb6802-633f-5c7e-a4b4-6f7b585f1d75,1e419658-4d63-5c56-b066-8872836eb5e9,3
d8eb6802-633f-5c7e-a4b4-6f7b585f1d75,6317c10c-48a3-54d4-9009-61c064461d2d,2
d8eb6802-633f-5c7e-a4b4-6f7b585f1d75,d8eb6802-633f-5c7e-a4b4-6f7b585f1d75,5
d8eb6802-633f-5c7e-a4b4-6f7b585f1d75,79d55e52-2a80-5e5d-8bc9-3d2020d844ae,3
d8eb6802-633f-5c7e-a4b4-6f7b585f1d75,6766f734-fa72-5b43-8aeb-108daaa93ecc,3
d8eb6802-633f-5c7e-a4b4-6f7b585f1d75,86457463-d115-58f7-aaa6-6dfc7ad345c0,3
d8eb6802-633f-5c7e-a4b4-6f7b585f1d75,20e88f8a-bd21-5e0e-9f82-1dbeb7572f27,3
79d55e52-2a80-5e5d-8bc9-3d2020d844ae,d03a8f6e-7994-5cdb-ac19-9e83ed2b42a5,2
79d55e52-2a80-5e5d-8bc9-3d2020d844ae,89d77124-c997-569d-82b4-71eb82cfae08,2
79d55e52-2a80-5e5d-8bc9-3d2020d844ae,e05c5e11-180d-5409-b37f-173d43d465bc,1
79d55e52-2a80-5e5d-8bc9-3d2020d844ae,9cbbb4a4-2e06-50e4-b155-074fbb698b91,1
79d55e52-2a80-5e5d-8bc9-3d2020d844ae,bf2e9326-8051-57d2-a020-18418d7e4e6f,1
79d55e52-2a80-5e5d-8bc9-3d2020d844ae,c8a8a61f-a72b-5294-a855-7c2368f6a922,1
79d55e52-2a80-5e5d-8bc9-3d2020d844ae,7af13960-ba5e-581c-b839-6dd085d4f423,1
79d55e52-2a80-5e5d-8bc9-3d2020d844ae,077e3610-db30-5535-96c5-4b4fb6c0ecbd,2
79d55e52-2a80-5e5d-8bc9-3d2020d844ae,752e5386-1dcd-593a-824f-4399292f3e60,2
79d55e52-2a80-5e5d-8bc9-3d2020d844ae,b3087ff5-3dc2-5f99-a844-b5774317be2c,2
79d55e52-2a80-5e5d-8bc9-3d2020d844ae,0f962b9a-a2c1-5ba9-93a7-3609e59f75a1,2
79d55e52-2a80-5e5d-8bc9-3d2020d844ae,911f879d-e8c9-5b49-8994-3a720fa7d634,2
79d55e52-2a80-5e5d-8bc9-3d2020d844ae,f3b140a6-414b-55d8-8437-7a37e09772ad,2
79d55e52-2a80-5e5d-8bc9-3d2020d844ae,b275afee-1ddc-5879-a993-d0ad3fe115e8,2
79d55e52-2a80-5e5d-8bc9-3d2020d844ae,dc819ed5-f7e0-51f7-a6ef-03017bbf41c5,2
79d55e52-2a80-5e5d-8bc9-3d2020d844ae,14176a14-0fff-5757-89a2-39c4571a7139,2
79d55e52-2a80-5e5d-8bc9-3d2020d844ae,c694bfe8-dc9c-5496-a633-2e8374e3f777,2
79d55e52-2a80-5e5d-8bc9-3d2020d844ae,1e419658-4d63-5c56-b066-8872836eb5e9,4
79d55e52-2a80-5e5d-8bc9-3d2020d844ae,6317c10c-48a3-54d4-9009-61c064461d2d,2
79d55e52-2a80-5e5d-8bc9-3d2020d844ae,d8eb6802-633f-5c7e-a4b4-6f7b585f1d75,3
79d55e52-2a80-5e5d-8bc9-3d2020d844ae,79d55e52-2a80-5e5d-8bc9-3d2020d844ae,5
79d55e52-2a80-5e5d-8bc9-3d2020d844ae,6766f734-fa72-5b43-8aeb-108daaa93ecc,3
79d55e52-2a80-5e5d-8bc9-3d2020d844ae,86457463-d115-58f7-aaa6-6dfc7ad345c0,4
79d55e52-2a80-5e5d-8bc9-3d2020d844ae,77e80601-42e2-5aaa-acd2-fd1079174ab3,3
79d55e52-2a80-5e5d-8bc9-3d2020d844ae,22f5885d-8434-56df-89e2-885b68232365,3
79d55e52-2a80-5e5d-8bc9-3d2020d844ae,fe3eaaec-0928-5934-847d-95f8d93942cd,2
79d55e52-2a80-5e5d-8bc9-3d2020d844ae,a6c19abd-e1b1-5ab8-8816-b2f6c05ba496,2
79d55e52-2a80-5e5d-8bc9-3d2020d844ae,458d030e-4592-537b-aec8-dc33588eb337,2
79d55e52-2a80-5e5d-8bc9-3d2020d844ae,cce79a8e-8eae-5ee6-be2a-7af0a7a08459,2
79d55e52-2a80-5e5d-8bc9-3d2020d844ae,87f95c22-1504-5c92-a8f0-2d1ee8df5466,2
79d55e52-2a80-5e5d-8bc9-3d2020d844ae,2825dbaa-bbd0-53c6-bd1e-d30679b51a69,4
79d55e52-2a80-5e5d-8bc9-3d2020d844ae,83a28abf-2628-5048-92a1-58d37ed3d708,3
79d55e52-2a80-5e5d-8bc9-3d2020d844ae,482c19a2-0809-5e37-87c3-b9102f57cf81,3
6766f734-fa72-5b43-8aeb-108daaa93ecc,6cb1940e-089b-550c-994b-967a2838a1c6,1
6766f734-fa72-5b43-8aeb-108daaa93ecc,be08644d-074f-5f3a-9efe-76fd98dd9352,1
6766f734-fa72-5b43-8aeb-108daaa93ecc,71a51932-46c6-5ac5-9664-416aa6d0314e,1
6766f734-fa72-5b43-8aeb-108daaa93ecc,d0b7e504-f9c6-5ce6-8fe9-c129f6b67cea,1
6766f734-fa72-5b43-8aeb-108daaa93ecc,7442da53-9c7d-577e-9ad7-410bee197b1e,1
6766f734-fa72-5b43-8aeb-108daaa93ecc,57d1d8bd-114a-5579-b4e4-9f9f16b6dac1,1
6766f734-fa72-5b43-8aeb-108daaa93ecc,4f4b0751-5cfe-5a43-9362-8c7dba59b36c,4
6766f734-fa72-5b43-8aeb-108daaa93ecc,df1d48cd-df3a-5628-a040-6778bf13622b,4
6766f734-fa72-5b43-8aeb-108daaa93ecc,d03a8f6e-7994-5cdb-ac19-9e83ed2b42a5,1
6766f734-fa72-5b43-8aeb-108daaa93ecc,89d77124-c997-569d-82b4-71eb82cfae08,1
6766f734-fa72-5b43-8aeb-108daaa93ecc,386a6ef6-09ba-5655-b636-ae4dba9a0515,4
6766f734-fa72-5b43-8aeb-108daaa93ecc,6e834874-ddde-59d5-ae61-151ce52f3bd9,4
6766f734-fa72-5b43-8aeb-108daaa93ecc,c0d261de-414a-5439-9b3e-5d11d63ca082,4
6766f734-fa72-5b43-8aeb-108daaa93ecc,620fcc12-1c5b-5d2e-ad11-e9b506320a0e,4
6766f734-fa72-5b43-8aeb-108daaa93ecc,f9bcacc3-ec3b-54f5-9f37-c919d69d55dc,4
6766f734-fa72-5b43-8aeb-108daaa93ecc,b90181dd-8347-50e0-afe4-81250bf3f29b,3
6766f734-fa72-5b43-8aeb-108daaa93ecc,1e419658-4d63-5c56-b066-8872836eb5e9,3
6766f734-fa72-5b43-8aeb-108daaa93ecc,6317c10c-48a3-54d4-9009-61c064461d2d,3
6766f734-fa72-5b43-8aeb-108daaa93ecc,d8eb6802-633f-5c7e-a4b4-6f7b585f1d75,3
6766f734-fa72-5b43-8aeb-108daaa93ecc,79d55e52-2a80-5e5d-8bc9-3d2020d844ae,3
6766f734-fa72-5b43-8aeb-108daaa93ecc,6766f734-fa72-5b43-8aeb-108daaa93ecc,5
6766f734-fa72-5b43-8aeb-108daaa93ecc,86457463-d115-58f7-aaa6-6dfc7ad345c0,4
6766f734-fa72-5b43-8aeb-108daaa93ecc,77e80601-42e2-5aaa-acd2-fd1079174ab3,3
6766f734-fa72-5b43-8aeb-108daaa93ecc,22f5885d-8434-56df-89e2-885b68232365,3
6766f734-fa72-5b43-8aeb-108daaa93ecc,fe3eaaec-0928-5934-847d-95f8d93942cd,3
6766f734-fa72-5b43-8aeb-108daaa93ecc,a6c19abd-e1b1-5ab8-8816-b2f6c05ba496,3
6766f734-fa72-5b43-8aeb-108daaa93ecc,458d030e-4592-537b-aec8-dc33588eb337,2
6766f734-fa72-5b43-8aeb-108daaa93ecc,cce79a8e-8eae-5ee6-be2a-7af0a7a08459,2
6766f734-fa72-5b43-8aeb-108daaa93ecc,87f95c22-1504-5c92-a8f0-2d1ee8df5466,3
6766f734-fa72-5b43-8aeb-108daaa93ecc,0fc96ba5-2e99-50dd-9e48-21a7a7013eca,2
6766f734-fa72-5b43-8aeb-108daaa93ecc,a92a73a1-df74-5394-b24a-f1eeae520988,2
6766f734-fa72-5b43-8aeb-108daaa93ecc,8410b912-0b3e-574f-986b-a86c59b91748,2
6766f734-fa72-5b43-8aeb-108daaa93ecc,20e88f8a-bd21-5e0e-9f82-1dbeb7572f27,1
86457463-d115-58f7-aaa6-6dfc7ad345c0,6cb1940e-089b-550c-994b-967a2838a1c6,1
86457463-d115-58f7-aaa6-6dfc7ad345c0,be08644d-074f-5f3a-9efe-76fd98dd9352,1
86457463-d115-58f7-aaa6-6dfc7ad345c0,71a51932-46c6-5ac5-9664-416aa6d0314e,1
86457463-d115-58f7-aaa6-6dfc7ad345c0,d0b7e504-f9c6-5ce6-8fe9-c129f6b67cea,1
86457463-d115-58f7-aaa6-6dfc7ad345c0,7442da53-9c7d-577e-9ad7-410bee197b1e,1
86457463-d115-58f7-aaa6-6dfc7ad345c0,57d1d8bd-114a-5579-b4e4-9f9f16b6dac1,1
86457463-d115-58f7-aaa6-6dfc7ad345c0,4f4b0751-5cfe-5a43-9362-8c7dba59b36c,4
86457463-d115-58f7-aaa6-6dfc7ad345c0,df1d48cd-df3a-5628-a040-6778bf13622b,4
86457463-d115-58f7-aaa6-6dfc7ad345c0,d03a8f6e-7994-5cdb-ac19-9e83ed2b42a5,1
86457463-d115-58f7-aaa6-6dfc7ad345c0,89d77124-c997-569d-82b4-71eb82cfae08,1
86457463-d115-58f7-aaa6-6dfc7ad345c0,386a6ef6-09ba-5655-b636-ae4dba9a0515,3
86457463-d115-58f7-aaa6-6dfc7ad345c0,6e834874-ddde-59d5-ae61-151ce52f3bd9,3
86457463-d115-58f7-aaa6-6dfc7ad345c0,c0d261de-414a-5439-9b3e-5d11d63ca082,3
86457463-d115-58f7-aaa6-6dfc7ad345c0,620fcc12-1c5b-5d2e-ad11-e9b506320a0e,3
86457463-d115-58f7-aaa6-6dfc7ad345c0,f9bcacc3-ec3b-54f5-9f37-c919d69d55dc,3
86457463-d115-58f7-aaa6-6dfc7ad345c0,b90181dd-8347-50e0-afe4-81250bf3f29b,3
86457463-d115-58f7-aaa6-6dfc7ad345c0,b670eb05-6ea0-560e-b97e-e99ab502276c,3
86457463-d115-58f7-aaa6-6dfc7ad345c0,38862325-903a-5c90-a407-4a7d95aaa21f,3
86457463-d115-58f7-aaa6-6dfc7ad345c0,1fd5c63f-f772-5f65-b816-e78e38bc7c42,3
86457463-d115-58f7-aaa6-6dfc7ad345c0,a44a5788-c0bd-51bb-b7f3-47dd16e2be0f,3
86457463-d115-58f7-aaa6-6dfc7ad345c0,630e0f1d-b1bb-59f7-b19e-280f48548722,3
86457463-d115-58f7-aaa6-6dfc7ad345c0,1cc52057-5c13-599d-926e-b5beb535377f,4
86457463-d115-58f7-aaa6-6dfc7ad345c0,894256de-b67e-5c4b-8c98-9c075dbafa43,3
86457463-d115-58f7-aaa6-6dfc7ad345c0,18a19ff3-cd95-526e-b49d-f0f164331891,3
86457463-d115-58f7-aaa6-6dfc7ad345c0,d2c7ed1d-c8c5-5d26-be45-7869771d6d54,3
86457463-d115-58f7-aaa6-6dfc7ad345c0,9216e979-ed16-5497-b963-f707d343ba3d,3
86457463-d115-58f7-aaa6-6dfc7ad345c0,9da881a4-ff31-548f-9c8f-e87fd67983aa,3
86457463-d115-58f7-aaa6-6dfc7ad345c0,ac1ffc46-2ef5-5f03-a2c2-ef3aba1d5455,3
86457463-d115-58f7-aaa6-6dfc7ad345c0,1e419658-4d63-5c56-b066-8872836eb5e9,4
86457463-d115-58f7-aaa6-6dfc7ad345c0,6317c10c-48a3-54d4-9009-61c064461d2d,3
86457463-d115-58f7-aaa6-6dfc7ad345c0,d8eb6802-633f-5c7e-a4b4-6f7b585f1d75,3
86457463-d115-58f7-aaa6-6dfc7ad345c0,79d55e52-2a80-5e5d-8bc9-3d2020d844ae,4
86457463-d115-58f7-aaa6-6dfc7ad345c0,6766f734-fa72-5b43-8aeb-108daaa93ecc,4
86457463-d115-58f7-aaa6-6dfc7ad345c0,86457463-d115-58f7-aaa6-6dfc7ad345c0,5
86457463-d115-58f7-aaa6-6dfc7ad345c0,77e80601-42e2-5aaa-acd2-fd1079174ab3,4
86457463-d115-58f7-aaa6-6dfc7ad345c0,22f5885d-8434-56df-89e2-885b68232365,3
86457463-d115-58f7-aaa6-6dfc7ad345c0,fe3eaaec-0928-5934-847d-95f8d93942cd,3
86457463-d115-58f7-aaa6-6dfc7ad345c0,a6c19abd-e1b1-5ab8-8816-b2f6c05ba496,3
86457463-d115-58f7-aaa6-6dfc7ad345c0,458d030e-4592-537b-aec8-dc33588eb337,2
86457463-d115-58f7-aaa6-6dfc7ad345c0,cce79a8e-8eae-5ee6-be2a-7af0a7a08459,2
86457463-d115-58f7-aaa6-6dfc7ad345c0,87f95c22-1504-5c92-a8f0-2d1ee8df5466,3
86457463-d115-58f7-aaa6-6dfc7ad345c0,0fc96ba5-2e99-50dd-9e48-21a7a7013eca,2
86457463-d115-58f7-aaa6-6dfc7ad345c0,a92a73a1-df74-5394-b24a-f1eeae520988,2
86457463-d115-58f7-aaa6-6dfc7ad345c0,8410b912-0b3e-574f-986b-a86c59b91748,2
86457463-d115-58f7-aaa6-6dfc7ad345c0,20e88f8a-bd21-5e0e-9f82-1dbeb7572f27,1
77e80601-42e2-5aaa-acd2-fd1079174ab3,6cb1940e-089b-550c-994b-967a2838a1c6,1
77e80601-42e2-5aaa-acd2-fd1079174ab3,be08644d-074f-5f3a-9efe-76fd98dd9352,1
77e80601-42e2-5aaa-acd2-fd1079174ab3,71a51932-46c6-5ac5-9664-416aa6d0314e,1
77e80601-42e2-5aaa-acd2-fd1079174ab3,d0b7e504-f9c6-5ce6-8fe9-c129f6b67cea,1
77e80601-42e2-5aaa-acd2-fd1079174ab3,7442da53-9c7d-577e-9ad7-410bee197b1e,1
77e80601-42e2-5aaa-acd2-fd1079174ab3,57d1d8bd-114a-5579-b4e4-9f9f16b6dac1,1
77e80601-42e2-5aaa-acd2-fd1079174ab3,4f4b0751-5cfe-5a43-9362-8c7dba59b36c,4
77e80601-42e2-5aaa-acd2-fd1079174ab3,df1d48cd-df3a-5628-a040-6778bf13622b,4
77e80601-42e2-5aaa-acd2-fd1079174ab3,d03a8f6e-7994-5cdb-ac19-9e83ed2b42a5,1
77e80601-42e2-5aaa-acd2-fd1079174ab3,89d77124-c997-569d-82b4-71eb82cfae08,1
77e80601-42e2-5aaa-acd2-fd1079174ab3,386a6ef6-09ba-5655-b636-ae4dba9a0515,4
77e80601-42e2-5aaa-acd2-fd1079174ab3,6e834874-ddde-59d5-ae61-151ce52f3bd9,4
77e80601-42e2-5aaa-acd2-fd1079174ab3,c0d261de-414a-5439-9b3e-5d11d63ca082,4
77e80601-42e2-5aaa-acd2-fd1079174ab3,620fcc12-1c5b-5d2e-ad11-e9b506320a0e,4
77e80601-42e2-5aaa-acd2-fd1079174ab3,f9bcacc3-ec3b-54f5-9f37-c919d69d55dc,4
77e80601-42e2-5aaa-acd2-fd1079174ab3,b90181dd-8347-50e0-afe4-81250bf3f29b,3
77e80601-42e2-5aaa-acd2-fd1079174ab3,79d55e52-2a80-5e5d-8bc9-3d2020d844ae,3
77e80601-42e2-5aaa-acd2-fd1079174ab3,6766f734-fa72-5b43-8aeb-108daaa93ecc,3
77e80601-42e2-5aaa-acd2-fd1079174ab3,86457463-d115-58f7-aaa6-6dfc7ad345c0,4
77e80601-42e2-5aaa-acd2-fd1079174ab3,77e80601-42e2-5aaa-acd2-fd1079174ab3,5
77e80601-42e2-5aaa-acd2-fd1079174ab3,22f5885d-8434-56df-89e2-885b68232365,4
77e80601-42e2-5aaa-acd2-fd1079174ab3,fe3eaaec-0928-5934-847d-95f8d93942cd,3
77e80601-42e2-5aaa-acd2-fd1079174ab3,a6c19abd-e1b1-5ab8-8816-b2f6c05ba496,3
77e80601-42e2-5aaa-acd2-fd1079174ab3,458d030e-4592-537b-aec8-dc33588eb337,2
77e80601-42e2-5aaa-acd2-fd1079174ab3,cce79a8e-8eae-5ee6-be2a-7af0a7a08459,2
77e80601-42e2-5aaa-acd2-fd1079174ab3,87f95c22-1504-5c92-a8f0-2d1ee8df5466,3
77e80601-42e2-5aaa-acd2-fd1079174ab3,2825dbaa-bbd0-53c6-bd1e-d30679b51a69,4
77e80601-42e2-5aaa-acd2-fd1079174ab3,83a28abf-2628-5048-92a1-58d37ed3d708,2
77e80601-42e2-5aaa-acd2-fd1079174ab3,482c19a2-0809-5e37-87c3-b9102f57cf81,2
77e80601-42e2-5aaa-acd2-fd1079174ab3,0fc96ba5-2e99-50dd-9e48-21a7a7013eca,2
77e80601-42e2-5aaa-acd2-fd1079174ab3,a92a73a1-df74-5394-b24a-f1eeae520988,2
77e80601-42e2-5aaa-acd2-fd1079174ab3,8410b912-0b3e-574f-986b-a86c59b91748,2
77e80601-42e2-5aaa-acd2-fd1079174ab3,20e88f8a-bd21-5e0e-9f82-1dbeb7572f27,1
22f5885d-8434-56df-89e2-885b68232365,6cb1940e-089b-550c-994b-967a2838a1c6,1
22f5885d-8434-56df-89e2-885b68232365,be08644d-074f-5f3a-9efe-76fd98dd9352,1
22f5885d-8434-56df-89e2-885b68232365,71a51932-46c6-5ac5-9664-416aa6d0314e,1
22f5885d-8434-56df-89e2-885b68232365,d0b7e504-f9c6-5ce6-8fe9-c129f6b67cea,1
22f5885d-8434-56df-89e2-885b68232365,7442da53-9c7d-577e-9ad7-410bee197b1e,1
22f5885d-8434-56df-89e2-885b68232365,57d1d8bd-114a-5579-b4e4-9f9f16b6dac1,1
22f5885d-8434-56df-89e2-885b68232365,4f4b0751-5cfe-5a43-9362-8c7dba59b36c,4
22f5885d-8434-56df-89e2-885b68232365,df1d48cd-df3a-5628-a040-6778bf13622b,4
22f5885d-8434-56df-89e2-885b68232365,386a6ef6-09ba-5655-b636-ae4dba9a0515,4
22f5885d-8434-56df-89e2-885b68232365,6e834874-ddde-59d5-ae61-151ce52f3bd9,4
22f5885d-8434-56df-89e2-885b68232365,c0d261de-414a-5439-9b3e-5d11d63ca082,4
22f5885d-8434-56df-89e2-885b68232365,620fcc12-1c5b-5d2e-ad11-e9b506320a0e,4
22f5885d-8434-56df-89e2-885b68232365,f9bcacc3-ec3b-54f5-9f37-c919d69d55dc,4
22f5885d-8434-56df-89e2-885b68232365,b90181dd-8347-50e0-afe4-81250bf3f29b,3
22f5885d-8434-56df-89e2-885b68232365,79d55e52-2a80-5e5d-8bc9-3d2020d844ae,3
22f5885d-8434-56df-89e2-885b68232365,6766f734-fa72-5b43-8aeb-108daaa93ecc,3
22f5885d-8434-56df-89e2-885b68232365,86457463-d115-58f7-aaa6-6dfc7ad345c0,3
22f5885d-8434-56df-89e2-885b68232365,77e80601-42e2-5aaa-acd2-fd1079174ab3,4
22f5885d-8434-56df-89e2-885b68232365,22f5885d-8434-56df-89e2-885b68232365,5
22f5885d-8434-56df-89e2-885b68232365,fe3eaaec-0928-5934-847d-95f8d93942cd,4
22f5885d-8434-56df-89e2-885b68232365,a6c19abd-e1b1-5ab8-8816-b2f6c05ba496,4
22f5885d-8434-56df-89e2-885b68232365,458d030e-4592-537b-aec8-dc33588eb337,4
22f5885d-8434-56df-89e2-885b68232365,cce79a8e-8eae-5ee6-be2a-7af0a7a08459,4
22f5885d-8434-56df-89e2-885b68232365,87f95c22-1504-5c92-a8f0-2d1ee8df5466,4
22f5885d-8434-56df-89e2-885b68232365,7d7cec0e-2c09-5b0b-8c50-643fcdf97a53,4
22f5885d-8434-56df-89e2-885b68232365,0fc96ba5-2e99-50dd-9e48-21a7a7013eca,3
22f5885d-8434-56df-89e2-885b68232365,a92a73a1-df74-5394-b24a-f1eeae520988,3
22f5885d-8434-56df-89e2-885b68232365,8410b912-0b3e-574f-986b-a86c59b91748,4
fe3eaaec-0928-5934-847d-95f8d93942cd,6cb1940e-089b-550c-994b-967a2838a1c6,1
fe3eaaec-0928-5934-847d-95f8d93942cd,be08644d-074f-5f3a-9efe-76fd98dd9352,1
fe3eaaec-0928-5934-847d-95f8d93942cd,71a51932-46c6-5ac5-9664-416aa6d0314e,1
fe3eaaec-0928-5934-847d-95f8d93942cd,d0b7e504-f9c6-5ce6-8fe9-c129f6b67cea,1
fe3eaaec-0928-5934-847d-95f8d93942cd,7442da53-9c7d-577e-9ad7-410bee197b1e,1
fe3eaaec-0928-5934-847d-95f8d93942cd,57d1d8bd-114a-5579-b4e4-9f9f16b6dac1,1
fe3eaaec-0928-5934-847d-95f8d93942cd,4f4b0751-5cfe-5a43-9362-8c7dba59b36c,4
fe3eaaec-0928-5934-847d-95f8d93942cd,df1d48cd-df3a-5628-a040-6778bf13622b,4
fe3eaaec-0928-5934-847d-95f8d93942cd,386a6ef6-09ba-5655-b636-ae4dba9a0515,4
fe3eaaec-0928-5934-847d-95f8d93942cd,6e834874-ddde-59d5-ae61-151ce52f3bd9,4
fe3eaaec-0928-5934-847d-95f8d93942cd,c0d261de-414a-5439-9b3e-5d11d63ca082,4
fe3eaaec-0928-5934-847d-95f8d93942cd,620fcc12-1c5b-5d2e-ad11-e9b506320a0e,4
fe3eaaec-0928-5934-847d-95f8d93942cd,f9bcacc3-ec3b-54f5-9f37-c919d69d55dc,4
fe3eaaec-0928-5934-847d-95f8d93942cd,b90181dd-8347-50e0-afe4-81250bf3f29b,3
fe3eaaec-0928-5934-847d-95f8d93942cd,79d55e52-2a80-5e5d-8bc9-3d2020d844ae,2
fe3eaaec-0928-5934-847d-95f8d93942cd,6766f734-fa72-5b43-8aeb-108daaa93ecc,3
fe3eaaec-0928-5934-847d-95f8d93942cd,86457463-d115-58f7-aaa6-6dfc7ad345c0,3
fe3eaaec-0928-5934-847d-95f8d93942cd,77e80601-42e2-5aaa-acd2-fd1079174ab3,3
fe3eaaec-0928-5934-847d-95f8d93942cd,22f5885d-8434-56df-89e2-885b68232365,4
fe3eaaec-0928-5934-847d-95f8d93942cd,fe3eaaec-0928-5934-847d-95f8d93942cd,5
fe3eaaec-0928-5934-847d-95f8d93942cd,a6c19abd-e1b1-5ab8-8816-b2f6c05ba496,5
fe3eaaec-0928-5934-847d-95f8d93942cd,458d030e-4592-537b-aec8-dc33588eb337,3
fe3eaaec-0928-5934-847d-95f8d93942cd,cce79a8e-8eae-5ee6-be2a-7af0a7a08459,3
fe3eaaec-0928-5934-847d-95f8d93942cd,87f95c22-1504-5c92-a8f0-2d1ee8df5466,4
fe3eaaec-0928-5934-847d-95f8d93942cd,7d7cec0e-2c09-5b0b-8c50-643fcdf97a53,3
fe3eaaec-0928-5934-847d-95f8d93942cd,0fc96ba5-2e99-50dd-9e48-21a7a7013eca,5
fe3eaaec-0928-5934-847d-95f8d93942cd,a92a73a1-df74-5394-b24a-f1eeae520988,5
fe3eaaec-0928-5934-847d-95f8d93942cd,8410b912-0b3e-574f-986b-a86c59b91748,4
a6c19abd-e1b1-5ab8-8816-b2f6c05ba496,6cb1940e-089b-550c-994b-967a2838a1c6,1
a6c19abd-e1b1-5ab8-8816-b2f6c05ba496,be08644d-074f-5f3a-9efe-76fd98dd9352,1
a6c19abd-e1b1-5ab8-8816-b2f6c05ba496,71a51932-46c6-5ac5-9664-416aa6d0314e,1
a6c19abd-e1b1-5ab8-8816-b2f6c05ba496,d0b7e504-f9c6-5ce6-8fe9-c129f6b67cea,1
a6c19abd-e1b1-5ab8-8816-b2f6c05ba496,7442da53-9c7d-577e-9ad7-410bee197b1e,1
a6c19abd-e1b1-5ab8-8816-b2f6c05ba496,57d1d8bd-114a-5579-b4e4-9f9f16b6dac1,1
a6c19abd-e1b1-5ab8-8816-b2f6c05ba496,4f4b0751-5cfe-5a43-9362-8c7dba59b36c,4
a6c19abd-e1b1-5ab8-8816-b2f6c05ba496,df1d48cd-df3a-5628-a040-6778bf13622b,4
a6c19abd-e1b1-5ab8-8816-b2f6c05ba496,386a6ef6-09ba-5655-b636-ae4dba9a0515,4
a6c19abd-e1b1-5ab8-8816-b2f6c05ba496,6e834874-ddde-59d5-ae61-151ce52f3bd9,4
a6c19abd-e1b1-5ab8-8816-b2f6c05ba496,c0d261de-414a-5439-9b3e-5d11d63ca082,4
a6c19abd-e1b1-5ab8-8816-b2f6c05ba496,620fcc12-1c5b-5d2e-ad11-e9b506320a0e,4
a6c19abd-e1b1-5ab8-8816-b2f6c05ba496,f9bcacc3-ec3b-54f5-9f37-c919d69d55dc,4
a6c19abd-e1b1-5ab8-8816-b2f6c05ba496,b90181dd-8347-50e0-afe4-81250bf3f29b,3
a6c19abd-e1b1-5ab8-8816-b2f6c05ba496,79d55e52-2a80-5e5d-8bc9-3d2020d844ae,2
a6c19abd-e1b1-5ab8-8816-b2f6c05ba496,6766f734-fa72-5b43-8aeb-108daaa93ecc,3
a6c19abd-e1b1-5ab8-8816-b2f6c05ba496,86457463-d115-58f7-aaa6-6dfc7ad345c0,3
a6c19abd-e1b1-5ab8-8816-b2f6c05ba496,77e80601-42e2-5aaa-acd2-fd1079174ab3,3
a6c19abd-e1b1-5ab8-8816-b2f6c05ba496,22f5885d-8434-56df-89e2-885b68232365,4
a6c19abd-e1b1-5ab8-8816-b2f6c05ba496,fe3eaaec-0928-5934-847d-95f8d93942cd,5
a6c19abd-e1b1-5ab8-8816-b2f6c05ba496,a6c19abd-e1b1-5ab8-8816-b2f6c05ba496,5
a6c19abd-e1b1-5ab8-8816-b2f6c05ba496,458d030e-4592-537b-aec8-dc33588eb337,3
a6c19abd-e1b1-5ab8-8816-b2f6c05ba496,cce79a8e-8eae-5ee6-be2a-7af0a7a08459,3
a6c19abd-e1b1-5ab8-8816-b2f6c05ba496,87f95c22-1504-5c92-a8f0-2d1ee8df5466,4
a6c19abd-e1b1-5ab8-8816-b2f6c05ba496,7d7cec0e-2c09-5b0b-8c50-643fcdf97a53,3
a6c19abd-e1b1-5ab8-8816-b2f6c05ba496,0fc96ba5-2e99-50dd-9e48-21a7a7013eca,4
a6c19abd-e1b1-5ab8-8816-b2f6c05ba496,a92a73a1-df74-5394-b24a-f1eeae520988,4
a6c19abd-e1b1-5ab8-8816-b2f6c05ba496,8410b912-0b3e-574f-986b-a86c59b91748,4
458d030e-4592-537b-aec8-dc33588eb337,6cb1940e-089b-550c-994b-967a2838a1c6,2
458d030e-4592-537b-aec8-dc33588eb337,be08644d-074f-5f3a-9efe-76fd98dd9352,2
458d030e-4592-537b-aec8-dc33588eb337,71a51932-46c6-5ac5-9664-416aa6d0314e,2
458d030e-4592-537b-aec8-dc33588eb337,d0b7e504-f9c6-5ce6-8fe9-c129f6b67cea,2
458d030e-4592-537b-aec8-dc33588eb337,7442da53-9c7d-577e-9ad7-410bee197b1e,2
458d030e-4592-537b-aec8-dc33588eb337,57d1d8bd-114a-5579-b4e4-9f9f16b6dac1,2
458d030e-4592-537b-aec8-dc33588eb337,4f4b0751-5cfe-5a43-9362-8c7dba59b36c,4
458d030e-4592-537b-aec8-dc33588eb337,df1d48cd-df3a-5628-a040-6778bf13622b,4
458d030e-4592-537b-aec8-dc33588eb337,386a6ef6-09ba-5655-b636-ae4dba9a0515,4
458d030e-4592-537b-aec8-dc33588eb337,6e834874-ddde-59d5-ae61-151ce52f3bd9,4
458d030e-4592-537b-aec8-dc33588eb337,c0d261de-414a-5439-9b3e-5d11d63ca082,4
458d030e-4592-537b-aec8-dc33588eb337,620fcc12-1c5b-5d2e-ad11-e9b506320a0e,4
458d030e-4592-537b-aec8-dc33588eb337,f9bcacc3-ec3b-54f5-9f37-c919d69d55dc,4
458d030e-4592-537b-aec8-dc33588eb337,b90181dd-8347-50e0-afe4-81250bf3f29b,3
458d030e-4592-537b-aec8-dc33588eb337,79d55e52-2a80-5e5d-8bc9-3d2020d844ae,2
458d030e-4592-537b-aec8-dc33588eb337,6766f734-fa72-5b43-8aeb-108daaa93ecc,2
458d030e-4592-537b-aec8-dc33588eb337,86457463-d115-58f7-aaa6-6dfc7ad345c0,2
458d030e-4592-537b-aec8-dc33588eb337,77e80601-42e2-5aaa-acd2-fd1079174ab3,2
458d030e-4592-537b-aec8-dc33588eb337,22f5885d-8434-56df-89e2-885b68232365,4
458d030e-4592-537b-aec8-dc33588eb337,fe3eaaec-0928-5934-847d-95f8d93942cd,3
458d030e-4592-537b-aec8-dc33588eb337,a6c19abd-e1b1-5ab8-8816-b2f6c05ba496,3
458d030e-4592-537b-aec8-dc33588eb337,458d030e-4592-537b-aec8-dc33588eb337,5
458d030e-4592-537b-aec8-dc33588eb337,cce79a8e-8eae-5ee6-be2a-7af0a7a08459,4
458d030e-4592-537b-aec8-dc33588eb337,87f95c22-1504-5c92-a8f0-2d1ee8df5466,3
458d030e-4592-537b-aec8-dc33588eb337,7d7cec0e-2c09-5b0b-8c50-643fcdf97a53,1
458d030e-4592-537b-aec8-dc33588eb337,0fc96ba5-2e99-50dd-9e48-21a7a7013eca,3
458d030e-4592-537b-aec8-dc33588eb337,a92a73a1-df74-5394-b24a-f1eeae520988,3
458d030e-4592-537b-aec8-dc33588eb337,8410b912-0b3e-574f-986b-a86c59b91748,3
cce79a8e-8eae-5ee6-be2a-7af0a7a08459,6cb1940e-089b-550c-994b-967a2838a1c6,2
cce79a8e-8eae-5ee6-be2a-7af0a7a08459,be08644d-074f-5f3a-9efe-76fd98dd9352,2
cce79a8e-8eae-5ee6-be2a-7af0a7a08459,71a51932-46c6-5ac5-9664-416aa6d0314e,2
cce79a8e-8eae-5ee6-be2a-7af0a7a08459,d0b7e504-f9c6-5ce6-8fe9-c129f6b67cea,2
cce79a8e-8eae-5ee6-be2a-7af0a7a08459,7442da53-9c7d-577e-9ad7-410bee197b1e,2
cce79a8e-8eae-5ee6-be2a-7af0a7a08459,57d1d8bd-114a-5579-b4e4-9f9f16b6dac1,2
cce79a8e-8eae-5ee6-be2a-7af0a7a08459,4f4b0751-5cfe-5a43-9362-8c7dba59b36c,4
cce79a8e-8eae-5ee6-be2a-7af0a7a08459,df1d48cd-df3a-5628-a040-6778bf13622b,4
cce79a8e-8eae-5ee6-be2a-7af0a7a08459,386a6ef6-09ba-5655-b636-ae4dba9a0515,4
cce79a8e-8eae-5ee6-be2a-7af0a7a08459,6e834874-ddde-59d5-ae61-151ce52f3bd9,4
cce79a8e-8eae-5ee6-be2a-7af0a7a08459,c0d261de-414a-5439-9b3e-5d11d63ca082,4
cce79a8e-8eae-5ee6-be2a-7af0a7a08459,620fcc12-1c5b-5d2e-ad11-e9b506320a0e,4
cce79a8e-8eae-5ee6-be2a-7af0a7a08459,f9bcacc3-ec3b-54f5-9f37-c919d69d55dc,4
cce79a8e-8eae-5ee6-be2a-7af0a7a08459,b90181dd-8347-50e0-afe4-81250bf3f29b,3
cce79a8e-8eae-5ee6-be2a-7af0a7a08459,79d55e52-2a80-5e5d-8bc9-3d2020d844ae,2
cce79a8e-8eae-5ee6-be2a-7af0a7a08459,6766f734-fa72-5b43-8aeb-108daaa93ecc,2
cce79a8e-8eae-5ee6-be2a-7af0a7a08459,86457463-d115-58f7-aaa6-6dfc7ad345c0,2
cce79a8e-8eae-5ee6-be2a-7af0a7a08459,77e80601-42e2-5aaa-acd2-fd1079174ab3,2
cce79a8e-8eae-5ee6-be2a-7af0a7a08459,22f5885d-8434-56df-89e2-885b68232365,4
cce79a8e-8eae-5ee6-be2a-7af0a7a08459,fe3eaaec-0928-5934-847d-95f8d93942cd,3
cce79a8e-8eae-5ee6-be2a-7af0a7a08459,a6c19abd-e1b1-5ab8-8816-b2f6c05ba496,3
cce79a8e-8eae-5ee6-be2a-7af0a7a08459,458d030e-4592-537b-aec8-dc33588eb337,4
cce79a8e-8eae-5ee6-be2a-7af0a7a08459,cce79a8e-8eae-5ee6-be2a-7af0a7a08459,5
cce79a8e-8eae-5ee6-be2a-7af0a7a08459,87f95c22-1504-5c92-a8f0-2d1ee8df5466,3
cce79a8e-8eae-5ee6-be2a-7af0a7a08459,7d7cec0e-2c09-5b0b-8c50-643fcdf97a53,1
cce79a8e-8eae-5ee6-be2a-7af0a7a08459,0fc96ba5-2e99-50dd-9e48-21a7a7013eca,3
cce79a8e-8eae-5ee6-be2a-7af0a7a08459,a92a73a1-df74-5394-b24a-f1eeae520988,3
cce79a8e-8eae-5ee6-be2a-7af0a7a08459,8410b912-0b3e-574f-986b-a86c59b91748,3
87f95c22-1504-5c92-a8f0-2d1ee8df5466,6cb1940e-089b-550c-994b-967a2838a1c6,1
87f95c22-1504-5c92-a8f0-2d1ee8df5466,be08644d-074f-5f3a-9efe-76fd98dd9352,1
87f95c22-1504-5c92-a8f0-2d1ee8df5466,71a51932-46c6-5ac5-9664-416aa6d0314e,1
87f95c22-1504-5c92-a8f0-2d1ee8df5466,d0b7e504-f9c6-5ce6-8fe9-c129f6b67cea,1
87f95c22-1504-5c92-a8f0-2d1ee8df5466,7442da53-9c7d-577e-9ad7-410bee197b1e,1
87f95c22-1504-5c92-a8f0-2d1ee8df5466,57d1d8bd-114a-5579-b4e4-9f9f16b6dac1,1
87f95c22-1504-5c92-a8f0-2d1ee8df5466,4f4b0751-5cfe-5a43-9362-8c7dba59b36c,4
87f95c22-1504-5c92-a8f0-2d1ee8df5466,df1d48cd-df3a-5628-a040-6778bf13622b,4
87f95c22-1504-5c92-a8f0-2d1ee8df5466,386a6ef6-09ba-5655-b636-ae4dba9a0515,4
87f95c22-1504-5c92-a8f0-2d1ee8df5466,6e834874-ddde-59d5-ae61-151ce52f3bd9,4
87f95c22-1504-5c92-a8f0-2d1ee8df5466,c0d261de-414a-5439-9b3e-5d11d63ca082,4
87f95c22-1504-5c92-a8f0-2d1ee8df5466,620fcc12-1c5b-5d2e-ad11-e9b506320a0e,4
87f95c22-1504-5c92-a8f0-2d1ee8df5466,f9bcacc3-ec3b-54f5-9f37-c919d69d55dc,4
87f95c22-1504-5c92-a8f0-2d1ee8df5466,b90181dd-8347-50e0-afe4-81250bf3f29b,3
87f95c22-1504-5c92-a8f0-2d1ee8df5466,79d55e52-2a80-5e5d-8bc9-3d2020d844ae,2
87f95c22-1504-5c92-a8f0-2d1ee8df5466,6766f734-fa72-5b43-8aeb-108daaa93ecc,3
87f95c22-1504-5c92-a8f0-2d1ee8df5466,86457463-d115-58f7-aaa6-6dfc7ad345c0,3
87f95c22-1504-5c92-a8f0-2d1ee8df5466,77e80601-42e2-5aaa-acd2-fd1079174ab3,3
87f95c22-1504-5c92-a8f0-2d1ee8df5466,22f5885d-8434-56df-89e2-885b68232365,4
87f95c22-1504-5c92-a8f0-2d1ee8df5466,fe3eaaec-0928-5934-847d-95f8d93942cd,4
87f95c22-1504-5c92-a8f0-2d1ee8df5466,a6c19abd-e1b1-5ab8-8816-b2f6c05ba496,4
87f95c22-1504-5c92-a8f0-2d1ee8df5466,458d030e-4592-537b-aec8-dc33588eb337,3
87f95c22-1504-5c92-a8f0-2d1ee8df5466,cce79a8e-8eae-5ee6-be2a-7af0a7a08459,3
87f95c22-1504-5c92-a8f0-2d1ee8df5466,87f95c22-1504-5c92-a8f0-2d1ee8df5466,5
87f95c22-1504-5c92-a8f0-2d1ee8df5466,7d7cec0e-2c09-5b0b-8c50-643fcdf97a53,3
87f95c22-1504-5c92-a8f0-2d1ee8df5466,0fc96ba5-2e99-50dd-9e48-21a7a7013eca,4
87f95c22-1504-5c92-a8f0-2d1ee8df5466,a92a73a1-df74-5394-b24a-f1eeae520988,4
87f95c22-1504-5c92-a8f0-2d1ee8df5466,8410b912-0b3e-574f-986b-a86c59b91748,5
b06df40b-c007-560d-aa03-aeff9475df28,b06df40b-c007-560d-aa03-aeff9475df28,5
575ee2db-397d-5aa2-8f31-c8a185b8d862,e43a37b9-d86e-50bf-90c1-20b4c0cffbe0,3
575ee2db-397d-5aa2-8f31-c8a185b8d862,c91c0cbf-9b34-5cb2-88f9-ca5937963928,3
575ee2db-397d-5aa2-8f31-c8a185b8d862,28b0d572-aa4e-5de7-b620-6ae9cb6cab9e,3
575ee2db-397d-5aa2-8f31-c8a185b8d862,2e62310c-5778-5861-96cd-1a95e53e044e,3
575ee2db-397d-5aa2-8f31-c8a185b8d862,b34520b6-8f5a-591a-83b8-dbce1961baac,3
575ee2db-397d-5aa2-8f31-c8a185b8d862,784c6b4f-efcf-581a-8fc5-075ec33f4065,3
575ee2db-397d-5aa2-8f31-c8a185b8d862,ddf9c247-5ec0-57fb-a41d-c9cf7546e2d8,3
575ee2db-397d-5aa2-8f31-c8a185b8d862,71ddb23f-c0c9-5706-afe4-0c0e61e23113,3
575ee2db-397d-5aa2-8f31-c8a185b8d862,575ee2db-397d-5aa2-8f31-c8a185b8d862,5
2825dbaa-bbd0-53c6-bd1e-d30679b51a69,077e3610-db30-5535-96c5-4b4fb6c0ecbd,4
2825dbaa-bbd0-53c6-bd1e-d30679b51a69,752e5386-1dcd-593a-824f-4399292f3e60,4
2825dbaa-bbd0-53c6-bd1e-d30679b51a69,b3087ff5-3dc2-5f99-a844-b5774317be2c,4
2825dbaa-bbd0-53c6-bd1e-d30679b51a69,c6a2b173-e738-5995-b07c-2a50079f11c1,3
2825dbaa-bbd0-53c6-bd1e-d30679b51a69,0f962b9a-a2c1-5ba9-93a7-3609e59f75a1,4
2825dbaa-bbd0-53c6-bd1e-d30679b51a69,911f879d-e8c9-5b49-8994-3a720fa7d634,4
2825dbaa-bbd0-53c6-bd1e-d30679b51a69,f3b140a6-414b-55d8-8437-7a37e09772ad,4
2825dbaa-bbd0-53c6-bd1e-d30679b51a69,b275afee-1ddc-5879-a993-d0ad3fe115e8,4
2825dbaa-bbd0-53c6-bd1e-d30679b51a69,dc819ed5-f7e0-51f7-a6ef-03017bbf41c5,3
2825dbaa-bbd0-53c6-bd1e-d30679b51a69,14176a14-0fff-5757-89a2-39c4571a7139,3
2825dbaa-bbd0-53c6-bd1e-d30679b51a69,c694bfe8-dc9c-5496-a633-2e8374e3f777,3
2825dbaa-bbd0-53c6-bd1e-d30679b51a69,79d55e52-2a80-5e5d-8bc9-3d2020d844ae,4
2825dbaa-bbd0-53c6-bd1e-d30679b51a69,77e80601-42e2-5aaa-acd2-fd1079174ab3,4
2825dbaa-bbd0-53c6-bd1e-d30679b51a69,2825dbaa-bbd0-53c6-bd1e-d30679b51a69,5
2825dbaa-bbd0-53c6-bd1e-d30679b51a69,4c69140f-b5c1-59fc-a421-f8ad1a394a64,3
2825dbaa-bbd0-53c6-bd1e-d30679b51a69,83a28abf-2628-5048-92a1-58d37ed3d708,4
2825dbaa-bbd0-53c6-bd1e-d30679b51a69,482c19a2-0809-5e37-87c3-b9102f57cf81,4
2825dbaa-bbd0-53c6-bd1e-d30679b51a69,01e1ed25-a83b-57c5-be07-6fb6e25bd20d,2
4c69140f-b5c1-59fc-a421-f8ad1a394a64,e43a37b9-d86e-50bf-90c1-20b4c0cffbe0,2
4c69140f-b5c1-59fc-a421-f8ad1a394a64,c91c0cbf-9b34-5cb2-88f9-ca5937963928,2
4c69140f-b5c1-59fc-a421-f8ad1a394a64,28b0d572-aa4e-5de7-b620-6ae9cb6cab9e,2
4c69140f-b5c1-59fc-a421-f8ad1a394a64,2e62310c-5778-5861-96cd-1a95e53e044e,2
4c69140f-b5c1-59fc-a421-f8ad1a394a64,b34520b6-8f5a-591a-83b8-dbce1961baac,2
4c69140f-b5c1-59fc-a421-f8ad1a394a64,784c6b4f-efcf-581a-8fc5-075ec33f4065,2
4c69140f-b5c1-59fc-a421-f8ad1a394a64,ddf9c247-5ec0-57fb-a41d-c9cf7546e2d8,2
4c69140f-b5c1-59fc-a421-f8ad1a394a64,71ddb23f-c0c9-5706-afe4-0c0e61e23113,2
4c69140f-b5c1-59fc-a421-f8ad1a394a64,077e3610-db30-5535-96c5-4b4fb6c0ecbd,3
4c69140f-b5c1-59fc-a421-f8ad1a394a64,752e5386-1dcd-593a-824f-4399292f3e60,3
4c69140f-b5c1-59fc-a421-f8ad1a394a64,b3087ff5-3dc2-5f99-a844-b5774317be2c,3
4c69140f-b5c1-59fc-a421-f8ad1a394a64,c6a2b173-e738-5995-b07c-2a50079f11c1,2
4c69140f-b5c1-59fc-a421-f8ad1a394a64,0f962b9a-a2c1-5ba9-93a7-3609e59f75a1,3
4c69140f-b5c1-59fc-a421-f8ad1a394a64,911f879d-e8c9-5b49-8994-3a720fa7d634,3
4c69140f-b5c1-59fc-a421-f8ad1a394a64,f3b140a6-414b-55d8-8437-7a37e09772ad,3
4c69140f-b5c1-59fc-a421-f8ad1a394a64,b275afee-1ddc-5879-a993-d0ad3fe115e8,3
4c69140f-b5c1-59fc-a421-f8ad1a394a64,dc819ed5-f7e0-51f7-a6ef-03017bbf41c5,3
4c69140f-b5c1-59fc-a421-f8ad1a394a64,467447f9-4484-5574-924c-dfc124d92620,3
4c69140f-b5c1-59fc-a421-f8ad1a394a64,767913ad-afe5-5808-9392-13b928678c23,3
4c69140f-b5c1-59fc-a421-f8ad1a394a64,0a778475-8e92-519e-bcda-2c02a0fd516d,4
4c69140f-b5c1-59fc-a421-f8ad1a394a64,d2c7ed1d-c8c5-5d26-be45-7869771d6d54,1
4c69140f-b5c1-59fc-a421-f8ad1a394a64,1e419658-4d63-5c56-b066-8872836eb5e9,3
4c69140f-b5c1-59fc-a421-f8ad1a394a64,2825dbaa-bbd0-53c6-bd1e-d30679b51a69,3
4c69140f-b5c1-59fc-a421-f8ad1a394a64,4c69140f-b5c1-59fc-a421-f8ad1a394a64,5
4c69140f-b5c1-59fc-a421-f8ad1a394a64,83a28abf-2628-5048-92a1-58d37ed3d708,3
4c69140f-b5c1-59fc-a421-f8ad1a394a64,482c19a2-0809-5e37-87c3-b9102f57cf81,3
14954378-e6e5-5ed8-9482-e21de0c8c019,e43a37b9-d86e-50bf-90c1-20b4c0cffbe0,2
14954378-e6e5-5ed8-9482-e21de0c8c019,c91c0cbf-9b34-5cb2-88f9-ca5937963928,2
14954378-e6e5-5ed8-9482-e21de0c8c019,28b0d572-aa4e-5de7-b620-6ae9cb6cab9e,2
14954378-e6e5-5ed8-9482-e21de0c8c019,2e62310c-5778-5861-96cd-1a95e53e044e,2
14954378-e6e5-5ed8-9482-e21de0c8c019,b34520b6-8f5a-591a-83b8-dbce1961baac,2
14954378-e6e5-5ed8-9482-e21de0c8c019,784c6b4f-efcf-581a-8fc5-075ec33f4065,2
14954378-e6e5-5ed8-9482-e21de0c8c019,ddf9c247-5ec0-57fb-a41d-c9cf7546e2d8,2
14954378-e6e5-5ed8-9482-e21de0c8c019,71ddb23f-c0c9-5706-afe4-0c0e61e23113,2
14954378-e6e5-5ed8-9482-e21de0c8c019,dc819ed5-f7e0-51f7-a6ef-03017bbf41c5,3
14954378-e6e5-5ed8-9482-e21de0c8c019,03e4abec-bd68-517f-8c24-1037ebe75115,2
14954378-e6e5-5ed8-9482-e21de0c8c019,1e1d0a0f-a1f7-5413-81c3-334d88bc199a,3
14954378-e6e5-5ed8-9482-e21de0c8c019,55ffbeaf-7b1b-587e-ac86-b7f128600580,3
14954378-e6e5-5ed8-9482-e21de0c8c019,c639d49c-15c7-5825-b7d8-4765005e6503,3
14954378-e6e5-5ed8-9482-e21de0c8c019,0936718b-bdf4-5888-a93e-0afdb4d81aa5,3
14954378-e6e5-5ed8-9482-e21de0c8c019,14954378-e6e5-5ed8-9482-e21de0c8c019,5
14954378-e6e5-5ed8-9482-e21de0c8c019,c586380d-da3d-59f1-b17e-e36dbd3dae38,4
14954378-e6e5-5ed8-9482-e21de0c8c019,098f16b9-1f50-51ab-96c8-b490e2f6791c,3
14954378-e6e5-5ed8-9482-e21de0c8c019,099db3bd-2162-5fda-93c3-5b3b018f4d0d,3
14954378-e6e5-5ed8-9482-e21de0c8c019,e38dfa77-80fe-583f-87de-9c68002a6ee4,3
14954378-e6e5-5ed8-9482-e21de0c8c019,e2672248-764f-59ba-8a6a-959fb1f2097a,3
14954378-e6e5-5ed8-9482-e21de0c8c019,c5c268e9-c0b7-5bba-ac50-e070acc27dc1,3
14954378-e6e5-5ed8-9482-e21de0c8c019,61f44d00-e7e0-5397-98f9-fb4cd632cbdb,3
14954378-e6e5-5ed8-9482-e21de0c8c019,85a4de6a-5fb4-5b75-8b1d-c96933e42420,4
14954378-e6e5-5ed8-9482-e21de0c8c019,77ece2d6-5532-585e-bafd-4d13346a04ea,2
14954378-e6e5-5ed8-9482-e21de0c8c019,ba061473-0e83-548d-acec-2fa521d1b955,3
14954378-e6e5-5ed8-9482-e21de0c8c019,20e88f8a-bd21-5e0e-9f82-1dbeb7572f27,1
c586380d-da3d-59f1-b17e-e36dbd3dae38,e43a37b9-d86e-50bf-90c1-20b4c0cffbe0,2
c586380d-da3d-59f1-b17e-e36dbd3dae38,c91c0cbf-9b34-5cb2-88f9-ca5937963928,2
c586380d-da3d-59f1-b17e-e36dbd3dae38,28b0d572-aa4e-5de7-b620-6ae9cb6cab9e,2
c586380d-da3d-59f1-b17e-e36dbd3dae38,2e62310c-5778-5861-96cd-1a95e53e044e,2
c586380d-da3d-59f1-b17e-e36dbd3dae38,b34520b6-8f5a-591a-83b8-dbce1961baac,2
c586380d-da3d-59f1-b17e-e36dbd3dae38,784c6b4f-efcf-581a-8fc5-075ec33f4065,2
c586380d-da3d-59f1-b17e-e36dbd3dae38,ddf9c247-5ec0-57fb-a41d-c9cf7546e2d8,2
c586380d-da3d-59f1-b17e-e36dbd3dae38,71ddb23f-c0c9-5706-afe4-0c0e61e23113,2
c586380d-da3d-59f1-b17e-e36dbd3dae38,dc819ed5-f7e0-51f7-a6ef-03017bbf41c5,3
c586380d-da3d-59f1-b17e-e36dbd3dae38,03e4abec-bd68-517f-8c24-1037ebe75115,2
c586380d-da3d-59f1-b17e-e36dbd3dae38,1e1d0a0f-a1f7-5413-81c3-334d88bc199a,3
c586380d-da3d-59f1-b17e-e36dbd3dae38,55ffbeaf-7b1b-587e-ac86-b7f128600580,3
c586380d-da3d-59f1-b17e-e36dbd3dae38,c639d49c-15c7-5825-b7d8-4765005e6503,3
c586380d-da3d-59f1-b17e-e36dbd3dae38,0936718b-bdf4-5888-a93e-0afdb4d81aa5,3
c586380d-da3d-59f1-b17e-e36dbd3dae38,14954378-e6e5-5ed8-9482-e21de0c8c019,4
c586380d-da3d-59f1-b17e-e36dbd3dae38,c586380d-da3d-59f1-b17e-e36dbd3dae38,5
c586380d-da3d-59f1-b17e-e36dbd3dae38,098f16b9-1f50-51ab-96c8-b490e2f6791c,3
c586380d-da3d-59f1-b17e-e36dbd3dae38,099db3bd-2162-5fda-93c3-5b3b018f4d0d,3
c586380d-da3d-59f1-b17e-e36dbd3dae38,e38dfa77-80fe-583f-87de-9c68002a6ee4,3
c586380d-da3d-59f1-b17e-e36dbd3dae38,e2672248-764f-59ba-8a6a-959fb1f2097a,3
c586380d-da3d-59f1-b17e-e36dbd3dae38,c5c268e9-c0b7-5bba-ac50-e070acc27dc1,3
c586380d-da3d-59f1-b17e-e36dbd3dae38,61f44d00-e7e0-5397-98f9-fb4cd632cbdb,3
c586380d-da3d-59f1-b17e-e36dbd3dae38,85a4de6a-5fb4-5b75-8b1d-c96933e42420,4
c586380d-da3d-59f1-b17e-e36dbd3dae38,77ece2d6-5532-585e-bafd-4d13346a04ea,2
c586380d-da3d-59f1-b17e-e36dbd3dae38,ba061473-0e83-548d-acec-2fa521d1b955,3
c586380d-da3d-59f1-b17e-e36dbd3dae38,20e88f8a-bd21-5e0e-9f82-1dbeb7572f27,1
83a28abf-2628-5048-92a1-58d37ed3d708,077e3610-db30-5535-96c5-4b4fb6c0ecbd,3
83a28abf-2628-5048-92a1-58d37ed3d708,752e5386-1dcd-593a-824f-4399292f3e60,3
83a28abf-2628-5048-92a1-58d37ed3d708,b3087ff5-3dc2-5f99-a844-b5774317be2c,3
83a28abf-2628-5048-92a1-58d37ed3d708,0f962b9a-a2c1-5ba9-93a7-3609e59f75a1,3
83a28abf-2628-5048-92a1-58d37ed3d708,911f879d-e8c9-5b49-8994-3a720fa7d634,3
83a28abf-2628-5048-92a1-58d37ed3d708,f3b140a6-414b-55d8-8437-7a37e09772ad,3
83a28abf-2628-5048-92a1-58d37ed3d708,b275afee-1ddc-5879-a993-d0ad3fe115e8,3
83a28abf-2628-5048-92a1-58d37ed3d708,79d55e52-2a80-5e5d-8bc9-3d2020d844ae,3
83a28abf-2628-5048-92a1-58d37ed3d708,77e80601-42e2-5aaa-acd2-fd1079174ab3,2
83a28abf-2628-5048-92a1-58d37ed3d708,2825dbaa-bbd0-53c6-bd1e-d30679b51a69,4
83a28abf-2628-5048-92a1-58d37ed3d708,4c69140f-b5c1-59fc-a421-f8ad1a394a64,3
83a28abf-2628-5048-92a1-58d37ed3d708,83a28abf-2628-5048-92a1-58d37ed3d708,5
83a28abf-2628-5048-92a1-58d37ed3d708,482c19a2-0809-5e37-87c3-b9102f57cf81,5
83a28abf-2628-5048-92a1-58d37ed3d708,aa4da362-ecaa-5bb4-8222-84653d4932d3,3
83a28abf-2628-5048-92a1-58d37ed3d708,01e1ed25-a83b-57c5-be07-6fb6e25bd20d,3
83a28abf-2628-5048-92a1-58d37ed3d708,4be1cc4c-d9b1-55d4-b4bd-99b3f445ffb5,2
83a28abf-2628-5048-92a1-58d37ed3d708,7d7cec0e-2c09-5b0b-8c50-643fcdf97a53,4
482c19a2-0809-5e37-87c3-b9102f57cf81,077e3610-db30-5535-96c5-4b4fb6c0ecbd,3
482c19a2-0809-5e37-87c3-b9102f57cf81,752e5386-1dcd-593a-824f-4399292f3e60,3
482c19a2-0809-5e37-87c3-b9102f57cf81,b3087ff5-3dc2-5f99-a844-b5774317be2c,3
482c19a2-0809-5e37-87c3-b9102f57cf81,0f962b9a-a2c1-5ba9-93a7-3609e59f75a1,3
482c19a2-0809-5e37-87c3-b9102f57cf81,911f879d-e8c9-5b49-8994-3a720fa7d634,3
482c19a2-0809-5e37-87c3-b9102f57cf81,f3b140a6-414b-55d8-8437-7a37e09772ad,3
482c19a2-0809-5e37-87c3-b9102f57cf81,b275afee-1ddc-5879-a993-d0ad3fe115e8,3
482c19a2-0809-5e37-87c3-b9102f57cf81,79d55e52-2a80-5e5d-8bc9-3d2020d844ae,3
482c19a2-0809-5e37-87c3-b9102f57cf81,77e80601-42e2-5aaa-acd2-fd1079174ab3,2
482c19a2-0809-5e37-87c3-b9102f57cf81,2825dbaa-bbd0-53c6-bd1e-d30679b51a69,4
482c19a2-0809-5e37-87c3-b9102f57cf81,4c69140f-b5c1-59fc-a421-f8ad1a394a64,3
482c19a2-0809-5e37-87c3-b9102f57cf81,83a28abf-2628-5048-92a1-58d37ed3d708,5
482c19a2-0809-5e37-87c3-b9102f57cf81,482c19a2-0809-5e37-87c3-b9102f57cf81,5
482c19a2-0809-5e37-87c3-b9102f57cf81,aa4da362-ecaa-5bb4-8222-84653d4932d3,2
482c19a2-0809-5e37-87c3-b9102f57cf81,01e1ed25-a83b-57c5-be07-6fb6e25bd20d,2
482c19a2-0809-5e37-87c3-b9102f57cf81,4be1cc4c-d9b1-55d4-b4bd-99b3f445ffb5,1
482c19a2-0809-5e37-87c3-b9102f57cf81,7d7cec0e-2c09-5b0b-8c50-643fcdf97a53,3
aa4da362-ecaa-5bb4-8222-84653d4932d3,c6a2b173-e738-5995-b07c-2a50079f11c1,3
aa4da362-ecaa-5bb4-8222-84653d4932d3,83a28abf-2628-5048-92a1-58d37ed3d708,3
aa4da362-ecaa-5bb4-8222-84653d4932d3,482c19a2-0809-5e37-87c3-b9102f57cf81,2
aa4da362-ecaa-5bb4-8222-84653d4932d3,aa4da362-ecaa-5bb4-8222-84653d4932d3,5
aa4da362-ecaa-5bb4-8222-84653d4932d3,01e1ed25-a83b-57c5-be07-6fb6e25bd20d,4
aa4da362-ecaa-5bb4-8222-84653d4932d3,4be1cc4c-d9b1-55d4-b4bd-99b3f445ffb5,3
01e1ed25-a83b-57c5-be07-6fb6e25bd20d,c6a2b173-e738-5995-b07c-2a50079f11c1,3
01e1ed25-a83b-57c5-be07-6fb6e25bd20d,1e419658-4d63-5c56-b066-8872836eb5e9,2
01e1ed25-a83b-57c5-be07-6fb6e25bd20d,2825dbaa-bbd0-53c6-bd1e-d30679b51a69,2
01e1ed25-a83b-57c5-be07-6fb6e25bd20d,83a28abf-2628-5048-92a1-58d37ed3d708,3
01e1ed25-a83b-57c5-be07-6fb6e25bd20d,482c19a2-0809-5e37-87c3-b9102f57cf81,2
01e1ed25-a83b-57c5-be07-6fb6e25bd20d,aa4da362-ecaa-5bb4-8222-84653d4932d3,4
01e1ed25-a83b-57c5-be07-6fb6e25bd20d,01e1ed25-a83b-57c5-be07-6fb6e25bd20d,5
01e1ed25-a83b-57c5-be07-6fb6e25bd20d,4be1cc4c-d9b1-55d4-b4bd-99b3f445ffb5,4
01e1ed25-a83b-57c5-be07-6fb6e25bd20d,e831362e-6240-5d54-9ecc-5c7c384bc98b,4
01e1ed25-a83b-57c5-be07-6fb6e25bd20d,c518b4f0-9b16-5c4b-871c-bd9509e86e8a,4
01e1ed25-a83b-57c5-be07-6fb6e25bd20d,1bc7ca18-6ff2-5560-9b5c-cf95d6265cb8,2
4be1cc4c-d9b1-55d4-b4bd-99b3f445ffb5,c6a2b173-e738-5995-b07c-2a50079f11c1,3
4be1cc4c-d9b1-55d4-b4bd-99b3f445ffb5,83a28abf-2628-5048-92a1-58d37ed3d708,2
4be1cc4c-d9b1-55d4-b4bd-99b3f445ffb5,482c19a2-0809-5e37-87c3-b9102f57cf81,1
4be1cc4c-d9b1-55d4-b4bd-99b3f445ffb5,aa4da362-ecaa-5bb4-8222-84653d4932d3,3
4be1cc4c-d9b1-55d4-b4bd-99b3f445ffb5,01e1ed25-a83b-57c5-be07-6fb6e25bd20d,4
4be1cc4c-d9b1-55d4-b4bd-99b3f445ffb5,4be1cc4c-d9b1-55d4-b4bd-99b3f445ffb5,5
4be1cc4c-d9b1-55d4-b4bd-99b3f445ffb5,e831362e-6240-5d54-9ecc-5c7c384bc98b,4
4be1cc4c-d9b1-55d4-b4bd-99b3f445ffb5,c518b4f0-9b16-5c4b-871c-bd9509e86e8a,4
4be1cc4c-d9b1-55d4-b4bd-99b3f445ffb5,1bc7ca18-6ff2-5560-9b5c-cf95d6265cb8,3
e831362e-6240-5d54-9ecc-5c7c384bc98b,c6a2b173-e738-5995-b07c-2a50079f11c1,3
e831362e-6240-5d54-9ecc-5c7c384bc98b,01e1ed25-a83b-57c5-be07-6fb6e25bd20d,4
e831362e-6240-5d54-9ecc-5c7c384bc98b,4be1cc4c-d9b1-55d4-b4bd-99b3f445ffb5,4
e831362e-6240-5d54-9ecc-5c7c384bc98b,e831362e-6240-5d54-9ecc-5c7c384bc98b,5
e831362e-6240-5d54-9ecc-5c7c384bc98b,c518b4f0-9b16-5c4b-871c-bd9509e86e8a,5
e831362e-6240-5d54-9ecc-5c7c384bc98b,1bc7ca18-6ff2-5560-9b5c-cf95d6265cb8,3
c518b4f0-9b16-5c4b-871c-bd9509e86e8a,c6a2b173-e738-5995-b07c-2a50079f11c1,3
c518b4f0-9b16-5c4b-871c-bd9509e86e8a,01e1ed25-a83b-57c5-be07-6fb6e25bd20d,4
c518b4f0-9b16-5c4b-871c-bd9509e86e8a,4be1cc4c-d9b1-55d4-b4bd-99b3f445ffb5,4
c518b4f0-9b16-5c4b-871c-bd9509e86e8a,e831362e-6240-5d54-9ecc-5c7c384bc98b,5
c518b4f0-9b16-5c4b-871c-bd9509e86e8a,c518b4f0-9b16-5c4b-871c-bd9509e86e8a,5
c518b4f0-9b16-5c4b-871c-bd9509e86e8a,1bc7ca18-6ff2-5560-9b5c-cf95d6265cb8,3
098f16b9-1f50-51ab-96c8-b490e2f6791c,e43a37b9-d86e-50bf-90c1-20b4c0cffbe0,1
098f16b9-1f50-51ab-96c8-b490e2f6791c,41fbc688-c61e-5d88-894c-a1ba8c9030cc,1
098f16b9-1f50-51ab-96c8-b490e2f6791c,740f372f-3c34-5462-9834-bd152faacd83,1
098f16b9-1f50-51ab-96c8-b490e2f6791c,71ddb23f-c0c9-5706-afe4-0c0e61e23113,1
098f16b9-1f50-51ab-96c8-b490e2f6791c,c639d49c-15c7-5825-b7d8-4765005e6503,3
098f16b9-1f50-51ab-96c8-b490e2f6791c,0936718b-bdf4-5888-a93e-0afdb4d81aa5,3
098f16b9-1f50-51ab-96c8-b490e2f6791c,14954378-e6e5-5ed8-9482-e21de0c8c019,3
098f16b9-1f50-51ab-96c8-b490e2f6791c,c586380d-da3d-59f1-b17e-e36dbd3dae38,3
098f16b9-1f50-51ab-96c8-b490e2f6791c,098f16b9-1f50-51ab-96c8-b490e2f6791c,5
098f16b9-1f50-51ab-96c8-b490e2f6791c,099db3bd-2162-5fda-93c3-5b3b018f4d0d,5
098f16b9-1f50-51ab-96c8-b490e2f6791c,e38dfa77-80fe-583f-87de-9c68002a6ee4,5
098f16b9-1f50-51ab-96c8-b490e2f6791c,e2672248-764f-59ba-8a6a-959fb1f2097a,5
098f16b9-1f50-51ab-96c8-b490e2f6791c,c5c268e9-c0b7-5bba-ac50-e070acc27dc1,5
098f16b9-1f50-51ab-96c8-b490e2f6791c,61f44d00-e7e0-5397-98f9-fb4cd632cbdb,5
098f16b9-1f50-51ab-96c8-b490e2f6791c,85a4de6a-5fb4-5b75-8b1d-c96933e42420,5
098f16b9-1f50-51ab-96c8-b490e2f6791c,77ece2d6-5532-585e-bafd-4d13346a04ea,4
098f16b9-1f50-51ab-96c8-b490e2f6791c,ba061473-0e83-548d-acec-2fa521d1b955,5
098f16b9-1f50-51ab-96c8-b490e2f6791c,1bc7ca18-6ff2-5560-9b5c-cf95d6265cb8,2
098f16b9-1f50-51ab-96c8-b490e2f6791c,20e88f8a-bd21-5e0e-9f82-1dbeb7572f27,3
099db3bd-2162-5fda-93c3-5b3b018f4d0d,e43a37b9-d86e-50bf-90c1-20b4c0cffbe0,1
099db3bd-2162-5fda-93c3-5b3b018f4d0d,41fbc688-c61e-5d88-894c-a1ba8c9030cc,1
099db3bd-2162-5fda-93c3-5b3b018f4d0d,740f372f-3c34-5462-9834-bd152faacd83,1
099db3bd-2162-5fda-93c3-5b3b018f4d0d,71ddb23f-c0c9-5706-afe4-0c0e61e23113,1
099db3bd-2162-5fda-93c3-5b3b018f4d0d,c639d49c-15c7-5825-b7d8-4765005e6503,3
099db3bd-2162-5fda-93c3-5b3b018f4d0d,0936718b-bdf4-5888-a93e-0afdb4d81aa5,3
099db3bd-2162-5fda-93c3-5b3b018f4d0d,14954378-e6e5-5ed8-9482-e21de0c8c019,3
099db3bd-2162-5fda-93c3-5b3b018f4d0d,c586380d-da3d-59f1-b17e-e36dbd3dae38,3
099db3bd-2162-5fda-93c3-5b3b018f4d0d,098f16b9-1f50-51ab-96c8-b490e2f6791c,5
099db3bd-2162-5fda-93c3-5b3b018f4d0d,099db3bd-2162-5fda-93c3-5b3b018f4d0d,5
099db3bd-2162-5fda-93c3-5b3b018f4d0d,e38dfa77-80fe-583f-87de-9c68002a6ee4,5
099db3bd-2162-5fda-93c3-5b3b018f4d0d,e2672248-764f-59ba-8a6a-959fb1f2097a,5
099db3bd-2162-5fda-93c3-5b3b018f4d0d,c5c268e9-c0b7-5bba-ac50-e070acc27dc1,5
099db3bd-2162-5fda-93c3-5b3b018f4d0d,61f44d00-e7e0-5397-98f9-fb4cd632cbdb,5
099db3bd-2162-5fda-93c3-5b3b018f4d0d,85a4de6a-5fb4-5b75-8b1d-c96933e42420,5
099db3bd-2162-5fda-93c3-5b3b018f4d0d,77ece2d6-5532-585e-bafd-4d13346a04ea,4
099db3bd-2162-5fda-93c3-5b3b018f4d0d,ba061473-0e83-548d-acec-2fa521d1b955,5
099db3bd-2162-5fda-93c3-5b3b018f4d0d,1bc7ca18-6ff2-5560-9b5c-cf95d6265cb8,2
099db3bd-2162-5fda-93c3-5b3b018f4d0d,20e88f8a-bd21-5e0e-9f82-1dbeb7572f27,3
7d7cec0e-2c09-5b0b-8c50-643fcdf97a53,077e3610-db30-5535-96c5-4b4fb6c0ecbd,2
7d7cec0e-2c09-5b0b-8c50-643fcdf97a53,752e5386-1dcd-593a-824f-4399292f3e60,2
7d7cec0e-2c09-5b0b-8c50-643fcdf97a53,b3087ff5-3dc2-5f99-a844-b5774317be2c,2
7d7cec0e-2c09-5b0b-8c50-643fcdf97a53,c6a2b173-e738-5995-b07c-2a50079f11c1,2
7d7cec0e-2c09-5b0b-8c50-643fcdf97a53,0f962b9a-a2c1-5ba9-93a7-3609e59f75a1,2
7d7cec0e-2c09-5b0b-8c50-643fcdf97a53,911f879d-e8c9-5b49-8994-3a720fa7d634,2
7d7cec0e-2c09-5b0b-8c50-643fcdf97a53,f3b140a6-414b-55d8-8437-7a37e09772ad,2
7d7cec0e-2c09-5b0b-8c50-643fcdf97a53,b275afee-1ddc-5879-a993-d0ad3fe115e8,2
7d7cec0e-2c09-5b0b-8c50-643fcdf97a53,22f5885d-8434-56df-89e2-885b68232365,4
7d7cec0e-2c09-5b0b-8c50-643fcdf97a53,fe3eaaec-0928-5934-847d-95f8d93942cd,3
7d7cec0e-2c09-5b0b-8c50-643fcdf97a53,a6c19abd-e1b1-5ab8-8816-b2f6c05ba496,3
7d7cec0e-2c09-5b0b-8c50-643fcdf97a53,458d030e-4592-537b-aec8-dc33588eb337,1
7d7cec0e-2c09-5b0b-8c50-643fcdf97a53,cce79a8e-8eae-5ee6-be2a-7af0a7a08459,1
7d7cec0e-2c09-5b0b-8c50-643fcdf97a53,87f95c22-1504-5c92-a8f0-2d1ee8df5466,3
7d7cec0e-2c09-5b0b-8c50-643fcdf97a53,83a28abf-2628-5048-92a1-58d37ed3d708,4
7d7cec0e-2c09-5b0b-8c50-643fcdf97a53,482c19a2-0809-5e37-87c3-b9102f57cf81,3
7d7cec0e-2c09-5b0b-8c50-643fcdf97a53,7d7cec0e-2c09-5b0b-8c50-643fcdf97a53,5
7d7cec0e-2c09-5b0b-8c50-643fcdf97a53,0fc96ba5-2e99-50dd-9e48-21a7a7013eca,3
7d7cec0e-2c09-5b0b-8c50-643fcdf97a53,a92a73a1-df74-5394-b24a-f1eeae520988,3
7d7cec0e-2c09-5b0b-8c50-643fcdf97a53,8410b912-0b3e-574f-986b-a86c59b91748,3
0fc96ba5-2e99-50dd-9e48-21a7a7013eca,6cb1940e-089b-550c-994b-967a2838a1c6,1
0fc96ba5-2e99-50dd-9e48-21a7a7013eca,be08644d-074f-5f3a-9efe-76fd98dd9352,1
0fc96ba5-2e99-50dd-9e48-21a7a7013eca,71a51932-46c6-5ac5-9664-416aa6d0314e,1
0fc96ba5-2e99-50dd-9e48-21a7a7013eca,d0b7e504-f9c6-5ce6-8fe9-c129f6b67cea,1
0fc96ba5-2e99-50dd-9e48-21a7a7013eca,7442da53-9c7d-577e-9ad7-410bee197b1e,1
0fc96ba5-2e99-50dd-9e48-21a7a7013eca,57d1d8bd-114a-5579-b4e4-9f9f16b6dac1,1
0fc96ba5-2e99-50dd-9e48-21a7a7013eca,4f4b0751-5cfe-5a43-9362-8c7dba59b36c,3
0fc96ba5-2e99-50dd-9e48-21a7a7013eca,df1d48cd-df3a-5628-a040-6778bf13622b,3
0fc96ba5-2e99-50dd-9e48-21a7a7013eca,386a6ef6-09ba-5655-b636-ae4dba9a0515,3
0fc96ba5-2e99-50dd-9e48-21a7a7013eca,6e834874-ddde-59d5-ae61-151ce52f3bd9,3
0fc96ba5-2e99-50dd-9e48-21a7a7013eca,c0d261de-414a-5439-9b3e-5d11d63ca082,3
0fc96ba5-2e99-50dd-9e48-21a7a7013eca,620fcc12-1c5b-5d2e-ad11-e9b506320a0e,3
0fc96ba5-2e99-50dd-9e48-21a7a7013eca,f9bcacc3-ec3b-54f5-9f37-c919d69d55dc,3
0fc96ba5-2e99-50dd-9e48-21a7a7013eca,b90181dd-8347-50e0-afe4-81250bf3f29b,3
0fc96ba5-2e99-50dd-9e48-21a7a7013eca,6766f734-fa72-5b43-8aeb-108daaa93ecc,2
0fc96ba5-2e99-50dd-9e48-21a7a7013eca,86457463-d115-58f7-aaa6-6dfc7ad345c0,2
0fc96ba5-2e99-50dd-9e48-21a7a7013eca,77e80601-42e2-5aaa-acd2-fd1079174ab3,2
0fc96ba5-2e99-50dd-9e48-21a7a7013eca,22f5885d-8434-56df-89e2-885b68232365,3
0fc96ba5-2e99-50dd-9e48-21a7a7013eca,fe3eaaec-0928-5934-847d-95f8d93942cd,5
0fc96ba5-2e99-50dd-9e48-21a7a7013eca,a6c19abd-e1b1-5ab8-8816-b2f6c05ba496,4
0fc96ba5-2e99-50dd-9e48-21a7a7013eca,458d030e-4592-537b-aec8-dc33588eb337,3
0fc96ba5-2e99-50dd-9e48-21a7a7013eca,cce79a8e-8eae-5ee6-be2a-7af0a7a08459,3
0fc96ba5-2e99-50dd-9e48-21a7a7013eca,87f95c22-1504-5c92-a8f0-2d1ee8df5466,4
0fc96ba5-2e99-50dd-9e48-21a7a7013eca,7d7cec0e-2c09-5b0b-8c50-643fcdf97a53,3
0fc96ba5-2e99-50dd-9e48-21a7a7013eca,0fc96ba5-2e99-50dd-9e48-21a7a7013eca,5
0fc96ba5-2e99-50dd-9e48-21a7a7013eca,a92a73a1-df74-5394-b24a-f1eeae520988,5
0fc96ba5-2e99-50dd-9e48-21a7a7013eca,8410b912-0b3e-574f-986b-a86c59b91748,4
a92a73a1-df74-5394-b24a-f1eeae520988,6cb1940e-089b-550c-994b-967a2838a1c6,1
a92a73a1-df74-5394-b24a-f1eeae520988,be08644d-074f-5f3a-9efe-76fd98dd9352,1
a92a73a1-df74-5394-b24a-f1eeae520988,71a51932-46c6-5ac5-9664-416aa6d0314e,1
a92a73a1-df74-5394-b24a-f1eeae520988,d0b7e504-f9c6-5ce6-8fe9-c129f6b67cea,1
a92a73a1-df74-5394-b24a-f1eeae520988,7442da53-9c7d-577e-9ad7-410bee197b1e,1
a92a73a1-df74-5394-b24a-f1eeae520988,57d1d8bd-114a-5579-b4e4-9f9f16b6dac1,1
a92a73a1-df74-5394-b24a-f1eeae520988,4f4b0751-5cfe-5a43-9362-8c7dba59b36c,3
a92a73a1-df74-5394-b24a-f1eeae520988,df1d48cd-df3a-5628-a040-6778bf13622b,3
a92a73a1-df74-5394-b24a-f1eeae520988,386a6ef6-09ba-5655-b636-ae4dba9a0515,3
a92a73a1-df74-5394-b24a-f1eeae520988,6e834874-ddde-59d5-ae61-151ce52f3bd9,3
a92a73a1-df74-5394-b24a-f1eeae520988,c0d261de-414a-5439-9b3e-5d11d63ca082,3
a92a73a1-df74-5394-b24a-f1eeae520988,620fcc12-1c5b-5d2e-ad11-e9b506320a0e,3
a92a73a1-df74-5394-b24a-f1eeae520988,f9bcacc3-ec3b-54f5-9f37-c919d69d55dc,3
a92a73a1-df74-5394-b24a-f1eeae520988,b90181dd-8347-50e0-afe4-81250bf3f29b,3
a92a73a1-df74-5394-b24a-f1eeae520988,6766f734-fa72-5b43-8aeb-108daaa93ecc,2
a92a73a1-df74-5394-b24a-f1eeae520988,86457463-d115-58f7-aaa6-6dfc7ad345c0,2
a92a73a1-df74-5394-b24a-f1eeae520988,77e80601-42e2-5aaa-acd2-fd1079174ab3,2
a92a73a1-df74-5394-b24a-f1eeae520988,22f5885d-8434-56df-89e2-885b68232365,3
a92a73a1-df74-5394-b24a-f1eeae520988,fe3eaaec-0928-5934-847d-95f8d93942cd,5
a92a73a1-df74-5394-b24a-f1eeae520988,a6c19abd-e1b1-5ab8-8816-b2f6c05ba496,4
a92a73a1-df74-5394-b24a-f1eeae520988,458d030e-4592-537b-aec8-dc33588eb337,3
a92a73a1-df74-5394-b24a-f1eeae520988,cce79a8e-8eae-5ee6-be2a-7af0a7a08459,3
a92a73a1-df74-5394-b24a-f1eeae520988,87f95c22-1504-5c92-a8f0-2d1ee8df5466,4
a92a73a1-df74-5394-b24a-f1eeae520988,7d7cec0e-2c09-5b0b-8c50-643fcdf97a53,3
a92a73a1-df74-5394-b24a-f1eeae520988,0fc96ba5-2e99-50dd-9e48-21a7a7013eca,5
a92a73a1-df74-5394-b24a-f1eeae520988,a92a73a1-df74-5394-b24a-f1eeae520988,5
a92a73a1-df74-5394-b24a-f1eeae520988,8410b912-0b3e-574f-986b-a86c59b91748,4
e38dfa77-80fe-583f-87de-9c68002a6ee4,e43a37b9-d86e-50bf-90c1-20b4c0cffbe0,1
e38dfa77-80fe-583f-87de-9c68002a6ee4,41fbc688-c61e-5d88-894c-a1ba8c9030cc,1
e38dfa77-80fe-583f-87de-9c68002a6ee4,740f372f-3c34-5462-9834-bd152faacd83,1
e38dfa77-80fe-583f-87de-9c68002a6ee4,71ddb23f-c0c9-5706-afe4-0c0e61e23113,1
e38dfa77-80fe-583f-87de-9c68002a6ee4,c639d49c-15c7-5825-b7d8-4765005e6503,3
e38dfa77-80fe-583f-87de-9c68002a6ee4,0936718b-bdf4-5888-a93e-0afdb4d81aa5,3
e38dfa77-80fe-583f-87de-9c68002a6ee4,14954378-e6e5-5ed8-9482-e21de0c8c019,3
e38dfa77-80fe-583f-87de-9c68002a6ee4,c586380d-da3d-59f1-b17e-e36dbd3dae38,3
e38dfa77-80fe-583f-87de-9c68002a6ee4,098f16b9-1f50-51ab-96c8-b490e2f6791c,5
e38dfa77-80fe-583f-87de-9c68002a6ee4,099db3bd-2162-5fda-93c3-5b3b018f4d0d,5
e38dfa77-80fe-583f-87de-9c68002a6ee4,e38dfa77-80fe-583f-87de-9c68002a6ee4,5
e38dfa77-80fe-583f-87de-9c68002a6ee4,e2672248-764f-59ba-8a6a-959fb1f2097a,5
e38dfa77-80fe-583f-87de-9c68002a6ee4,c5c268e9-c0b7-5bba-ac50-e070acc27dc1,5
e38dfa77-80fe-583f-87de-9c68002a6ee4,61f44d00-e7e0-5397-98f9-fb4cd632cbdb,5
e38dfa77-80fe-583f-87de-9c68002a6ee4,85a4de6a-5fb4-5b75-8b1d-c96933e42420,5
e38dfa77-80fe-583f-87de-9c68002a6ee4,77ece2d6-5532-585e-bafd-4d13346a04ea,4
e38dfa77-80fe-583f-87de-9c68002a6ee4,ba061473-0e83-548d-acec-2fa521d1b955,5
e38dfa77-80fe-583f-87de-9c68002a6ee4,1bc7ca18-6ff2-5560-9b5c-cf95d6265cb8,2
e38dfa77-80fe-583f-87de-9c68002a6ee4,20e88f8a-bd21-5e0e-9f82-1dbeb7572f27,3
e2672248-764f-59ba-8a6a-959fb1f2097a,e43a37b9-d86e-50bf-90c1-20b4c0cffbe0,1
e2672248-764f-59ba-8a6a-959fb1f2097a,41fbc688-c61e-5d88-894c-a1ba8c9030cc,1
e2672248-764f-59ba-8a6a-959fb1f2097a,740f372f-3c34-5462-9834-bd152faacd83,1
e2672248-764f-59ba-8a6a-959fb1f2097a,71ddb23f-c0c9-5706-afe4-0c0e61e23113,1
e2672248-764f-59ba-8a6a-959fb1f2097a,c639d49c-15c7-5825-b7d8-4765005e6503,3
e2672248-764f-59ba-8a6a-959fb1f2097a,0936718b-bdf4-5888-a93e-0afdb4d81aa5,3
e2672248-764f-59ba-8a6a-959fb1f2097a,14954378-e6e5-5ed8-9482-e21de0c8c019,3
e2672248-764f-59ba-8a6a-959fb1f2097a,c586380d-da3d-59f1-b17e-e36dbd3dae38,3
e2672248-764f-59ba-8a6a-959fb1f2097a,098f16b9-1f50-51ab-96c8-b490e2f6791c,5
e2672248-764f-59ba-8a6a-959fb1f2097a,099db3bd-2162-5fda-93c3-5b3b018f4d0d,5
e2672248-764f-59ba-8a6a-959fb1f2097a,e38dfa77-80fe-583f-87de-9c68002a6ee4,5
e2672248-764f-59ba-8a6a-959fb1f2097a,e2672248-764f-59ba-8a6a-959fb1f2097a,5
e2672248-764f-59ba-8a6a-959fb1f2097a,c5c268e9-c0b7-5bba-ac50-e070acc27dc1,5
e2672248-764f-59ba-8a6a-959fb1f2097a,61f44d00-e7e0-5397-98f9-fb4cd632cbdb,5
e2672248-764f-59ba-8a6a-959fb1f2097a,85a4de6a-5fb4-5b75-8b1d-c96933e42420,5
e2672248-764f-59ba-8a6a-959fb1f2097a,77ece2d6-5532-585e-bafd-4d13346a04ea,4
e2672248-764f-59ba-8a6a-959fb1f2097a,ba061473-0e83-548d-acec-2fa521d1b955,5
e2672248-764f-59ba-8a6a-959fb1f2097a,1bc7ca18-6ff2-5560-9b5c-cf95d6265cb8,2
e2672248-764f-59ba-8a6a-959fb1f2097a,20e88f8a-bd21-5e0e-9f82-1dbeb7572f27,3
c5c268e9-c0b7-5bba-ac50-e070acc27dc1,e43a37b9-d86e-50bf-90c1-20b4c0cffbe0,1
c5c268e9-c0b7-5bba-ac50-e070acc27dc1,41fbc688-c61e-5d88-894c-a1ba8c9030cc,1
c5c268e9-c0b7-5bba-ac50-e070acc27dc1,740f372f-3c34-5462-9834-bd152faacd83,1
c5c268e9-c0b7-5bba-ac50-e070acc27dc1,71ddb23f-c0c9-5706-afe4-0c0e61e23113,1
c5c268e9-c0b7-5bba-ac50-e070acc27dc1,c639d49c-15c7-5825-b7d8-4765005e6503,3
c5c268e9-c0b7-5bba-ac50-e070acc27dc1,0936718b-bdf4-5888-a93e-0afdb4d81aa5,3
c5c268e9-c0b7-5bba-ac50-e070acc27dc1,14954378-e6e5-5ed8-9482-e21de0c8c019,3
c5c268e9-c0b7-5bba-ac50-e070acc27dc1,c586380d-da3d-59f1-b17e-e36dbd3dae38,3
c5c268e9-c0b7-5bba-ac50-e070acc27dc1,098f16b9-1f50-51ab-96c8-b490e2f6791c,5
c5c268e9-c0b7-5bba-ac50-e070acc27dc1,099db3bd-2162-5fda-93c3-5b3b018f4d0d,5
c5c268e9-c0b7-5bba-ac50-e070acc27dc1,e38dfa77-80fe-583f-87de-9c68002a6ee4,5
c5c268e9-c0b7-5bba-ac50-e070acc27dc1,e2672248-764f-59ba-8a6a-959fb1f2097a,5
c5c268e9-c0b7-5bba-ac50-e070acc27dc1,c5c268e9-c0b7-5bba-ac50-e070acc27dc1,5
c5c268e9-c0b7-5bba-ac50-e070acc27dc1,61f44d00-e7e0-5397-98f9-fb4cd632cbdb,5
c5c268e9-c0b7-5bba-ac50-e070acc27dc1,85a4de6a-5fb4-5b75-8b1d-c96933e42420,5
c5c268e9-c0b7-5bba-ac50-e070acc27dc1,77ece2d6-5532-585e-bafd-4d13346a04ea,4
c5c268e9-c0b7-5bba-ac50-e070acc27dc1,ba061473-0e83-548d-acec-2fa521d1b955,5
c5c268e9-c0b7-5bba-ac50-e070acc27dc1,1bc7ca18-6ff2-5560-9b5c-cf95d6265cb8,2
c5c268e9-c0b7-5bba-ac50-e070acc27dc1,20e88f8a-bd21-5e0e-9f82-1dbeb7572f27,3
61f44d00-e7e0-5397-98f9-fb4cd632cbdb,e43a37b9-d86e-50bf-90c1-20b4c0cffbe0,1
61f44d00-e7e0-5397-98f9-fb4cd632cbdb,41fbc688-c61e-5d88-894c-a1ba8c9030cc,1
61f44d00-e7e0-5397-98f9-fb4cd632cbdb,740f372f-3c34-5462-9834-bd152faacd83,1
61f44d00-e7e0-5397-98f9-fb4cd632cbdb,71ddb23f-c0c9-5706-afe4-0c0e61e23113,1
61f44d00-e7e0-5397-98f9-fb4cd632cbdb,c639d49c-15c7-5825-b7d8-4765005e6503,4
61f44d00-e7e0-5397-98f9-fb4cd632cbdb,0936718b-bdf4-5888-a93e-0afdb4d81aa5,4
61f44d00-e7e0-5397-98f9-fb4cd632cbdb,14954378-e6e5-5ed8-9482-e21de0c8c019,3
61f44d00-e7e0-5397-98f9-fb4cd632cbdb,c586380d-da3d-59f1-b17e-e36dbd3dae38,3
61f44d00-e7e0-5397-98f9-fb4cd632cbdb,098f16b9-1f50-51ab-96c8-b490e2f6791c,5
61f44d00-e7e0-5397-98f9-fb4cd632cbdb,099db3bd-2162-5fda-93c3-5b3b018f4d0d,5
61f44d00-e7e0-5397-98f9-fb4cd632cbdb,e38dfa77-80fe-583f-87de-9c68002a6ee4,5
61f44d00-e7e0-5397-98f9-fb4cd632cbdb,e2672248-764f-59ba-8a6a-959fb1f2097a,5
61f44d00-e7e0-5397-98f9-fb4cd632cbdb,c5c268e9-c0b7-5bba-ac50-e070acc27dc1,5
61f44d00-e7e0-5397-98f9-fb4cd632cbdb,61f44d00-e7e0-5397-98f9-fb4cd632cbdb,5
61f44d00-e7e0-5397-98f9-fb4cd632cbdb,85a4de6a-5fb4-5b75-8b1d-c96933e42420,5
61f44d00-e7e0-5397-98f9-fb4cd632cbdb,77ece2d6-5532-585e-bafd-4d13346a04ea,4
61f44d00-e7e0-5397-98f9-fb4cd632cbdb,ba061473-0e83-548d-acec-2fa521d1b955,5
61f44d00-e7e0-5397-98f9-fb4cd632cbdb,1bc7ca18-6ff2-5560-9b5c-cf95d6265cb8,2
61f44d00-e7e0-5397-98f9-fb4cd632cbdb,20e88f8a-bd21-5e0e-9f82-1dbeb7572f27,3
85a4de6a-5fb4-5b75-8b1d-c96933e42420,e43a37b9-d86e-50bf-90c1-20b4c0cffbe0,1
85a4de6a-5fb4-5b75-8b1d-c96933e42420,41fbc688-c61e-5d88-894c-a1ba8c9030cc,1
85a4de6a-5fb4-5b75-8b1d-c96933e42420,740f372f-3c34-5462-9834-bd152faacd83,1
85a4de6a-5fb4-5b75-8b1d-c96933e42420,71ddb23f-c0c9-5706-afe4-0c0e61e23113,1
85a4de6a-5fb4-5b75-8b1d-c96933e42420,c639d49c-15c7-5825-b7d8-4765005e6503,3
85a4de6a-5fb4-5b75-8b1d-c96933e42420,0936718b-bdf4-5888-a93e-0afdb4d81aa5,3
85a4de6a-5fb4-5b75-8b1d-c96933e42420,14954378-e6e5-5ed8-9482-e21de0c8c019,4
85a4de6a-5fb4-5b75-8b1d-c96933e42420,c586380d-da3d-59f1-b17e-e36dbd3dae38,4
85a4de6a-5fb4-5b75-8b1d-c96933e42420,098f16b9-1f50-51ab-96c8-b490e2f6791c,5
85a4de6a-5fb4-5b75-8b1d-c96933e42420,099db3bd-2162-5fda-93c3-5b3b018f4d0d,5
85a4de6a-5fb4-5b75-8b1d-c96933e42420,e38dfa77-80fe-583f-87de-9c68002a6ee4,5
85a4de6a-5fb4-5b75-8b1d-c96933e42420,e2672248-764f-59ba-8a6a-959fb1f2097a,5
85a4de6a-5fb4-5b75-8b1d-c96933e42420,c5c268e9-c0b7-5bba-ac50-e070acc27dc1,5
85a4de6a-5fb4-5b75-8b1d-c96933e42420,61f44d00-e7e0-5397-98f9-fb4cd632cbdb,5
85a4de6a-5fb4-5b75-8b1d-c96933e42420,85a4de6a-5fb4-5b75-8b1d-c96933e42420,5
85a4de6a-5fb4-5b75-8b1d-c96933e42420,77ece2d6-5532-585e-bafd-4d13346a04ea,4
85a4de6a-5fb4-5b75-8b1d-c96933e42420,ba061473-0e83-548d-acec-2fa521d1b955,5
85a4de6a-5fb4-5b75-8b1d-c96933e42420,1bc7ca18-6ff2-5560-9b5c-cf95d6265cb8,2
85a4de6a-5fb4-5b75-8b1d-c96933e42420,20e88f8a-bd21-5e0e-9f82-1dbeb7572f27,3
77ece2d6-5532-585e-bafd-4d13346a04ea,e43a37b9-d86e-50bf-90c1-20b4c0cffbe0,1
77ece2d6-5532-585e-bafd-4d13346a04ea,41fbc688-c61e-5d88-894c-a1ba8c9030cc,1
77ece2d6-5532-585e-bafd-4d13346a04ea,740f372f-3c34-5462-9834-bd152faacd83,1
77ece2d6-5532-585e-bafd-4d13346a04ea,71ddb23f-c0c9-5706-afe4-0c0e61e23113,1
77ece2d6-5532-585e-bafd-4d13346a04ea,c639d49c-15c7-5825-b7d8-4765005e6503,3
77ece2d6-5532-585e-bafd-4d13346a04ea,0936718b-bdf4-5888-a93e-0afdb4d81aa5,3
77ece2d6-5532-585e-bafd-4d13346a04ea,14954378-e6e5-5ed8-9482-e21de0c8c019,2
77ece2d6-5532-585e-bafd-4d13346a04ea,c586380d-da3d-59f1-b17e-e36dbd3dae38,2
77ece2d6-5532-585e-bafd-4d13346a04ea,098f16b9-1f50-51ab-96c8-b490e2f6791c,4
77ece2d6-5532-585e-bafd-4d13346a04ea,099db3bd-2162-5fda-93c3-5b3b018f4d0d,4
77ece2d6-5532-585e-bafd-4d13346a04ea,e38dfa77-80fe-583f-87de-9c68002a6ee4,4
77ece2d6-5532-585e-bafd-4d13346a04ea,e2672248-764f-59ba-8a6a-959fb1f2097a,4
77ece2d6-5532-585e-bafd-4d13346a04ea,c5c268e9-c0b7-5bba-ac50-e070acc27dc1,4
77ece2d6-5532-585e-bafd-4d13346a04ea,61f44d00-e7e0-5397-98f9-fb4cd632cbdb,4
77ece2d6-5532-585e-bafd-4d13346a04ea,85a4de6a-5fb4-5b75-8b1d-c96933e42420,4
77ece2d6-5532-585e-bafd-4d13346a04ea,77ece2d6-5532-585e-bafd-4d13346a04ea,5
77ece2d6-5532-585e-bafd-4d13346a04ea,ba061473-0e83-548d-acec-2fa521d1b955,4
77ece2d6-5532-585e-bafd-4d13346a04ea,1bc7ca18-6ff2-5560-9b5c-cf95d6265cb8,2
77ece2d6-5532-585e-bafd-4d13346a04ea,20e88f8a-bd21-5e0e-9f82-1dbeb7572f27,2
ba061473-0e83-548d-acec-2fa521d1b955,e43a37b9-d86e-50bf-90c1-20b4c0cffbe0,1
ba061473-0e83-548d-acec-2fa521d1b955,41fbc688-c61e-5d88-894c-a1ba8c9030cc,1
ba061473-0e83-548d-acec-2fa521d1b955,740f372f-3c34-5462-9834-bd152faacd83,1
ba061473-0e83-548d-acec-2fa521d1b955,71ddb23f-c0c9-5706-afe4-0c0e61e23113,1
ba061473-0e83-548d-acec-2fa521d1b955,c639d49c-15c7-5825-b7d8-4765005e6503,3
ba061473-0e83-548d-acec-2fa521d1b955,0936718b-bdf4-5888-a93e-0afdb4d81aa5,3
ba061473-0e83-548d-acec-2fa521d1b955,14954378-e6e5-5ed8-9482-e21de0c8c019,3
ba061473-0e83-548d-acec-2fa521d1b955,c586380d-da3d-59f1-b17e-e36dbd3dae38,3
ba061473-0e83-548d-acec-2fa521d1b955,098f16b9-1f50-51ab-96c8-b490e2f6791c,5
ba061473-0e83-548d-acec-2fa521d1b955,099db3bd-2162-5fda-93c3-5b3b018f4d0d,5
ba061473-0e83-548d-acec-2fa521d1b955,e38dfa77-80fe-583f-87de-9c68002a6ee4,5
ba061473-0e83-548d-acec-2fa521d1b955,e2672248-764f-59ba-8a6a-959fb1f2097a,5
ba061473-0e83-548d-acec-2fa521d1b955,c5c268e9-c0b7-5bba-ac50-e070acc27dc1,5
ba061473-0e83-548d-acec-2fa521d1b955,61f44d00-e7e0-5397-98f9-fb4cd632cbdb,5
ba061473-0e83-548d-acec-2fa521d1b955,85a4de6a-5fb4-5b75-8b1d-c96933e42420,5
ba061473-0e83-548d-acec-2fa521d1b955,77ece2d6-5532-585e-bafd-4d13346a04ea,4
ba061473-0e83-548d-acec-2fa521d1b955,ba061473-0e83-548d-acec-2fa521d1b955,5
ba061473-0e83-548d-acec-2fa521d1b955,1bc7ca18-6ff2-5560-9b5c-cf95d6265cb8,2
ba061473-0e83-548d-acec-2fa521d1b955,20e88f8a-bd21-5e0e-9f82-1dbeb7572f27,3
1bc7ca18-6ff2-5560-9b5c-cf95d6265cb8,01e1ed25-a83b-57c5-be07-6fb6e25bd20d,2
1bc7ca18-6ff2-5560-9b5c-cf95d6265cb8,4be1cc4c-d9b1-55d4-b4bd-99b3f445ffb5,3
1bc7ca18-6ff2-5560-9b5c-cf95d6265cb8,e831362e-6240-5d54-9ecc-5c7c384bc98b,3
1bc7ca18-6ff2-5560-9b5c-cf95d6265cb8,c518b4f0-9b16-5c4b-871c-bd9509e86e8a,3
1bc7ca18-6ff2-5560-9b5c-cf95d6265cb8,098f16b9-1f50-51ab-96c8-b490e2f6791c,2
1bc7ca18-6ff2-5560-9b5c-cf95d6265cb8,099db3bd-2162-5fda-93c3-5b3b018f4d0d,2
1bc7ca18-6ff2-5560-9b5c-cf95d6265cb8,e38dfa77-80fe-583f-87de-9c68002a6ee4,2
1bc7ca18-6ff2-5560-9b5c-cf95d6265cb8,e2672248-764f-59ba-8a6a-959fb1f2097a,2
1bc7ca18-6ff2-5560-9b5c-cf95d6265cb8,c5c268e9-c0b7-5bba-ac50-e070acc27dc1,2
1bc7ca18-6ff2-5560-9b5c-cf95d6265cb8,61f44d00-e7e0-5397-98f9-fb4cd632cbdb,2
1bc7ca18-6ff2-5560-9b5c-cf95d6265cb8,85a4de6a-5fb4-5b75-8b1d-c96933e42420,2
1bc7ca18-6ff2-5560-9b5c-cf95d6265cb8,77ece2d6-5532-585e-bafd-4d13346a04ea,2
1bc7ca18-6ff2-5560-9b5c-cf95d6265cb8,ba061473-0e83-548d-acec-2fa521d1b955,2
1bc7ca18-6ff2-5560-9b5c-cf95d6265cb8,1bc7ca18-6ff2-5560-9b5c-cf95d6265cb8,5
1bc7ca18-6ff2-5560-9b5c-cf95d6265cb8,20e88f8a-bd21-5e0e-9f82-1dbeb7572f27,2
8410b912-0b3e-574f-986b-a86c59b91748,6cb1940e-089b-550c-994b-967a2838a1c6,1
8410b912-0b3e-574f-986b-a86c59b91748,be08644d-074f-5f3a-9efe-76fd98dd9352,1
8410b912-0b3e-574f-986b-a86c59b91748,71a51932-46c6-5ac5-9664-416aa6d0314e,1
8410b912-0b3e-574f-986b-a86c59b91748,d0b7e504-f9c6-5ce6-8fe9-c129f6b67cea,1
8410b912-0b3e-574f-986b-a86c59b91748,7442da53-9c7d-577e-9ad7-410bee197b1e,1
8410b912-0b3e-574f-986b-a86c59b91748,57d1d8bd-114a-5579-b4e4-9f9f16b6dac1,1
8410b912-0b3e-574f-986b-a86c59b91748,4f4b0751-5cfe-5a43-9362-8c7dba59b36c,3
8410b912-0b3e-574f-986b-a86c59b91748,df1d48cd-df3a-5628-a040-6778bf13622b,3
8410b912-0b3e-574f-986b-a86c59b91748,386a6ef6-09ba-5655-b636-ae4dba9a0515,3
8410b912-0b3e-574f-986b-a86c59b91748,6e834874-ddde-59d5-ae61-151ce52f3bd9,3
8410b912-0b3e-574f-986b-a86c59b91748,c0d261de-414a-5439-9b3e-5d11d63ca082,3
8410b912-0b3e-574f-986b-a86c59b91748,620fcc12-1c5b-5d2e-ad11-e9b506320a0e,3
8410b912-0b3e-574f-986b-a86c59b91748,f9bcacc3-ec3b-54f5-9f37-c919d69d55dc,3
8410b912-0b3e-574f-986b-a86c59b91748,b90181dd-8347-50e0-afe4-81250bf3f29b,3
8410b912-0b3e-574f-986b-a86c59b91748,6766f734-fa72-5b43-8aeb-108daaa93ecc,2
8410b912-0b3e-574f-986b-a86c59b91748,86457463-d115-58f7-aaa6-6dfc7ad345c0,2
8410b912-0b3e-574f-986b-a86c59b91748,77e80601-42e2-5aaa-acd2-fd1079174ab3,2
8410b912-0b3e-574f-986b-a86c59b91748,22f5885d-8434-56df-89e2-885b68232365,4
8410b912-0b3e-574f-986b-a86c59b91748,fe3eaaec-0928-5934-847d-95f8d93942cd,4
8410b912-0b3e-574f-986b-a86c59b91748,a6c19abd-e1b1-5ab8-8816-b2f6c05ba496,4
8410b912-0b3e-574f-986b-a86c59b91748,458d030e-4592-537b-aec8-dc33588eb337,3
8410b912-0b3e-574f-986b-a86c59b91748,cce79a8e-8eae-5ee6-be2a-7af0a7a08459,3
8410b912-0b3e-574f-986b-a86c59b91748,87f95c22-1504-5c92-a8f0-2d1ee8df5466,5
8410b912-0b3e-574f-986b-a86c59b91748,7d7cec0e-2c09-5b0b-8c50-643fcdf97a53,3
8410b912-0b3e-574f-986b-a86c59b91748,0fc96ba5-2e99-50dd-9e48-21a7a7013eca,4
8410b912-0b3e-574f-986b-a86c59b91748,a92a73a1-df74-5394-b24a-f1eeae520988,4
8410b912-0b3e-574f-986b-a86c59b91748,8410b912-0b3e-574f-986b-a86c59b91748,5
20e88f8a-bd21-5e0e-9f82-1dbeb7572f27,c639d49c-15c7-5825-b7d8-4765005e6503,2
20e88f8a-bd21-5e0e-9f82-1dbeb7572f27,0936718b-bdf4-5888-a93e-0afdb4d81aa5,2
20e88f8a-bd21-5e0e-9f82-1dbeb7572f27,d2c7ed1d-c8c5-5d26-be45-7869771d6d54,2
20e88f8a-bd21-5e0e-9f82-1dbeb7572f27,d8eb6802-633f-5c7e-a4b4-6f7b585f1d75,3
20e88f8a-bd21-5e0e-9f82-1dbeb7572f27,6766f734-fa72-5b43-8aeb-108daaa93ecc,1
20e88f8a-bd21-5e0e-9f82-1dbeb7572f27,86457463-d115-58f7-aaa6-6dfc7ad345c0,1
20e88f8a-bd21-5e0e-9f82-1dbeb7572f27,77e80601-42e2-5aaa-acd2-fd1079174ab3,1
20e88f8a-bd21-5e0e-9f82-1dbeb7572f27,14954378-e6e5-5ed8-9482-e21de0c8c019,1
20e88f8a-bd21-5e0e-9f82-1dbeb7572f27,c586380d-da3d-59f1-b17e-e36dbd3dae38,1
20e88f8a-bd21-5e0e-9f82-1dbeb7572f27,098f16b9-1f50-51ab-96c8-b490e2f6791c,3
20e88f8a-bd21-5e0e-9f82-1dbeb7572f27,099db3bd-2162-5fda-93c3-5b3b018f4d0d,3
20e88f8a-bd21-5e0e-9f82-1dbeb7572f27,e38dfa77-80fe-583f-87de-9c68002a6ee4,3
20e88f8a-bd21-5e0e-9f82-1dbeb7572f27,e2672248-764f-59ba-8a6a-959fb1f2097a,3
20e88f8a-bd21-5e0e-9f82-1dbeb7572f27,c5c268e9-c0b7-5bba-ac50-e070acc27dc1,3
20e88f8a-bd21-5e0e-9f82-1dbeb7572f27,61f44d00-e7e0-5397-98f9-fb4cd632cbdb,3
20e88f8a-bd21-5e0e-9f82-1dbeb7572f27,85a4de6a-5fb4-5b75-8b1d-c96933e42420,3
20e88f8a-bd21-5e0e-9f82-1dbeb7572f27,77ece2d6-5532-585e-bafd-4d13346a04ea,2
20e88f8a-bd21-5e0e-9f82-1dbeb7572f27,ba061473-0e83-548d-acec-2fa521d1b955,3
20e88f8a-bd21-5e0e-9f82-1dbeb7572f27,1bc7ca18-6ff2-5560-9b5c-cf95d6265cb8,2
20e88f8a-bd21-5e0e-9f82-1dbeb7572f27,20e88f8a-bd21-5e0e-9f82-1dbeb7572f27,5
