id,category_id,name,agb_code,e_climate_change,e_ozone_depletion,e_ionizing_radiation,e_ozone_formation,e_particulate_matter,e_non_carcinogenic_toxicity,e_carcinogenic_toxicity,e_land_water_acidification,e_freshwater_eutrophication,e_marine_eutrophication,e_terrestrial_eutrophication,e_freshwater_ecotoxicity,e_land_use,e_water_use,e_energy_use,e_mineral_use,aw_index,aw_antibio_index,s_child_labour,s_forced_labour,s_fair_salary,s_working_time,s_discrimination,s_health_safety_workers,s_social_benefits_legal_issues,s_workers_rights,s_fair_competition,s_corruption,s_contribution_econ_dev,s_illiteracy,s_health_safety_society,s_indigenous_rights,nutri_score
6e5b2400-d9e5-53e7-a890-86a918ff6583,da753992-7ecf-5e04-9ae6-8214aed2f7c4,Champagne kir (Cocktail of champagne with red fruit liqueur),1019,1.56,0.00,0.48,0.01,0.00,0.00,0.00,0.01,0.00,0.01,0.03,22.50,103.00,0.46,27.10,0.00,0,0,0.09,0.02,0.13,0.02,0.22,0.68,0.12,0.97,0.01,1.24,-0.08,0.04,0.16,0.13,0
6dd9e46b-c054-5ea5-9147-b9e5b5ac9016,da753992-7ecf-5e04-9ae6-8214aed2f7c4,Kir (Cocktail of white wine with red fruit liqueur),1018,1.55,0.00,0.48,0.01,0.00,0.00,0.00,0.01,0.00,0.01,0.03,22.50,105.00,0.43,26.90,0.00,0,0,0.09,0.02,0.13,0.02,0.22,0.68,0.12,0.97,0.01,1.24,-0.08,0.04,0.16,0.13,0
47ba9f80-7996-5e34-bde1-66753b06542f,da753992-7ecf-5e04-9ae6-8214aed2f7c4,Sangria,1017,1.36,0.00,0.41,0.01,0.00,0.00,0.00,0.01,0.00,0.00,0.03,19.20,64.50,2.72,23.30,0.00,0,0,0.09,0.02,0.13,0.02,0.22,0.68,0.12,0.97,0.01,1.24,-0.08,0.04,0.16,0.13,0
4a0cb8ff-9223-5b49-a17e-dbbb1f0cf256,c3891750-8f98-5193-8b74-06fe453e8361,"Cocktail, punch type, 16% alcohol",1022,1.25,0.00,0.33,0.01,0.00,0.00,0.00,0.01,0.00,0.00,0.02,43.40,22.90,0.82,20.70,0.00,0,0,0.09,0.02,0.13,0.02,0.22,0.68,0.12,0.97,0.01,1.24,-0.08,0.04,0.16,0.13,0
e9f30793-49db-5fb1-b539-6a3e69bd369a,94e963ba-e490-59a6-947c-577a4d5b17de,Shandy (beer + lemonade),5004,1.23,0.00,0.44,0.00,0.00,0.00,0.00,0.01,0.00,0.00,0.02,15.20,16.80,0.33,22.80,0.00,0,0,0.00,0.01,0.41,0.01,0.26,0.19,0.06,0.56,0.00,0.20,-0.03,0.02,0.02,0.02,0
12d62713-bbe7-562a-a320-11a88e3e0f16,94e963ba-e490-59a6-947c-577a4d5b17de,"Shandy, prepacked (<1° alcohol)",5005,1.23,0.00,0.44,0.00,0.00,0.00,0.00,0.01,0.00,0.00,0.02,15.20,16.80,0.33,22.80,0.00,0,0,0.00,0.01,0.41,0.01,0.26,0.19,0.06,0.56,0.00,0.20,-0.03,0.02,0.02,0.02,0
57e3a13d-fa42-5cac-8343-757ed534b6c9,405cbb4c-92db-5e0b-9647-52d79a6e8858,"Beer, alcohol-free (<1,2° alcohol)",5030,1.35,0.00,0.60,0.00,0.00,0.00,0.00,0.01,0.00,0.00,0.02,11.90,17.00,0.26,27.30,0.00,0,0,0.00,0.01,0.41,0.01,0.26,0.19,0.06,0.56,0.00,0.20,-0.03,0.02,0.02,0.02,Nutriscore_C
cff90fbf-4c77-5a5b-a902-177878391a01,3bf71d24-7db7-5be7-80fc-de05ffed9a3a,"Beer, low alcohol-content (3° alcohol)",5008,1.35,0.00,0.60,0.00,0.00,0.00,0.00,0.01,0.00,0.00,0.02,11.90,17.00,0.26,27.30,0.00,0,0,0.00,0.01,0.41,0.01,0.26,0.19,0.06,0.56,0.00,0.20,-0.03,0.02,0.02,0.02,0
11cb2618-d64f-5956-bcf9-ff5167050fec,ef317323-ff71-5f4e-ad01-4855d3b4a7ed,"Beer, regular (4-5° alcohol)",5001,1.35,0.00,0.60,0.00,0.00,0.00,0.00,0.01,0.00,0.00,0.02,11.90,17.00,0.26,27.30,0.00,0,0,0.00,0.01,0.41,0.01,0.26,0.19,0.06,0.56,0.00,0.20,-0.03,0.02,0.02,0.02,0
1f989ca1-f43b-5b7f-9af3-8a681d4fa53b,3fbafc3e-d18e-5f73-8947-067014ec8460,"Beer, ""specialty"", from abbey or regional (varying alcohol content)",5011,1.35,0.00,0.60,0.00,0.00,0.00,0.00,0.01,0.00,0.00,0.02,11.90,17.00,0.26,27.30,0.00,0,0,0.00,0.01,0.41,0.01,0.26,0.19,0.06,0.56,0.00,0.20,-0.03,0.02,0.02,0.02,0
2156279f-cab3-5a16-98ea-acd0254cd6cf,3fbafc3e-d18e-5f73-8947-067014ec8460,"Beer, dark",5000,1.35,0.00,0.60,0.00,0.00,0.00,0.00,0.01,0.00,0.00,0.02,11.90,17.00,0.26,27.30,0.00,0,0,0.00,0.01,0.41,0.01,0.26,0.19,0.06,0.56,0.00,0.20,-0.03,0.02,0.02,0.02,0
5520c0af-cb98-592d-9caa-eaa879227b94,3fbafc3e-d18e-5f73-8947-067014ec8460,"Beer, special (5-6° alcohol)",5010,1.35,0.00,0.60,0.00,0.00,0.00,0.00,0.01,0.00,0.00,0.02,11.90,17.00,0.26,27.30,0.00,0,0,0.00,0.01,0.41,0.01,0.26,0.19,0.06,0.56,0.00,0.20,-0.03,0.02,0.02,0.02,0
ecbf266c-cabb-5b76-988f-3bb8c072f2c3,3fbafc3e-d18e-5f73-8947-067014ec8460,"Beer, strong (>8° alcohol)",5002,1.35,0.00,0.60,0.00,0.00,0.00,0.00,0.01,0.00,0.00,0.02,11.90,17.00,0.26,27.30,0.00,0,0,0.00,0.01,0.41,0.01,0.26,0.19,0.06,0.56,0.00,0.20,-0.03,0.02,0.02,0.02,0
135967c7-3755-597a-9a62-6add57e675f6,4201c3c5-b9bd-5a66-a498-448e82ebd268,Blackcurrant liqueur,1021,1.74,0.00,0.38,0.01,0.00,0.00,0.00,0.01,0.00,0.01,0.04,23.40,61.70,1.16,29.20,0.00,0,0,0.09,0.02,0.13,0.02,0.22,0.68,0.12,0.97,0.01,1.24,-0.08,0.04,0.16,0.13,0
373253df-a278-5a4e-8166-2b34db0bf298,4201c3c5-b9bd-5a66-a498-448e82ebd268,Liqueur,1003,1.59,0.00,0.28,0.01,0.00,0.00,0.00,0.02,0.00,0.01,0.08,37.90,55.80,1.24,23.30,0.00,0,0,0.09,0.02,0.13,0.02,0.22,0.68,0.12,0.97,0.01,1.24,-0.08,0.04,0.16,0.13,0
e53acd73-7ab4-5b09-ab78-16922bc597e0,9120735a-f609-5a8e-9481-3a40a8390fa8,Pure alcohol,1014,1.26,0.00,0.32,0.01,0.00,0.00,0.00,0.01,0.00,0.00,0.01,10.30,18.40,0.17,21.80,0.00,0,0,0.09,0.02,0.13,0.02,0.22,0.68,0.12,0.97,0.01,1.24,-0.08,0.04,0.16,0.13,0
eb9527dc-d3ce-517b-be28-34420239a2e6,ecda7ba2-db85-5146-abb5-718aca650681,Clear fruit brandy or eau-de-vie,1001,1.25,0.00,0.28,0.01,0.00,0.00,0.00,0.01,0.00,0.00,0.01,10.20,18.30,0.17,20.90,0.00,0,0,0.09,0.02,0.13,0.02,0.22,0.68,0.12,0.97,0.01,1.24,-0.08,0.04,0.16,0.13,0
ae1cffa0-5b44-58b0-be8b-8d8017a9ffc9,ecda7ba2-db85-5146-abb5-718aca650681,"Spirit made from wine, armagnac or cognac type",1023,1.26,0.00,0.32,0.01,0.00,0.00,0.00,0.01,0.00,0.00,0.01,10.30,18.40,0.17,21.80,0.00,0,0,0.09,0.02,0.13,0.02,0.22,0.68,0.12,0.97,0.01,1.24,-0.08,0.04,0.16,0.13,0
5370a3c6-7acb-561e-8134-217c00d95740,11a600cb-35eb-531a-b3a4-bc1d50af315d,Gin,1002,1.26,0.00,0.32,0.01,0.00,0.00,0.00,0.01,0.00,0.00,0.01,10.30,18.40,0.17,21.80,0.00,0,0,0.09,0.02,0.13,0.02,0.22,0.68,0.12,0.97,0.01,1.24,-0.08,0.04,0.16,0.13,0
1a3fc21c-e8fd-5760-b264-0c35d5c7f698,60f43c4c-f555-548e-87b6-1702b1bca3b2,Rum,1004,1.26,0.00,0.32,0.01,0.00,0.00,0.00,0.01,0.00,0.00,0.01,10.30,18.40,0.17,21.80,0.00,0,0,0.09,0.02,0.13,0.02,0.22,0.68,0.12,0.97,0.01,1.24,-0.08,0.04,0.16,0.13,0
6d02584b-ff28-5a73-bd0e-acef386c544b,60f43c4c-f555-548e-87b6-1702b1bca3b2,Rum-based cocktail,1012,1.10,0.00,0.25,0.01,0.00,0.00,0.00,0.01,0.00,0.00,0.02,19.80,24.10,0.70,17.90,0.00,0,0,0.09,0.02,0.13,0.02,0.22,0.68,0.12,0.97,0.01,1.24,-0.08,0.04,0.16,0.13,0
753e6e3a-0d59-5b7e-8d89-63b5a64a914f,90880c10-e3a6-58a1-aeff-f900ec058a4f,Sparkling fruit wine,5100,2.14,0.00,0.55,0.01,0.00,0.00,0.00,0.01,0.00,0.01,0.04,26.40,105.00,0.56,34.80,0.00,0,0,0.09,0.02,0.13,0.02,0.22,0.68,0.12,0.97,0.01,1.24,-0.08,0.04,0.16,0.13,0
81808a1d-62c4-5a24-beb5-e08ac1e8569d,c8f50e3e-4ad8-52cd-80d7-653d45e6005a,Pastis (anise-flavoured spirit),1000,1.26,0.00,0.32,0.01,0.00,0.00,0.00,0.01,0.00,0.00,0.01,10.30,18.40,0.17,21.80,0.00,0,0,0.09,0.02,0.13,0.02,0.22,0.68,0.12,0.97,0.01,1.24,-0.08,0.04,0.16,0.13,0
41a43804-12f8-5937-a7c7-454641284e94,6e2417c5-ef2a-5b69-ac10-7a198804372a,Sake or rice wine,1026,1.26,0.00,0.32,0.01,0.00,0.00,0.00,0.01,0.00,0.00,0.01,10.30,18.40,0.17,21.80,0.00,0,0,0.09,0.02,0.13,0.02,0.22,0.68,0.12,0.97,0.01,1.24,-0.08,0.04,0.16,0.13,0
3a6f2020-64ba-5177-b77d-cfae6368d08b,6e2417c5-ef2a-5b69-ac10-7a198804372a,Vodka,1008,1.26,0.00,0.32,0.01,0.00,0.00,0.00,0.01,0.00,0.00,0.01,10.30,18.40,0.17,21.80,0.00,0,0,0.09,0.02,0.13,0.02,0.22,0.68,0.12,0.97,0.01,1.24,-0.08,0.04,0.16,0.13,0
e4c8da66-e818-57b8-af47-493fb6b735c1,154c117f-3b1f-555f-89d3-69e98fd09883,Whiskey-based cocktail,1013,1.05,0.00,0.27,0.01,0.00,0.00,0.00,0.00,0.00,0.00,0.01,9.45,11.70,0.16,18.20,0.00,0,0,0.09,0.02,0.13,0.02,0.22,0.68,0.12,0.97,0.01,1.24,-0.08,0.04,0.16,0.13,0
74d5452c-2ec9-53f6-a3a6-c4c84576ff82,154c117f-3b1f-555f-89d3-69e98fd09883,Whisky,1005,1.26,0.00,0.32,0.01,0.00,0.00,0.00,0.01,0.00,0.00,0.01,10.30,18.40,0.17,21.80,0.00,0,0,0.09,0.02,0.13,0.02,0.22,0.68,0.12,0.97,0.01,1.24,-0.08,0.04,0.16,0.13,0
946b5faa-91ef-524b-9d6d-0a860d7648a3,0afef90b-a040-5ca1-8080-5a356e9cae93,Marsala wine,1015,1.22,0.00,0.40,0.00,0.00,0.00,0.00,0.01,0.00,0.01,0.02,18.90,95.60,0.20,21.80,0.00,0,0,0.09,0.02,0.13,0.02,0.22,0.68,0.12,0.97,0.01,1.24,-0.08,0.04,0.16,0.13,0
65011046-8629-5794-bd14-68edb7edcded,0afef90b-a040-5ca1-8080-5a356e9cae93,"Wine, red",5214,1.27,0.00,0.41,0.01,0.00,0.00,0.00,0.01,0.00,0.01,0.02,19.00,99.40,0.23,22.50,0.00,0,0,0.09,0.02,0.13,0.02,0.22,0.68,0.12,0.97,0.01,1.24,-0.08,0.04,0.16,0.13,0
f7740543-0d06-5af4-b621-41ee3ceff778,0afef90b-a040-5ca1-8080-5a356e9cae93,"Wine, rose",5216,1.46,0.00,0.40,0.01,0.00,0.00,0.00,0.01,0.00,0.01,0.02,21.10,112.00,0.25,23.90,0.00,0,0,0.09,0.02,0.13,0.02,0.22,0.68,0.12,0.97,0.01,1.24,-0.08,0.04,0.16,0.13,0
1f4e2284-7f66-5728-befe-5b3bcebd24a1,a158aa57-5172-5530-bdb1-1a885aa9bd83,"Wine, white, dry",5215,1.50,0.00,0.49,0.01,0.00,0.00,0.00,0.01,0.00,0.01,0.03,22.00,119.00,0.27,26.20,0.00,0,0,0.09,0.02,0.13,0.02,0.22,0.68,0.12,0.97,0.01,1.24,-0.08,0.04,0.16,0.13,0
f7ec68d3-e1e4-5d66-9927-048c610b315b,a158aa57-5172-5530-bdb1-1a885aa9bd83,"Wine, white, sweet",1006,1.35,0.00,0.41,0.01,0.00,0.00,0.00,0.01,0.00,0.01,0.02,21.00,119.00,0.26,23.20,0.00,0,0,0.09,0.02,0.13,0.02,0.22,0.68,0.12,0.97,0.01,1.24,-0.08,0.04,0.16,0.13,0
691c0ddd-0645-569e-81cb-20e3f40e67a2,73bb22f7-0105-5be4-86a0-7b34be672358,Champagne,5207,2.23,0.00,0.59,0.01,0.00,0.00,0.00,0.01,0.00,0.01,0.03,29.00,126.00,0.41,36.50,0.00,0,0,0.09,0.02,0.13,0.02,0.22,0.68,0.12,0.97,0.01,1.24,-0.08,0.04,0.16,0.13,0
69c044e8-0957-5b03-95c3-99cb9e105c95,73bb22f7-0105-5be4-86a0-7b34be672358,"Wine, white, sparkling",5201,2.14,0.00,0.58,0.01,0.00,0.00,0.00,0.01,0.00,0.01,0.03,28.00,125.00,0.39,35.10,0.00,0,0,0.09,0.02,0.13,0.02,0.22,0.68,0.12,0.97,0.01,1.24,-0.08,0.04,0.16,0.13,0
408b9ccc-5540-50ea-b8b4-654b4c586369,73bb22f7-0105-5be4-86a0-7b34be672358,"Wine, white, sparkling, flavoured",5209,2.14,0.00,0.58,0.01,0.00,0.00,0.00,0.01,0.00,0.01,0.03,28.00,125.00,0.39,35.10,0.00,0,0,0.09,0.02,0.13,0.02,0.22,0.68,0.12,0.97,0.01,1.24,-0.08,0.04,0.16,0.13,0
8b4fdb1d-9914-5be4-9797-44e9fea8daf1,1f5379d5-8ccf-53f6-8191-bcb0382a16e5,Cider,5020,1.33,0.00,0.37,0.01,0.00,0.00,0.00,0.01,0.00,0.00,0.02,22.20,22.70,0.76,22.20,0.00,0,0,0.09,0.02,0.13,0.02,0.22,0.68,0.12,0.97,0.01,1.24,-0.08,0.04,0.16,0.13,0
21f9536b-0c28-5365-a95d-ad8d428581c1,1f5379d5-8ccf-53f6-8191-bcb0382a16e5,"Cider, dry",5006,1.33,0.00,0.37,0.01,0.00,0.00,0.00,0.01,0.00,0.00,0.02,22.20,22.70,0.76,22.20,0.00,0,0,0.09,0.02,0.13,0.02,0.22,0.68,0.12,0.97,0.01,1.24,-0.08,0.04,0.16,0.13,0
77e20d2a-a625-59ea-a4e9-f86f84f779fb,1f5379d5-8ccf-53f6-8191-bcb0382a16e5,"Cider, half-dry",5021,1.33,0.00,0.37,0.01,0.00,0.00,0.00,0.01,0.00,0.00,0.02,22.20,22.70,0.76,22.20,0.00,0,0,0.09,0.02,0.13,0.02,0.22,0.68,0.12,0.97,0.01,1.24,-0.08,0.04,0.16,0.13,0
cba7d65d-1353-5b96-ae33-b34f51e96202,1f5379d5-8ccf-53f6-8191-bcb0382a16e5,"Cider, sweet",5007,1.33,0.00,0.37,0.01,0.00,0.00,0.00,0.01,0.00,0.00,0.02,22.20,22.70,0.76,22.20,0.00,0,0,0.09,0.02,0.13,0.02,0.22,0.68,0.12,0.97,0.01,1.24,-0.08,0.04,0.16,0.13,0
92a6e3f2-2eca-5fba-99dc-9adc2b437666,1f5379d5-8ccf-53f6-8191-bcb0382a16e5,Flavoured cider,5022,1.33,0.00,0.37,0.01,0.00,0.00,0.00,0.01,0.00,0.00,0.02,22.20,22.70,0.76,22.20,0.00,0,0,0.09,0.02,0.13,0.02,0.22,0.68,0.12,0.97,0.01,1.24,-0.08,0.04,0.16,0.13,0
2babd2cb-09c3-5bc6-b4f9-5f6b4fb5065c,155f6e92-22f9-5694-b94d-e842edb7500d,Wine-based aperitif,1007,1.31,0.00,0.38,0.01,0.00,0.00,0.00,0.01,0.00,0.01,0.03,19.40,94.80,0.40,22.20,0.00,0,0,0.09,0.02,0.13,0.02,0.22,0.68,0.12,0.97,0.01,1.24,-0.08,0.04,0.16,0.13,0
d2a6069d-9a3d-5890-a0ad-2380cef403c3,b2ec349d-f6ca-5fea-994d-40f5f8dc5233,"Dairy fat 20% fat, light, spreadable, unsalted",16713,4.55,0.00,0.90,0.01,0.00,0.00,0.00,0.06,0.00,0.01,0.24,55.80,213.00,0.53,32.00,0.00,0.521002227,17.43566085,0.02,0.06,0.41,0.05,0.26,0.80,0.18,1.74,0.01,0.50,-0.12,0.06,0.06,0.13,Nutriscore_D
1c0040d9-21a4-5e9a-84ee-c40b060dd317,b2ec349d-f6ca-5fea-994d-40f5f8dc5233,"Dairy fat 25% fat, light, spreadable, unsalted",16712,5.11,0.00,0.87,0.01,0.00,0.00,0.00,0.06,0.00,0.02,0.27,63.30,243.00,0.58,32.10,0.00,0.521002227,17.43566085,0.02,0.06,0.41,0.05,0.26,0.80,0.18,1.74,0.01,0.50,-0.12,0.06,0.06,0.13,Nutriscore_D
2db51ce8-da08-55c8-adca-d8190ebc7c0b,29fa8f63-522b-5020-b2f4-51d79cf91e0a,"Butter, 60-62% fat, light, lightly salted",16411,7.25,0.00,0.75,0.01,0.00,0.00,0.00,0.09,0.00,0.02,0.40,91.50,358.00,0.80,32.30,0.00,0.048129816,9.603974221,0.02,0.06,0.41,0.05,0.26,0.80,0.18,1.74,0.01,0.50,-0.12,0.06,0.06,0.13,Nutriscore_E
16f3b445-02fe-5e2d-aeeb-1034f53e1d5a,29fa8f63-522b-5020-b2f4-51d79cf91e0a,"Butter, 60-62% fat, light, unsalted",16410,7.28,0.00,0.75,0.01,0.00,0.00,0.00,0.09,0.00,0.02,0.40,92.00,360.00,0.80,32.20,0.00,0.048129816,9.603974221,0.02,0.06,0.41,0.05,0.26,0.80,0.18,1.74,0.01,0.50,-0.12,0.06,0.06,0.13,Nutriscore_E
80c209ba-ebd0-5719-83ec-fed35124310a,29fa8f63-522b-5020-b2f4-51d79cf91e0a,"Butter, 80% fat, lightly salted",16402,7.88,0.00,0.71,0.01,0.00,0.00,0.00,0.10,0.00,0.03,0.44,99.90,392.00,0.86,32.30,0.00,0.048129816,9.603974221,0.02,0.06,0.41,0.05,0.26,0.80,0.18,1.74,0.01,0.50,-0.12,0.06,0.06,0.13,Nutriscore_E
dd6ad49c-61b6-5c3d-b8df-a255fa7b6b21,29fa8f63-522b-5020-b2f4-51d79cf91e0a,"Butter, 80% fat, salted",16403,7.88,0.00,0.71,0.01,0.00,0.00,0.00,0.10,0.00,0.03,0.44,99.90,392.00,0.86,32.30,0.00,0.048129816,9.603974221,0.02,0.06,0.41,0.05,0.26,0.80,0.18,1.74,0.01,0.50,-0.12,0.06,0.06,0.13,Nutriscore_E
b71fbfa9-bad1-52fc-9de9-d18c257de6d0,29fa8f63-522b-5020-b2f4-51d79cf91e0a,"Butter, 82% fat, unsalted",16400,7.94,0.00,0.71,0.01,0.00,0.00,0.00,0.10,0.00,0.03,0.44,101.00,396.00,0.87,32.30,0.00,0.048129816,9.603974221,0.02,0.06,0.41,0.05,0.26,0.80,0.18,1.74,0.01,0.50,-0.12,0.06,0.06,0.13,Nutriscore_E
bacfe16f-121e-5d01-a983-ef06ec418b84,29fa8f63-522b-5020-b2f4-51d79cf91e0a,"Butter, 82% fat, unsalted, easy-to-spread",16404,7.94,0.00,0.71,0.01,0.00,0.00,0.00,0.10,0.00,0.03,0.44,101.00,396.00,0.87,32.30,0.00,0.048129816,9.603974221,0.02,0.06,0.41,0.05,0.26,0.80,0.18,1.74,0.01,0.50,-0.12,0.06,0.06,0.13,Nutriscore_E
91d81283-26b0-5b90-82b4-ed6c34a393e9,29fa8f63-522b-5020-b2f4-51d79cf91e0a,"Butter, light, 39-41% fat, unsalted",16415,6.29,0.00,0.80,0.01,0.00,0.00,0.00,0.08,0.00,0.02,0.34,78.90,307.00,0.70,32.10,0.00,0.048129816,9.603974221,0.02,0.06,0.41,0.05,0.26,0.80,0.18,1.74,0.01,0.50,-0.12,0.06,0.06,0.13,Nutriscore_E
7c47aa57-3f60-5841-a227-f3ff44794877,ed8058a5-ae04-5afd-95d8-2222adddb03d,Butter oil or concentrated butter,16401,7.94,0.00,0.71,0.01,0.00,0.00,0.00,0.10,0.00,0.03,0.44,101.00,396.00,0.87,32.20,0.00,0.048129816,9.603974221,0.02,0.06,0.41,0.05,0.26,0.80,0.18,1.74,0.01,0.50,-0.12,0.06,0.06,0.13,Nutriscore_E
f5684963-1d3b-54bb-8494-f0f64c34efa1,d0027e1c-2900-52a9-af84-3c250adc0266,Chicken fat,16540,2.33,0.00,0.41,0.01,0.00,0.00,0.00,0.04,0.00,0.01,0.15,47.30,77.70,0.74,30.20,0.00,90.48689578,34.71515837,0.02,0.06,0.41,0.05,0.26,0.80,0.18,1.74,0.01,0.50,-0.12,0.06,0.06,0.13,Nutriscore_D
6cc9a798-a3dd-5e9e-b340-32449f095c63,ec34156c-d09f-5380-b938-2640e4e96839,Duck fat,16550,2.61,0.00,0.98,0.01,0.00,0.00,0.00,0.03,0.00,0.01,0.14,39.10,78.70,0.75,43.90,0.00,91.23007072,31.54138387,0.02,0.06,0.41,0.05,0.26,0.80,0.18,1.74,0.01,0.50,-0.12,0.06,0.06,0.13,Nutriscore_D
4b19bf0a-c38a-5c1b-be34-d851bc5c7246,99ef638a-5546-56c9-a383-89fe2e3e9e37,Goose fat,16560,2.33,0.00,0.41,0.01,0.00,0.00,0.00,0.04,0.00,0.01,0.15,47.30,77.70,0.74,30.20,0.00,91.11310069,64.07851937,0.02,0.06,0.41,0.05,0.26,0.80,0.18,1.74,0.01,0.50,-0.12,0.06,0.06,0.13,Nutriscore_D
f636e192-7ccd-5485-b275-4b1aa25b0493,ae3e2521-cb02-5acc-9152-1fbbe55b8eec,Lard or pork fat,16520,2.55,0.00,0.56,0.01,0.00,0.00,0.00,0.03,0.00,0.01,0.10,51.00,78.70,0.67,31.20,0.00,4.448128493,88.32414812,0.02,0.06,0.41,0.05,0.26,0.80,0.18,1.74,0.01,0.50,-0.12,0.06,0.06,0.13,Nutriscore_D
6c843778-44c9-5875-87e3-dcf3fa1f08db,ae3e2521-cb02-5acc-9152-1fbbe55b8eec,"Pork fat, raw",16530,2.55,0.00,0.56,0.01,0.00,0.00,0.00,0.03,0.00,0.01,0.10,51.00,78.70,0.67,31.20,0.00,4.448128493,88.32414812,0.02,0.06,0.41,0.05,0.26,0.80,0.18,1.74,0.01,0.50,-0.12,0.06,0.06,0.13,Nutriscore_D
28b0ce1b-4e56-5163-bf40-726c6c5c8159,c75dc9a4-dcc3-5cca-bd7b-9e3a714f7a26,Turkey fat,16570,2.33,0.00,0.41,0.01,0.00,0.00,0.00,0.04,0.00,0.01,0.15,47.30,77.70,0.74,30.20,0.00,90.97485117,33.19286871,0.02,0.06,0.41,0.05,0.26,0.80,0.18,1.74,0.01,0.50,-0.12,0.06,0.06,0.13,Nutriscore_D
670f7062-9511-53df-a9a4-61fc78653c9d,96e3955b-2a6e-5be6-b02d-99bb7b75b23f,Cod liver oil,17630,3.05,0.00,0.31,0.02,0.00,0.00,0.00,0.02,0.00,0.01,0.06,23.50,16.80,1.03,43.40,0.00,57.35184079,0,1.07,0.53,3.60,0.10,0.85,1.91,1.20,6.82,0.04,5.96,-0.20,0.67,1.09,0.69,Nutriscore_C
58873419-9709-513b-9225-d97f5958def6,6194ffe2-da0b-519c-b962-5e3f704e45ed,Herring oil,17650,3.05,0.00,0.31,0.02,0.00,0.00,0.00,0.02,0.00,0.01,0.06,23.50,16.80,1.03,43.40,0.00,170.5592054,0,1.07,0.53,3.60,0.10,0.85,1.91,1.20,6.82,0.04,5.96,-0.20,0.67,1.09,0.69,Nutriscore_C
965225db-13c6-59ed-a0d5-bcadd99d2032,6194ffe2-da0b-519c-b962-5e3f704e45ed,Salmon oil,17645,3.05,0.00,0.31,0.02,0.00,0.00,0.00,0.02,0.00,0.01,0.06,23.50,16.80,1.03,43.40,0.00,170.5592054,0,1.07,0.53,3.60,0.10,0.85,1.91,1.20,6.82,0.04,5.96,-0.20,0.67,1.09,0.69,Nutriscore_C
b714efdc-d089-558d-93b8-db12f0e5d697,6194ffe2-da0b-519c-b962-5e3f704e45ed,Sardine oil,17640,3.05,0.00,0.31,0.02,0.00,0.00,0.00,0.02,0.00,0.01,0.06,23.50,16.80,1.03,43.40,0.00,170.5592054,0,1.07,0.53,3.60,0.10,0.85,1.91,1.20,6.82,0.04,5.96,-0.20,0.67,1.09,0.69,Nutriscore_D
08101fc7-dc17-5b51-9fd8-33a486b730d8,0ec3d1f1-9b5a-5b95-9fa6-141aff78c52e,"Blended fat (vegetable and animal origins), 50-63% fat",16743,3.93,0.00,0.39,0.01,0.00,0.00,0.00,0.04,0.00,0.01,0.16,39.90,156.00,0.70,25.80,0.00,0.000453574,0.090507538,0.02,0.03,0.18,0.02,0.12,0.41,0.06,1.08,0.00,0.75,-0.05,0.04,0.04,0.03,Nutriscore_C
cd63650f-5e14-59e7-b43f-2a0eed8d9070,0ec3d1f1-9b5a-5b95-9fa6-141aff78c52e,"Blended fat (vegetable and animal origins), 50-63% fat, lightly salted",16744,3.93,0.00,0.39,0.01,0.00,0.00,0.00,0.04,0.00,0.01,0.16,39.90,156.00,0.70,25.80,0.00,0.000453574,0.090507538,0.02,0.03,0.18,0.02,0.12,0.41,0.06,1.08,0.00,0.75,-0.05,0.04,0.04,0.03,Nutriscore_D
87ba32d3-d582-5660-a545-d08b57116681,0ec3d1f1-9b5a-5b95-9fa6-141aff78c52e,"Blended fat (vegetable and animal origins), spreadable, 30-40% fat",16745,3.43,0.00,0.42,0.01,0.00,0.00,0.00,0.03,0.00,0.01,0.13,33.40,130.00,0.65,25.70,0.00,0.000453574,0.090507538,0.02,0.03,0.18,0.02,0.12,0.41,0.06,1.08,0.00,0.75,-0.05,0.04,0.04,0.03,Nutriscore_D
e9f969a6-4a74-5611-bd5f-c3a09191e4a5,0ec3d1f1-9b5a-5b95-9fa6-141aff78c52e,"Blended fat (vegetable and animal origins), spreadable, 30-40% fat, lightly salted",16746,3.43,0.00,0.42,0.01,0.00,0.00,0.00,0.03,0.00,0.01,0.13,33.30,130.00,0.65,25.70,0.00,0.000453574,0.090507538,0.02,0.03,0.18,0.02,0.12,0.41,0.06,1.08,0.00,0.75,-0.05,0.04,0.04,0.03,Nutriscore_E
543d48d3-bf6a-52e2-aae3-f72c9e48455b,dae812be-dca7-56ef-9249-f1cba7208f2c,"Solid vegetable fat (margarine type), for frying",16080,2.58,0.00,0.40,0.01,0.00,0.00,0.00,0.03,0.00,0.02,0.15,57.90,416.00,5.05,30.10,0.00,0.000453574,0.090507538,0.02,0.03,0.18,0.02,0.12,0.41,0.06,1.08,0.00,0.75,-0.05,0.04,0.04,0.03,Nutriscore_E
4ff363a5-a893-5519-8f59-0f4d0c44fa02,dabf7898-23ae-5951-84d8-90a1c445cb69,"Vegetable fat (margarine type), spreadable, 30-40% fat, light, lightly salted",16734,2.22,0.00,0.31,0.01,0.00,0.00,0.00,0.01,0.00,0.01,0.05,21.30,97.10,0.60,23.20,0.00,0.000357007,0.07123827,0.02,0.03,0.18,0.02,0.12,0.41,0.06,1.08,0.00,0.75,-0.05,0.04,0.04,0.03,Nutriscore_E
cee10634-8267-5301-9124-c11a1f083d7c,dabf7898-23ae-5951-84d8-90a1c445cb69,"Vegetable fat (margarine type), spreadable, 30-40% fat, light, lightly salted, with plant sterols esters",16742,2.32,0.00,0.30,0.01,0.00,0.00,0.00,0.01,0.00,0.01,0.04,38.10,73.30,1.11,23.50,0.00,0.000357007,0.07123827,0.02,0.03,0.18,0.02,0.12,0.41,0.06,1.08,0.00,0.75,-0.05,0.04,0.04,0.03,Nutriscore_C
052f4148-fc34-5c58-86ad-df67a053353c,dabf7898-23ae-5951-84d8-90a1c445cb69,"Vegetable fat (margarine type), spreadable, 30-40% fat, light, unsalted",16733,2.17,0.00,0.31,0.01,0.00,0.00,0.00,0.01,0.00,0.01,0.05,20.70,94.70,0.58,22.90,0.00,0.000357007,0.07123827,0.02,0.03,0.18,0.02,0.12,0.41,0.06,1.08,0.00,0.75,-0.05,0.04,0.04,0.03,Nutriscore_D
2d10008b-1cb0-5cfa-92cb-d81b19f1f15a,dabf7898-23ae-5951-84d8-90a1c445cb69,"Vegetable fat (margarine type), spreadable, 30-40% fat, light, unsalted, rich in omega 3",16736,1.64,0.00,0.33,0.01,0.00,0.00,0.00,0.02,0.00,0.01,0.07,35.90,180.00,2.16,21.80,0.00,0.000357007,0.07123827,0.02,0.03,0.18,0.02,0.12,0.41,0.06,1.08,0.00,0.75,-0.05,0.04,0.04,0.03,Nutriscore_C
19740379-8ab3-5be5-a178-467bccb7d59d,36cf9689-b6fa-5435-a7ec-078e2c1cde49,"Vegetable fat (like margarine), 80% fat, salted",16614,3.99,0.00,0.33,0.01,0.00,0.00,0.00,0.02,0.00,0.02,0.09,54.50,173.00,2.33,33.20,0.00,0.000357007,0.07123827,0.02,0.03,0.18,0.02,0.12,0.41,0.06,1.08,0.00,0.75,-0.05,0.04,0.04,0.03,Nutriscore_D
186d82fd-a1f9-592a-9172-8a61724d05b8,36cf9689-b6fa-5435-a7ec-078e2c1cde49,"Vegetable fat (margarine type), 50-63% fat, light, lightly salted",16738,3.17,0.00,0.31,0.01,0.00,0.00,0.00,0.02,0.00,0.02,0.07,46.50,125.00,1.73,28.40,0.00,0.000357007,0.07123827,0.02,0.03,0.18,0.02,0.12,0.41,0.06,1.08,0.00,0.75,-0.05,0.04,0.04,0.03,Nutriscore_D
20b0b66a-7126-526c-99f4-b1c1f4383734,36cf9689-b6fa-5435-a7ec-078e2c1cde49,"Vegetable fat (margarine type), 60% fat, unsalted, sunflowerseed",16654,2.26,0.00,0.34,0.01,0.00,0.00,0.00,0.02,0.00,0.02,0.07,52.90,253.00,0.95,24.70,0.00,0.000357007,0.07123827,0.02,0.03,0.18,0.02,0.12,0.41,0.06,1.08,0.00,0.75,-0.05,0.04,0.04,0.03,Nutriscore_C
0a76e38e-e402-5dad-9510-7e5a9633ceee,36cf9689-b6fa-5435-a7ec-078e2c1cde49,"Vegetable fat (margarine type), 70% fat, unsalted",16616,4.28,0.00,0.30,0.01,0.00,0.00,0.00,0.02,0.00,0.02,0.07,29.20,122.00,1.24,33.80,0.00,0.000357007,0.07123827,0.02,0.03,0.18,0.02,0.12,0.41,0.06,1.08,0.00,0.75,-0.05,0.04,0.04,0.03,Nutriscore_D
76f2f453-2c39-5527-8208-92a519855368,36cf9689-b6fa-5435-a7ec-078e2c1cde49,"Vegetable fat (margarine type), 80% fat, unsalted",16615,2.36,0.00,0.39,0.01,0.00,0.00,0.00,0.03,0.00,0.02,0.12,55.80,330.00,4.00,28.00,0.00,0.000357007,0.07123827,0.02,0.03,0.18,0.02,0.12,0.41,0.06,1.08,0.00,0.75,-0.05,0.04,0.04,0.03,Nutriscore_D
aeb63927-b49c-5f83-b206-384f35853009,36cf9689-b6fa-5435-a7ec-078e2c1cde49,"Vegetable fat (margarine type), spreadable, 50-63% fat, light, lightly salted, rich in omega 3",16740,2.51,0.00,0.33,0.01,0.00,0.00,0.00,0.02,0.00,0.02,0.08,33.20,199.00,0.92,25.70,0.00,0.000357007,0.07123827,0.02,0.03,0.18,0.02,0.12,0.41,0.06,1.08,0.00,0.75,-0.05,0.04,0.04,0.03,Nutriscore_D
6c1e4455-34bb-5b91-a847-5f636c9240d8,36cf9689-b6fa-5435-a7ec-078e2c1cde49,"Vegetable fat (margarine type), spreadable, 50-63% fat, light, unsalted",16741,2.00,0.00,0.38,0.01,0.00,0.00,0.00,0.02,0.00,0.02,0.09,44.80,247.00,2.98,25.60,0.00,0.000357007,0.07123827,0.02,0.03,0.18,0.02,0.12,0.41,0.06,1.08,0.00,0.75,-0.05,0.04,0.04,0.03,Nutriscore_C
0b101a0a-4def-51c3-a133-a5ccdf323ca5,36cf9689-b6fa-5435-a7ec-078e2c1cde49,"Vegetable fat (margarine type), spreadable, 50-63% fat, light, unsalted, rich in omega 3",16737,2.52,0.00,0.33,0.01,0.00,0.00,0.00,0.02,0.00,0.02,0.08,33.50,201.00,0.93,25.80,0.00,0.000357007,0.07123827,0.02,0.03,0.18,0.02,0.12,0.41,0.06,1.08,0.00,0.75,-0.05,0.04,0.04,0.03,Nutriscore_C
84978b10-dd46-5152-bdff-2bfa01f2c6fc,36cf9689-b6fa-5435-a7ec-078e2c1cde49,"Vegetable fat (margarine type), spreadable, 50-63% fat, light, unsalted, with plant sterols esters",16739,2.07,0.00,0.38,0.01,0.00,0.00,0.00,0.02,0.00,0.02,0.10,47.00,263.00,3.18,26.00,0.00,0.000357007,0.07123827,0.02,0.03,0.18,0.02,0.12,0.41,0.06,1.08,0.00,0.75,-0.05,0.04,0.04,0.03,Nutriscore_C
a95b8fb8-f499-5096-91e1-4cf6ac881e35,dadc96c3-84aa-511a-827a-0c69e036713f,Cocoa butter,16030,27.40,0.00,0.25,0.05,0.00,0.00,0.00,0.03,0.00,0.06,0.12,62.20,1050.00,0.44,66.20,0.00,0,0,0.02,0.03,0.18,0.02,0.12,0.41,0.06,1.08,0.00,0.75,-0.05,0.04,0.04,0.03,Nutriscore_E
3234a2f8-52f8-505b-a7cd-6521b80d443e,7d60b0f4-60b8-5a06-8f8c-65be44924e41,Coconut oil (coprah),16060,4.28,0.00,0.25,0.02,0.00,0.00,0.00,0.04,0.00,0.03,0.14,238.00,436.00,8.63,41.50,0.00,0,0,0.02,0.03,0.18,0.02,0.12,0.41,0.06,1.08,0.00,0.75,-0.05,0.04,0.04,0.03,Nutriscore_E
dcc65d95-2486-5832-8b3d-137ae010b3aa,1c1d4d27-e1bb-52bc-bff5-583c99d4c80e,Peanut butter or peanut paste,15202,4.06,0.00,1.11,0.01,0.00,0.00,0.00,0.05,0.00,0.03,0.19,40.90,318.00,9.27,53.20,0.00,0,0,0.02,0.03,0.18,0.02,0.12,0.41,0.06,1.08,0.00,0.75,-0.05,0.04,0.04,0.03,Nutriscore_D
1be6af9e-8848-5711-b207-bd7ceec6eea4,0256ab06-58da-5de8-8c8a-b0d14e213f8c,Virgin coconut oil,6,4.03,0.00,0.22,0.03,0.00,0.00,0.00,0.06,0.00,0.03,0.28,214.00,382.00,10.40,36.60,0.00,0,0,0.02,0.03,0.18,0.02,0.12,0.41,0.06,1.08,0.00,0.75,-0.05,0.04,0.04,0.03,Nutriscore_E
3f501691-02bb-5068-b911-de258da7792e,7dbe2d32-aa56-58b3-8332-023cedc57c2f,Maize/corn oil,17190,3.52,0.00,0.18,0.02,0.00,0.00,0.00,0.02,0.00,0.02,0.06,242.00,240.00,10.40,26.00,0.00,0,0,0.02,0.03,0.18,0.02,0.12,0.41,0.06,1.08,0.00,0.75,-0.05,0.04,0.04,0.03,Nutriscore_C
102c0e31-a8f6-5e11-9108-95b9fbe16db4,cfb3da80-5ae7-5af5-a66f-d522bf6f7f16,Cottonseed oil,17170,4.07,0.00,0.34,0.02,0.00,0.00,0.00,0.05,0.00,0.06,0.19,166.00,147.00,52.50,43.60,0.00,0,0,0.02,0.03,0.18,0.02,0.12,0.41,0.06,1.08,0.00,0.75,-0.05,0.04,0.04,0.03,Nutriscore_C
3e8cd78f-5840-5468-baf0-e1662fa5ba4e,3fe90872-82a3-51ca-a075-74f5d18933cd,Grapeseed oil,17350,1.81,0.00,0.48,0.01,0.00,0.00,0.00,0.01,0.00,0.00,0.02,13.80,53.90,0.22,32.90,0.00,0,0,0.02,0.03,0.18,0.02,0.12,0.41,0.06,1.08,0.00,0.75,-0.05,0.04,0.04,0.03,Nutriscore_C
b642a93f-7b52-5ff6-8b66-12f26c388939,40d3854f-f0a5-54c4-9444-1b1d4f8d9a84,Linseed oil,17180,5.01,0.00,0.47,0.02,0.00,0.00,0.00,0.07,0.00,0.05,0.28,64.30,862.00,2.31,50.30,0.00,0,0,0.02,0.03,0.18,0.02,0.12,0.41,0.06,1.08,0.00,0.75,-0.05,0.04,0.04,0.03,Nutriscore_B
b96e1ac1-3640-5863-80c2-39950293aa2e,44b30bbc-83c7-5dc3-886c-2ef17f38b428,Frying oil,16128,2.37,0.00,0.26,0.01,0.00,0.00,0.00,0.02,0.00,0.03,0.09,83.10,501.00,0.75,20.30,0.00,0,0,0.02,0.03,0.18,0.02,0.12,0.41,0.06,1.08,0.00,0.75,-0.05,0.04,0.04,0.03,Nutriscore_C
f88a0822-6886-5f13-97ff-6729d431cbb2,6483dacb-4a66-5f74-b790-ca41eda639c1,Avocado oil,17100,5.84,0.00,0.41,0.02,0.00,0.00,0.00,0.03,0.00,0.04,0.11,86.50,383.00,107.00,56.10,0.00,0,0,0.02,0.03,0.18,0.02,0.12,0.41,0.06,1.08,0.00,0.75,-0.05,0.04,0.04,0.03,Nutriscore_B
261e41a6-faaa-5251-bc32-c9fa0f966c95,6483dacb-4a66-5f74-b790-ca41eda639c1,"Olive oil, extra virgin",17270,1.63,0.00,0.28,0.01,0.00,0.00,0.00,0.05,0.00,0.02,0.19,72.40,621.00,22.20,33.40,0.00,0,0,0.02,0.03,0.18,0.02,0.12,0.41,0.06,1.08,0.00,0.75,-0.05,0.04,0.04,0.03,Nutriscore_B
d2b3f2f5-15a0-5d6a-9d65-78b4ccfd9657,47e6fb20-f861-5fc9-8f8e-6408056277b4,Palm oil,16129,6.12,0.00,0.19,0.02,0.00,0.00,0.00,0.02,0.00,0.03,0.09,37.40,140.00,1.88,37.70,0.00,0,0,0.02,0.03,0.18,0.02,0.12,0.41,0.06,1.08,0.00,0.75,-0.05,0.04,0.04,0.03,Nutriscore_D
67624c3f-2914-5f50-8490-e628f64b63ac,47e6fb20-f861-5fc9-8f8e-6408056277b4,"Palm oil, refined",16150,6.65,0.00,0.20,0.02,0.00,0.00,0.00,0.03,0.00,0.03,0.09,40.90,147.00,1.96,44.30,0.00,0,0,0.02,0.03,0.18,0.02,0.12,0.41,0.06,1.08,0.00,0.75,-0.05,0.04,0.04,0.03,Nutriscore_D
de3f7e00-f3f4-518f-bcac-b4adb3cd6460,41cb8c06-5f55-51e3-af8e-19f9ff64df78,Peanut oil,17040,4.27,0.00,0.19,0.02,0.00,0.00,0.00,0.10,0.00,0.06,0.40,98.90,777.00,24.40,39.60,0.00,0,0,0.02,0.03,0.18,0.02,0.12,0.41,0.06,1.08,0.00,0.75,-0.05,0.04,0.04,0.03,Nutriscore_C
41270294-e44f-592a-9dfe-93f524483c98,57baeb27-9242-5598-a0f0-c5bb31e720d5,Rapeseed oil,17130,2.50,0.00,0.26,0.01,0.00,0.00,0.00,0.03,0.00,0.02,0.14,47.20,287.00,0.60,20.10,0.00,0,0,0.02,0.03,0.18,0.02,0.12,0.41,0.06,1.08,0.00,0.75,-0.05,0.04,0.04,0.03,Nutriscore_B
d08444b4-8a26-5970-8627-a428429fd948,fc111153-1a57-5666-86d5-f5795a05984e,Sesame oil,17400,3.94,0.00,0.43,0.01,0.00,0.00,0.00,0.04,0.00,0.02,0.16,63.20,297.00,0.92,40.20,0.00,0,0,0.02,0.03,0.18,0.02,0.12,0.41,0.06,1.08,0.00,0.75,-0.05,0.04,0.04,0.03,Nutriscore_C
a46c7d20-fe9c-51f3-9fee-f7792e021fdf,7309ff58-25b9-53f8-b7e0-52bebda138cd,Soy oil,17420,3.73,0.00,0.36,0.02,0.00,0.00,0.00,0.02,0.00,0.02,0.05,210.00,321.00,0.72,37.50,0.00,0,0,0.02,0.03,0.18,0.02,0.12,0.41,0.06,1.08,0.00,0.75,-0.05,0.04,0.04,0.03,Nutriscore_C
1eb151c4-bf16-5df9-badc-7d9776f9b4fe,be7cc073-ec42-5ae8-9b06-aec0764776d8,Sunflower oil,17440,2.36,0.00,0.26,0.01,0.00,0.00,0.00,0.02,0.00,0.03,0.08,92.30,555.00,0.79,20.50,0.00,0,0,0.02,0.03,0.18,0.02,0.12,0.41,0.06,1.08,0.00,0.75,-0.05,0.04,0.04,0.03,Nutriscore_C
51ab0f73-3215-5f12-9a74-93821fd76a70,51d003c2-614d-5c5d-822b-d9975bab2d7f,Combined oil (blended vegetable oils),17700,2.50,0.00,0.25,0.01,0.00,0.00,0.00,0.03,0.00,0.02,0.13,63.00,409.00,0.74,20.60,0.00,0,0,0.02,0.03,0.18,0.02,0.12,0.41,0.06,1.08,0.00,0.75,-0.05,0.04,0.04,0.03,Nutriscore_C
6aed5f3f-a6aa-5e0b-9bf1-3f60bd135ba1,51d003c2-614d-5c5d-822b-d9975bab2d7f,Combined oil (mix of olive oil and seeds oil),17701,2.24,0.00,0.24,0.01,0.00,0.00,0.00,0.03,0.00,0.02,0.15,56.80,416.00,4.99,21.50,0.00,0,0,0.02,0.03,0.18,0.02,0.12,0.41,0.06,1.08,0.00,0.75,-0.05,0.04,0.04,0.03,Nutriscore_C
94383bd2-231f-576d-a50b-5ec700ee003f,c2d00545-7b34-57cf-b6f9-f55dce68b86a,Hazelnut oil,17210,9.82,0.00,0.52,0.06,0.00,0.00,0.00,0.14,0.00,0.13,0.64,231.00,1480.00,25.40,78.90,0.00,0,0,0.02,0.03,0.18,0.02,0.12,0.41,0.06,1.08,0.00,0.75,-0.05,0.04,0.04,0.03,Nutriscore_B
9c1f2cf5-06f5-5334-b43c-1daf998a3184,38ae980d-fcc0-593d-a654-01b97103c20b,Chili con carne,25111,19.60,0.00,1.46,0.03,0.00,0.00,0.00,0.27,0.00,0.06,1.17,101.00,1230.00,1.91,67.80,0.00,0.236320191,5.769598119,1.80,0.88,10.47,0.19,1.14,25.26,6.41,7.27,0.13,53.93,-0.54,0.56,7.62,1.79,Nutriscore_B
04b99539-ac4a-5a1d-ac8d-5037e10e515a,38ae980d-fcc0-593d-a654-01b97103c20b,"White bean stew, canned",25002,0.60,0.00,0.29,0.00,0.00,0.00,0.00,0.00,0.00,0.00,0.01,5.59,17.80,0.72,13.30,0.00,0.600884762,12.17005647,1.80,0.88,10.47,0.19,1.14,25.26,6.41,7.27,0.13,53.93,-0.54,0.56,7.62,1.79,Nutriscore_B
7ae3297e-a8a0-548b-8ddc-44a7bd0e1839,38ae980d-fcc0-593d-a654-01b97103c20b,"White bean stew, with duck or goose, canned",25099,0.69,0.00,0.34,0.00,0.00,0.00,0.00,0.00,0.00,0.00,0.02,6.70,16.40,0.67,15.00,0.00,0.600884762,12.17005647,1.80,0.88,10.47,0.19,1.14,25.26,6.41,7.27,0.13,53.93,-0.54,0.56,7.62,1.79,Nutriscore_C
ac4f9f8f-6747-5d7e-a127-6d1eb00690ff,38ae980d-fcc0-593d-a654-01b97103c20b,"White bean stew, with pork, canned",25098,2.13,0.00,0.56,0.01,0.00,0.00,0.00,0.03,0.00,0.01,0.11,51.60,98.40,1.15,25.00,0.00,0.600884762,12.17005647,1.80,0.88,10.47,0.19,1.14,25.26,6.41,7.27,0.13,53.93,-0.54,0.56,7.62,1.79,Nutriscore_C
b2c43fd9-9197-511b-a778-409007bceaae,fce124d8-012e-5c93-8e63-b43da04bd3b6,"Falafel, prepacked",25590,1.44,0.00,0.93,0.01,0.00,0.00,0.00,0.01,0.00,0.01,0.04,24.10,145.00,1.73,35.60,0.00,0.51990452,0.029132693,1.80,0.88,10.47,0.19,1.14,25.26,6.41,7.27,0.13,53.93,-0.54,0.56,7.62,1.79,Nutriscore_B
1b48746f-d90c-50e1-9b26-14c519ae7b5d,fce124d8-012e-5c93-8e63-b43da04bd3b6,"Plant-based ball with wheat and/or soybean, prepacked",25589_1,2.25,0.00,2.41,0.01,0.00,0.00,0.00,0.01,0.00,0.01,0.05,44.60,136.00,0.72,72.40,0.00,0,0,1.80,0.88,10.47,0.19,1.14,25.26,6.41,7.27,0.13,53.93,-0.54,0.56,7.62,1.79,Nutriscore_C
a4d576e3-b8aa-50a9-8cac-d2955b74ff6f,fce124d8-012e-5c93-8e63-b43da04bd3b6,"Plant-based patty or steak from lentil, soybean and vegetables",25591,1.68,0.00,0.93,0.01,0.00,0.00,0.00,0.01,0.00,0.01,0.03,36.00,145.00,0.79,37.10,0.00,0,0,1.80,0.88,10.47,0.19,1.14,25.26,6.41,7.27,0.13,53.93,-0.54,0.56,7.62,1.79,Nutriscore_A
69dc88b8-2b55-50eb-8c99-3afd23e9fe14,fce124d8-012e-5c93-8e63-b43da04bd3b6,Plant-based patty or steak from soybean and cheese,25595,2.56,0.00,0.96,0.01,0.00,0.00,0.00,0.02,0.00,0.02,0.07,17.30,139.00,1.06,41.40,0.00,0,0,1.80,0.88,10.47,0.19,1.14,25.26,6.41,7.27,0.13,53.93,-0.54,0.56,7.62,1.79,Nutriscore_D
98ec61d3-0cb7-5c81-8c93-3bbe46575d3d,fce124d8-012e-5c93-8e63-b43da04bd3b6,"Plant-based patty or steak from soybean, cheese and vegetables",25597_1,2.17,0.00,0.93,0.01,0.00,0.00,0.00,0.01,0.00,0.01,0.05,14.70,121.00,0.97,39.70,0.00,0,0,1.80,0.88,10.47,0.19,1.14,25.26,6.41,7.27,0.13,53.93,-0.54,0.56,7.62,1.79,Nutriscore_B
8192039c-f049-5746-9d31-c582431d6db0,fce124d8-012e-5c93-8e63-b43da04bd3b6,Plant-based patty or steak from wheat and soybean (not vegan),25594,2.83,0.00,2.88,0.01,0.00,0.00,0.00,0.03,0.00,0.02,0.10,63.20,198.00,1.22,85.40,0.00,0,0,1.80,0.88,10.47,0.19,1.14,25.26,6.41,7.27,0.13,53.93,-0.54,0.56,7.62,1.79,Nutriscore_B
83f326e1-a622-5b79-badb-8965bfbf9149,fce124d8-012e-5c93-8e63-b43da04bd3b6,"Plant-based patty or steak from wheat and soybean (vegan), prepacked",25593,2.13,0.00,2.15,0.01,0.00,0.00,0.00,0.01,0.00,0.01,0.04,42.70,141.00,0.63,66.60,0.00,0,0,1.80,0.88,10.47,0.19,1.14,25.26,6.41,7.27,0.13,53.93,-0.54,0.56,7.62,1.79,Nutriscore_A
7a216ae1-e739-510d-95bb-ff75ed25e756,fce124d8-012e-5c93-8e63-b43da04bd3b6,"Schnitzel, soybean and wheat-based (not vegan)",25228,1.95,0.00,1.37,0.01,0.00,0.00,0.00,0.02,0.00,0.01,0.07,38.70,149.00,0.62,46.60,0.00,0,0,1.80,0.88,10.47,0.19,1.14,25.26,6.41,7.27,0.13,53.93,-0.54,0.56,7.62,1.79,Nutriscore_B
4fe5f5c7-f98e-5c0c-a80a-092b15fd6664,fce124d8-012e-5c93-8e63-b43da04bd3b6,"Schnitzel, soybean and wheat-based (vegan)",25229,1.79,0.00,1.64,0.01,0.00,0.00,0.00,0.01,0.00,0.01,0.04,36.20,134.00,0.51,51.60,0.00,0,0,1.80,0.88,10.47,0.19,1.14,25.26,6.41,7.27,0.13,53.93,-0.54,0.56,7.62,1.79,Nutriscore_A
be3aec69-a80c-5cd6-bd20-0a56af366fca,fce124d8-012e-5c93-8e63-b43da04bd3b6,"Schnitzel, soybean, wheat and cheese-based, cordon bleu-style",25230,2.74,0.00,1.48,0.01,0.00,0.00,0.00,0.03,0.00,0.01,0.11,47.40,185.00,0.67,50.30,0.00,0,0,1.80,0.88,10.47,0.19,1.14,25.26,6.41,7.27,0.13,53.93,-0.54,0.56,7.62,1.79,Nutriscore_D
8d04a9f5-5092-5d49-994c-12d75283535c,fce124d8-012e-5c93-8e63-b43da04bd3b6,Soy patty or vegetable escalope,20914,2.17,0.00,2.08,0.01,0.00,0.00,0.00,0.01,0.00,0.01,0.04,42.70,150.00,0.63,65.50,0.00,0,0,1.80,0.88,10.47,0.19,1.14,25.26,6.41,7.27,0.13,53.93,-0.54,0.56,7.62,1.79,Nutriscore_C
f0144f81-77d0-5367-9c33-1557400ca07e,fce124d8-012e-5c93-8e63-b43da04bd3b6,"Soy-based patty, plain (vegetable steak), prepacked (1)",25596,2.12,0.00,2.41,0.01,0.00,0.00,0.00,0.01,0.00,0.01,0.04,39.50,104.00,0.66,71.50,0.00,0,0,1.80,0.88,10.47,0.19,1.14,25.26,6.41,7.27,0.13,53.93,-0.54,0.56,7.62,1.79,Nutriscore_B
6a9b0f01-8098-5eb8-904a-fdf8d586e0ee,fce124d8-012e-5c93-8e63-b43da04bd3b6,"Soy-based patty, plain (vegetable steak), prepacked (2)",25596_1,2.02,0.00,0.92,0.01,0.00,0.00,0.00,0.01,0.00,0.01,0.03,10.10,102.00,1.67,40.90,0.00,0,0,1.80,0.88,10.47,0.19,1.14,25.26,6.41,7.27,0.13,53.93,-0.54,0.56,7.62,1.79,Nutriscore_B
cf50bc15-1af0-5264-9d23-020cf59b7a79,fce124d8-012e-5c93-8e63-b43da04bd3b6,"Soy-based patty, Provencal-style (vegetable steak)",25596_2,2.04,0.00,2.87,0.01,0.00,0.00,0.00,0.01,0.00,0.01,0.04,38.20,86.10,0.69,80.70,0.00,0,0,1.80,0.88,10.47,0.19,1.14,25.26,6.41,7.27,0.13,53.93,-0.54,0.56,7.62,1.79,Nutriscore_B
1aa0f6a4-ce98-56b6-ba01-a5b9628fc92b,fce124d8-012e-5c93-8e63-b43da04bd3b6,Vegetable ball (without meat),25589_2,2.28,0.00,2.06,0.01,0.00,0.00,0.00,0.02,0.00,0.01,0.09,54.10,192.00,0.84,61.60,0.00,0.51990452,0.029132693,1.80,0.88,10.47,0.19,1.14,25.26,6.41,7.27,0.13,53.93,-0.54,0.56,7.62,1.79,Nutriscore_C
21efc966-df2a-5aaf-9f3f-3f2ad2f31a81,fce124d8-012e-5c93-8e63-b43da04bd3b6,Vegetable Hot-dog sausage,25232_2,2.21,0.00,1.20,0.01,0.00,0.00,0.00,0.02,0.00,0.01,0.09,35.90,141.00,0.64,45.00,0.00,0,0,1.80,0.88,10.47,0.19,1.14,25.26,6.41,7.27,0.13,53.93,-0.54,0.56,7.62,1.79,Nutriscore_D
9bb73dd2-3c73-5e0a-9d78-1465d5b03e3c,df92a08b-c189-542b-8740-0c833f2a01d5,Cereal patty (without soybean),25233_2,2.07,0.00,0.88,0.01,0.00,0.00,0.00,0.01,0.00,0.01,0.05,24.00,172.00,0.75,38.10,0.00,0,0,0.12,0.30,2.99,0.02,0.34,0.71,1.83,1.83,0.01,2.02,-0.08,1.73,2.00,0.06,Nutriscore_C
1ca34e97-2163-5068-86e2-44a4681c5ca8,df92a08b-c189-542b-8740-0c833f2a01d5,Cereal patty with cheese (without soybean),25233_1,2.10,0.00,0.99,0.01,0.00,0.00,0.00,0.02,0.00,0.01,0.07,22.10,132.00,0.64,36.30,0.00,0,0,0.12,0.30,2.99,0.02,0.34,0.71,1.83,1.83,0.01,2.02,-0.08,1.73,2.00,0.06,Nutriscore_C
d306e8d8-61d2-5e3f-82f8-07191a170b6a,df92a08b-c189-542b-8740-0c833f2a01d5,Cereal patty with vegetables (without soybean),25234,1.61,0.00,0.98,0.01,0.00,0.00,0.00,0.01,0.00,0.01,0.04,16.60,103.00,0.97,36.30,0.00,0,0,0.12,0.30,2.99,0.02,0.34,0.71,1.83,1.83,0.01,2.02,-0.08,1.73,2.00,0.06,Nutriscore_C
fa9b7b45-1555-5c23-92d7-8e84655b558e,df92a08b-c189-542b-8740-0c833f2a01d5,Plant-based patty or steak from wheat (seitan) and vegetables,25592,1.66,0.00,1.15,0.01,0.00,0.00,0.00,0.01,0.00,0.01,0.04,21.00,102.00,1.26,40.10,0.00,0,0,0.12,0.30,2.99,0.02,0.34,0.71,1.83,1.83,0.01,2.02,-0.08,1.73,2.00,0.06,Nutriscore_B
fd2cbb75-1e23-59fa-9b73-a97be44cd9dd,df92a08b-c189-542b-8740-0c833f2a01d5,Plant-based sausage with wheat or seitan,25232_1,2.51,0.00,1.53,0.01,0.00,0.00,0.00,0.02,0.00,0.01,0.07,34.70,188.00,0.64,57.20,0.00,0,0,0.01,0.02,0.11,0.02,0.08,0.42,0.08,0.57,0.01,0.85,-0.04,0.04,0.03,0.04,Nutriscore_D
9935e76f-b1df-5df0-85d4-cb695d057300,df92a08b-c189-542b-8740-0c833f2a01d5,Wheat-based nuggets (wo soybean),25225,1.84,0.00,0.83,0.01,0.00,0.00,0.00,0.01,0.00,0.01,0.06,27.80,156.00,0.51,34.90,0.00,0,0,0.12,0.30,2.99,0.02,0.34,0.71,1.83,1.83,0.01,2.02,-0.08,1.73,2.00,0.06,Nutriscore_B
d2e6c193-e176-5955-ba21-20912c347644,e28d343b-3bc3-504e-981d-b09f7050ca0e,"Bolognese-style pasta (spaghetti, tagliatelle)",25085,6.51,0.00,1.26,0.01,0.00,0.00,0.00,0.07,0.00,0.02,0.31,40.00,374.00,1.85,58.20,0.00,4.370909681,13.06450329,0.12,0.30,2.99,0.02,0.34,0.71,1.83,1.83,0.01,2.02,-0.08,1.73,2.00,0.06,Nutriscore_C
e1eeffe0-2e46-5a61-a159-bb9cf4a98710,e28d343b-3bc3-504e-981d-b09f7050ca0e,"Carbonara-style pasta (spaghetti, tagliatelle)",25135,3.61,0.00,0.91,0.01,0.00,0.00,0.00,0.03,0.00,0.02,0.14,41.00,191.00,1.52,48.70,0.00,2.919748211,23.65474892,0.12,0.30,2.99,0.02,0.34,0.71,1.83,1.83,0.01,2.02,-0.08,1.73,2.00,0.06,Nutriscore_C
dd4b0c56-c3b9-52f6-b83a-2405d3218bcd,e28d343b-3bc3-504e-981d-b09f7050ca0e,"Fresh pasta, stuffed with cheese (e.g. ravioli), cooked",25149,3.62,0.00,0.87,0.01,0.00,0.00,0.00,0.04,0.00,0.01,0.15,41.80,166.00,0.86,41.80,0.00,0.138362352,1.561645502,0.12,0.30,2.99,0.02,0.34,0.71,1.83,1.83,0.01,2.02,-0.08,1.73,2.00,0.06,Nutriscore_C
3f3b2e24-d65a-5539-ae13-1b0e6273268c,e28d343b-3bc3-504e-981d-b09f7050ca0e,"Fresh pasta, stuffed with cheese (e.g. ravioli), raw",25181,3.62,0.00,0.87,0.01,0.00,0.00,0.00,0.04,0.00,0.01,0.15,41.80,166.00,0.86,41.80,0.00,0.138362352,1.561645502,0.12,0.30,2.99,0.02,0.34,0.71,1.83,1.83,0.01,2.02,-0.08,1.73,2.00,0.06,Nutriscore_D
d0f091cf-a187-56d5-8241-c3026ce0f1cb,e28d343b-3bc3-504e-981d-b09f7050ca0e,"Fresh pasta, stuffed with cheese and vegetables (e.g. ravioli), cooked",25155,3.62,0.00,0.87,0.01,0.00,0.00,0.00,0.04,0.00,0.01,0.15,41.80,166.00,0.86,41.80,0.00,0.437863453,0.585340387,0.12,0.30,2.99,0.02,0.34,0.71,1.83,1.83,0.01,2.02,-0.08,1.73,2.00,0.06,Nutriscore_C
34f345f8-4752-5b4e-b9ff-cfcf72995dbd,e28d343b-3bc3-504e-981d-b09f7050ca0e,"Fresh pasta, stuffed with cheese and vegetables (e.g. ravioli), raw",25182,3.62,0.00,0.87,0.01,0.00,0.00,0.00,0.04,0.00,0.01,0.15,41.80,166.00,0.86,41.80,0.00,0.437863453,0.585340387,0.12,0.30,2.99,0.02,0.34,0.71,1.83,1.83,0.01,2.02,-0.08,1.73,2.00,0.06,Nutriscore_D
c4e51280-a16a-5764-acef-ebb2f2c2000d,e28d343b-3bc3-504e-981d-b09f7050ca0e,"Fresh pasta, stuffed with meat (e.g. bolognese-style ravioli), cooked",25158,15.10,0.00,1.32,0.03,0.00,0.00,0.00,0.20,0.00,0.05,0.87,95.80,943.00,1.70,65.90,0.00,4.370909681,13.06450329,0.12,0.30,2.99,0.02,0.34,0.71,1.83,1.83,0.01,2.02,-0.08,1.73,2.00,0.06,Nutriscore_C
abedc484-0490-53c7-98a6-fc6cf4e44df2,e28d343b-3bc3-504e-981d-b09f7050ca0e,"Fresh pasta, stuffed with meat (e.g. bolognese-style ravioli), raw",25157,15.10,0.00,1.32,0.03,0.00,0.00,0.00,0.20,0.00,0.05,0.87,95.80,943.00,1.70,65.90,0.00,4.370909681,13.06450329,0.12,0.30,2.99,0.02,0.34,0.71,1.83,1.83,0.01,2.02,-0.08,1.73,2.00,0.06,Nutriscore_D
51a754e1-cf4e-540c-ad0a-eb8ddef3c033,e28d343b-3bc3-504e-981d-b09f7050ca0e,"Fresh pasta, stuffed with vegetables (e.g. ravioli), cooked",25193,2.65,0.00,0.54,0.01,0.00,0.00,0.00,0.02,0.00,0.01,0.09,35.10,110.00,1.07,35.00,0.00,0.437863453,0.585340387,0.12,0.30,2.99,0.02,0.34,0.71,1.83,1.83,0.01,2.02,-0.08,1.73,2.00,0.06,Nutriscore_A
38289487-6ebe-5bbd-9240-6eca9462fab8,e28d343b-3bc3-504e-981d-b09f7050ca0e,"Fresh pasta, stuffed with vegetables (e.g. ravioli), raw",25203,2.65,0.00,0.54,0.01,0.00,0.00,0.00,0.02,0.00,0.01,0.09,35.10,110.00,1.07,35.00,0.00,0.437863453,0.585340387,0.12,0.30,2.99,0.02,0.34,0.71,1.83,1.83,0.01,2.02,-0.08,1.73,2.00,0.06,Nutriscore_C
c7ef4ecd-05f0-5832-8280-a5e6193d3302,e28d343b-3bc3-504e-981d-b09f7050ca0e,Lasagna or cannelloni with fish,25139,4.09,0.00,0.94,0.01,0.00,0.00,0.00,0.04,0.00,0.03,0.14,44.80,205.00,1.13,53.60,0.00,3.670077549,12.1283322,0.12,0.30,2.99,0.02,0.34,0.71,1.83,1.83,0.01,2.02,-0.08,1.73,2.00,0.06,Nutriscore_C
1cf462db-3c74-5b5e-a222-cf2802230171,e28d343b-3bc3-504e-981d-b09f7050ca0e,Lasagna or cannelloni with goat cheese and spinach,25635,3.84,0.00,0.91,0.01,0.00,0.00,0.00,0.05,0.00,0.02,0.22,32.00,203.00,1.29,46.80,0.00,0.224316987,1.069231124,0.12,0.30,2.99,0.02,0.34,0.71,1.83,1.83,0.01,2.02,-0.08,1.73,2.00,0.06,Nutriscore_C
5c2b4556-7ecf-5264-bc86-637f41633663,e28d343b-3bc3-504e-981d-b09f7050ca0e,Lasagna or cannelloni with meat (bolognese sauce),25081,6.10,0.00,0.94,0.01,0.00,0.00,0.00,0.07,0.00,0.02,0.29,39.90,360.00,1.52,51.40,0.00,3.670077549,12.1283322,0.12,0.30,2.99,0.02,0.34,0.71,1.83,1.83,0.01,2.02,-0.08,1.73,2.00,0.06,Nutriscore_C
823890a7-7629-5ffe-bf92-979b3fcd54db,e28d343b-3bc3-504e-981d-b09f7050ca0e,Lasagna or cannelloni with vegetables,25131,3.23,0.00,0.81,0.01,0.00,0.00,0.00,0.02,0.00,0.01,0.09,26.90,128.00,6.46,48.00,0.00,0.224316987,1.069231124,0.12,0.30,2.99,0.02,0.34,0.71,1.83,1.83,0.01,2.02,-0.08,1.73,2.00,0.06,Nutriscore_C
401ec12d-24a2-5db0-ae49-26e4cedcb09d,e28d343b-3bc3-504e-981d-b09f7050ca0e,"Lasagna or cannelloni with vegetables and goat cheese, cooked",25219,3.23,0.00,0.81,0.01,0.00,0.00,0.00,0.02,0.00,0.01,0.09,26.90,128.00,6.46,48.00,0.00,0.224316987,1.069231124,0.12,0.30,2.99,0.02,0.34,0.71,1.83,1.83,0.01,2.02,-0.08,1.73,2.00,0.06,Nutriscore_C
222840f4-bb38-5f6c-afe9-68da3949ebab,e28d343b-3bc3-504e-981d-b09f7050ca0e,"Lasagna or cannelloni with vegetables, cooked",25218,3.23,0.00,0.81,0.01,0.00,0.00,0.00,0.02,0.00,0.01,0.09,26.90,128.00,6.46,48.00,0.00,0.224316987,1.069231124,0.12,0.30,2.99,0.02,0.34,0.71,1.83,1.83,0.01,2.02,-0.08,1.73,2.00,0.06,Nutriscore_C
65343acf-265e-5c02-8324-fd5779547401,e28d343b-3bc3-504e-981d-b09f7050ca0e,Noodles with shrimps sautéed/pan-fried,25183,4.89,0.00,1.01,0.02,0.00,0.00,0.00,0.03,0.00,0.03,0.09,68.50,136.00,26.90,71.60,0.00,6.086898307,2.462561579,0.12,0.30,2.99,0.02,0.34,0.71,1.83,1.83,0.01,2.02,-0.08,1.73,2.00,0.06,Nutriscore_C
5dddd36a-a2e8-55e6-958f-c00956895bdb,e28d343b-3bc3-504e-981d-b09f7050ca0e,Pasta au gratin (oven grilled),25122,3.61,0.00,0.85,0.01,0.00,0.00,0.00,0.03,0.00,0.02,0.13,30.00,196.00,1.03,46.30,0.00,0.20101888,2.699268996,0.12,0.30,2.99,0.02,0.34,0.71,1.83,1.83,0.01,2.02,-0.08,1.73,2.00,0.06,Nutriscore_C
44486181-db0c-53df-ae58-c9670cf79446,e28d343b-3bc3-504e-981d-b09f7050ca0e,"Pasta with cheese sauce (spaghetti, tagliatelle)",25198,3.62,0.00,0.87,0.01,0.00,0.00,0.00,0.04,0.00,0.01,0.15,41.80,166.00,0.86,41.80,0.00,0.138362352,1.561645502,0.12,0.30,2.99,0.02,0.34,0.71,1.83,1.83,0.01,2.02,-0.08,1.73,2.00,0.06,Nutriscore_C
e9b71b5e-bc97-59e9-9bfa-8b4006fc16fa,e28d343b-3bc3-504e-981d-b09f7050ca0e,"Ravioli filled with meat, in tomato sauce, canned",25019,4.10,0.00,0.43,0.01,0.00,0.00,0.00,0.04,0.00,0.01,0.18,21.60,210.00,1.01,31.30,0.00,1.166016495,20.37155456,0.12,0.30,2.99,0.02,0.34,0.71,1.83,1.83,0.01,2.02,-0.08,1.73,2.00,0.06,Nutriscore_C
992c2849-6080-5b3d-9e45-f630e031b657,e28d343b-3bc3-504e-981d-b09f7050ca0e,"Ravioli filled with vegetables, in tomato sauce, canned",25192,2.48,0.00,0.46,0.01,0.00,0.00,0.00,0.02,0.00,0.01,0.08,33.70,108.00,1.05,31.90,0.00,0.139652888,0.888459792,0.12,0.30,2.99,0.02,0.34,0.71,1.83,1.83,0.01,2.02,-0.08,1.73,2.00,0.06,Nutriscore_B
f2265e44-5f91-5599-b016-f443c8108e05,24e79954-fb38-519a-8240-af619d1c1eeb,Canapés (toasts w various toppings),25523,1.76,0.00,0.67,0.00,0.00,0.00,0.00,0.02,0.00,0.01,0.07,19.90,89.40,0.47,25.50,0.00,0.023912009,4.771477139,0.01,0.03,0.27,0.02,0.21,0.45,0.10,0.90,0.01,0.40,-0.05,0.03,0.03,0.04,Nutriscore_D
427b3e82-76e3-5b9d-af39-45d3479638cd,24e79954-fb38-519a-8240-af619d1c1eeb,"Crepe or buckwheat crepe, filled with cheese and bechamel sauce",25549,2.71,0.00,1.25,0.01,0.00,0.00,0.00,0.03,0.00,0.01,0.11,25.60,111.00,0.51,42.10,0.00,0.009989853,1.993406629,0.01,0.03,0.27,0.02,0.21,0.45,0.10,0.90,0.01,0.40,-0.05,0.03,0.03,0.04,Nutriscore_C
9ab60e2e-f639-5586-8345-61dc73661c4b,24e79954-fb38-519a-8240-af619d1c1eeb,"Crepe or buckwheat crepe, filled with cheese, ham and bechamel sauce",25410,4.32,0.00,1.68,0.01,0.00,0.00,0.00,0.05,0.00,0.02,0.22,80.90,199.00,1.12,58.40,0.00,1.548711388,32.08027963,0.01,0.03,0.27,0.02,0.21,0.45,0.10,0.90,0.01,0.40,-0.05,0.03,0.03,0.04,Nutriscore_D
60c554e7-9759-547b-b673-82a733959066,24e79954-fb38-519a-8240-af619d1c1eeb,"Crepe or buckwheat crepe, filled with cheese, ham, mushrooms and bechamel sauce",25552,4.66,0.00,1.60,0.01,0.00,0.00,0.00,0.05,0.00,0.02,0.20,75.00,172.00,9.94,65.40,0.00,1.548711388,32.08027963,0.01,0.03,0.27,0.02,0.21,0.45,0.10,0.90,0.01,0.40,-0.05,0.03,0.03,0.04,Nutriscore_C
571233c7-b88b-5085-982a-24b194cb4a0f,24e79954-fb38-519a-8240-af619d1c1eeb,"Crepe or buckwheat crepe, filled with egg, ham and cheese",25562,3.83,0.00,1.56,0.01,0.00,0.00,0.00,0.05,0.00,0.02,0.20,70.90,185.00,1.03,54.40,0.00,1.548711388,32.08027963,0.01,0.03,0.27,0.02,0.21,0.45,0.10,0.90,0.01,0.40,-0.05,0.03,0.03,0.04,Nutriscore_D
ea22fdda-e1fd-5d8d-a5da-73b808e4a5be,24e79954-fb38-519a-8240-af619d1c1eeb,"Crepe or buckwheat crepe, filled with fish and/or seafood",25625,3.10,0.00,1.37,0.01,0.00,0.00,0.00,0.03,0.00,0.02,0.11,41.70,119.00,0.69,53.10,0.00,0.055086817,1.309170944,0.01,0.03,0.27,0.02,0.21,0.45,0.10,0.90,0.01,0.40,-0.05,0.03,0.03,0.04,Nutriscore_D
2264af02-32e3-5a11-914e-365c377d7108,24e79954-fb38-519a-8240-af619d1c1eeb,"Crepe or buckwheat crepe, filled with mushrooms and bechamel sauce",25411,3.68,0.00,1.23,0.01,0.00,0.00,0.00,0.02,0.00,0.01,0.07,33.20,63.30,19.90,63.10,0.00,0.452866079,10.27226752,0.01,0.03,0.27,0.02,0.21,0.45,0.10,0.90,0.01,0.40,-0.05,0.03,0.03,0.04,Nutriscore_C
862b8198-a9b6-5777-873b-e51e9e525b6d,24e79954-fb38-519a-8240-af619d1c1eeb,"Crepe or buckwheat crepe, filled with mushrooms and bechamel sauce, cooked",25581,4.32,0.00,1.68,0.01,0.00,0.00,0.00,0.05,0.00,0.02,0.22,80.90,199.00,1.12,58.40,0.00,0.452866079,10.27226752,0.01,0.03,0.27,0.02,0.21,0.45,0.10,0.90,0.01,0.40,-0.05,0.03,0.03,0.04,Nutriscore_C
dbc5d561-11b9-5687-bdff-b41cdc895606,24e79954-fb38-519a-8240-af619d1c1eeb,"Crepe or buckwheat crepe, filled with scallops",25572,5.39,0.00,1.24,0.05,0.00,0.00,0.00,0.08,0.00,0.02,0.26,48.60,98.10,0.62,77.00,0.00,0.055086817,1.309170944,0.01,0.03,0.27,0.02,0.21,0.45,0.10,0.90,0.01,0.40,-0.05,0.03,0.03,0.04,Nutriscore_C
fdcdecc9-24b1-5852-be76-af144ba70793,24e79954-fb38-519a-8240-af619d1c1eeb,"Crepe, filled with ham",25409,4.32,0.00,1.68,0.01,0.00,0.00,0.00,0.05,0.00,0.02,0.22,80.90,199.00,1.12,58.40,0.00,6.259476659,11.91656791,0.01,0.03,0.27,0.02,0.21,0.45,0.10,0.90,0.01,0.40,-0.05,0.03,0.03,0.04,Nutriscore_D
c08737e6-3033-5bb8-a00d-ba215369b382,24e79954-fb38-519a-8240-af619d1c1eeb,Flamed tart (thin-crusted onion tart with cream and lardoons),25550,2.94,0.00,1.57,0.01,0.00,0.00,0.00,0.03,0.00,0.01,0.14,57.30,136.00,1.03,51.00,0.00,6.259476659,11.91656791,0.01,0.03,0.27,0.02,0.21,0.45,0.10,0.90,0.01,0.40,-0.05,0.03,0.03,0.04,Nutriscore_D
e03e7b11-5a20-5a68-ad33-d562900b525d,24e79954-fb38-519a-8240-af619d1c1eeb,Ham and mushroom pancake in cheese sauce,26256,5.53,0.00,1.95,0.01,0.00,0.00,0.00,0.08,0.00,0.02,0.33,145.00,270.00,1.79,70.30,0.00,1.548711388,32.08027963,0.01,0.03,0.27,0.02,0.21,0.45,0.10,0.90,0.01,0.40,-0.05,0.03,0.03,0.04,Nutriscore_C
f91a4ea3-ac64-5e8a-b5af-8091102e0ce8,24e79954-fb38-519a-8240-af619d1c1eeb,Leek tart or pie,25553,2.90,0.00,1.43,0.01,0.00,0.00,0.00,0.03,0.00,0.01,0.12,39.50,128.00,0.65,46.10,0.00,0.452866079,10.27226752,0.01,0.03,0.27,0.02,0.21,0.45,0.10,0.90,0.01,0.40,-0.05,0.03,0.03,0.04,Nutriscore_D
6212dfdd-5ca0-5682-9138-e4bdb5cf39e5,24e79954-fb38-519a-8240-af619d1c1eeb,Onion tart,25529,2.80,0.00,1.40,0.01,0.00,0.00,0.00,0.03,0.00,0.01,0.12,36.40,132.00,0.77,44.90,0.00,0.452866079,10.27226752,0.01,0.03,0.27,0.02,0.21,0.45,0.10,0.90,0.01,0.40,-0.05,0.03,0.03,0.04,Nutriscore_D
834a0e5f-8963-5fa7-9879-e018d78df9d2,24e79954-fb38-519a-8240-af619d1c1eeb,"Pastilla, filled with chicken (pie)",25568,3.57,0.00,1.36,0.01,0.00,0.00,0.00,0.08,0.00,0.02,0.32,111.00,232.00,5.13,57.20,0.00,6.259476659,11.91656791,0.01,0.03,0.27,0.02,0.21,0.45,0.10,0.90,0.01,0.40,-0.05,0.03,0.03,0.04,Nutriscore_D
d73f0f4f-ca58-50e9-bb2b-d68de9472589,24e79954-fb38-519a-8240-af619d1c1eeb,"Pizza base, cooked",96778,1.40,0.00,1.17,0.00,0.00,0.00,0.00,0.01,0.00,0.01,0.04,13.90,82.20,1.39,39.20,0.00,0,0,0.02,0.05,0.60,0.05,0.46,1.08,0.25,1.70,0.02,0.97,-0.10,0.07,0.08,0.09,Nutriscore_D
29e053f7-af79-5943-83df-4ca971a8fdf7,24e79954-fb38-519a-8240-af619d1c1eeb,"Pizza base, raw",37001,1.40,0.00,1.17,0.00,0.00,0.00,0.00,0.01,0.00,0.01,0.04,13.90,82.20,1.39,39.20,0.00,0,0,0.02,0.05,0.60,0.05,0.46,1.08,0.25,1.70,0.02,0.97,-0.10,0.07,0.08,0.09,Nutriscore_C
1d026671-401e-5552-b48c-8d49a71d7d5b,24e79954-fb38-519a-8240-af619d1c1eeb,Pizza with raclette or tartiflette cheese and lardoons,26273,3.93,0.00,1.61,0.01,0.00,0.00,0.00,0.06,0.00,0.02,0.28,70.40,219.00,1.38,53.90,0.00,6.259476659,11.91656791,0.01,0.03,0.27,0.02,0.21,0.45,0.10,0.90,0.01,0.40,-0.05,0.03,0.03,0.04,Nutriscore_D
59dfcd47-dd4e-5df6-8ce9-23d1de926efa,24e79954-fb38-519a-8240-af619d1c1eeb,"Pizza, bolognese-style w meat",25457,7.93,0.00,1.48,0.01,0.00,0.00,0.00,0.10,0.00,0.02,0.45,47.80,481.00,0.96,51.10,0.00,6.259476659,11.91656791,0.01,0.03,0.27,0.02,0.21,0.45,0.10,0.90,0.01,0.40,-0.05,0.03,0.03,0.04,Nutriscore_C
d41f5619-d444-5079-a8e5-60ca8e226cb2,24e79954-fb38-519a-8240-af619d1c1eeb,"Pizza, cheese and mushrooms",25477,3.38,0.00,1.28,0.01,0.00,0.00,0.00,0.02,0.00,0.01,0.08,35.60,97.00,17.40,58.40,0.00,0.009989853,1.993406629,0.01,0.03,0.27,0.02,0.21,0.45,0.10,0.90,0.01,0.40,-0.05,0.03,0.03,0.04,Nutriscore_C
656c0aef-f055-589d-9788-efb5c4fe5f24,24e79954-fb38-519a-8240-af619d1c1eeb,"Pizza, cheese and tomato or Margherita pizza",25404,1.84,0.00,1.25,0.01,0.00,0.00,0.00,0.02,0.00,0.01,0.07,20.20,91.10,1.23,39.10,0.00,0.011114569,2.217835934,0.01,0.03,0.27,0.02,0.21,0.45,0.10,0.90,0.01,0.40,-0.05,0.03,0.03,0.04,Nutriscore_D
ca66cffe-a961-597f-a551-0bb2e80a8f57,24e79954-fb38-519a-8240-af619d1c1eeb,"Pizza, chicken",26272,2.87,0.00,1.30,0.01,0.00,0.00,0.00,0.05,0.00,0.01,0.21,55.70,171.00,1.93,47.30,0.00,15.78898554,7.848036648,0.01,0.03,0.27,0.02,0.21,0.45,0.10,0.90,0.01,0.40,-0.05,0.03,0.03,0.04,Nutriscore_C
3f76afa2-7a3d-5d9e-8f61-16bd1f3d0ec7,24e79954-fb38-519a-8240-af619d1c1eeb,"Pizza, chorizo or salami",25462,2.88,0.00,1.58,0.01,0.00,0.00,0.00,0.03,0.00,0.01,0.14,52.50,132.00,0.86,49.70,0.00,0.445700245,10.51567848,0.01,0.03,0.27,0.02,0.21,0.45,0.10,0.90,0.01,0.40,-0.05,0.03,0.03,0.04,Nutriscore_D
abf591b3-9dda-5772-8b97-41c2f2ae80dc,24e79954-fb38-519a-8240-af619d1c1eeb,"Pizza, cured ham",26274,3.23,0.00,1.56,0.01,0.00,0.00,0.00,0.04,0.00,0.01,0.17,62.70,178.00,1.91,51.10,0.00,0.756520368,15.94276236,0.01,0.03,0.27,0.02,0.21,0.45,0.10,0.90,0.01,0.40,-0.05,0.03,0.03,0.04,Nutriscore_D
e84c4931-4c3b-587e-a0bd-c989ff489644,24e79954-fb38-519a-8240-af619d1c1eeb,"Pizza, four cheeses",25478,3.63,0.00,1.39,0.01,0.00,0.00,0.00,0.06,0.00,0.02,0.27,28.40,248.00,0.83,45.60,0.00,0.009164605,1.828733908,0.01,0.03,0.27,0.02,0.21,0.45,0.10,0.90,0.01,0.40,-0.05,0.03,0.03,0.04,Nutriscore_D
3f04af0b-651d-5fd7-9d56-0482bdbf8cb6,24e79954-fb38-519a-8240-af619d1c1eeb,"Pizza, goat cheese and lardoons",25468,3.93,0.00,1.61,0.01,0.00,0.00,0.00,0.06,0.00,0.02,0.28,70.40,219.00,1.38,53.90,0.00,0.756520368,15.94276236,0.01,0.03,0.27,0.02,0.21,0.45,0.10,0.90,0.01,0.40,-0.05,0.03,0.03,0.04,Nutriscore_D
bf8e04d6-9672-50f7-9490-4c0874230a6f,24e79954-fb38-519a-8240-af619d1c1eeb,"Pizza, ham and cheese",25435,3.23,0.00,1.56,0.01,0.00,0.00,0.00,0.04,0.00,0.01,0.17,62.70,178.00,1.91,51.10,0.00,0.756520368,15.94276236,0.01,0.03,0.27,0.02,0.21,0.45,0.10,0.90,0.01,0.40,-0.05,0.03,0.03,0.04,Nutriscore_D
94233bf3-3130-539c-a383-f9a2179baeb1,24e79954-fb38-519a-8240-af619d1c1eeb,"Pizza, ham cheese and mushrooms",25548,3.43,0.00,1.47,0.01,0.00,0.00,0.00,0.03,0.00,0.01,0.13,53.10,124.00,8.09,55.30,0.00,1.548711388,32.08027963,0.01,0.03,0.27,0.02,0.21,0.45,0.10,0.90,0.01,0.40,-0.05,0.03,0.03,0.04,Nutriscore_D
904096a1-4875-5197-8a6d-39a9899c03dd,24e79954-fb38-519a-8240-af619d1c1eeb,"Pizza, kebab",26271,3.23,0.00,1.56,0.01,0.00,0.00,0.00,0.04,0.00,0.01,0.17,62.70,178.00,1.91,51.10,0.00,9.430013513,5.434377777,0.01,0.03,0.27,0.02,0.21,0.45,0.10,0.90,0.01,0.40,-0.05,0.03,0.03,0.04,Nutriscore_D
968d2268-7190-54c1-9105-114b63e95205,24e79954-fb38-519a-8240-af619d1c1eeb,"Pizza, lardoons onions and cheese",25570,3.93,0.00,1.61,0.01,0.00,0.00,0.00,0.06,0.00,0.02,0.28,70.40,219.00,1.38,53.90,0.00,6.259476659,11.91656791,0.01,0.03,0.27,0.02,0.21,0.45,0.10,0.90,0.01,0.40,-0.05,0.03,0.03,0.04,Nutriscore_D
60e4956f-14f7-5d52-9863-86cb60d9475d,24e79954-fb38-519a-8240-af619d1c1eeb,"Pizza, onion anchovy and black olives",25528,2.06,0.00,1.30,0.01,0.00,0.00,0.00,0.02,0.00,0.01,0.08,22.70,90.80,0.96,41.30,0.00,12.79960888,1.872068834,0.01,0.03,0.27,0.02,0.21,0.45,0.10,0.90,0.01,0.40,-0.05,0.03,0.03,0.04,Nutriscore_D
760d2431-2a42-531c-b25e-50ae686b2ff0,24e79954-fb38-519a-8240-af619d1c1eeb,"Pizza, salmon",25464,2.71,0.00,1.27,0.02,0.00,0.00,0.00,0.04,0.00,0.01,0.13,27.00,102.00,1.15,47.40,0.00,0.055086817,1.309170944,0.01,0.03,0.27,0.02,0.21,0.45,0.10,0.90,0.01,0.40,-0.05,0.03,0.03,0.04,Nutriscore_D
d1149af9-1aa7-51ca-a482-8cba4253a761,24e79954-fb38-519a-8240-af619d1c1eeb,"Pizza, seafood",25463,2.71,0.00,1.27,0.02,0.00,0.00,0.00,0.04,0.00,0.01,0.13,27.00,102.00,1.15,47.40,0.00,27.03102878,6.587590539,0.01,0.03,0.27,0.02,0.21,0.45,0.10,0.90,0.01,0.40,-0.05,0.03,0.03,0.04,Nutriscore_C
e8f2ea07-c2c6-503b-bbc6-3aaf03dda9ea,24e79954-fb38-519a-8240-af619d1c1eeb,"Pizza, tuna",26270,2.71,0.00,1.27,0.02,0.00,0.00,0.00,0.04,0.00,0.01,0.13,27.00,102.00,1.15,47.40,0.00,0.055086817,1.309170944,0.01,0.03,0.27,0.02,0.21,0.45,0.10,0.90,0.01,0.40,-0.05,0.03,0.03,0.04,Nutriscore_C
e0f4533a-4f28-534e-85bf-c176468241b3,24e79954-fb38-519a-8240-af619d1c1eeb,"Pizza, vegetables or pizza 4 seasons",25472,3.42,0.00,1.48,0.01,0.00,0.00,0.00,0.04,0.00,0.01,0.15,53.20,137.00,5.56,52.70,0.00,0.625142948,13.755515,0.01,0.03,0.27,0.02,0.21,0.45,0.10,0.90,0.01,0.40,-0.05,0.03,0.03,0.04,Nutriscore_C
1c917a8c-b972-572a-a900-8dfdf2bd5691,24e79954-fb38-519a-8240-af619d1c1eeb,Provencal-style tart,25454,2.54,0.00,1.32,0.01,0.00,0.00,0.00,0.02,0.00,0.01,0.09,25.40,93.20,0.63,43.70,0.00,0.452866079,10.27226752,0.01,0.03,0.27,0.02,0.21,0.45,0.10,0.90,0.01,0.40,-0.05,0.03,0.03,0.04,Nutriscore_D
6b318637-824c-56b7-956e-b854013773ee,24e79954-fb38-519a-8240-af619d1c1eeb,Quiche Lorraine (eggs and lardoons quiche),25405,4.57,0.00,1.73,0.01,0.00,0.00,0.00,0.06,0.00,0.02,0.24,85.30,227.00,1.08,58.10,0.00,6.259476659,11.91656791,0.01,0.03,0.27,0.02,0.21,0.45,0.10,0.90,0.01,0.40,-0.05,0.03,0.03,0.04,Nutriscore_D
660b6b4c-24b0-517e-8387-4a8cf05acbb5,24e79954-fb38-519a-8240-af619d1c1eeb,Riesling wine and pork pie,25560,12.10,0.00,1.71,0.02,0.00,0.00,0.00,0.22,0.00,0.05,0.96,104.00,1110.00,3.92,68.90,0.00,6.259476659,11.91656791,0.01,0.03,0.27,0.02,0.21,0.45,0.10,0.90,0.01,0.40,-0.05,0.03,0.03,0.04,Nutriscore_D
2eb4dc90-808b-5536-8eb1-ef5af6ec3feb,24e79954-fb38-519a-8240-af619d1c1eeb,Salmon tart,25555,3.48,0.00,1.52,0.01,0.00,0.00,0.00,0.03,0.00,0.02,0.13,52.60,144.00,0.73,55.10,0.00,0.055086817,1.309170944,0.01,0.03,0.27,0.02,0.21,0.45,0.10,0.90,0.01,0.40,-0.05,0.03,0.03,0.04,Nutriscore_D
1b833f02-f4dc-53a6-b0ff-90cb334a9b55,24e79954-fb38-519a-8240-af619d1c1eeb,Scallops tart,25564,4.75,0.00,1.38,0.03,0.00,0.00,0.00,0.06,0.00,0.02,0.19,46.30,104.00,6.71,69.80,0.00,27.03102878,6.587590539,0.01,0.03,0.27,0.02,0.21,0.45,0.10,0.90,0.01,0.40,-0.05,0.03,0.03,0.04,Nutriscore_D
3802e9fd-1985-5664-8185-3b1018eeda1f,24e79954-fb38-519a-8240-af619d1c1eeb,Squid and spicy tomato sauce pie,26268,3.07,0.00,1.26,0.04,0.00,0.00,0.00,0.06,0.00,0.02,0.17,27.50,108.00,2.17,61.90,0.00,27.03102878,6.587590539,0.01,0.03,0.27,0.02,0.21,0.45,0.10,0.90,0.01,0.40,-0.05,0.03,0.03,0.04,Nutriscore_D
d95ba52e-5599-51dd-868e-5e01b4af3bcc,24e79954-fb38-519a-8240-af619d1c1eeb,"Thin-crust pizza shell, raw",23402,1.40,0.00,1.17,0.00,0.00,0.00,0.00,0.01,0.00,0.01,0.04,13.90,82.20,1.39,39.20,0.00,0,0,0.02,0.05,0.60,0.05,0.46,1.08,0.25,1.70,0.02,0.97,-0.10,0.07,0.08,0.09,Nutriscore_D
bb0951e6-3287-550f-8645-f1e8df59e252,24e79954-fb38-519a-8240-af619d1c1eeb,Tomato tart,25561,2.54,0.00,1.32,0.01,0.00,0.00,0.00,0.02,0.00,0.01,0.09,25.40,93.20,0.63,43.70,0.00,0.452866079,10.27226752,0.01,0.03,0.27,0.02,0.21,0.45,0.10,0.90,0.01,0.40,-0.05,0.03,0.03,0.04,Nutriscore_D
5a54c345-1839-55eb-bcb3-b0e8010c7651,24e79954-fb38-519a-8240-af619d1c1eeb,Vegetables tart,25417,2.54,0.00,1.32,0.01,0.00,0.00,0.00,0.02,0.00,0.01,0.09,25.40,93.20,0.63,43.70,0.00,0.452866079,10.27226752,0.01,0.03,0.27,0.02,0.21,0.45,0.10,0.90,0.01,0.40,-0.05,0.03,0.03,0.04,Nutriscore_C
f4f4f5b6-d8dd-53f6-a5b9-3ada30e4ef1f,909dba02-f119-51ca-a3d9-dd70963269ab,Burritos,25459,8.71,0.00,1.51,0.01,0.00,0.00,0.00,0.11,0.00,0.03,0.49,51.90,535.00,1.24,55.70,0.00,2.970113591,10.64223807,0.01,0.03,0.27,0.02,0.21,0.45,0.10,0.90,0.01,0.40,-0.05,0.03,0.03,0.04,Nutriscore_C
2c1679ee-0b43-5ddc-adcb-6dbd38c3504c,909dba02-f119-51ca-a3d9-dd70963269ab,"Cheeseburger, double, from fast foods restaurant",25415_1,14.10,0.00,1.70,0.02,0.00,0.00,0.00,0.18,0.00,0.04,0.81,84.90,847.00,1.55,71.30,0.00,5.228779806,5.251732045,0.01,0.03,0.27,0.02,0.21,0.45,0.10,0.90,0.01,0.40,-0.05,0.03,0.03,0.04,Nutriscore_D
35c63425-fed1-5ca7-95aa-9583ebc066e6,909dba02-f119-51ca-a3d9-dd70963269ab,"Cheeseburger, from fast foods restaurant",25414,18.80,0.00,1.87,0.03,0.00,0.00,0.00,0.25,0.00,0.06,1.11,104.00,1170.00,1.91,80.50,0.00,5.228779806,5.251732045,0.01,0.03,0.27,0.02,0.21,0.45,0.10,0.90,0.01,0.40,-0.05,0.03,0.03,0.04,Nutriscore_D
2334f965-8369-50a7-96fb-39401353f466,909dba02-f119-51ca-a3d9-dd70963269ab,"Chicken burger , fast foods restaurant",25502,4.36,0.00,1.32,0.01,0.00,0.00,0.00,0.09,0.00,0.02,0.37,96.60,232.00,1.72,63.50,0.00,4.795046383,4.032772018,0.01,0.03,0.27,0.02,0.21,0.45,0.10,0.90,0.01,0.40,-0.05,0.03,0.03,0.04,Nutriscore_C
4bffe50f-ca76-5529-be6e-6489140f8842,909dba02-f119-51ca-a3d9-dd70963269ab,Chinese specialty or dumplings,25169,11.40,0.00,1.98,0.04,0.00,0.00,0.00,0.07,0.01,0.07,0.19,191.00,156.00,95.10,151.00,0.00,0.848199945,0.823901199,0.01,0.03,0.27,0.02,0.21,0.45,0.10,0.90,0.01,0.40,-0.05,0.03,0.03,0.04,Nutriscore_C
fcc7d8a5-1714-5198-b578-521b78441717,909dba02-f119-51ca-a3d9-dd70963269ab,"Dumplings, steamed, with shrimps, cooked",25110,11.60,0.00,1.51,0.04,0.00,0.00,0.00,0.07,0.01,0.07,0.19,188.00,164.00,92.40,146.00,0.00,3.158541813,17.51610413,0.12,0.30,2.99,0.02,0.34,0.71,1.83,1.83,0.01,2.02,-0.08,1.73,2.00,0.06,Nutriscore_C
ef926fc8-c2ba-5d1c-af89-27ec41584f09,909dba02-f119-51ca-a3d9-dd70963269ab,Fajitas,25460,2.37,0.00,1.26,0.01,0.00,0.00,0.00,0.04,0.00,0.01,0.17,48.10,135.00,1.35,48.40,0.00,2.970113591,10.64223807,0.01,0.03,0.27,0.02,0.21,0.45,0.10,0.90,0.01,0.40,-0.05,0.03,0.03,0.04,Nutriscore_B
22aa120f-ee35-5d2c-bb7a-13243fec764e,909dba02-f119-51ca-a3d9-dd70963269ab,"Fish burger, fast foods restaurant",25416,7.10,0.00,1.20,0.11,0.00,0.00,0.00,0.16,0.00,0.04,0.45,45.40,73.10,0.71,110.00,0.00,1.024843258,0.001054721,0.01,0.03,0.27,0.02,0.21,0.45,0.10,0.90,0.01,0.40,-0.05,0.03,0.03,0.04,Nutriscore_D
4d9059ee-5e47-5ca3-9fd6-43ee31060dc9,909dba02-f119-51ca-a3d9-dd70963269ab,"Focaccia, filled",7811,3.23,0.00,1.54,0.01,0.00,0.00,0.00,0.04,0.00,0.01,0.17,61.60,170.00,1.92,51.20,0.00,0,0,0.01,0.03,0.27,0.02,0.21,0.45,0.10,0.90,0.01,0.40,-0.05,0.03,0.03,0.04,Nutriscore_D
5ad97332-5fc3-5b75-92ab-ef760722b5b5,909dba02-f119-51ca-a3d9-dd70963269ab,"Fougasse, filled",7812,1.16,0.00,1.17,0.00,0.00,0.00,0.00,0.01,0.00,0.01,0.04,14.80,94.90,1.89,36.30,0.00,0,0,0.01,0.03,0.27,0.02,0.21,0.45,0.10,0.90,0.01,0.40,-0.05,0.03,0.03,0.04,Nutriscore_D
4f5d7dc7-ddd2-56f0-a3de-59b0321d021a,909dba02-f119-51ca-a3d9-dd70963269ab,"Grilled cheese & ham sandwich, prepacked",25547,4.47,0.00,1.13,0.01,0.00,0.00,0.00,0.06,0.00,0.02,0.24,80.20,217.00,0.95,44.20,0.00,3.541696143,18.71031983,0.01,0.03,0.27,0.02,0.21,0.45,0.10,0.90,0.01,0.40,-0.05,0.03,0.03,0.04,Nutriscore_D
aeb47b3c-399c-5394-9d78-d8ee15141b7f,909dba02-f119-51ca-a3d9-dd70963269ab,"Hamburger, from fast foods restaurant",25413,18.60,0.00,1.84,0.03,0.00,0.00,0.00,0.25,0.00,0.06,1.10,99.20,1170.00,1.88,79.30,0.00,4.795046383,4.032772018,0.01,0.03,0.27,0.02,0.21,0.45,0.10,0.90,0.01,0.40,-0.05,0.03,0.03,0.04,Nutriscore_D
e88b0e46-8316-5c3a-9c84-f3229a25317c,909dba02-f119-51ca-a3d9-dd70963269ab,Hot-dog,25403,7.57,0.00,1.62,0.01,0.00,0.00,0.00,0.10,0.00,0.02,0.41,67.80,436.00,1.34,63.00,0.00,0.508378811,10.64116665,0.01,0.03,0.27,0.02,0.21,0.45,0.10,0.90,0.01,0.40,-0.05,0.03,0.03,0.04,Nutriscore_D
16207625-af6c-5759-8c36-71190b107e7c,909dba02-f119-51ca-a3d9-dd70963269ab,"Large round sandwich with lettuce, tuna, anchovy and black olives",25513,1.90,0.00,0.69,0.02,0.00,0.00,0.00,0.03,0.00,0.01,0.10,22.20,92.30,2.12,36.60,0.00,0.384713669,0.016922419,0.01,0.03,0.27,0.02,0.21,0.45,0.10,0.90,0.01,0.40,-0.05,0.03,0.03,0.04,Nutriscore_C
f0b67f70-60ab-5122-a2d0-f67efe32f68c,909dba02-f119-51ca-a3d9-dd70963269ab,"Sandwich made with French bread, camembert cheese and butter",25518,4.09,0.00,0.87,0.01,0.00,0.00,0.00,0.04,0.00,0.01,0.16,43.10,174.00,0.79,42.30,0.00,0.023912009,4.771477139,0.01,0.03,0.27,0.02,0.21,0.45,0.10,0.90,0.01,0.40,-0.05,0.03,0.03,0.04,Nutriscore_E
0f108f22-aa0e-5cbf-b080-585b305a9c30,909dba02-f119-51ca-a3d9-dd70963269ab,"Sandwich made with French bread, chicken, raw vegetables (lettuce & tomato) and mayonnaise",25476,3.82,0.00,0.84,0.01,0.00,0.00,0.00,0.07,0.00,0.02,0.28,79.30,220.00,1.96,51.70,0.00,2.970113591,10.64223807,0.01,0.03,0.27,0.02,0.21,0.45,0.10,0.90,0.01,0.40,-0.05,0.03,0.03,0.04,Nutriscore_C
427410fc-0e2b-535d-bc2d-fc10c2709269,909dba02-f119-51ca-a3d9-dd70963269ab,"Sandwich made with French bread, dry sausage and butter",25520,4.72,0.00,1.40,0.01,0.00,0.00,0.00,0.05,0.00,0.02,0.22,88.70,216.00,1.37,59.00,0.00,3.541696143,18.71031983,0.01,0.03,0.27,0.02,0.21,0.45,0.10,0.90,0.01,0.40,-0.05,0.03,0.03,0.04,Nutriscore_E
19b9beae-e7be-5672-96d9-3ad76cff6815,909dba02-f119-51ca-a3d9-dd70963269ab,"Sandwich made with French bread, egg, raw vegetables (tomato and lettuce) and mayonnaise",25532,2.41,0.00,0.78,0.01,0.00,0.00,0.00,0.02,0.00,0.01,0.08,34.80,139.00,1.30,40.00,0.00,0,0,0.01,0.03,0.27,0.02,0.21,0.45,0.10,0.90,0.01,0.40,-0.05,0.03,0.03,0.04,Nutriscore_C
74b1b264-8d01-5a58-afbc-a41363fc325f,909dba02-f119-51ca-a3d9-dd70963269ab,"Sandwich made with French bread, ham and butter",25517,5.61,0.00,1.54,0.01,0.00,0.00,0.00,0.07,0.00,0.02,0.29,121.00,267.00,1.74,66.50,0.00,3.541696143,18.71031983,0.01,0.03,0.27,0.02,0.21,0.45,0.10,0.90,0.01,0.40,-0.05,0.03,0.03,0.04,Nutriscore_D
726e1ea0-d42e-549a-86fe-9556af454720,909dba02-f119-51ca-a3d9-dd70963269ab,"Sandwich made with French bread, ham and emmental cheese",25485,5.54,0.00,1.35,0.01,0.00,0.00,0.00,0.06,0.00,0.02,0.27,101.00,256.00,1.48,60.30,0.00,3.541696143,18.71031983,0.01,0.03,0.27,0.02,0.21,0.45,0.10,0.90,0.01,0.40,-0.05,0.03,0.03,0.04,Nutriscore_D
280f56c0-b249-5fd3-9cfe-af40c6ca091e,909dba02-f119-51ca-a3d9-dd70963269ab,"Sandwich made with French bread, ham, emmental cheese and butter",25521,5.54,0.00,1.35,0.01,0.00,0.00,0.00,0.06,0.00,0.02,0.27,101.00,256.00,1.48,60.30,0.00,3.541696143,18.71031983,0.01,0.03,0.27,0.02,0.21,0.45,0.10,0.90,0.01,0.40,-0.05,0.03,0.03,0.04,Nutriscore_D
3eaa2e78-d205-5910-8c33-07f60ef617b9,909dba02-f119-51ca-a3d9-dd70963269ab,"Sandwich made with French bread, hard-boiled egg, raw vegetables (tomato and lettuce) and butter",25475,3.31,0.00,1.05,0.01,0.00,0.00,0.00,0.03,0.00,0.01,0.14,61.80,158.00,1.31,48.70,0.00,0,0,0.01,0.03,0.27,0.02,0.21,0.45,0.10,0.90,0.01,0.40,-0.05,0.03,0.03,0.04,Nutriscore_D
55350eb7-734a-5961-a61d-10119ce7ebe6,909dba02-f119-51ca-a3d9-dd70963269ab,"Sandwich made with French bread, kebab and raw vegetables",25429,12.80,0.00,1.00,0.02,0.00,0.00,0.00,0.24,0.00,0.05,1.06,72.30,1260.00,2.94,58.00,0.00,2.970113591,10.64223807,0.01,0.03,0.27,0.02,0.21,0.45,0.10,0.90,0.01,0.40,-0.05,0.03,0.03,0.04,Nutriscore_D
852a15a7-bb5c-5069-9643-77c4a3fdc8b6,909dba02-f119-51ca-a3d9-dd70963269ab,"Sandwich made with French bread, merguez sausage, ketchup and mustard",25535,4.72,0.00,1.40,0.01,0.00,0.00,0.00,0.05,0.00,0.02,0.22,88.70,216.00,1.37,59.00,0.00,3.541696143,18.71031983,0.01,0.03,0.27,0.02,0.21,0.45,0.10,0.90,0.01,0.40,-0.05,0.03,0.03,0.04,Nutriscore_D
fea21e28-6db1-52de-a525-e250c312f857,909dba02-f119-51ca-a3d9-dd70963269ab,"Sandwich made with French bread, pâté and pickles",25519,3.46,0.00,0.91,0.01,0.00,0.00,0.00,0.05,0.00,0.02,0.20,66.50,160.00,1.26,48.10,0.00,3.541696143,18.71031983,0.01,0.03,0.27,0.02,0.21,0.45,0.10,0.90,0.01,0.40,-0.05,0.03,0.03,0.04,Nutriscore_D
4fa538c5-69ba-54f3-bfc6-94ab7de1d924,909dba02-f119-51ca-a3d9-dd70963269ab,"Sandwich made with French bread, pork, raw vegetables (lettuce & tomato) and mayonnaise",25533,3.31,0.00,1.05,0.01,0.00,0.00,0.00,0.03,0.00,0.01,0.14,61.80,158.00,1.31,48.70,0.00,2.970113591,10.64223807,0.01,0.03,0.27,0.02,0.21,0.45,0.10,0.90,0.01,0.40,-0.05,0.03,0.03,0.04,Nutriscore_C
745bc9b0-2da7-5d69-ba65-86265e91c980,909dba02-f119-51ca-a3d9-dd70963269ab,"Sandwich made with French bread, raw vegetables and mayonnaise",25530,2.78,0.00,0.79,0.01,0.00,0.00,0.00,0.04,0.00,0.01,0.15,48.30,137.00,1.25,43.60,0.00,0,0,0.01,0.03,0.27,0.02,0.21,0.45,0.10,0.90,0.01,0.40,-0.05,0.03,0.03,0.04,Nutriscore_C
915f6382-ce0c-572c-b590-48df66defa02,909dba02-f119-51ca-a3d9-dd70963269ab,"Sandwich made with French bread, salami and butter",25536,5.61,0.00,1.54,0.01,0.00,0.00,0.00,0.07,0.00,0.02,0.29,121.00,267.00,1.74,66.50,0.00,3.541696143,18.71031983,0.01,0.03,0.27,0.02,0.21,0.45,0.10,0.90,0.01,0.40,-0.05,0.03,0.03,0.04,Nutriscore_E
cc1e3971-0006-5d26-90a5-48eb294192af,909dba02-f119-51ca-a3d9-dd70963269ab,"Sandwich made with French bread, smoked salmon and butter",25488,2.64,0.00,0.75,0.02,0.00,0.00,0.00,0.03,0.00,0.01,0.10,25.80,84.20,0.90,45.40,0.00,0.384713669,0.016922419,0.01,0.03,0.27,0.02,0.21,0.45,0.10,0.90,0.01,0.40,-0.05,0.03,0.03,0.04,Nutriscore_D
b86bcc64-29d3-5c7d-b73e-e1c99eceda00,909dba02-f119-51ca-a3d9-dd70963269ab,"Sandwich made with French bread, tuna, raw vegetables (tomato and lettuce) and mayonnaise",25431,3.44,0.00,0.74,0.04,0.00,0.00,0.00,0.05,0.00,0.02,0.15,28.00,101.00,1.16,55.10,0.00,0.384713669,0.016922419,0.01,0.03,0.27,0.02,0.21,0.45,0.10,0.90,0.01,0.40,-0.05,0.03,0.03,0.04,Nutriscore_D
70aedf1f-a352-5006-946d-dcb51c428dc8,909dba02-f119-51ca-a3d9-dd70963269ab,"Sandwich made with French bread, tuna, sweet corn and raw vegetables",25490,2.64,0.00,0.75,0.02,0.00,0.00,0.00,0.03,0.00,0.01,0.10,25.80,84.20,0.90,45.40,0.00,0.384713669,0.016922419,0.01,0.03,0.27,0.02,0.21,0.45,0.10,0.90,0.01,0.40,-0.05,0.03,0.03,0.04,Nutriscore_C
0d300822-36cc-5f90-a8c8-a5907b431fc9,909dba02-f119-51ca-a3d9-dd70963269ab,"Sandwich made with French bread, turkey, raw vegetables (lettuce & tomato) and mayonnaise",25531,2.78,0.00,0.79,0.01,0.00,0.00,0.00,0.04,0.00,0.01,0.15,48.30,137.00,1.25,43.60,0.00,2.970113591,10.64223807,0.01,0.03,0.27,0.02,0.21,0.45,0.10,0.90,0.01,0.40,-0.05,0.03,0.03,0.04,Nutriscore_C
4095584d-f4c8-53ee-82d2-bf3fc4c8d469,909dba02-f119-51ca-a3d9-dd70963269ab,"Sandwich made with loaf bread, various filling",25544,2.57,0.00,0.96,0.01,0.00,0.00,0.00,0.03,0.00,0.01,0.13,56.70,139.00,0.97,37.60,0.00,2.970113591,10.64223807,0.01,0.03,0.27,0.02,0.21,0.45,0.10,0.90,0.01,0.40,-0.05,0.03,0.03,0.04,Nutriscore_D
75096f9c-f481-5b91-8ee6-bba9355dcc00,909dba02-f119-51ca-a3d9-dd70963269ab,"Sandwich made with panini bread, raw cured ham, mozzarella cheese and tomato",25434,4.43,0.00,1.24,0.01,0.00,0.00,0.00,0.06,0.00,0.02,0.24,90.00,215.00,1.07,47.80,0.00,2.970113591,10.64223807,0.01,0.03,0.27,0.02,0.21,0.45,0.10,0.90,0.01,0.40,-0.05,0.03,0.03,0.04,Nutriscore_D
5e443cdb-7f10-5ed4-be32-b5787d39d918,909dba02-f119-51ca-a3d9-dd70963269ab,"Sandwich made with pita bread, kebab and raw vegetables",25428,12.10,0.00,0.91,0.02,0.00,0.00,0.00,0.24,0.00,0.05,1.05,67.20,1240.00,2.60,46.90,0.00,2.970113591,10.64223807,0.01,0.03,0.27,0.02,0.21,0.45,0.10,0.90,0.01,0.40,-0.05,0.03,0.03,0.04,Nutriscore_D
5916f932-88fa-5ccd-8990-526083644438,909dba02-f119-51ca-a3d9-dd70963269ab,"Sandwich made with wholemeal loaf bread, chicken, raw vegetables and mayonnaise",25577,3.08,0.00,0.75,0.01,0.00,0.00,0.00,0.06,0.00,0.02,0.27,74.20,200.00,1.62,40.70,0.00,2.970113591,10.64223807,0.01,0.03,0.27,0.02,0.21,0.45,0.10,0.90,0.01,0.40,-0.05,0.03,0.03,0.04,Nutriscore_C
0a6944fd-b4b5-5d38-b1fe-32f8094f82f5,909dba02-f119-51ca-a3d9-dd70963269ab,"Sandwich made with wholemeal loaf bread, ham and cheese",25576,4.80,0.00,1.26,0.01,0.00,0.00,0.00,0.06,0.00,0.02,0.26,95.70,237.00,1.14,49.20,0.00,3.541696143,18.71031983,0.01,0.03,0.27,0.02,0.21,0.45,0.10,0.90,0.01,0.40,-0.05,0.03,0.03,0.04,Nutriscore_D
17f95e81-eb6f-59a1-b4d0-58dfac365692,909dba02-f119-51ca-a3d9-dd70963269ab,"Sandwich made with wholemeal loaf bread, ham, raw vegetables, cheese (optional)",25574,2.57,0.00,0.96,0.01,0.00,0.00,0.00,0.03,0.00,0.01,0.13,56.70,139.00,0.97,37.60,0.00,2.970113591,10.64223807,0.01,0.03,0.27,0.02,0.21,0.45,0.10,0.90,0.01,0.40,-0.05,0.03,0.03,0.04,Nutriscore_D
a7d0bf58-10ad-5474-8803-118d84d15c36,909dba02-f119-51ca-a3d9-dd70963269ab,"Sandwich made with wholemeal loaf bread, tuna, raw vegetables and mayonnaise",25575,2.70,0.00,0.65,0.03,0.00,0.00,0.00,0.05,0.00,0.02,0.14,23.00,81.20,0.82,44.10,0.00,0.384713669,0.016922419,0.01,0.03,0.27,0.02,0.21,0.45,0.10,0.90,0.01,0.40,-0.05,0.03,0.03,0.04,Nutriscore_C
770298a1-316f-5bb8-8d05-ff7d056444fc,909dba02-f119-51ca-a3d9-dd70963269ab,Spring roll,25419,2.87,0.00,1.28,0.01,0.00,0.00,0.00,0.02,0.00,0.02,0.06,50.00,-6.26,16.00,54.30,0.00,0.848199945,0.823901199,0.01,0.03,0.27,0.02,0.21,0.45,0.10,0.90,0.01,0.40,-0.05,0.03,0.03,0.04,Nutriscore_B
13998d13-c32c-52aa-8fdd-a26f34864fd6,909dba02-f119-51ca-a3d9-dd70963269ab,Toasted ham sandwich topped with grated cheese,25400,4.40,0.00,1.12,0.01,0.00,0.00,0.00,0.06,0.00,0.02,0.24,79.70,216.00,1.01,43.00,0.00,0.023912009,4.771477139,0.01,0.03,0.27,0.02,0.21,0.45,0.10,0.90,0.01,0.40,-0.05,0.03,0.03,0.04,Nutriscore_D
dfa8caa5-2181-57b4-ba54-b01ba4d17025,909dba02-f119-51ca-a3d9-dd70963269ab,Toasted ham sandwich topped with grated cheese and a fried egg,25542,4.14,0.00,1.08,0.01,0.00,0.00,0.00,0.05,0.00,0.02,0.22,76.80,208.00,0.99,41.70,0.00,0.023912009,4.771477139,0.01,0.03,0.27,0.02,0.21,0.45,0.10,0.90,0.01,0.40,-0.05,0.03,0.03,0.04,Nutriscore_D
cfe8d47b-b4ca-5b82-8f36-fb38c1b59ede,909dba02-f119-51ca-a3d9-dd70963269ab,"Wheat tortilla wrap, filled with soy-based, vegetarian",7815_2,1.64,0.00,2.13,0.01,0.00,0.00,0.00,0.02,0.00,0.01,0.06,26.40,127.00,1.33,58.90,0.00,0,0,0.01,0.03,0.27,0.02,0.21,0.45,0.10,0.90,0.01,0.40,-0.05,0.03,0.03,0.04,Nutriscore_D
0aed5713-cfbb-5722-ba2f-57355d9e6883,5e7e9766-5dba-5bc1-938c-d780fe84f8af,Egg roll or Nem,25420,2.92,0.00,1.36,0.01,0.00,0.00,0.00,0.03,0.00,0.02,0.12,52.40,112.00,6.92,51.90,0.00,8.284327667,0.464209796,0.01,0.02,0.24,0.03,0.15,0.40,0.14,1.30,0.01,0.58,-0.05,0.05,0.04,0.87,Nutriscore_C
3f154538-da2c-55f5-9991-a306db45c42d,5e7e9766-5dba-5bc1-938c-d780fe84f8af,"Egg, fried without added fat",22505,2.40,0.00,0.61,0.01,0.00,0.00,0.00,0.03,0.00,0.01,0.13,65.40,166.00,0.93,30.70,0.00,8.284327667,0.464209796,0.01,0.02,0.24,0.03,0.15,0.40,0.14,1.30,0.01,0.58,-0.05,0.05,0.04,0.87,Nutriscore_A
88b749e7-6492-5314-adff-dc6d53a0d1b0,5e7e9766-5dba-5bc1-938c-d780fe84f8af,"Fritter, filled with eggs (filo pastry)",25557,3.11,0.00,1.33,0.01,0.00,0.00,0.00,0.03,0.00,0.02,0.11,52.20,111.00,7.04,55.30,0.00,8.284327667,0.464209796,0.01,0.02,0.24,0.03,0.15,0.40,0.14,1.30,0.01,0.58,-0.05,0.05,0.04,0.87,Nutriscore_D
875a2e12-7652-5639-a38d-48985f917d63,b7e54015-dbf7-50ff-9a20-2334be2d3299,"Omelette, with lardoons",22507,3.71,0.00,1.16,0.01,0.00,0.00,0.00,0.06,0.00,0.02,0.24,108.00,231.00,1.32,44.60,0.00,7.535868028,34.96010011,0.01,0.02,0.24,0.03,0.15,0.40,0.14,1.30,0.01,0.58,-0.05,0.05,0.04,0.87,Nutriscore_D
423e0055-7742-586e-90b1-3df88d25c984,4bf77835-cb5d-568c-afb1-ad1f09810752,"Omelette, with cheese",22506,2.90,0.00,0.89,0.01,0.00,0.00,0.00,0.04,0.00,0.01,0.17,62.70,181.00,0.79,33.80,0.00,7.706471831,2.17237453,0.01,0.02,0.24,0.03,0.15,0.40,0.14,1.30,0.01,0.58,-0.05,0.05,0.04,0.87,Nutriscore_D
f77cbb39-d165-5712-8c97-376810a3bfc5,2344099b-88d1-5229-bdca-1e92b9402f62,"Omelette, with mushrooms",22508,3.69,0.00,0.86,0.01,0.00,0.00,0.00,0.03,0.00,0.01,0.13,62.70,134.00,16.70,49.90,0.00,5.813877389,0.767437617,0.01,0.02,0.24,0.03,0.15,0.40,0.14,1.30,0.01,0.58,-0.05,0.05,0.04,0.87,Nutriscore_B
1c240478-4c43-50d2-9242-36eebe6551b4,71d9eca4-01b7-5020-a9c4-17474c63d94d,"Omelette, with herbs",22509,2.00,0.00,0.83,0.01,0.00,0.00,0.00,0.03,0.00,0.01,0.12,59.40,151.00,0.80,31.80,0.00,5.813877389,0.767437617,0.01,0.02,0.24,0.03,0.15,0.40,0.14,1.30,0.01,0.58,-0.05,0.05,0.04,0.87,Nutriscore_C
e6dc91b8-d747-5549-9b35-b695836a698e,71d9eca4-01b7-5020-a9c4-17474c63d94d,Spanish-style tortilla with onions (omelette with potatoes and onions),22510,1.17,0.00,0.73,0.00,0.00,0.00,0.00,0.02,0.00,0.01,0.07,28.80,124.00,2.68,26.70,0.00,5.813877389,0.767437617,0.01,0.02,0.24,0.03,0.15,0.40,0.14,1.30,0.01,0.58,-0.05,0.05,0.04,0.87,Nutriscore_C
8b57e154-656f-51c3-aa4e-0ac62e802d12,4fc2cc50-eaeb-5213-bea1-2fc6383bd7e7,"Egg, scrambled, with added fat",22502,3.44,0.00,0.68,0.01,0.00,0.00,0.00,0.04,0.00,0.02,0.19,80.20,221.00,1.05,34.10,0.00,8.67400993,0.812488952,0.01,0.02,0.24,0.03,0.15,0.40,0.14,1.30,0.01,0.58,-0.05,0.05,0.04,0.87,Nutriscore_C
66d6da84-db66-5981-aa19-9967fba7fd84,e364f580-ea55-5bdc-b5e0-eabf3ac7178c,"Egg, poached",22011,2.74,0.00,0.99,0.01,0.00,0.00,0.00,0.03,0.00,0.01,0.13,65.60,164.00,0.99,43.00,0.00,7.836911278,0.439138954,0.01,0.02,0.24,0.03,0.15,0.40,0.14,1.30,0.01,0.58,-0.05,0.05,0.04,0.87,Nutriscore_A
83205eed-044a-5a71-bd6c-9ea43788a69a,46d6b61d-1c57-54f5-af6e-23c09e13d315,Couscous w fish,25107,4.74,0.00,0.70,0.08,0.00,0.00,0.00,0.11,0.00,0.03,0.29,27.90,31.90,0.75,76.00,0.00,23.57469288,4.564672749,1.94,0.86,5.28,0.14,1.15,2.60,1.75,11.74,0.06,10.44,-0.33,0.98,1.55,1.00,Nutriscore_B
db7b6ca4-5e52-51bd-90ee-89c9b2a1455e,46d6b61d-1c57-54f5-af6e-23c09e13d315,Paëlla,25031,3.28,0.00,0.77,0.03,0.00,0.00,0.00,0.06,0.00,0.02,0.20,49.40,79.10,3.80,50.10,0.00,23.57469288,4.564672749,1.94,0.86,5.28,0.14,1.15,2.60,1.75,11.74,0.06,10.44,-0.33,0.98,1.55,1.00,Nutriscore_C
0f29e9bc-1238-5519-b3b9-d912289f2599,46d6b61d-1c57-54f5-af6e-23c09e13d315,"Risotto, w seafood",25188,3.27,0.00,0.90,0.01,0.00,0.00,0.00,0.02,0.00,0.01,0.07,35.20,78.90,3.63,50.40,0.00,23.57469288,4.564672749,1.94,0.86,5.28,0.14,1.15,2.60,1.75,11.74,0.06,10.44,-0.33,0.98,1.55,1.00,Nutriscore_C
5a3e1210-8fcf-58a9-955e-5176043441f9,46d6b61d-1c57-54f5-af6e-23c09e13d315,Vol-au-vent with fish and seafood,25503,8.81,0.00,1.20,0.16,0.00,0.00,0.00,0.22,0.00,0.06,0.59,62.90,46.80,0.72,137.00,0.00,23.57469288,4.564672749,1.94,0.86,5.28,0.14,1.15,2.60,1.75,11.74,0.06,10.44,-0.33,0.98,1.55,1.00,Nutriscore_D
54a87a0b-4cbd-575a-b2e6-8cb48e90852d,74a52fd1-4b83-584f-b172-2b714c76d29d,Fish on skewer,25539,14.60,0.00,0.89,0.29,0.00,0.00,0.00,0.40,0.00,0.10,1.06,86.60,61.70,0.57,204.00,0.00,1.771834517,0,1.94,0.86,5.28,0.14,1.15,2.60,1.75,11.74,0.06,10.44,-0.33,0.98,1.55,1.00,Nutriscore_A
9c50efff-fbff-5729-9f85-814607f46496,74a52fd1-4b83-584f-b172-2b714c76d29d,Fish w bordelaise sauce,25086,10.40,0.00,1.01,0.14,0.00,0.00,0.00,0.19,0.00,0.06,0.54,101.00,158.00,28.00,138.00,0.00,1.771834517,0,1.94,0.86,5.28,0.14,1.15,2.60,1.75,11.74,0.06,10.44,-0.33,0.98,1.55,1.00,Nutriscore_C
c008075f-052b-5596-b52e-4930975217bd,74a52fd1-4b83-584f-b172-2b714c76d29d,"Fish, in sauce, frozen",26054,9.74,0.00,1.01,0.17,0.00,0.00,0.00,0.23,0.00,0.06,0.63,61.60,52.10,0.83,143.00,0.00,1.771834517,0,1.94,0.86,5.28,0.14,1.15,2.60,1.75,11.74,0.06,10.44,-0.33,0.98,1.55,1.00,Nutriscore_B
81562e58-95f2-5cfd-bbaf-538d82247cdc,74a52fd1-4b83-584f-b172-2b714c76d29d,White fish with Florentine-style sauce (spinach sauce),25140,9.35,0.00,0.78,0.17,0.00,0.00,0.00,0.24,0.00,0.06,0.65,61.70,86.60,0.63,128.00,0.00,1.771834517,0,1.94,0.86,5.28,0.14,1.15,2.60,1.75,11.74,0.06,10.44,-0.33,0.98,1.55,1.00,Nutriscore_B
5688e746-2009-5891-8cbe-e637a6041f40,74a52fd1-4b83-584f-b172-2b714c76d29d,White fish with mustard sauce,25142,9.35,0.00,0.78,0.17,0.00,0.00,0.00,0.24,0.00,0.06,0.65,61.70,86.60,0.63,128.00,0.00,1.771834517,0,1.94,0.86,5.28,0.14,1.15,2.60,1.75,11.74,0.06,10.44,-0.33,0.98,1.55,1.00,Nutriscore_B
56564718-b363-5486-8ce8-9720eedd08e3,74a52fd1-4b83-584f-b172-2b714c76d29d,White fish with Parisian-style sauce (mushrooms sauce),25143,10.50,0.00,0.86,0.19,0.00,0.00,0.00,0.26,0.00,0.07,0.70,76.90,85.30,7.30,143.00,0.00,2.427261699,0.011089353,1.94,0.86,5.28,0.14,1.15,2.60,1.75,11.74,0.06,10.44,-0.33,0.98,1.55,1.00,Nutriscore_B
17f4342c-750a-5b72-9160-0c03b39f3bec,74a52fd1-4b83-584f-b172-2b714c76d29d,White fish with Provencal-style sauce (tomato sauce),25128,10.00,0.00,0.77,0.20,0.00,0.00,0.00,0.27,0.00,0.07,0.72,63.20,82.60,1.66,143.00,0.00,1.771834517,0,1.94,0.86,5.28,0.14,1.15,2.60,1.75,11.74,0.06,10.44,-0.33,0.98,1.55,1.00,Nutriscore_A
c2faf97e-9c95-5da2-8560-baf52e9df16e,74a52fd1-4b83-584f-b172-2b714c76d29d,"White fish with shallots, mussels and white wine sauce",25141,10.40,0.00,1.01,0.14,0.00,0.00,0.00,0.19,0.00,0.06,0.54,101.00,158.00,28.00,138.00,0.00,1.771834517,0,1.94,0.86,5.28,0.14,1.15,2.60,1.75,11.74,0.06,10.44,-0.33,0.98,1.55,1.00,Nutriscore_B
2fe92665-2c1a-58a1-a8f8-d10b46c75e3a,74a52fd1-4b83-584f-b172-2b714c76d29d,White fish with sorrel sauce,25146,9.35,0.00,0.78,0.17,0.00,0.00,0.00,0.24,0.00,0.06,0.65,61.70,86.60,0.63,128.00,0.00,1.771834517,0,1.94,0.86,5.28,0.14,1.15,2.60,1.75,11.74,0.06,10.44,-0.33,0.98,1.55,1.00,Nutriscore_C
bd022e03-9bb4-58d4-ae34-2e3de6ceef0f,74a52fd1-4b83-584f-b172-2b714c76d29d,White fish with tarragon sauce,25145,9.35,0.00,0.78,0.17,0.00,0.00,0.00,0.24,0.00,0.06,0.65,61.70,86.60,0.63,128.00,0.00,1.771834517,0,1.94,0.86,5.28,0.14,1.15,2.60,1.75,11.74,0.06,10.44,-0.33,0.98,1.55,1.00,Nutriscore_B
694f8afb-030f-541c-b979-ad1190bfc5ad,8cd4edac-44b0-55d5-8e8e-89e732b88caf,"Fish and shrimp 'au gratin', previously frozen",25038,9.95,0.00,1.12,0.15,0.00,0.00,0.00,0.21,0.00,0.05,0.60,66.30,137.00,0.79,142.00,0.00,2.284530918,0.788561973,1.94,0.86,5.28,0.14,1.15,2.60,1.75,11.74,0.06,10.44,-0.33,0.98,1.55,1.00,Nutriscore_C
11bd7bfa-238b-5a83-a066-12e0876de826,8cd4edac-44b0-55d5-8e8e-89e732b88caf,Fish brandade or fish shepherd's pie,25154,9.61,0.00,0.75,0.17,0.00,0.00,0.00,0.24,0.00,0.06,0.65,60.70,72.50,0.93,134.00,0.00,2.284530918,0.788561973,1.94,0.86,5.28,0.14,1.15,2.60,1.75,11.74,0.06,10.44,-0.33,0.98,1.55,1.00,Nutriscore_C
a135e6ac-e98a-5db6-967c-c640a81f2dd3,8cd4edac-44b0-55d5-8e8e-89e732b88caf,"Fish or seafood au gratin, intended to be cook",25037,9.56,0.00,0.89,0.16,0.00,0.00,0.00,0.22,0.00,0.06,0.62,66.70,176.00,0.58,127.00,0.00,2.284530918,0.788561973,1.94,0.86,5.28,0.14,1.15,2.60,1.75,11.74,0.06,10.44,-0.33,0.98,1.55,1.00,Nutriscore_C
04b1ca98-e740-56d9-85ff-4c505cb34e08,8cd4edac-44b0-55d5-8e8e-89e732b88caf,"Fish quenelle, in sauce",8932,5.84,0.00,1.32,0.07,0.00,0.00,0.00,0.12,0.00,0.03,0.36,54.40,129.00,0.58,80.80,0.00,2.284530918,0.788561973,1.94,0.86,5.28,0.14,1.15,2.60,1.75,11.74,0.06,10.44,-0.33,0.98,1.55,1.00,Nutriscore_C
4e9e239d-e352-5657-8c36-5befc81a6c4e,8cd4edac-44b0-55d5-8e8e-89e732b88caf,"Fish quenelle, raw",8933,5.76,0.00,0.78,0.07,0.00,0.00,0.00,0.12,0.00,0.03,0.36,53.60,129.00,0.55,68.90,0.00,2.284530918,0.788561973,1.94,0.86,5.28,0.14,1.15,2.60,1.75,11.74,0.06,10.44,-0.33,0.98,1.55,1.00,Nutriscore_D
eb42840f-1933-5029-ac4a-525086dde649,548b29c5-e424-51e9-a99a-3a896cfaea29,Salmon with sorrel,25077,5.38,0.00,0.94,0.03,0.00,0.00,0.00,0.04,0.00,0.07,0.17,103.00,261.00,1.09,67.70,0.00,4.033370651,35.6756892,1.94,0.86,5.28,0.14,1.15,2.60,1.75,11.74,0.06,10.44,-0.33,0.98,1.55,1.00,Nutriscore_C
937ddde5-1063-5a7f-98f7-7f5fe14980a1,fca4932f-f689-54d4-936f-c4d578980b8d,"Squid fritter, Roman-style",10002,6.03,0.00,0.25,0.11,0.00,0.00,0.00,0.15,0.00,0.04,0.40,33.70,8.86,0.32,82.50,0.00,70.5087703,0,1.94,0.86,5.28,0.14,1.15,2.60,1.75,11.74,0.06,10.44,-0.33,0.98,1.55,1.00,Nutriscore_D
7e9ba324-78a8-5e18-8193-218760897d83,942551b9-5760-5454-a513-11b388c5d56b,Sushi or maki with seafood products,25456,2.67,0.00,0.34,0.01,0.00,0.00,0.00,0.02,0.00,0.01,0.05,32.10,59.80,8.01,32.80,0.00,3.261391032,27.13389255,1.94,0.86,5.28,0.14,1.15,2.60,1.75,11.74,0.06,10.44,-0.33,0.98,1.55,1.00,Nutriscore_C
758199d1-b46f-5186-9cc0-7a01ffa241ae,98836b76-b05d-505e-8c93-50a6624947f1,Escalope cordon bleu (topped with a ham slice and Gruyere sauce),25089,5.44,0.00,1.47,0.02,0.00,0.00,0.00,0.12,0.00,0.03,0.54,140.00,310.00,2.16,70.10,0.00,20.35962829,70.32241237,0.02,0.05,0.70,0.05,0.49,0.81,0.23,1.33,0.02,0.39,-0.12,0.04,0.05,0.09,Nutriscore_D
bf8bd1a0-68f9-5e50-a1c9-c01b998b63a2,98836b76-b05d-505e-8c93-50a6624947f1,Ham and cheese in puffed pastry,25508,5.80,0.00,1.74,0.01,0.00,0.00,0.00,0.07,0.00,0.02,0.30,96.90,269.00,1.26,64.00,0.00,20.35962829,70.32241237,0.02,0.05,0.70,0.05,0.49,0.81,0.23,1.33,0.02,0.39,-0.12,0.04,0.05,0.09,Nutriscore_E
a0338a51-c793-5605-af3d-134b844f6804,76f716c7-4a34-5ced-998f-794d04e2d0be,"Beef, meat balls, cooked",25163,32.20,0.00,2.60,0.05,0.00,0.00,0.00,0.44,0.00,0.10,1.96,169.00,2080.00,3.17,111.00,0.00,2.372865248,38.32215021,0.02,0.05,0.70,0.05,0.49,0.81,0.23,1.33,0.02,0.39,-0.12,0.04,0.05,0.09,Nutriscore_D
929f2440-6cd9-5417-ac37-54aa154a676a,76f716c7-4a34-5ced-998f-794d04e2d0be,"Meat balls, beef, with tomato sauce",25211,12.30,0.00,1.17,0.02,0.00,0.00,0.00,0.17,0.00,0.04,0.72,66.30,783.00,2.20,52.00,0.00,2.372865248,38.32215021,0.02,0.05,0.70,0.05,0.49,0.81,0.23,1.33,0.02,0.39,-0.12,0.04,0.05,0.09,Nutriscore_D
7ad776a2-5032-5ea6-9bbd-b32baf4aebf7,76f716c7-4a34-5ced-998f-794d04e2d0be,Pork with caramel sauce,25207,7.01,0.00,1.80,0.02,0.00,0.00,0.00,0.10,0.00,0.03,0.44,192.00,380.00,2.65,72.40,0.00,2.372865248,38.32215021,0.02,0.05,0.70,0.05,0.49,0.81,0.23,1.33,0.02,0.39,-0.12,0.04,0.05,0.09,Nutriscore_C
ce949c9e-7601-5186-a779-25ecc2b7a75c,76f716c7-4a34-5ced-998f-794d04e2d0be,Stuffed cabbage,25106,3.50,0.00,1.09,0.01,0.00,0.00,0.00,0.04,0.00,0.02,0.18,75.50,170.00,1.04,44.20,0.00,2.372865248,38.32215021,0.02,0.05,0.70,0.05,0.49,0.81,0.23,1.33,0.02,0.39,-0.12,0.04,0.05,0.09,Nutriscore_C
b91e3967-431c-55fa-9c98-dd61258b643e,76f716c7-4a34-5ced-998f-794d04e2d0be,Stuffed tomatoes,25103,3.47,0.00,1.09,0.01,0.00,0.00,0.00,0.04,0.00,0.01,0.18,74.10,160.00,1.16,44.60,0.00,2.372865248,38.32215021,0.02,0.05,0.70,0.05,0.49,0.81,0.23,1.33,0.02,0.39,-0.12,0.04,0.05,0.09,Nutriscore_C
0a48b253-6f48-5bc3-ba63-51a4611e65c7,76f716c7-4a34-5ced-998f-794d04e2d0be,Stuffed vegetables (excluding tomato),25511,3.39,0.00,1.08,0.01,0.00,0.00,0.00,0.04,0.00,0.01,0.18,73.60,160.00,1.28,44.20,0.00,2.372865248,38.32215021,0.02,0.05,0.70,0.05,0.49,0.81,0.23,1.33,0.02,0.39,-0.12,0.04,0.05,0.09,Nutriscore_C
93c586f8-214a-551b-8b5d-7a4fb96174f8,dae4d700-9c24-5d61-83db-1136a282a160,"Burger, beef based, 15% fat, raw",6260,17.50,0.00,1.31,0.03,0.00,0.00,0.00,0.24,0.00,0.05,1.05,95.40,1120.00,1.69,61.70,0.00,10.87515756,9.157729549,0.02,0.05,0.70,0.05,0.49,0.81,0.23,1.33,0.02,0.39,-0.12,0.04,0.05,0.09,Nutriscore_D
717451fc-4c79-5aa8-879b-60e6332a75e3,4db7e8d8-e516-5bbe-9f4e-330a33a7b1ad,Chicken with curry and coconut milk sauce,25174,5.68,0.00,1.00,0.02,0.00,0.00,0.00,0.14,0.00,0.03,0.63,164.00,348.00,2.81,65.10,0.00,4.092567636,9.770693707,0.02,0.05,0.70,0.05,0.49,0.81,0.23,1.33,0.02,0.39,-0.12,0.04,0.05,0.09,Nutriscore_C
d4a69150-2a2f-55b6-8f50-5ffb385ae380,4db7e8d8-e516-5bbe-9f4e-330a33a7b1ad,"Chicken, nugget, breaded croquette",36027,3.87,0.00,1.37,0.01,0.00,0.00,0.00,0.08,0.00,0.02,0.34,92.50,220.00,1.51,58.00,0.00,4.092567636,9.770693707,0.02,0.05,0.70,0.05,0.49,0.81,0.23,1.33,0.02,0.39,-0.12,0.04,0.05,0.09,Nutriscore_D
6628611b-3be8-57fe-a10c-36a19ccad441,4db7e8d8-e516-5bbe-9f4e-330a33a7b1ad,"Egg roll or Nem, with chicken, cooked",25582,2.92,0.00,1.36,0.01,0.00,0.00,0.00,0.03,0.00,0.02,0.12,52.40,112.00,6.92,51.90,0.00,4.092567636,9.770693707,0.02,0.05,0.70,0.05,0.49,0.81,0.23,1.33,0.02,0.39,-0.12,0.04,0.05,0.09,Nutriscore_C
530382a6-f60b-5246-94bc-f1d597494959,4db7e8d8-e516-5bbe-9f4e-330a33a7b1ad,"Egg roll or Nem, with pork, cooked",25583,2.92,0.00,1.36,0.01,0.00,0.00,0.00,0.03,0.00,0.02,0.12,52.40,112.00,6.92,51.90,0.00,4.092567636,9.770693707,0.02,0.05,0.70,0.05,0.49,0.81,0.23,1.33,0.02,0.39,-0.12,0.04,0.05,0.09,Nutriscore_C
a8ffcc73-6a31-556e-baac-b287cf2a04c3,4db7e8d8-e516-5bbe-9f4e-330a33a7b1ad,"Fritter, filled (filo pastry) (garnish : shrimps, vegetables, poultry, meat, etc.)",25438,3.11,0.00,1.33,0.01,0.00,0.00,0.00,0.03,0.00,0.02,0.11,52.20,111.00,7.04,55.30,0.00,4.092567636,9.770693707,0.02,0.05,0.70,0.05,0.49,0.81,0.23,1.33,0.02,0.39,-0.12,0.04,0.05,0.09,Nutriscore_D
a6fcf544-e98d-5b44-8ffa-defd29111dd3,4db7e8d8-e516-5bbe-9f4e-330a33a7b1ad,"Fritter, filled with beef (filo pastry)",25558,3.11,0.00,1.33,0.01,0.00,0.00,0.00,0.03,0.00,0.02,0.11,52.20,111.00,7.04,55.30,0.00,4.092567636,9.770693707,0.02,0.05,0.70,0.05,0.49,0.81,0.23,1.33,0.02,0.39,-0.12,0.04,0.05,0.09,Nutriscore_E
f0b915b5-28d8-5293-9b35-2f0d555d0851,4db7e8d8-e516-5bbe-9f4e-330a33a7b1ad,Milanese-style turkey escalope or breaded veal escalope,36318,5.22,0.00,1.47,0.02,0.00,0.00,0.00,0.12,0.00,0.03,0.53,145.00,311.00,2.26,70.60,0.00,4.092567636,9.770693707,0.02,0.05,0.70,0.05,0.49,0.81,0.23,1.33,0.02,0.39,-0.12,0.04,0.05,0.09,Nutriscore_B
0601efd8-c439-5403-979a-048f668e53bb,4db7e8d8-e516-5bbe-9f4e-330a33a7b1ad,Poultry nuggets,25512,3.87,0.00,1.37,0.01,0.00,0.00,0.00,0.08,0.00,0.02,0.34,92.50,220.00,1.51,58.00,0.00,4.092567636,9.770693707,0.02,0.05,0.70,0.05,0.49,0.81,0.23,1.33,0.02,0.39,-0.12,0.04,0.05,0.09,Nutriscore_C
cf1723ea-93bd-50fd-9d69-2cfa911eca45,4db7e8d8-e516-5bbe-9f4e-330a33a7b1ad,"Turkey, breaded escalope",36036,7.41,0.00,1.29,0.03,0.00,0.00,0.00,0.18,0.00,0.04,0.80,213.00,445.00,3.22,82.30,0.00,4.092567636,9.770693707,0.02,0.05,0.70,0.05,0.49,0.81,0.23,1.33,0.02,0.39,-0.12,0.04,0.05,0.09,Nutriscore_D
ac0b3ef6-2852-5b2d-89fc-5075fc34db7e,4db7e8d8-e516-5bbe-9f4e-330a33a7b1ad,"Veal, bread escalope, cooked",25173,23.10,0.00,2.05,0.04,0.00,0.00,0.00,0.27,0.00,0.07,1.14,311.00,1060.00,3.28,124.00,0.00,4.092567636,9.770693707,0.02,0.05,0.70,0.05,0.49,0.81,0.23,1.33,0.02,0.39,-0.12,0.04,0.05,0.09,Nutriscore_B
35bba3a2-343e-5956-9e67-7fb848c1cb7e,fa079f98-57d8-5fff-b807-05f7e12faac6,Beef stew with carrots,25065,23.00,0.00,1.24,0.04,0.00,0.00,0.00,0.31,0.00,0.07,1.36,125.00,1440.00,7.52,72.30,0.00,33.30717768,15.23628242,0.02,0.05,0.70,0.05,0.49,0.81,0.23,1.33,0.02,0.39,-0.12,0.04,0.05,0.09,Nutriscore_A
dd5e5312-d0c7-5fc2-bd5f-b2f8d6cbd306,fa079f98-57d8-5fff-b807-05f7e12faac6,Boiled meat with vegetables,25013,17.70,0.00,1.11,0.03,0.00,0.00,0.00,0.24,0.00,0.05,1.06,97.90,1120.00,1.78,57.10,0.00,33.30717768,15.23628242,0.02,0.05,0.70,0.05,0.49,0.81,0.23,1.33,0.02,0.39,-0.12,0.04,0.05,0.09,Nutriscore_A
4f951a26-b39c-5cad-8081-5aec5078b4de,fa079f98-57d8-5fff-b807-05f7e12faac6,Burgundy-style beef stew,25033,25.00,0.00,1.29,0.04,0.00,0.00,0.00,0.34,0.00,0.07,1.49,134.00,1580.00,7.92,75.30,0.00,33.30717768,15.23628242,0.02,0.05,0.70,0.05,0.49,0.81,0.23,1.33,0.02,0.39,-0.12,0.04,0.05,0.09,Nutriscore_B
61874667-c1fa-5eaa-8bdf-785b6f10e4e1,fa079f98-57d8-5fff-b807-05f7e12faac6,Chicken tagine,25204,4.74,0.00,0.93,0.02,0.00,0.00,0.00,0.11,0.00,0.03,0.50,131.00,301.00,3.10,58.30,0.00,33.30717768,15.23628242,0.02,0.05,0.70,0.05,0.49,0.81,0.23,1.33,0.02,0.39,-0.12,0.04,0.05,0.09,Nutriscore_C
efbecbdc-1e2f-58ae-a8a7-fc9cb3d42118,fa079f98-57d8-5fff-b807-05f7e12faac6,"Chicken, Basque style",25190,4.48,0.00,0.92,0.02,0.00,0.00,0.00,0.11,0.00,0.03,0.46,125.00,261.00,2.22,55.90,0.00,33.30717768,15.23628242,0.02,0.05,0.70,0.05,0.49,0.81,0.23,1.33,0.02,0.39,-0.12,0.04,0.05,0.09,Nutriscore_C
89c949aa-d35c-51c1-b3c9-03894d69b2af,fa079f98-57d8-5fff-b807-05f7e12faac6,Cockerel in red wine sauce,25121,6.41,0.00,1.03,0.02,0.00,0.00,0.00,0.14,0.00,0.03,0.61,163.00,335.00,9.88,72.50,0.00,33.30717768,15.23628242,0.02,0.05,0.70,0.05,0.49,0.81,0.23,1.33,0.02,0.39,-0.12,0.04,0.05,0.09,Nutriscore_A
8b2905f3-2dbc-5eac-9e74-c7fc48aa9559,fa079f98-57d8-5fff-b807-05f7e12faac6,"Duck with sauce (green pepper sauce, hunter-style sauce,etc.)",25058,1.26,0.00,0.87,0.00,0.00,0.00,0.00,0.01,0.00,0.00,0.05,13.40,48.40,0.87,32.00,0.00,33.30717768,15.23628242,0.02,0.05,0.70,0.05,0.49,0.81,0.23,1.33,0.02,0.39,-0.12,0.04,0.05,0.09,Nutriscore_B
412caf3d-b7ed-5dd0-8b2b-6a017e4de3f3,fa079f98-57d8-5fff-b807-05f7e12faac6,Mutton tagine,25159,27.80,0.00,1.30,0.05,0.00,0.00,0.00,0.57,0.00,0.11,2.50,146.00,2940.00,5.47,80.60,0.00,33.30717768,15.23628242,0.02,0.05,0.70,0.05,0.49,0.81,0.23,1.33,0.02,0.39,-0.12,0.04,0.05,0.09,Nutriscore_B
f85ea2d0-cd37-5f4f-8c39-60139d670bd9,fa079f98-57d8-5fff-b807-05f7e12faac6,Osso buco,25164,18.20,0.00,1.67,0.03,0.00,0.00,0.00,0.21,0.00,0.06,0.89,242.00,837.00,2.93,103.00,0.00,33.30717768,15.23628242,0.02,0.05,0.70,0.05,0.49,0.81,0.23,1.33,0.02,0.39,-0.12,0.04,0.05,0.09,Nutriscore_C
7274efee-b344-55f0-b0f2-b38db099c3cf,fa079f98-57d8-5fff-b807-05f7e12faac6,"Pork sausage stew with cabbage, carrots and potatoes",25071,3.26,0.00,1.10,0.01,0.00,0.00,0.00,0.04,0.00,0.01,0.17,77.60,146.00,1.17,44.10,0.00,33.30717768,15.23628242,0.02,0.05,0.70,0.05,0.49,0.81,0.23,1.33,0.02,0.39,-0.12,0.04,0.05,0.09,Nutriscore_C
594a2124-487e-5f86-a11b-dfa2d2a53e36,fa079f98-57d8-5fff-b807-05f7e12faac6,Poultry paupiette,25126,5.73,0.00,1.20,0.02,0.00,0.00,0.00,0.12,0.00,0.03,0.52,157.00,323.00,2.18,62.70,0.00,33.30717768,15.23628242,0.02,0.05,0.70,0.05,0.49,0.81,0.23,1.33,0.02,0.39,-0.12,0.04,0.05,0.09,Nutriscore_B
bece772c-3dba-58b6-9b2e-50d2f86f0923,fa079f98-57d8-5fff-b807-05f7e12faac6,"Poultry quenelle, in sauce",8912,5.37,0.00,1.47,0.02,0.00,0.00,0.00,0.10,0.00,0.03,0.42,114.00,303.00,1.56,60.00,0.00,33.30717768,15.23628242,0.02,0.05,0.70,0.05,0.49,0.81,0.23,1.33,0.02,0.39,-0.12,0.04,0.05,0.09,Nutriscore_C
234b6a20-0b8c-5a3e-85cb-42545933d82c,fa079f98-57d8-5fff-b807-05f7e12faac6,"Poultry quenelle, raw",8910,5.28,0.00,0.94,0.02,0.00,0.00,0.00,0.10,0.00,0.03,0.42,114.00,302.00,1.52,48.00,0.00,33.30717768,15.23628242,0.02,0.05,0.70,0.05,0.49,0.81,0.23,1.33,0.02,0.39,-0.12,0.04,0.05,0.09,Nutriscore_C
bd683836-3b1f-5640-89fe-5b7755a3631b,fa079f98-57d8-5fff-b807-05f7e12faac6,"Quenelle, plain, raw",8937,2.42,0.00,0.75,0.01,0.00,0.00,0.00,0.03,0.00,0.01,0.12,35.60,127.00,0.50,28.90,0.00,33.30717768,15.23628242,0.02,0.05,0.70,0.05,0.49,0.81,0.23,1.33,0.02,0.39,-0.12,0.04,0.05,0.09,Nutriscore_C
3cee0bc5-4b1f-5676-ae95-0c923ac0ba37,fa079f98-57d8-5fff-b807-05f7e12faac6,Rabbit with mustard sauce,25063,4.60,0.00,0.54,0.02,0.00,0.00,0.00,0.12,0.00,0.03,0.52,135.00,276.00,2.05,47.40,0.00,33.30717768,15.23628242,0.02,0.05,0.70,0.05,0.49,0.81,0.23,1.33,0.02,0.39,-0.12,0.04,0.05,0.09,Nutriscore_B
d0c5f5af-fbf6-5d36-9572-9c5063ecfe10,fa079f98-57d8-5fff-b807-05f7e12faac6,Salt-cured pork belly with lentils,25010,1.66,0.00,0.45,0.00,0.00,0.00,0.00,0.02,0.00,0.01,0.07,36.90,83.50,0.81,21.40,0.00,33.30717768,15.23628242,0.02,0.05,0.70,0.05,0.49,0.81,0.23,1.33,0.02,0.39,-0.12,0.04,0.05,0.09,Nutriscore_C
9bf4bf13-3ea0-5388-aca1-955f956d625a,fa079f98-57d8-5fff-b807-05f7e12faac6,Stewed lamb garnished with potatoes and other vegetables,25124,26.30,0.00,1.26,0.04,0.00,0.00,0.00,0.53,0.00,0.10,2.37,140.00,2780.00,4.74,76.70,0.00,33.30717768,15.23628242,0.02,0.05,0.70,0.05,0.49,0.81,0.23,1.33,0.02,0.39,-0.12,0.04,0.05,0.09,Nutriscore_C
63c06ca4-8401-5f14-baa3-c67bd533fc63,fa079f98-57d8-5fff-b807-05f7e12faac6,Veal olive or veal paupiette,25125,21.10,0.00,2.41,0.04,0.00,0.00,0.00,0.24,0.00,0.07,1.04,296.00,954.00,5.98,129.00,0.00,33.30717768,15.23628242,0.02,0.05,0.70,0.05,0.49,0.81,0.23,1.33,0.02,0.39,-0.12,0.04,0.05,0.09,Nutriscore_D
95a23630-fcaf-5e6e-91a6-315637431286,fa079f98-57d8-5fff-b807-05f7e12faac6,"Veal paupiette, cooked in oven",25213,21.10,0.00,2.41,0.04,0.00,0.00,0.00,0.24,0.00,0.07,1.04,296.00,954.00,5.98,129.00,0.00,33.30717768,15.23628242,0.02,0.05,0.70,0.05,0.49,0.81,0.23,1.33,0.02,0.39,-0.12,0.04,0.05,0.09,Nutriscore_D
165e636b-77ed-5c2c-9e69-7bcbdde1d6f0,fa079f98-57d8-5fff-b807-05f7e12faac6,"Veal quenelle, in sauce",8903,6.76,0.00,1.52,0.01,0.00,0.00,0.00,0.08,0.00,0.02,0.33,91.70,317.00,1.04,58.20,0.00,33.30717768,15.23628242,0.02,0.05,0.70,0.05,0.49,0.81,0.23,1.33,0.02,0.39,-0.12,0.04,0.05,0.09,Nutriscore_D
e291eca4-3f5d-5f53-88f2-b629863c947b,fa079f98-57d8-5fff-b807-05f7e12faac6,Veal stew in white sauce,25001,19.50,0.00,2.23,0.03,0.00,0.00,0.00,0.22,0.00,0.06,0.93,257.00,854.00,9.19,122.00,0.00,33.30717768,15.23628242,0.02,0.05,0.70,0.05,0.49,0.81,0.23,1.33,0.02,0.39,-0.12,0.04,0.05,0.09,Nutriscore_A
4cba2b81-435a-5b6d-aaaf-ddd550e2de82,fa079f98-57d8-5fff-b807-05f7e12faac6,"Vol-au-vent, with meat/poultry/quenelle",25412,4.71,0.00,1.37,0.01,0.00,0.00,0.00,0.05,0.00,0.02,0.22,69.20,139.00,11.90,70.80,0.00,33.30717768,15.23628242,0.02,0.05,0.70,0.05,0.49,0.81,0.23,1.33,0.02,0.39,-0.12,0.04,0.05,0.09,Nutriscore_D
7d3c7100-8392-5485-80ba-ccba1c5c772d,a4e6d1a1-7711-5a6a-8743-22f9cf3d589c,Provencal-type tripe (with tomato),8612,21.70,0.00,1.23,0.03,0.00,0.00,0.00,0.30,0.00,0.06,1.32,115.00,1390.00,2.03,64.20,0.00,2.086639439,42.0547549,0.02,0.05,0.70,0.05,0.49,0.81,0.23,1.33,0.02,0.39,-0.12,0.04,0.05,0.09,Nutriscore_B
09701c3a-2648-546d-bc39-51ce7a0272c0,12ae0af6-bb7f-5cbe-b157-dd2fe03bc01c,Beef samosas or samoosas,25108,24.80,0.00,2.13,0.04,0.00,0.00,0.00,0.34,0.00,0.07,1.51,130.00,1620.00,3.19,87.60,0.00,57.04442986,22.79061643,0.02,0.05,0.70,0.05,0.49,0.81,0.23,1.33,0.02,0.39,-0.12,0.04,0.05,0.09,Nutriscore_C
d0a00882-4539-5de4-9232-a4ad10f395b3,12ae0af6-bb7f-5cbe-b157-dd2fe03bc01c,Caen-style tripe,8601,25.30,0.00,1.49,0.04,0.00,0.00,0.00,0.34,0.00,0.08,1.48,178.00,1540.00,2.55,83.50,0.00,57.04442986,22.79061643,0.02,0.05,0.70,0.05,0.49,0.81,0.23,1.33,0.02,0.39,-0.12,0.04,0.05,0.09,Nutriscore_A
f65a172a-6182-52ea-968a-a78ae77e7cdb,12ae0af6-bb7f-5cbe-b157-dd2fe03bc01c,"Caen-style tripe, prepacked",8602,25.30,0.00,1.49,0.04,0.00,0.00,0.00,0.34,0.00,0.08,1.48,178.00,1540.00,2.55,83.50,0.00,57.04442986,22.79061643,0.02,0.05,0.70,0.05,0.49,0.81,0.23,1.33,0.02,0.39,-0.12,0.04,0.05,0.09,Nutriscore_A
7bdbafa8-12eb-5379-b06c-208c7812c131,12ae0af6-bb7f-5cbe-b157-dd2fe03bc01c,Meat in puff pastry,25402,14.30,0.00,1.73,0.02,0.00,0.00,0.00,0.19,0.00,0.04,0.83,92.40,860.00,1.52,69.90,0.00,57.04442986,22.79061643,0.02,0.05,0.70,0.05,0.49,0.81,0.23,1.33,0.02,0.39,-0.12,0.04,0.05,0.09,Nutriscore_E
8cc1c2f8-4897-5da2-95f8-74c4de096cba,12ae0af6-bb7f-5cbe-b157-dd2fe03bc01c,"Meat, poultry or fish fritters, home-made",25551,3.88,0.00,1.30,0.01,0.00,0.00,0.00,0.08,0.00,0.02,0.34,90.10,208.00,1.50,59.10,0.00,57.04442986,22.79061643,0.02,0.05,0.70,0.05,0.49,0.81,0.23,1.33,0.02,0.39,-0.12,0.04,0.05,0.09,Nutriscore_A
3145669a-3a7e-5970-8a7e-60a7312f0334,12ae0af6-bb7f-5cbe-b157-dd2fe03bc01c,"Yakitori (grilled meat on skewers, Japanese-style, with sauce)",25565,4.54,0.00,1.11,0.01,0.00,0.00,0.00,0.07,0.00,0.02,0.28,123.00,268.00,3.20,48.60,0.00,57.04442986,22.79061643,0.02,0.05,0.70,0.05,0.49,0.81,0.23,1.33,0.02,0.39,-0.12,0.04,0.05,0.09,Nutriscore_B
2bc8cb97-4e28-5dcb-8a4c-f0779bc76d81,eb798370-eb49-506c-a5d2-cc14d52b448e,"Dauphiné-style creamed potatoes ""au gratin""",25056,2.01,0.00,0.81,0.00,0.00,0.00,0.00,0.02,0.00,0.01,0.07,18.70,74.30,0.46,32.30,0.00,0.011727035,2.340049229,0.00,0.01,0.04,0.00,0.03,0.06,0.02,0.21,0.00,0.09,-0.01,0.01,0.01,0.01,Nutriscore_C
36f8a2f2-c844-56ee-9311-504c0cef1e4a,eb798370-eb49-506c-a5d2-cc14d52b448e,Mashed potatoes w fresh tome cheese,4041,3.93,0.00,0.94,0.01,0.00,0.00,0.00,0.04,0.00,0.01,0.16,39.60,152.00,0.73,42.70,0.00,0.011727035,2.340049229,0.00,0.01,0.04,0.00,0.03,0.06,0.02,0.21,0.00,0.09,-0.01,0.01,0.01,0.01,Nutriscore_D
c53dc6c0-b680-51b8-aacd-0bf8eacd1001,eb798370-eb49-506c-a5d2-cc14d52b448e,Tartiflette (cheese fondue),25137,3.52,0.00,1.00,0.01,0.00,0.00,0.00,0.03,0.00,0.01,0.14,47.20,136.00,0.91,45.20,0.00,0.011727035,2.340049229,0.00,0.01,0.04,0.00,0.03,0.06,0.02,0.21,0.00,0.09,-0.01,0.01,0.01,0.01,Nutriscore_C
d458a516-2d35-5426-82fb-a8e3b84fc22c,7fbb6add-6421-5db1-b8bd-8a09cc7c1e3c,"Pre-fried potatoes, pan-fried, lardoons or chicken, and other, without green vegetables",25057,2.59,0.00,0.92,0.01,0.00,0.00,0.00,0.02,0.00,0.01,0.09,42.40,86.80,6.28,42.30,0.00,11.38815824,16.3931944,0.00,0.01,0.04,0.00,0.03,0.06,0.02,0.21,0.00,0.09,-0.01,0.01,0.01,0.01,Nutriscore_C
f8f4855c-b932-577b-8cdd-15b29eba2893,fb12874a-6c5d-5c5f-a40d-afe6fe23a009,"Savoury cake (with cheese, vegetables, meat, fish, poultry,etc.)",7814,4.14,0.00,1.63,0.01,0.00,0.00,0.00,0.05,0.00,0.02,0.22,84.70,245.00,3.26,60.50,0.00,0.557708104,0.031251005,0.00,0.01,0.04,0.00,0.03,0.06,0.02,0.21,0.00,0.09,-0.01,0.01,0.01,0.01,Nutriscore_D
13a209c6-93c8-5ce9-8963-aa0585153bf8,5e27bc51-26ea-58fd-b5e9-416f0c989ca8,Moussaka,25123,23.60,0.00,1.22,0.04,0.00,0.00,0.00,0.48,0.00,0.09,2.10,122.00,2450.00,4.26,72.10,0.00,2.372016754,7.700828101,0.00,0.01,0.04,0.00,0.03,0.06,0.02,0.21,0.00,0.09,-0.01,0.01,0.01,0.01,Nutriscore_C
90b118ec-4722-5f6b-9c68-59d660f96ec5,5e27bc51-26ea-58fd-b5e9-416f0c989ca8,"Sauerkraut, with garnish",25003,2.24,0.00,1.10,0.01,0.00,0.00,0.00,0.02,0.00,0.01,0.09,40.30,77.00,0.87,41.60,0.00,1.242965181,20.38732436,0.00,0.01,0.04,0.00,0.03,0.06,0.02,0.21,0.00,0.09,-0.01,0.01,0.01,0.01,Nutriscore_C
c14c8411-6987-52cb-91e6-60676f243c86,5e27bc51-26ea-58fd-b5e9-416f0c989ca8,"Sauerkraut, without garnish, drained, cooked",25220,1.41,0.00,0.74,0.00,0.00,0.00,0.00,0.01,0.00,0.00,0.02,14.20,18.40,0.77,32.20,0.00,1.242965181,20.38732436,0.00,0.01,0.04,0.00,0.03,0.06,0.02,0.21,0.00,0.09,-0.01,0.01,0.01,0.01,Nutriscore_B
8f118562-0615-569d-ae10-c13495a21b81,5e27bc51-26ea-58fd-b5e9-416f0c989ca8,Shepherd's pie or cottage pie with meat,25009,12.00,0.00,1.17,0.02,0.00,0.00,0.00,0.16,0.00,0.04,0.70,67.80,740.00,1.25,51.60,0.00,1.369571551,4.397039917,0.00,0.01,0.04,0.00,0.03,0.06,0.02,0.21,0.00,0.09,-0.01,0.01,0.01,0.01,Nutriscore_C
f211a55a-e248-5fbd-9724-2f2aa372853a,5e27bc51-26ea-58fd-b5e9-416f0c989ca8,Shepherd's pie with duck,25195,3.60,0.00,1.50,0.01,0.00,0.00,0.00,0.05,0.00,0.01,0.22,49.60,161.00,0.99,55.20,0.00,1.369571551,4.397039917,0.00,0.01,0.04,0.00,0.03,0.06,0.02,0.21,0.00,0.09,-0.01,0.01,0.01,0.01,Nutriscore_C
685583e3-293d-5c50-ab88-79d0e75fa1ae,5e27bc51-26ea-58fd-b5e9-416f0c989ca8,"Shepherd's pie with duck, cooked",25587,3.60,0.00,1.50,0.01,0.00,0.00,0.00,0.05,0.00,0.01,0.22,49.60,161.00,0.99,55.20,0.00,1.369571551,4.397039917,0.00,0.01,0.04,0.00,0.03,0.06,0.02,0.21,0.00,0.09,-0.01,0.01,0.01,0.01,Nutriscore_C
2348b481-c9d2-529b-ad54-77c97ebb40bb,76ba9233-78ef-5d7a-b356-a811fb152d5b,"Prepared mixed tuna and vegetable salad, canned, drained",25601,4.52,0.00,0.33,0.05,0.00,0.00,0.00,0.07,0.00,0.02,0.21,37.10,58.70,1.08,66.10,0.00,42.76870367,9.02299311,0.05,0.01,0.06,0.01,0.32,0.44,0.10,0.38,0.00,0.29,-0.01,0.02,0.05,0.04,Nutriscore_C
8e0a8f6c-37e6-54e1-bbbf-05b5d316b8af,d6bc0900-9da5-52b8-8d83-051f8fa870dc,"Green salad, raw, without seasoning",25604,0.87,0.00,0.32,0.00,0.00,0.00,0.00,0.00,0.00,0.00,0.01,8.54,9.16,0.64,15.60,0.00,0,0,0.05,0.01,0.06,0.01,0.32,0.44,0.10,0.38,0.00,0.29,-0.01,0.02,0.05,0.04,Nutriscore_A
ec294ad8-ba62-54af-a8e2-cd186dc54b45,ceb99560-28c2-52fc-a7d4-37a2f6f0a58c,"Caesar's salad (salad, chicken, croûtons, sauce)",25628,3.94,0.00,0.54,0.01,0.00,0.00,0.00,0.05,0.00,0.01,0.21,62.40,149.00,1.41,46.50,0.00,30.05128902,13.57872275,0.05,0.01,0.06,0.01,0.32,0.44,0.10,0.38,0.00,0.29,-0.01,0.02,0.05,0.04,Nutriscore_B
19328e2d-893e-5696-9106-2bca8ef5be46,9a0d83e7-21f8-5b24-92a8-e4f588e06e1c,"Prepared mixed meat/fish canned, drained salad",25602,11.60,0.00,1.05,0.21,0.00,0.00,0.00,0.28,0.00,0.07,0.76,68.40,58.20,1.17,170.00,0.00,10.74317732,10.52136858,0.05,0.01,0.06,0.01,0.32,0.44,0.10,0.38,0.00,0.29,-0.01,0.02,0.05,0.04,Nutriscore_B
25aea43f-75d4-5ac2-99ab-8db3051f4156,9a0d83e7-21f8-5b24-92a8-e4f588e06e1c,"Tabbouleh with chicken, prepacked",26269,3.15,0.00,0.42,0.01,0.00,0.00,0.00,0.04,0.00,0.01,0.16,44.70,156.00,1.61,42.90,0.00,10.74317732,10.52136858,0.05,0.01,0.06,0.01,0.32,0.44,0.10,0.38,0.00,0.29,-0.01,0.02,0.05,0.04,Nutriscore_C
04fec28b-fa0a-5971-9a34-ddf556b323ac,9a0d83e7-21f8-5b24-92a8-e4f588e06e1c,"Tabbouleh, prepacked",25608,1.20,0.00,0.16,0.00,0.00,0.00,0.00,0.01,0.00,0.01,0.04,14.40,87.90,0.89,17.60,0.00,10.74317732,10.52136858,0.05,0.01,0.06,0.01,0.32,0.44,0.10,0.38,0.00,0.29,-0.01,0.02,0.05,0.04,Nutriscore_A
039dfead-c834-5262-b833-8517b3056a2f,12f0e6d6-1e6a-5609-80e7-3bb01c3c4d6a,"Coleslaw, w sauce, prepacked",26259,1.22,0.00,0.22,0.00,0.00,0.00,0.00,0.01,0.00,0.01,0.03,20.70,59.40,1.08,18.90,0.00,0,0,0.05,0.01,0.06,0.01,0.32,0.44,0.10,0.38,0.00,0.29,-0.01,0.02,0.05,0.04,Nutriscore_B
dd93b010-1b04-567f-a135-c1f42f134e48,12f0e6d6-1e6a-5609-80e7-3bb01c3c4d6a,Grated carrots,26257,1.36,0.00,0.59,0.00,0.00,0.00,0.00,0.01,0.00,0.00,0.05,19.70,30.80,1.25,28.80,0.00,0,0,0.05,0.01,0.06,0.01,0.32,0.44,0.10,0.38,0.00,0.29,-0.01,0.02,0.05,0.04,Nutriscore_A
7216512c-04f9-5621-9b60-148d615409c0,12f0e6d6-1e6a-5609-80e7-3bb01c3c4d6a,Greek-style marinated mushrooms,25605,4.04,0.00,0.34,0.01,0.00,0.00,0.00,0.02,0.00,0.01,0.06,41.50,108.00,22.10,58.40,0.00,0,0,0.05,0.01,0.06,0.01,0.32,0.44,0.10,0.38,0.00,0.29,-0.01,0.02,0.05,0.04,Nutriscore_A
e3516001-55fb-5576-abda-02aad89d196e,b79a186c-9781-5cae-8cc9-8bcb13bfc65d,"Prepared pasta salad, vegetarian",25615,2.90,0.00,0.76,0.01,0.00,0.00,0.00,0.02,0.00,0.01,0.06,19.00,143.00,1.44,50.40,0.00,0.378454894,5.855335049,0.05,0.01,0.06,0.01,0.32,0.44,0.10,0.38,0.00,0.29,-0.01,0.02,0.05,0.04,Nutriscore_C
53e790e3-87b7-58c0-bbc2-c4ad249a59ee,b79a186c-9781-5cae-8cc9-8bcb13bfc65d,"Prepared pasta salad, with vegetable, meat or fish",25619,4.27,0.00,0.72,0.03,0.00,0.00,0.00,0.05,0.00,0.02,0.14,26.20,152.00,1.41,64.90,0.00,0.378454894,5.855335049,0.05,0.01,0.06,0.01,0.32,0.44,0.10,0.38,0.00,0.29,-0.01,0.02,0.05,0.04,Nutriscore_C
b0a0b6ea-952d-59b4-87a0-3290d0441bcf,e062c869-3a6d-5f64-8263-d464dd9389f3,"Potato salad, piémontaise-style, prepacked",25609,4.14,0.00,1.08,0.01,0.00,0.00,0.00,0.04,0.00,0.02,0.17,75.10,192.00,1.79,58.20,0.00,0,0,0.05,0.01,0.06,0.01,0.32,0.44,0.10,0.38,0.00,0.29,-0.01,0.02,0.05,0.04,Nutriscore_C
cf58e261-a707-57e0-9cb6-a82c640a0184,e062c869-3a6d-5f64-8263-d464dd9389f3,"Prepared potatoes salad, home-made",25606,5.70,0.00,1.38,0.01,0.00,0.00,0.00,0.06,0.00,0.02,0.26,107.00,235.00,1.71,68.80,0.00,0,0,0.05,0.01,0.06,0.01,0.32,0.44,0.10,0.38,0.00,0.29,-0.01,0.02,0.05,0.04,Nutriscore_C
53f9d225-9d0d-5b54-bb21-f6a678c7f03a,d9de24a0-56ed-55ec-91b3-92e8a1afccbe,Prepared rice salad,25614,2.55,0.00,0.75,0.01,0.00,0.00,0.00,0.02,0.00,0.01,0.06,30.20,82.90,4.34,44.30,0.00,0,0,0.05,0.01,0.06,0.01,0.32,0.44,0.10,0.38,0.00,0.29,-0.01,0.02,0.05,0.04,Nutriscore_C
619e9697-ab66-50b0-86bd-ddd7189f87a4,0c125688-fa09-5844-bf67-d58aedad47a3,"Soup, fish and/or crustacean, dehydrated and reconstituted",25919,8.94,0.00,1.79,0.15,0.00,0.00,0.00,0.20,0.00,0.05,0.56,63.30,53.20,1.85,151.00,0.00,37.21872825,32.00307427,0.41,0.02,0.15,0.01,0.05,0.21,0.22,0.68,0.00,0.84,-0.04,0.17,0.22,0.09,Nutriscore_C
6781335c-6c2d-5244-8642-961a1ad25964,0c125688-fa09-5844-bf67-d58aedad47a3,"Soup, fish and/or crustacean, prepacked, to be reheated",25904,9.00,0.00,0.75,0.15,0.00,0.00,0.00,0.20,0.00,0.05,0.56,63.80,56.40,1.84,131.00,0.00,37.21872825,32.00307427,0.41,0.02,0.15,0.01,0.05,0.21,0.22,0.68,0.00,0.84,-0.04,0.17,0.22,0.09,Nutriscore_C
eb2c2ded-bbf3-5a8d-bb4c-dfd05a65e4af,4361a5f6-511a-543f-85d2-aa31a9b7afe8,"Soup, cereals and vegetables, dehydrated and reconstituted",25934,0.54,0.00,1.60,0.00,0.00,0.00,0.00,0.00,0.00,0.00,0.01,4.26,14.80,0.37,38.90,0.00,0.009553828,0.011415699,0.41,0.02,0.15,0.01,0.05,0.21,0.22,0.68,0.00,0.84,-0.04,0.17,0.22,0.09,Nutriscore_B
9c39177a-2657-547f-bcc2-3ce18d5547fc,1bcd09d7-dbeb-55e3-a6fc-9aba6dc1d387,"Soup, lentils, prepacked, to be reheated",25900,0.45,0.00,0.54,0.00,0.00,0.00,0.00,0.00,0.00,0.00,0.01,16.50,38.90,0.17,16.70,0.00,0.585685079,11.62964058,0.41,0.02,0.15,0.01,0.05,0.21,0.22,0.68,0.00,0.84,-0.04,0.17,0.22,0.09,Nutriscore_A
49baf272-ac03-59e3-b1a1-0a65f49cc0dd,1bcd09d7-dbeb-55e3-a6fc-9aba6dc1d387,"Soup, split peas, prepacked, to be reheated",25965,0.45,0.00,0.54,0.00,0.00,0.00,0.00,0.00,0.00,0.00,0.01,16.50,38.90,0.17,16.70,0.00,0.585685079,11.62964058,0.41,0.02,0.15,0.01,0.05,0.21,0.22,0.68,0.00,0.84,-0.04,0.17,0.22,0.09,Nutriscore_A
53bebcfb-6f75-57cb-abd2-4ca243b0f3bf,019b6b4e-589c-5b2e-8361-af5099187c96,"Broth, stock or bouillon, beef, reconstituted with water at consumer",25930,0.11,0.00,0.08,0.00,0.00,0.00,0.00,0.00,0.00,0.00,0.00,0.73,1.75,0.05,2.32,0.00,8.310310721,3.883926504,0.41,0.02,0.15,0.01,0.05,0.21,0.22,0.68,0.00,0.84,-0.04,0.17,0.22,0.09,Nutriscore_B
6ba83ef2-2603-59f8-af0a-2bf1174f90a4,019b6b4e-589c-5b2e-8361-af5099187c96,"Broth, stock or bouillon, poultry, reconstituted with water at consumer",25947,0.10,0.00,0.08,0.00,0.00,0.00,0.00,0.00,0.00,0.00,0.00,0.88,1.15,0.08,2.26,0.00,8.310310721,3.883926504,0.41,0.02,0.15,0.01,0.05,0.21,0.22,0.68,0.00,0.84,-0.04,0.17,0.22,0.09,Nutriscore_B
bca415e8-c2a3-5980-b6f5-e658fb2066b5,94bb3d28-2e2e-58b9-b397-0e9210a94e6e,"Soup, chicken and vegetables, dehydrated and reconstituted",25928,0.14,0.00,0.08,0.00,0.00,0.00,0.00,0.00,0.00,0.00,0.00,1.76,2.91,0.18,2.97,0.00,15.45596222,6.94566393,0.41,0.02,0.15,0.01,0.05,0.21,0.22,0.68,0.00,0.84,-0.04,0.17,0.22,0.09,Nutriscore_B
b7388140-b6f5-5351-8c12-d0e18ccd183d,94bb3d28-2e2e-58b9-b397-0e9210a94e6e,"Soup, chicken and vegetables, prepacked, to be reheated",25901,0.14,0.00,0.08,0.00,0.00,0.00,0.00,0.00,0.00,0.00,0.00,1.76,2.91,0.18,2.97,0.00,15.45596222,6.94566393,0.41,0.02,0.15,0.01,0.05,0.21,0.22,0.68,0.00,0.84,-0.04,0.17,0.22,0.09,Nutriscore_C
a06f9bb8-2b58-56d6-91f3-bebdff174463,94bb3d28-2e2e-58b9-b397-0e9210a94e6e,"Soup, chicken and vermicelli, dehydrated and reconstituted",25950,0.86,0.00,1.63,0.00,0.00,0.00,0.00,0.01,0.00,0.00,0.05,16.00,37.20,0.64,41.50,0.00,15.45596222,6.94566393,0.41,0.02,0.15,0.01,0.05,0.21,0.22,0.68,0.00,0.84,-0.04,0.17,0.22,0.09,Nutriscore_C
6df15afc-dd7f-570c-94c1-f30657af4518,94bb3d28-2e2e-58b9-b397-0e9210a94e6e,"Soup, chicken and vermicelli, prepacked, to be reheated",25908,0.91,0.00,0.59,0.00,0.00,0.00,0.00,0.01,0.00,0.00,0.05,16.50,40.50,0.63,21.30,0.00,15.45596222,6.94566393,0.41,0.02,0.15,0.01,0.05,0.21,0.22,0.68,0.00,0.84,-0.04,0.17,0.22,0.09,Nutriscore_C
c1f99a7a-c808-5a86-afd4-9f37a9d6ab3c,94bb3d28-2e2e-58b9-b397-0e9210a94e6e,"Soup, chorba frik, w meat and frik",25915,4.37,0.00,0.89,0.01,0.00,0.00,0.00,0.08,0.00,0.02,0.34,22.50,407.00,0.90,34.50,0.00,15.45596222,6.94566393,0.41,0.02,0.15,0.01,0.05,0.21,0.22,0.68,0.00,0.84,-0.04,0.17,0.22,0.09,Nutriscore_C
b7964df9-bc35-5b27-b5ce-0087ccd6646f,1a9d90c4-df55-55a7-93e2-d75e7ca30097,"Soup, mushrooms, dehydrated and reconstituted",25936,3.63,0.00,1.78,0.01,0.00,0.00,0.00,0.02,0.00,0.01,0.09,40.90,71.70,16.60,68.60,0.00,0,0,0.41,0.02,0.15,0.01,0.05,0.21,0.22,0.68,0.00,0.84,-0.04,0.17,0.22,0.09,Nutriscore_A
363465be-5c99-5d1e-8433-2d7f69693a65,1a9d90c4-df55-55a7-93e2-d75e7ca30097,"Soup, mushrooms, prepacked, to be reheated",25912,3.69,0.00,0.74,0.01,0.00,0.00,0.00,0.02,0.00,0.01,0.09,41.40,74.90,16.60,48.50,0.00,0,0,0.41,0.02,0.15,0.01,0.05,0.21,0.22,0.68,0.00,0.84,-0.04,0.17,0.22,0.09,Nutriscore_A
63e2e444-6a1d-5840-9dab-13c8620dce95,4813813e-051d-5ece-8d0c-25ea1deb4a00,"Soup, Asian-style with noodles, dehydrated and reconstituted",25923,9.50,0.00,2.29,0.04,0.00,0.00,0.00,0.06,0.00,0.06,0.16,159.00,128.00,77.40,138.00,0.00,0,0,0.41,0.02,0.15,0.01,0.05,0.21,0.22,0.68,0.00,0.84,-0.04,0.17,0.22,0.09,Nutriscore_C
eac49f65-6b60-528b-9db7-f5a4f016218e,4813813e-051d-5ece-8d0c-25ea1deb4a00,"Soup, Asian-style with noodles, prepacked, to be reheated",25955,9.95,0.00,1.27,0.04,0.00,0.00,0.00,0.06,0.00,0.06,0.17,161.00,137.00,77.60,125.00,0.00,0,0,0.41,0.02,0.15,0.01,0.05,0.21,0.22,0.68,0.00,0.84,-0.04,0.17,0.22,0.09,Nutriscore_C
31044435-9b29-5772-ac09-e71bd48bafc8,521455fd-d191-5f0b-b980-c41297207664,"Soup, leek and potato, dehydrated and reconstituted",25925,0.39,0.00,1.58,0.00,0.00,0.00,0.00,0.00,0.00,0.00,0.01,3.54,8.01,0.16,36.50,0.00,0,0,0.41,0.02,0.15,0.01,0.05,0.21,0.22,0.68,0.00,0.84,-0.04,0.17,0.22,0.09,Nutriscore_B
20d935e5-f0eb-5c1f-b954-6ab2f120a29b,521455fd-d191-5f0b-b980-c41297207664,"Soup, leek and potato, prepacked, to be reheated",25907,0.44,0.00,0.54,0.00,0.00,0.00,0.00,0.00,0.00,0.00,0.01,4.03,11.20,0.15,16.40,0.00,0,0,0.41,0.02,0.15,0.01,0.05,0.21,0.22,0.68,0.00,0.84,-0.04,0.17,0.22,0.09,Nutriscore_B
403ba61d-aa68-56da-8a8e-354845927dd8,8b26fd33-7e22-52e6-a2a8-96172d649b42,"Broth, stock or bouillon, vegetables, reconstituted with water at consumer",25948,0.10,0.00,0.09,0.00,0.00,0.00,0.00,0.00,0.00,0.00,0.00,0.79,1.27,0.08,2.58,0.00,0,0,0.41,0.02,0.15,0.01,0.05,0.21,0.22,0.68,0.00,0.84,-0.04,0.17,0.22,0.09,Nutriscore_A
1d813930-6a3d-5a1f-bf41-374e4d033107,769a77de-e4c7-5dad-8f46-8063f5346e4e,"Soup, asparagus, dehydrated and reconstituted",25932,1.52,0.00,1.69,0.01,0.00,0.00,0.00,0.01,0.00,0.01,0.05,22.50,65.10,2.10,47.80,0.00,0.010313705,0.743619176,0.41,0.02,0.15,0.01,0.05,0.21,0.22,0.68,0.00,0.84,-0.04,0.17,0.22,0.09,Nutriscore_A
5cc1e1a8-770f-55d3-908e-8b14c7c6b71b,769a77de-e4c7-5dad-8f46-8063f5346e4e,"Soup, asparagus, prepacked, to be reheated",25968,1.57,0.00,0.65,0.01,0.00,0.00,0.00,0.01,0.00,0.01,0.05,23.00,68.30,2.10,27.70,0.00,0.010313705,0.743619176,0.41,0.02,0.15,0.01,0.05,0.21,0.22,0.68,0.00,0.84,-0.04,0.17,0.22,0.09,Nutriscore_A
14998408-88da-50e1-ab05-7f08cef028bc,769a77de-e4c7-5dad-8f46-8063f5346e4e,"Soup, carrots, prepacked, to be reheated",25913,0.46,0.00,0.55,0.00,0.00,0.00,0.00,0.00,0.00,0.00,0.01,7.87,14.00,0.23,16.60,0.00,0.010313705,0.743619176,0.41,0.02,0.15,0.01,0.05,0.21,0.22,0.68,0.00,0.84,-0.04,0.17,0.22,0.09,Nutriscore_A
166129a6-c406-5777-ad28-5abd8d249446,769a77de-e4c7-5dad-8f46-8063f5346e4e,"Soup, gazpacho, cold",25967,0.43,0.00,0.54,0.00,0.00,0.00,0.00,0.00,0.00,0.00,0.01,2.45,7.52,0.15,16.40,0.00,0.010313705,0.743619176,0.41,0.02,0.15,0.01,0.05,0.21,0.22,0.68,0.00,0.84,-0.04,0.17,0.22,0.09,Nutriscore_A
0c6c9dc8-848a-54d6-9927-e2ed44d41e25,769a77de-e4c7-5dad-8f46-8063f5346e4e,"Soup, green vegetables, dehydrated and reconstituted",25964,1.05,0.00,1.63,0.00,0.00,0.00,0.00,0.01,0.00,0.00,0.03,11.40,22.00,1.18,43.40,0.00,0.010313705,0.743619176,0.41,0.02,0.15,0.01,0.05,0.21,0.22,0.68,0.00,0.84,-0.04,0.17,0.22,0.09,Nutriscore_A
22811e38-80d3-57c8-8cde-68cf1e9db694,769a77de-e4c7-5dad-8f46-8063f5346e4e,"Soup, green vegetables, prepacked, to be reheated",25963,1.10,0.00,0.60,0.00,0.00,0.00,0.00,0.01,0.00,0.00,0.03,11.90,25.20,1.18,23.30,0.00,0.010313705,0.743619176,0.41,0.02,0.15,0.01,0.05,0.21,0.22,0.68,0.00,0.84,-0.04,0.17,0.22,0.09,Nutriscore_A
3f4d632f-0f36-56c2-b244-a7bbd2342fde,769a77de-e4c7-5dad-8f46-8063f5346e4e,"Soup, minestrone, dehydrated and reconstituted",25956,1.62,0.00,1.68,0.01,0.00,0.00,0.00,0.01,0.00,0.01,0.04,20.80,44.10,1.86,49.60,0.00,0.010313705,0.743619176,0.41,0.02,0.15,0.01,0.05,0.21,0.22,0.68,0.00,0.84,-0.04,0.17,0.22,0.09,Nutriscore_A
f4879ed4-4c2d-5250-865a-86a0e8a9df1d,769a77de-e4c7-5dad-8f46-8063f5346e4e,"Soup, minestrone, prepacked, to be reheated",25916,1.67,0.00,0.64,0.01,0.00,0.00,0.00,0.01,0.00,0.01,0.04,21.30,47.30,1.85,29.50,0.00,0.010313705,0.743619176,0.41,0.02,0.15,0.01,0.05,0.21,0.22,0.68,0.00,0.84,-0.04,0.17,0.22,0.09,Nutriscore_A
1b822ee1-0afb-5b69-af1f-7409ec2fa08b,769a77de-e4c7-5dad-8f46-8063f5346e4e,"Soup, mixed vegetables, dehydrated and reconstituted",25905,0.45,0.00,1.59,0.00,0.00,0.00,0.00,0.00,0.00,0.00,0.01,5.81,13.20,0.31,37.30,0.00,0.010313705,0.743619176,0.41,0.02,0.15,0.01,0.05,0.21,0.22,0.68,0.00,0.84,-0.04,0.17,0.22,0.09,Nutriscore_A
d72d5e3d-e1e9-592c-807a-fd1e9d2dd141,769a77de-e4c7-5dad-8f46-8063f5346e4e,"Soup, mixed vegetables, prepacked, to be reheated",25903,0.50,0.00,0.55,0.00,0.00,0.00,0.00,0.00,0.00,0.00,0.01,6.30,16.40,0.31,17.20,0.00,0.010313705,0.743619176,0.41,0.02,0.15,0.01,0.05,0.21,0.22,0.68,0.00,0.84,-0.04,0.17,0.22,0.09,Nutriscore_A
0207527d-09c5-5d60-9e1a-bb63933946cc,769a77de-e4c7-5dad-8f46-8063f5346e4e,"Soup, Moroccan, dehydrated and reconstituted",25924,4.02,0.00,1.67,0.01,0.00,0.00,0.00,0.08,0.00,0.02,0.34,21.40,403.00,0.85,45.40,0.00,0.010313705,0.743619176,0.41,0.02,0.15,0.01,0.05,0.21,0.22,0.68,0.00,0.84,-0.04,0.17,0.22,0.09,Nutriscore_A
2e4d25f3-8550-516b-a5e1-2cf44353f78c,769a77de-e4c7-5dad-8f46-8063f5346e4e,"Soup, onions, dehydrated and reconstituted",25942,2.27,0.00,1.73,0.01,0.00,0.00,0.00,0.02,0.00,0.01,0.07,28.10,65.70,2.33,52.80,0.00,0.010313705,0.743619176,0.41,0.02,0.15,0.01,0.05,0.21,0.22,0.68,0.00,0.84,-0.04,0.17,0.22,0.09,Nutriscore_A
9f175038-7464-51f0-8397-9f7653c67afe,769a77de-e4c7-5dad-8f46-8063f5346e4e,"Soup, onions, prepacked, to be reheated",25910,2.32,0.00,0.69,0.01,0.00,0.00,0.00,0.02,0.00,0.01,0.07,28.60,68.90,2.32,32.60,0.00,0.010313705,0.743619176,0.41,0.02,0.15,0.01,0.05,0.21,0.22,0.68,0.00,0.84,-0.04,0.17,0.22,0.09,Nutriscore_A
d109dbf8-6353-5eaf-be77-b176ef93603e,769a77de-e4c7-5dad-8f46-8063f5346e4e,"Soup, pistou (basil, garlic and olive oil), dehydrated and reconstituted",25917,0.47,0.00,1.59,0.00,0.00,0.00,0.00,0.00,0.00,0.00,0.02,7.93,34.10,1.18,37.90,0.00,0.010313705,0.743619176,0.41,0.02,0.15,0.01,0.05,0.21,0.22,0.68,0.00,0.84,-0.04,0.17,0.22,0.09,Nutriscore_A
2a4785d5-3a5c-5360-9a03-ab0536f0717a,769a77de-e4c7-5dad-8f46-8063f5346e4e,"Soup, pistou (basil, garlic and olive oil), prepacked, to be reheated",25953,0.53,0.00,0.55,0.00,0.00,0.00,0.00,0.00,0.00,0.00,0.02,8.43,37.30,1.17,17.80,0.00,0.010313705,0.743619176,0.41,0.02,0.15,0.01,0.05,0.21,0.22,0.68,0.00,0.84,-0.04,0.17,0.22,0.09,Nutriscore_A
253d4d21-748d-5205-a908-1320c71c0d92,769a77de-e4c7-5dad-8f46-8063f5346e4e,"Soup, pumpkin, dehydrated and reconstituted",25954,0.72,0.00,1.66,0.00,0.00,0.00,0.00,0.01,0.00,0.00,0.02,6.56,22.90,0.36,39.60,0.00,0.010313705,0.743619176,0.41,0.02,0.15,0.01,0.05,0.21,0.22,0.68,0.00,0.84,-0.04,0.17,0.22,0.09,Nutriscore_A
22b3b655-137f-5415-9d9c-ce49673007a7,769a77de-e4c7-5dad-8f46-8063f5346e4e,"Soup, pumpkin, prepacked, to be reheated",25945,0.77,0.00,0.62,0.00,0.00,0.00,0.00,0.01,0.00,0.00,0.02,7.05,26.20,0.35,19.50,0.00,0.010313705,0.743619176,0.41,0.02,0.15,0.01,0.05,0.21,0.22,0.68,0.00,0.84,-0.04,0.17,0.22,0.09,Nutriscore_A
53377596-147d-5d60-82dd-4854e34b098f,769a77de-e4c7-5dad-8f46-8063f5346e4e,"Soup, tomato and vermicelli, dehydrated and reconstituted",25949,0.54,0.00,1.60,0.00,0.00,0.00,0.00,0.00,0.00,0.00,0.01,4.26,14.80,0.37,38.90,0.00,0.010313705,0.743619176,0.41,0.02,0.15,0.01,0.05,0.21,0.22,0.68,0.00,0.84,-0.04,0.17,0.22,0.09,Nutriscore_A
34528724-af8a-5c1d-b5b9-5e626fd4eb38,769a77de-e4c7-5dad-8f46-8063f5346e4e,"Soup, tomatoes and vermicelli, prepacked, to be reheated",25933,0.60,0.00,0.56,0.00,0.00,0.00,0.00,0.00,0.00,0.00,0.01,4.76,18.00,0.36,18.70,0.00,0.010313705,0.743619176,0.41,0.02,0.15,0.01,0.05,0.21,0.22,0.68,0.00,0.84,-0.04,0.17,0.22,0.09,Nutriscore_A
55f9f11f-d289-50a5-af26-149d22c3626f,769a77de-e4c7-5dad-8f46-8063f5346e4e,"Soup, tomatoes, dehydrated and reconstituted",25935,0.38,0.00,1.58,0.00,0.00,0.00,0.00,0.00,0.00,0.00,0.01,1.96,4.32,0.16,36.60,0.00,0.010313705,0.743619176,0.41,0.02,0.15,0.01,0.05,0.21,0.22,0.68,0.00,0.84,-0.04,0.17,0.22,0.09,Nutriscore_A
0872127d-2f41-58df-ab20-17870050d295,769a77de-e4c7-5dad-8f46-8063f5346e4e,"Soup, tomatoes, prepacked, to be reheated",25914,0.43,0.00,0.54,0.00,0.00,0.00,0.00,0.00,0.00,0.00,0.01,2.45,7.52,0.15,16.40,0.00,0.010313705,0.743619176,0.41,0.02,0.15,0.01,0.05,0.21,0.22,0.68,0.00,0.84,-0.04,0.17,0.22,0.09,Nutriscore_A
22426c44-3766-5f45-a85f-207e959855c7,769a77de-e4c7-5dad-8f46-8063f5346e4e,"Soup, vegetables with cheese, prepacked, to be reheated",25962,1.24,0.00,0.60,0.00,0.00,0.00,0.00,0.01,0.00,0.00,0.05,15.10,52.70,0.36,19.70,0.00,0.010313705,0.743619176,0.41,0.02,0.15,0.01,0.05,0.21,0.22,0.68,0.00,0.84,-0.04,0.17,0.22,0.09,Nutriscore_A
6443f905-c55e-5d9c-aee6-39d343ba3974,769a77de-e4c7-5dad-8f46-8063f5346e4e,"Soup, watercress, dehydrated and reconstituted",25957,0.52,0.00,1.61,0.00,0.00,0.00,0.00,0.00,0.00,0.00,0.01,4.52,13.30,0.22,37.70,0.00,0.010313705,0.743619176,0.41,0.02,0.15,0.01,0.05,0.21,0.22,0.68,0.00,0.84,-0.04,0.17,0.22,0.09,Nutriscore_A
e78ecb59-127d-53e8-9e9c-8ad3d7ee732c,769a77de-e4c7-5dad-8f46-8063f5346e4e,"Soup, watercress, prepacked, to be reheated",25958,0.57,0.00,0.58,0.00,0.00,0.00,0.00,0.00,0.00,0.00,0.01,5.01,16.50,0.21,17.60,0.00,0.010313705,0.743619176,0.41,0.02,0.15,0.01,0.05,0.21,0.22,0.68,0.00,0.84,-0.04,0.17,0.22,0.09,Nutriscore_A
00a101e0-d5a4-540a-aa4c-cbc0869d617a,4b2cefe0-465f-5910-96ee-6e0eaf10a967,Couscous royal (with different meats),25127,3.85,0.00,0.82,0.01,0.00,0.00,0.00,0.07,0.00,0.02,0.29,53.30,252.00,1.35,40.80,0.00,16.42095734,7.910321091,0.12,0.30,2.99,0.02,0.34,0.71,1.83,1.83,0.01,2.02,-0.08,1.73,2.00,0.06,Nutriscore_C
febd2fa8-618b-52be-8f4b-2d8632d3a4b2,4b2cefe0-465f-5910-96ee-6e0eaf10a967,Couscous w chicken,25138,2.58,0.00,0.81,0.01,0.00,0.00,0.00,0.05,0.00,0.01,0.21,56.80,135.00,1.32,40.70,0.00,16.42095734,7.910321091,0.12,0.30,2.99,0.02,0.34,0.71,1.83,1.83,0.01,2.02,-0.08,1.73,2.00,0.06,Nutriscore_B
3dab4a6f-7de8-5601-b560-3f6be23d8ff6,4b2cefe0-465f-5910-96ee-6e0eaf10a967,Couscous w meat,25152,3.85,0.00,0.82,0.01,0.00,0.00,0.00,0.07,0.00,0.02,0.29,53.30,252.00,1.35,40.80,0.00,16.42095734,7.910321091,0.12,0.30,2.99,0.02,0.34,0.71,1.83,1.83,0.01,2.02,-0.08,1.73,2.00,0.06,Nutriscore_B
eef17ff6-bb20-5c22-a22f-9907bfcecd10,4b2cefe0-465f-5910-96ee-6e0eaf10a967,Couscous w mutton,25029,14.40,0.00,1.01,0.03,0.00,0.00,0.00,0.28,0.00,0.06,1.25,75.40,1470.00,2.82,54.20,0.00,16.42095734,7.910321091,0.12,0.30,2.99,0.02,0.34,0.71,1.83,1.83,0.01,2.02,-0.08,1.73,2.00,0.06,Nutriscore_C
3064067b-b9a8-557a-baa1-750f2f5d170b,4b2cefe0-465f-5910-96ee-6e0eaf10a967,"Couscous with meat or chicken, light",25043,2.78,0.00,0.82,0.01,0.00,0.00,0.00,0.06,0.00,0.01,0.24,63.60,148.00,1.40,42.30,0.00,16.42095734,7.910321091,0.12,0.30,2.99,0.02,0.34,0.71,1.83,1.83,0.01,2.02,-0.08,1.73,2.00,0.06,Nutriscore_B
fb6be30e-0998-5318-85c2-91e4dfa5c1b0,3552ec3c-655b-5dc9-8d8b-b1af76c65381,Cantonese rice,25088,3.10,0.00,0.99,0.01,0.00,0.00,0.00,0.03,0.00,0.02,0.12,59.20,136.00,4.67,45.90,0.00,0,0,0.12,0.30,2.99,0.02,0.34,0.71,1.83,1.83,0.01,2.02,-0.08,1.73,2.00,0.06,Nutriscore_C
9fd54d20-0941-574b-aa29-5060abe121d9,3552ec3c-655b-5dc9-8d8b-b1af76c65381,Couscous with vegetables,25150,1.72,0.00,0.79,0.01,0.00,0.00,0.00,0.01,0.00,0.01,0.03,12.20,49.40,0.93,37.40,0.00,0,0,0.12,0.30,2.99,0.02,0.34,0.71,1.83,1.83,0.01,2.02,-0.08,1.73,2.00,0.06,Nutriscore_B
7fee5186-5b86-5b66-af26-a5c6537d38f1,3552ec3c-655b-5dc9-8d8b-b1af76c65381,"Risotto, w cheeses",25189,3.27,0.00,0.90,0.01,0.00,0.00,0.00,0.02,0.00,0.01,0.07,35.20,78.90,3.63,50.40,0.00,0,0,0.12,0.30,2.99,0.02,0.34,0.71,1.83,1.83,0.01,2.02,-0.08,1.73,2.00,0.06,Nutriscore_C
cbca7bd7-20f6-5b6f-92ad-f8cc408ec916,3552ec3c-655b-5dc9-8d8b-b1af76c65381,"Risotto, w vegetables",25187,3.27,0.00,0.90,0.01,0.00,0.00,0.00,0.02,0.00,0.01,0.07,35.20,78.90,3.63,50.40,0.00,0,0,0.12,0.30,2.99,0.02,0.34,0.71,1.83,1.83,0.01,2.02,-0.08,1.73,2.00,0.06,Nutriscore_C
7d6a7705-e886-5521-a338-21a0a5ed3710,3552ec3c-655b-5dc9-8d8b-b1af76c65381,"White rice, cooked, with chicken",25184,2.91,0.00,1.00,0.01,0.00,0.00,0.00,0.03,0.00,0.01,0.11,53.70,108.00,3.09,44.90,0.00,0,0,0.12,0.30,2.99,0.02,0.34,0.71,1.83,1.83,0.01,2.02,-0.08,1.73,2.00,0.06,Nutriscore_B
f2e65d2a-3efd-554b-868f-94489137597e,20dcba63-ae14-557c-be85-46b59a0537a1,"White rice, cooked, with vegetables and meat",25185,2.66,0.00,0.95,0.01,0.00,0.00,0.00,0.02,0.00,0.01,0.09,47.00,101.00,2.65,43.10,0.00,21.02260111,9.925672044,0.12,0.30,2.99,0.02,0.34,0.71,1.83,1.83,0.01,2.02,-0.08,1.73,2.00,0.06,Nutriscore_B
38cbe132-a655-5088-9e1f-6067b10afec4,243192d4-0a0f-5a0e-b18b-7c864c22f29f,"Diced mixed vegetables, canned, drained",20051,1.13,0.00,0.25,0.00,0.00,0.00,0.00,0.01,0.00,0.00,0.02,14.80,35.60,0.64,18.30,0.00,0,0,0.05,0.01,0.06,0.01,0.32,0.44,0.10,0.38,0.00,0.29,-0.01,0.02,0.05,0.04,Nutriscore_A
573dad8d-3228-59a2-8305-64f6dd6bb55d,243192d4-0a0f-5a0e-b18b-7c864c22f29f,"Garden peas and carrots, canned, drained",20093,1.19,0.00,0.32,0.00,0.00,0.00,0.00,0.01,0.00,0.00,0.02,17.70,38.00,0.62,20.20,0.00,0,0,0.05,0.01,0.06,0.01,0.32,0.44,0.10,0.38,0.00,0.29,-0.01,0.02,0.05,0.04,Nutriscore_A
3bf62241-d9cb-59b7-9a27-fa94493854eb,243192d4-0a0f-5a0e-b18b-7c864c22f29f,"Garden peas and carrots, frozen, cooked",20215,0.91,0.00,1.06,0.00,0.00,0.00,0.00,0.01,0.00,0.00,0.02,18.20,42.80,0.68,31.80,0.00,0,0,0.05,0.01,0.06,0.01,0.32,0.44,0.10,0.38,0.00,0.29,-0.01,0.02,0.05,0.04,Nutriscore_A
e1043b53-dbc4-5558-ac15-35df5bb89d7b,243192d4-0a0f-5a0e-b18b-7c864c22f29f,"Garden peas and carrots, frozen, raw",20214,0.84,0.00,0.98,0.00,0.00,0.00,0.00,0.01,0.00,0.00,0.02,17.70,48.50,0.69,29.20,0.00,0,0,0.05,0.01,0.06,0.01,0.32,0.44,0.10,0.38,0.00,0.29,-0.01,0.02,0.05,0.04,Nutriscore_A
a5bf3d14-eee2-56c6-8a6c-7ed44ceb0409,243192d4-0a0f-5a0e-b18b-7c864c22f29f,"Haricot beans with tomato sauce, canned",20194,0.74,0.00,0.30,0.00,0.00,0.00,0.00,0.00,0.00,0.00,0.02,10.20,51.80,1.00,15.00,0.00,0,0,0.05,0.01,0.06,0.01,0.32,0.44,0.10,0.38,0.00,0.29,-0.01,0.02,0.05,0.04,Nutriscore_A
36f901b4-37a3-50f5-98b9-faeb4a11596c,243192d4-0a0f-5a0e-b18b-7c864c22f29f,"Mixed diced vegetables, frozen",20271,0.75,0.00,0.67,0.00,0.00,0.00,0.00,0.01,0.00,0.00,0.02,17.30,46.40,0.68,22.00,0.00,0,0,0.05,0.01,0.06,0.01,0.32,0.44,0.10,0.38,0.00,0.29,-0.01,0.02,0.05,0.04,Nutriscore_A
7154911c-2930-5bec-9ce3-f694de528489,243192d4-0a0f-5a0e-b18b-7c864c22f29f,"Mixed vegetables for couscous, cooked",20497,1.05,0.00,0.77,0.00,0.00,0.00,0.00,0.00,0.00,0.00,0.02,16.30,26.80,0.58,28.80,0.00,0,0,0.05,0.01,0.06,0.01,0.32,0.44,0.10,0.38,0.00,0.29,-0.01,0.02,0.05,0.04,Nutriscore_A
5f062d26-af5e-5028-9d17-66e734e14188,243192d4-0a0f-5a0e-b18b-7c864c22f29f,"Mixed vegetables for couscous, frozen, raw",20496,0.70,0.00,0.66,0.00,0.00,0.00,0.00,0.00,0.00,0.00,0.01,14.80,20.50,0.47,21.50,0.00,0,0,0.05,0.01,0.06,0.01,0.32,0.44,0.10,0.38,0.00,0.29,-0.01,0.02,0.05,0.04,Nutriscore_A
b11bc850-1754-5778-b2c2-4ba5a1da1647,243192d4-0a0f-5a0e-b18b-7c864c22f29f,"Mixed vegetables for ratatouille, frozen",20266,0.71,0.00,0.73,0.00,0.00,0.00,0.00,0.00,0.00,0.00,0.01,14.90,20.60,0.47,23.10,0.00,0,0,0.05,0.01,0.06,0.01,0.32,0.44,0.10,0.38,0.00,0.29,-0.01,0.02,0.05,0.04,Nutriscore_A
bb23e5a7-f37d-5a6a-8308-1fe5ef04c7e9,243192d4-0a0f-5a0e-b18b-7c864c22f29f,"Mixed vegetables for soups, frozen, raw",20263,1.49,0.00,0.62,0.00,0.00,0.00,0.00,0.01,0.00,0.01,0.03,23.00,59.60,8.63,29.50,0.00,0,0,0.05,0.01,0.06,0.01,0.32,0.44,0.10,0.38,0.00,0.29,-0.01,0.02,0.05,0.04,Nutriscore_A
d00d2c3e-392a-5b6c-8834-322387317295,243192d4-0a0f-5a0e-b18b-7c864c22f29f,"Mixed vegetables, frozen, raw",20101,1.49,0.00,0.62,0.00,0.00,0.00,0.00,0.01,0.00,0.01,0.03,23.00,59.60,8.63,29.50,0.00,0,0,0.05,0.01,0.06,0.01,0.32,0.44,0.10,0.38,0.00,0.29,-0.01,0.02,0.05,0.04,Nutriscore_A
eec8cad0-96a1-5019-bcd4-53be26151084,243192d4-0a0f-5a0e-b18b-7c864c22f29f,Spinach w cream sauce,25026,2.38,0.00,0.82,0.01,0.00,0.00,0.00,0.02,0.00,0.01,0.09,30.80,62.80,0.57,32.90,0.00,0,0,0.05,0.01,0.06,0.01,0.32,0.44,0.10,0.38,0.00,0.29,-0.01,0.02,0.05,0.04,Nutriscore_B
a45428cf-b553-56a2-82f5-fb31d35cbb4a,243192d4-0a0f-5a0e-b18b-7c864c22f29f,"Spring vegetables, frozen, raw (French beans, carrots, potatoes, green peas, onions)",20267,1.49,0.00,0.62,0.00,0.00,0.00,0.00,0.01,0.00,0.01,0.03,23.00,59.60,8.63,29.50,0.00,0,0,0.05,0.01,0.06,0.01,0.32,0.44,0.10,0.38,0.00,0.29,-0.01,0.02,0.05,0.04,Nutriscore_A
b900af54-d70c-5559-8098-1585bcd21815,243192d4-0a0f-5a0e-b18b-7c864c22f29f,"Thinly-shredded or diced vegetables, frozen, raw",20265,0.69,0.00,0.62,0.00,0.00,0.00,0.00,0.00,0.00,0.00,0.01,17.10,14.20,0.57,20.60,0.00,0,0,0.05,0.01,0.06,0.01,0.32,0.44,0.10,0.38,0.00,0.29,-0.01,0.02,0.05,0.04,Nutriscore_A
5a574f9e-c386-5360-8aa7-a5c775fbf706,80e555fc-5278-5072-aa7c-64eabb36d5a1,Vegetable flan,8297,2.12,0.00,0.83,0.01,0.00,0.00,0.00,0.02,0.00,0.01,0.09,28.20,117.00,2.01,34.90,0.00,0,0,0.05,0.01,0.06,0.01,0.32,0.44,0.10,0.38,0.00,0.29,-0.01,0.02,0.05,0.04,Nutriscore_D
c2639b36-a78f-555c-adcf-5f6cbcd20ee8,80e555fc-5278-5072-aa7c-64eabb36d5a1,Vegetable fritters,25556,1.57,0.00,0.76,0.01,0.00,0.00,0.00,0.02,0.00,0.01,0.07,24.70,145.00,3.96,33.50,0.00,0,0,0.05,0.01,0.06,0.01,0.32,0.44,0.10,0.38,0.00,0.29,-0.01,0.02,0.05,0.04,Nutriscore_A
653f7461-c176-5e1c-995a-6441e5cf974c,80e555fc-5278-5072-aa7c-64eabb36d5a1,"Vegetable rosti, pre-fried, frozen",25199,1.15,0.00,1.08,0.00,0.00,0.00,0.00,0.01,0.00,0.01,0.04,21.30,59.90,1.50,34.30,0.00,0,0,0.05,0.01,0.06,0.01,0.32,0.44,0.10,0.38,0.00,0.29,-0.01,0.02,0.05,0.04,Nutriscore_A
dd7b7c3d-59db-5797-a7cd-9f8e7c838aaf,80e555fc-5278-5072-aa7c-64eabb36d5a1,"Vegetable rosti, pre-fried, frozen, cooked",25208,1.15,0.00,1.08,0.00,0.00,0.00,0.00,0.01,0.00,0.01,0.04,21.30,59.90,1.50,34.30,0.00,0,0,0.05,0.01,0.06,0.01,0.32,0.44,0.10,0.38,0.00,0.29,-0.01,0.02,0.05,0.04,Nutriscore_A
ff3f9aae-2a33-56e5-a027-bf7ab47be90c,80e555fc-5278-5072-aa7c-64eabb36d5a1,"Vegetables pan-fried or stir-fried, Asian-style, frozen, raw",20273,0.93,0.00,1.20,0.00,0.00,0.00,0.00,0.00,0.00,0.00,0.02,7.55,17.10,0.64,35.40,0.00,0,0,0.05,0.01,0.06,0.01,0.32,0.44,0.10,0.38,0.00,0.29,-0.01,0.02,0.05,0.04,Nutriscore_A
36859e32-0c46-5a7b-b02e-76f163a2e55e,80e555fc-5278-5072-aa7c-64eabb36d5a1,"Vegetables pan-fried with mushrooms (country-style), frozen",20498,0.93,0.00,1.20,0.00,0.00,0.00,0.00,0.00,0.00,0.00,0.02,7.55,17.10,0.64,35.40,0.00,0,0,0.05,0.01,0.06,0.01,0.32,0.44,0.10,0.38,0.00,0.29,-0.01,0.02,0.05,0.04,Nutriscore_A
5e2935ea-fe59-50f6-a287-ed87b72a2f34,80e555fc-5278-5072-aa7c-64eabb36d5a1,"Vegetables pan-fried without mushrooms, frozen, raw",20262,0.93,0.00,1.20,0.00,0.00,0.00,0.00,0.00,0.00,0.00,0.02,7.55,17.10,0.64,35.40,0.00,0,0,0.05,0.01,0.06,0.01,0.32,0.44,0.10,0.38,0.00,0.29,-0.01,0.02,0.05,0.04,Nutriscore_A
e02b425a-8ee0-5f33-99cb-fd9ac469217e,65054957-5e46-54b4-8bd7-5b13233bfa32,Eggplant au gratin (oven grilled),25052,1.94,0.00,0.78,0.00,0.00,0.00,0.00,0.02,0.00,0.01,0.06,16.70,59.60,0.69,32.70,0.00,0,0,0.05,0.01,0.06,0.01,0.32,0.44,0.10,0.38,0.00,0.29,-0.01,0.02,0.05,0.04,Nutriscore_A
238ec3f0-cc14-5be2-bee3-16ccb822c870,65054957-5e46-54b4-8bd7-5b13233bfa32,"Riste (Eggplant, tomatoes, onions)",25196,1.27,0.00,0.79,0.01,0.00,0.00,0.00,0.01,0.00,0.01,0.05,17.30,119.00,4.22,34.30,0.00,0,0,0.05,0.01,0.06,0.01,0.32,0.44,0.10,0.38,0.00,0.29,-0.01,0.02,0.05,0.04,Nutriscore_C
137b75af-7938-55f9-a48e-be569f1d25a2,a701ae11-8fe8-50d7-915f-973d07cd3764,"Grilled vegetables pan-fried, Mediterranean-style, frozen, raw",20274,0.93,0.00,1.20,0.00,0.00,0.00,0.00,0.00,0.00,0.00,0.02,7.55,17.10,0.64,35.40,0.00,0,0,0.05,0.01,0.06,0.01,0.32,0.44,0.10,0.38,0.00,0.29,-0.01,0.02,0.05,0.04,Nutriscore_A
8952cbc0-433b-5760-b738-766eff586215,a701ae11-8fe8-50d7-915f-973d07cd3764,"Piperade, Basque-style (fondue of sweet peppers and tomatoes flavoured with onions and garlics)",20240,1.71,0.00,0.86,0.01,0.00,0.00,0.00,0.01,0.00,0.01,0.03,11.00,33.00,0.74,35.80,0.00,0,0,0.05,0.01,0.06,0.01,0.32,0.44,0.10,0.38,0.00,0.29,-0.01,0.02,0.05,0.04,Nutriscore_A
dee09d83-bd0a-59db-a249-93608507d137,a701ae11-8fe8-50d7-915f-973d07cd3764,Provencal-style tomato (breaded tomatoes stuffed with garlic and parsley),25524,1.40,0.00,0.77,0.00,0.00,0.00,0.00,0.01,0.00,0.00,0.02,9.61,27.20,1.45,34.40,0.00,0,0,0.05,0.01,0.06,0.01,0.32,0.44,0.10,0.38,0.00,0.29,-0.01,0.02,0.05,0.04,Nutriscore_A
547f523b-a69b-5cf7-bbbb-068b375495c3,a701ae11-8fe8-50d7-915f-973d07cd3764,Ratatouille cooked,25018,1.27,0.00,0.79,0.01,0.00,0.00,0.00,0.01,0.00,0.01,0.05,17.30,119.00,4.22,34.30,0.00,0,0,0.05,0.01,0.06,0.01,0.32,0.44,0.10,0.38,0.00,0.29,-0.01,0.02,0.05,0.04,Nutriscore_A
1f85ead2-118e-5610-8f0d-3e1183d3a50d,762d7b51-b61d-574c-a531-5b3bc8fd23df,Vegetable terrine or mousse,8296,1.55,0.00,0.80,0.00,0.00,0.00,0.00,0.01,0.00,0.01,0.04,20.70,44.60,0.84,32.80,0.00,2.608562697,2.109112852,0.05,0.01,0.06,0.01,0.32,0.44,0.10,0.38,0.00,0.29,-0.01,0.02,0.05,0.04,Nutriscore_C
2f53926e-5f9d-5c72-8372-d9ad4dcb9961,407f8903-f771-5524-918a-94845e115f7a,Cauliflower au gratin (oven grilled),25101,1.91,0.00,0.76,0.00,0.00,0.00,0.00,0.02,0.00,0.01,0.06,16.60,68.80,0.35,31.60,0.00,0.006822312,1.361345525,0.05,0.01,0.06,0.01,0.32,0.44,0.10,0.38,0.00,0.29,-0.01,0.02,0.05,0.04,Nutriscore_C
e386b4fb-5c7e-52f6-a1b7-6abc7949f46f,407f8903-f771-5524-918a-94845e115f7a,Chicory w ham,25073,3.89,0.00,1.44,0.01,0.00,0.00,0.00,0.04,0.00,0.01,0.18,78.90,179.00,1.00,53.70,0.00,0.006822312,1.361345525,0.05,0.01,0.06,0.01,0.32,0.44,0.10,0.38,0.00,0.29,-0.01,0.02,0.05,0.04,Nutriscore_B
a0d8bb72-b647-5a9f-bc84-7277e1925f95,407f8903-f771-5524-918a-94845e115f7a,Vegetables au gratin (oven grilled),25162,1.94,0.00,0.78,0.00,0.00,0.00,0.00,0.02,0.00,0.01,0.06,16.70,59.60,0.69,32.70,0.00,0.009141843,1.824192018,0.05,0.01,0.06,0.01,0.32,0.44,0.10,0.38,0.00,0.29,-0.01,0.02,0.05,0.04,Nutriscore_B
badd9fa4-c1f8-5c2b-af38-d9ad26dbfdcd,407f8903-f771-5524-918a-94845e115f7a,Vegetables au gratin (oven grilled) in bechamel sauce,25588,1.91,0.00,0.76,0.00,0.00,0.00,0.00,0.02,0.00,0.01,0.06,16.60,68.80,0.35,31.60,0.00,0.009141843,1.824192018,0.05,0.01,0.06,0.01,0.32,0.44,0.10,0.38,0.00,0.29,-0.01,0.02,0.05,0.04,Nutriscore_B
07c375dc-b0cd-5602-a13b-e81c179c591e,0e45edab-41d2-5ab7-9d9f-abab312a75ad,"Water, bottled",18430,0.32,0.00,0.12,0.00,0.00,0.00,0.00,0.00,0.00,0.00,0.00,1.42,1.61,0.10,6.96,0.00,0,0,0.00,0.00,0.02,0.00,0.02,0.05,0.01,0.12,0.00,0.07,-0.01,0.00,0.01,0.00,Nutriscore_A
f0ffac58-0b22-581c-b458-7c7675a94ca0,c3c96b91-866e-51b8-bf0c-b9c82a420494,Tap water,18066,0.00,0.00,0.00,0.00,0.00,0.00,0.00,0.00,0.00,0.00,0.00,0.00,0.00,0.01,0.01,0.00,0,0,0.00,0.00,0.02,0.00,0.02,0.05,0.01,0.12,0.00,0.07,-0.01,0.00,0.01,0.00,Nutriscore_A
b5da5105-4f07-51a4-aa28-0a4f1a1a3a6c,d99cdb8b-676b-551b-8416-15f3aefc4753,"Duck egg, raw",22060,1.88,0.00,0.23,0.01,0.00,0.00,0.00,0.03,0.00,0.01,0.12,61.40,163.00,0.78,16.60,0.00,9.770676435,0.980481252,0.01,0.02,0.24,0.03,0.15,0.40,0.14,1.30,0.01,0.58,-0.05,0.05,0.04,0.87,Nutriscore_B
dd78ee8d-2756-5575-b4e4-07cab267516f,1c71843f-c222-54b5-ae18-c49ea033b468,"Egg white, cooked",22008,2.60,0.00,0.63,0.01,0.00,0.00,0.00,0.03,0.00,0.02,0.15,72.70,184.00,1.01,32.20,0.00,6.728661198,0.377038496,0.01,0.02,0.24,0.03,0.15,0.40,0.14,1.30,0.01,0.58,-0.05,0.05,0.04,0.87,Nutriscore_A
26a702b5-09dd-580d-9ebe-8bfe7bc95a13,1c71843f-c222-54b5-ae18-c49ea033b468,"Egg white, raw",22001,2.07,0.00,0.25,0.01,0.00,0.00,0.00,0.03,0.00,0.01,0.14,68.60,180.00,0.86,18.00,0.00,6.728661198,0.377038496,0.01,0.02,0.24,0.03,0.15,0.40,0.14,1.30,0.01,0.58,-0.05,0.05,0.04,0.87,Nutriscore_A
ee419f56-7f6c-5c5c-aa37-f649a3dd7685,81e7e227-8091-5477-892d-2d917dabe142,"Egg yolk, cooked",22009,2.60,0.00,0.63,0.01,0.00,0.00,0.00,0.03,0.00,0.02,0.15,72.70,184.00,1.01,32.20,0.00,9.618027477,0.538943262,0.01,0.02,0.24,0.03,0.15,0.40,0.14,1.30,0.01,0.58,-0.05,0.05,0.04,0.87,Nutriscore_D
4041e47e-553f-5071-a31e-a3835563b1a5,81e7e227-8091-5477-892d-2d917dabe142,"Egg yolk, raw",22002,2.07,0.00,0.25,0.01,0.00,0.00,0.00,0.03,0.00,0.01,0.14,68.60,180.00,0.86,18.00,0.00,9.618027477,0.538943262,0.01,0.02,0.24,0.03,0.15,0.40,0.14,1.30,0.01,0.58,-0.05,0.05,0.04,0.87,Nutriscore_D
8c2f1596-962d-5089-9291-7ee6d7881f66,d6341603-d8a0-54f4-b8ba-c1b483b81f8d,"Goose egg, raw",22070,1.88,0.00,0.23,0.01,0.00,0.00,0.00,0.03,0.00,0.01,0.12,61.40,163.00,0.78,16.60,0.00,9.770676435,0.980481252,0.01,0.02,0.24,0.03,0.15,0.40,0.14,1.30,0.01,0.58,-0.05,0.05,0.04,0.87,Nutriscore_B
51060fb4-3afc-55b9-a899-efed2d4dc345,d6341603-d8a0-54f4-b8ba-c1b483b81f8d,"Turkey egg, raw",22080,1.88,0.00,0.23,0.01,0.00,0.00,0.00,0.03,0.00,0.01,0.12,61.40,163.00,0.78,16.60,0.00,9.770676435,0.980481252,0.01,0.02,0.24,0.03,0.15,0.40,0.14,1.30,0.01,0.58,-0.05,0.05,0.04,0.87,Nutriscore_B
ac6e1409-50f4-554a-9c04-1a0c216404f5,ab4ad4eb-7f42-575c-b815-a52604d32df0,"Egg, hard-boiled",22010,2.74,0.00,0.99,0.01,0.00,0.00,0.00,0.03,0.00,0.01,0.13,65.60,164.00,0.99,43.00,0.00,7.916071998,0.443574701,0.01,0.02,0.24,0.03,0.15,0.40,0.14,1.30,0.01,0.58,-0.05,0.05,0.04,0.87,Nutriscore_A
2b448b1a-4070-5b83-bf18-1c60dbd7f4b4,ab4ad4eb-7f42-575c-b815-a52604d32df0,"Egg, raw",22000,1.88,0.00,0.23,0.01,0.00,0.00,0.00,0.03,0.00,0.01,0.12,61.40,163.00,0.78,16.60,0.00,7.916071998,0.443574701,0.01,0.02,0.24,0.03,0.15,0.40,0.14,1.30,0.01,0.58,-0.05,0.05,0.04,0.87,Nutriscore_A
122b1929-b1e2-5c79-b66f-1b9c08f0784d,ab4ad4eb-7f42-575c-b815-a52604d32df0,"Egg, soft-boiled",22014,2.74,0.00,0.99,0.01,0.00,0.00,0.00,0.03,0.00,0.01,0.13,65.60,164.00,0.99,43.00,0.00,7.916071998,0.443574701,0.01,0.02,0.24,0.03,0.15,0.40,0.14,1.30,0.01,0.58,-0.05,0.05,0.04,0.87,Nutriscore_A
e0eed211-0a69-5d61-82ef-6cb540c7c3b0,af87bc6d-ef6f-5788-b095-da1c353e835d,"Egg white, powder",22004,12.10,0.00,9.15,0.05,0.00,0.00,0.00,0.20,0.00,0.08,0.84,411.00,1050.00,5.43,263.00,0.00,52.64187878,2.949771763,0.01,0.02,0.24,0.03,0.15,0.40,0.14,1.30,0.01,0.58,-0.05,0.05,0.04,0.87,Nutriscore_E
ebcb6569-1316-5372-b74e-270632654419,f570898d-b851-54c2-a23f-cdf8f989fa7e,"Egg yolk, powder",22003,3.68,0.00,1.82,0.01,0.00,0.00,0.00,0.06,0.00,0.02,0.24,118.00,300.00,1.60,61.50,0.00,22.36290339,1.253098531,0.01,0.02,0.24,0.03,0.15,0.40,0.14,1.30,0.01,0.58,-0.05,0.05,0.04,0.87,Nutriscore_E
f67b2e39-d31d-5cb7-b95a-a74a51ab9927,ce11edbf-4aba-5c1c-884d-88d1e77f1e06,"Egg, powder",22013,6.66,0.00,4.41,0.03,0.00,0.00,0.00,0.11,0.00,0.05,0.45,222.00,564.00,2.95,133.00,0.00,31.66428799,1.774298805,0.01,0.02,0.24,0.03,0.15,0.40,0.14,1.30,0.01,0.58,-0.05,0.05,0.04,0.87,Nutriscore_E
d1b76e7d-74e9-5036-ba00-e0b5f9bc4177,4cc6aae1-fe26-54da-8c25-7238714d29d5,"Snail in parsley butter, cooked",10042,5.03,0.00,1.93,0.01,0.00,0.00,0.00,0.05,0.00,0.02,0.22,55.00,208.00,0.77,59.40,0.00,12.74472136,0,2.60,4.68,38.05,0.21,4.68,9.45,23.93,33.38,0.15,44.55,-1.00,25.39,28.40,13.31,Nutriscore_E
24e1cab4-cfd7-5304-91d4-2cdad5bd3244,4cc6aae1-fe26-54da-8c25-7238714d29d5,Snails in puff pastry,25399,3.87,0.00,1.25,0.01,0.00,0.00,0.00,0.04,0.00,0.01,0.16,38.10,141.00,0.73,47.50,0.00,12.74472136,0,2.60,4.68,38.05,0.21,4.68,9.45,23.93,33.38,0.15,44.55,-1.00,25.39,28.40,13.31,Nutriscore_D
6ebf8c42-e56d-535f-afa2-62b6f3d02850,f0e82774-a473-511b-9276-851f43ae3e9e,"Crab, boiled/cooked in water",10025,33.00,0.00,4.24,0.40,0.00,0.00,0.00,0.54,0.01,0.13,1.38,276.00,90.80,2.36,515.00,0.00,14.66407851,0,2.60,4.68,38.05,0.21,4.68,9.45,23.93,33.38,0.15,44.55,-1.00,25.39,28.40,13.31,Nutriscore_A
6a48b69a-1c98-5cdf-8f7d-aa0f1f9a454e,3efdc2f4-b22f-596a-b9b2-931bba0fb22b,"Lobster, boiled/cooked in water",10009,41.60,0.00,3.43,0.43,0.00,0.00,0.00,0.53,0.01,0.14,1.45,328.00,89.00,2.50,625.00,0.00,5.229202587,0,2.60,4.68,38.05,0.21,4.68,9.45,23.93,33.38,0.15,44.55,-1.00,25.39,28.40,13.31,Nutriscore_A
aed21902-be3b-50ec-9174-e7ef6e002752,d58497c6-71d4-56bb-a7fe-db32baf50b80,"Norway lobster, raw",10024,39.20,0.00,2.78,0.41,0.00,0.00,0.00,0.50,0.01,0.13,1.37,308.00,83.20,2.70,589.00,0.00,5.229202587,0,2.60,4.68,38.05,0.21,4.68,9.45,23.93,33.38,0.15,44.55,-1.00,25.39,28.40,13.31,Nutriscore_A
0872f45d-9d98-52c6-9ccf-3df690169b8e,8a2a5fa9-d0e4-58b7-9a28-74095ae4bf7d,"Shrimp or prawn, cooked",10007,25.70,0.00,2.62,0.10,0.00,0.00,0.00,0.15,0.01,0.15,0.40,418.00,316.00,218.00,303.00,0.00,30.40803282,93.30250773,2.60,4.68,38.05,0.21,4.68,9.45,23.93,33.38,0.15,44.55,-1.00,25.39,28.40,13.31,Nutriscore_B
8742d6f1-e80d-55e1-8456-81ecc8058a20,8a2a5fa9-d0e4-58b7-9a28-74095ae4bf7d,"Shrimp or prawn, raw",10021,20.40,0.00,1.91,0.08,0.00,0.00,0.00,0.12,0.01,0.12,0.32,338.00,248.00,178.00,234.00,0.00,30.40803282,93.30250773,2.60,4.68,38.05,0.21,4.68,9.45,23.93,33.38,0.15,44.55,-1.00,25.39,28.40,13.31,Nutriscore_A
7bd1edb4-8334-5eb7-8214-e88c167c0d80,dad5d772-d335-51ce-8ad4-9233ade4e8da,"deep water pink shrimp, raw",10059,20.40,0.00,1.91,0.08,0.00,0.00,0.00,0.12,0.01,0.12,0.32,338.00,248.00,178.00,234.00,0.00,434.4004689,93.30250773,2.60,4.68,38.05,0.21,4.68,9.45,23.93,33.38,0.15,44.55,-1.00,25.39,28.40,13.31,Nutriscore_A
b675b625-aa02-5402-9d58-6e49884e2099,dad5d772-d335-51ce-8ad4-9233ade4e8da,Shrimp fritters,10023,9.61,0.00,1.88,0.04,0.00,0.00,0.00,0.06,0.00,0.06,0.17,160.00,152.00,74.60,132.00,0.00,434.4004689,93.30250773,2.60,4.68,38.05,0.21,4.68,9.45,23.93,33.38,0.15,44.55,-1.00,25.39,28.40,13.31,Nutriscore_D
ae0c3fab-5536-5199-a06e-d84dab992082,dad5d772-d335-51ce-8ad4-9233ade4e8da,"Shrimp, frozen, raw",10038,19.90,0.00,1.98,0.08,0.00,0.00,0.00,0.12,0.01,0.12,0.33,344.00,248.00,178.00,231.00,0.00,434.4004689,93.30250773,2.60,4.68,38.05,0.21,4.68,9.45,23.93,33.38,0.15,44.55,-1.00,25.39,28.40,13.31,Nutriscore_A
212a031f-ee1f-5959-8ac8-f79394765c64,2a943bb6-a7a1-5877-9c1a-c93d8c5863ad,"Anchovy, fillets, in oil, semi-preserved, drained",26000,9.62,0.00,0.47,0.05,0.00,0.00,0.00,0.07,0.00,0.03,0.20,77.70,214.00,3.48,82.90,0.00,186.7306,0,1.94,0.86,5.28,0.14,1.15,2.60,1.75,11.74,0.06,10.44,-0.33,0.98,1.55,1.00,Nutriscore_D
dfa9103d-d9be-5463-b60a-ce9951cb9d56,2a943bb6-a7a1-5877-9c1a-c93d8c5863ad,"Anchovy, fillets, rolled with capers, semi-preserved, drained",25999,2.81,0.00,0.88,0.02,0.00,0.00,0.00,0.03,0.00,0.01,0.07,25.60,76.70,0.46,48.80,0.00,186.7306,0,1.94,0.86,5.28,0.14,1.15,2.60,1.75,11.74,0.06,10.44,-0.33,0.98,1.55,1.00,Nutriscore_E
5e26fe77-5a7b-578a-8b54-6d41df744132,2a943bb6-a7a1-5877-9c1a-c93d8c5863ad,"Anchovy, in salt (semi-preserved)",26177,2.60,0.00,0.22,0.03,0.00,0.00,0.00,0.04,0.00,0.01,0.10,15.20,8.47,0.26,38.00,0.00,186.7306,0,1.94,0.86,5.28,0.14,1.15,2.60,1.75,11.74,0.06,10.44,-0.33,0.98,1.55,1.00,Nutriscore_E
8afa8c6b-474c-59f8-9334-843b62dd4002,2a943bb6-a7a1-5877-9c1a-c93d8c5863ad,"Common anchovy, marinated",26187,2.24,0.00,0.67,0.02,0.00,0.00,0.00,0.02,0.00,0.01,0.07,20.80,70.10,0.41,42.00,0.00,186.7306,0,1.94,0.86,5.28,0.14,1.15,2.60,1.75,11.74,0.06,10.44,-0.33,0.98,1.55,1.00,Nutriscore_E
0f16d0f9-6306-50d0-8ccd-e2366fd7aaed,2a943bb6-a7a1-5877-9c1a-c93d8c5863ad,"Common anchovy, raw",26079,2.51,0.00,0.22,0.03,0.00,0.00,0.00,0.04,0.00,0.01,0.10,14.90,8.29,0.23,36.60,0.00,186.7306,0,1.94,0.86,5.28,0.14,1.15,2.60,1.75,11.74,0.06,10.44,-0.33,0.98,1.55,1.00,Nutriscore_A
9290fc67-a8d1-57c2-b1f3-ebc70f812ad9,0e076823-df00-5e4b-ba1e-d84ad3c9addb,"American bass, raw",26001,12.30,0.00,1.50,0.06,0.00,0.00,0.00,0.06,0.00,0.55,0.23,134.00,183.00,2.62,173.00,0.00,5.784019657,0,1.94,0.86,5.28,0.14,1.15,2.60,1.75,11.74,0.06,10.44,-0.33,0.98,1.55,1.00,Nutriscore_A
6be29d0a-e861-52c3-9b2d-dd56de8c3ce3,0e076823-df00-5e4b-ba1e-d84ad3c9addb,"Atlantic bass, raw",26075,12.30,0.00,1.50,0.06,0.00,0.00,0.00,0.06,0.00,0.55,0.23,134.00,183.00,2.62,173.00,0.00,5.784019657,0,1.94,0.86,5.28,0.14,1.15,2.60,1.75,11.74,0.06,10.44,-0.33,0.98,1.55,1.00,Nutriscore_A
ac81f343-e10a-5a0e-8d0f-459dcfc5ce42,0e076823-df00-5e4b-ba1e-d84ad3c9addb,"European bass, raw",26072,12.30,0.00,1.50,0.06,0.00,0.00,0.00,0.06,0.00,0.55,0.23,134.00,183.00,2.62,173.00,0.00,5.784019657,0,1.94,0.86,5.28,0.14,1.15,2.60,1.75,11.74,0.06,10.44,-0.33,0.98,1.55,1.00,Nutriscore_A
e9967a2c-0f5a-596e-b67b-f4cfc37b3b5a,0e076823-df00-5e4b-ba1e-d84ad3c9addb,"European bass, roasted/baked",27030,15.20,0.00,2.38,0.07,0.00,0.00,0.00,0.08,0.00,0.67,0.29,164.00,228.00,3.33,225.00,0.00,5.784019657,0,1.94,0.86,5.28,0.14,1.15,2.60,1.75,11.74,0.06,10.44,-0.33,0.98,1.55,1.00,Nutriscore_A
2f7e5c84-8229-54e2-9c16-3fb7faa5ba54,0e076823-df00-5e4b-ba1e-d84ad3c9addb,"Mediterranean bass, raw, farmed",26206,12.30,0.00,1.50,0.06,0.00,0.00,0.00,0.06,0.00,0.55,0.23,134.00,183.00,2.62,173.00,0.00,5.784019657,0,1.94,0.86,5.28,0.14,1.15,2.60,1.75,11.74,0.06,10.44,-0.33,0.98,1.55,1.00,Nutriscore_A
9ac0ea79-5c78-56e2-8e13-73b1b40ba37e,0e076823-df00-5e4b-ba1e-d84ad3c9addb,"Mediterranean bass, raw, wild",26205,10.10,0.00,0.28,0.20,0.00,0.00,0.00,0.26,0.00,0.07,0.71,57.70,13.80,0.41,135.00,0.00,5.784019657,0,1.94,0.86,5.28,0.14,1.15,2.60,1.75,11.74,0.06,10.44,-0.33,0.98,1.55,1.00,Nutriscore_A
89b856e9-7b73-58d7-a157-6a5170ef22a9,9dcfed22-075d-5ef0-b5e8-3ddbc928a6b4,"Bigeye scad, raw",26159,2.62,0.00,0.22,0.03,0.00,0.00,0.00,0.04,0.00,0.01,0.11,14.50,7.15,0.21,37.20,0.00,0.433130863,0,1.94,0.86,5.28,0.14,1.15,2.60,1.75,11.74,0.06,10.44,-0.33,0.98,1.55,1.00,Nutriscore_A
ddd49d47-d1c5-5dc2-944b-8e2b80daa64e,9dcfed22-075d-5ef0-b5e8-3ddbc928a6b4,"Bonito, raw",26101,9.38,0.00,0.26,0.19,0.00,0.00,0.00,0.26,0.00,0.06,0.68,53.60,11.90,0.35,125.00,0.00,0.433130863,0,1.94,0.86,5.28,0.14,1.15,2.60,1.75,11.74,0.06,10.44,-0.33,0.98,1.55,1.00,Nutriscore_C
124813c7-224b-565f-b858-468262d0ef92,8931fc80-743f-50c5-be06-2b9644efa009,"Black seabream, raw",26099,7.48,0.00,0.27,0.13,0.00,0.00,0.00,0.17,0.00,0.04,0.46,54.90,13.10,0.71,101.00,0.00,3.735753696,0,1.94,0.86,5.28,0.14,1.15,2.60,1.75,11.74,0.06,10.44,-0.33,0.98,1.55,1.00,Nutriscore_A
c4d4c1d0-e472-5104-9d11-d62513dc5b34,8931fc80-743f-50c5-be06-2b9644efa009,"Black seabream, roasted/baked",26222,9.22,0.00,0.88,0.16,0.00,0.00,0.00,0.21,0.00,0.05,0.56,68.10,20.40,1.00,137.00,0.00,3.735753696,0,1.94,0.86,5.28,0.14,1.15,2.60,1.75,11.74,0.06,10.44,-0.33,0.98,1.55,1.00,Nutriscore_A
5fdd8444-2a4b-54f3-81d7-3a6a3e8a9777,8931fc80-743f-50c5-be06-2b9644efa009,"Blackspot seabream, raw",26109,7.48,0.00,0.27,0.13,0.00,0.00,0.00,0.17,0.00,0.04,0.46,54.90,13.10,0.71,101.00,0.00,3.735753696,0,1.94,0.86,5.28,0.14,1.15,2.60,1.75,11.74,0.06,10.44,-0.33,0.98,1.55,1.00,Nutriscore_A
4e83bf3a-0405-5d33-968c-a2a89e6fd456,8931fc80-743f-50c5-be06-2b9644efa009,"Bogue, raw",26100,1.81,0.00,0.21,0.01,0.00,0.00,0.00,0.02,0.00,0.00,0.05,10.20,6.45,0.19,27.60,0.00,3.735753696,0,1.94,0.86,5.28,0.14,1.15,2.60,1.75,11.74,0.06,10.44,-0.33,0.98,1.55,1.00,Nutriscore_A
b2ada8a7-242f-5a95-860e-8eb8846ad619,8931fc80-743f-50c5-be06-2b9644efa009,"Brown meagre, raw",26107,4.69,0.00,0.26,0.07,0.00,0.00,0.00,0.09,0.00,0.02,0.24,34.10,11.90,0.48,64.10,0.00,3.735753696,0,1.94,0.86,5.28,0.14,1.15,2.60,1.75,11.74,0.06,10.44,-0.33,0.98,1.55,1.00,Nutriscore_A
389b21ee-557b-5f38-a727-467034309f00,8931fc80-743f-50c5-be06-2b9644efa009,"Freshwater bream, raw",26170,12.30,0.00,1.50,0.06,0.00,0.00,0.00,0.06,0.00,0.55,0.23,134.00,183.00,2.62,173.00,0.00,3.735753696,0,1.94,0.86,5.28,0.14,1.15,2.60,1.75,11.74,0.06,10.44,-0.33,0.98,1.55,1.00,Nutriscore_A
7ac4db73-5cec-5db6-8623-1bccaa53271d,8931fc80-743f-50c5-be06-2b9644efa009,"Gilthead seabream, raw, farmed",26088,12.30,0.00,1.50,0.06,0.00,0.00,0.00,0.06,0.00,0.55,0.23,134.00,183.00,2.62,173.00,0.00,3.735753696,0,1.94,0.86,5.28,0.14,1.15,2.60,1.75,11.74,0.06,10.44,-0.33,0.98,1.55,1.00,Nutriscore_A
87ff451c-d446-5801-8a4c-66464effd3ea,8931fc80-743f-50c5-be06-2b9644efa009,"Gilthead seabream, raw, wild",26080,10.10,0.00,0.28,0.20,0.00,0.00,0.00,0.26,0.00,0.07,0.71,57.70,13.80,0.41,135.00,0.00,3.735753696,0,1.94,0.86,5.28,0.14,1.15,2.60,1.75,11.74,0.06,10.44,-0.33,0.98,1.55,1.00,Nutriscore_A
107faee7-2f41-5896-a60f-ff1121a87a96,287d60bd-2e28-58a2-8798-53a945814376,"Carp, raw, farmed",27003,6.17,0.00,1.83,0.03,0.00,0.00,0.00,0.04,0.02,0.10,0.13,116.00,108.00,36.50,98.60,0.00,14.67518106,93.30250773,1.94,0.86,5.28,0.14,1.15,2.60,1.75,11.74,0.06,10.44,-0.33,0.98,1.55,1.00,Nutriscore_A
bb73ed53-09f9-51d8-a97f-1bcca52023b1,287d60bd-2e28-58a2-8798-53a945814376,"Carp, roasted/baked",27004,7.62,0.00,2.78,0.03,0.00,0.00,0.00,0.05,0.03,0.12,0.16,143.00,136.00,44.70,133.00,0.00,14.67518106,93.30250773,1.94,0.86,5.28,0.14,1.15,2.60,1.75,11.74,0.06,10.44,-0.33,0.98,1.55,1.00,Nutriscore_A
868932e3-cc08-515f-8249-3f7e768e62dd,e50a4881-48eb-5b53-a92e-8c0050e89465,"Arctic char, raw",26171,5.40,0.00,1.69,0.03,0.00,0.00,0.00,0.03,0.02,0.09,0.12,141.00,105.00,274.00,93.20,0.00,29.35036212,93.30250773,1.94,0.86,5.28,0.14,1.15,2.60,1.75,11.74,0.06,10.44,-0.33,0.98,1.55,1.00,Nutriscore_A
5084e56b-95ac-58a3-a502-480f2d34eb24,300f5030-22f0-5885-9bbb-67219c9d6ad0,"Alaska pollock, raw",26006,12.00,0.00,0.29,0.24,0.00,0.00,0.00,0.32,0.00,0.08,0.86,69.30,16.20,0.47,160.00,0.00,3.373637693,0,1.94,0.86,5.28,0.14,1.15,2.60,1.75,11.74,0.06,10.44,-0.33,0.98,1.55,1.00,Nutriscore_A
2e13f595-1586-5885-9e01-0ec03fbd3fcf,300f5030-22f0-5885-9bbb-67219c9d6ad0,"Alaska pollock, smoked",26152,12.00,0.00,0.26,0.24,0.00,0.00,0.00,0.32,0.00,0.08,0.86,69.50,19.30,0.55,160.00,0.00,3.373637693,0,1.94,0.86,5.28,0.14,1.15,2.60,1.75,11.74,0.06,10.44,-0.33,0.98,1.55,1.00,Nutriscore_A
8c36e4b8-db7c-57dd-af1d-66dea2d05984,300f5030-22f0-5885-9bbb-67219c9d6ad0,"Blue ling, raw",26194,12.00,0.00,0.29,0.24,0.00,0.00,0.00,0.32,0.00,0.08,0.86,69.30,16.20,0.47,160.00,0.00,3.373637693,0,1.94,0.86,5.28,0.14,1.15,2.60,1.75,11.74,0.06,10.44,-0.33,0.98,1.55,1.00,Nutriscore_A
3fb126db-9dcb-58bb-9b59-e8ca6d73df90,300f5030-22f0-5885-9bbb-67219c9d6ad0,"Cod, raw",26043,12.00,0.00,0.29,0.24,0.00,0.00,0.00,0.32,0.00,0.08,0.86,69.30,16.20,0.47,160.00,0.00,3.373637693,0,1.94,0.86,5.28,0.14,1.15,2.60,1.75,11.74,0.06,10.44,-0.33,0.98,1.55,1.00,Nutriscore_A
f82cece4-11b6-57d7-a57c-e1236b90999d,300f5030-22f0-5885-9bbb-67219c9d6ad0,"Cod, roasted/baked",26023,14.80,0.00,0.91,0.29,0.00,0.00,0.00,0.39,0.00,0.10,1.05,85.70,24.20,0.71,208.00,0.00,3.373637693,0,1.94,0.86,5.28,0.14,1.15,2.60,1.75,11.74,0.06,10.44,-0.33,0.98,1.55,1.00,Nutriscore_A
81bd4770-22b9-537f-8409-07d3f91065a0,300f5030-22f0-5885-9bbb-67219c9d6ad0,"Cod, salted, boiled/cooked in water",26024,14.80,0.00,0.91,0.29,0.00,0.00,0.00,0.39,0.00,0.10,1.05,85.70,24.20,0.71,208.00,0.00,3.373637693,0,1.94,0.86,5.28,0.14,1.15,2.60,1.75,11.74,0.06,10.44,-0.33,0.98,1.55,1.00,Nutriscore_E
b6eb436c-8a1a-5cea-9802-00a9cd8bb265,300f5030-22f0-5885-9bbb-67219c9d6ad0,"Cod, salted, dried",26098,12.00,0.00,0.29,0.24,0.00,0.00,0.00,0.32,0.00,0.08,0.86,69.30,16.20,0.47,160.00,0.00,3.373637693,0,1.94,0.86,5.28,0.14,1.15,2.60,1.75,11.74,0.06,10.44,-0.33,0.98,1.55,1.00,Nutriscore_E
b3ed5bbd-3444-5eaa-ab91-44b1f1af4097,300f5030-22f0-5885-9bbb-67219c9d6ad0,"Cod, steamed",26025,14.80,0.00,0.91,0.29,0.00,0.00,0.00,0.39,0.00,0.10,1.05,85.70,24.20,0.71,208.00,0.00,3.373637693,0,1.94,0.86,5.28,0.14,1.15,2.60,1.75,11.74,0.06,10.44,-0.33,0.98,1.55,1.00,Nutriscore_A
408eebd0-09f4-5ba0-8454-ead57028a62b,300f5030-22f0-5885-9bbb-67219c9d6ad0,"Grenadier, from any fishing spot, raw",26213,12.00,0.00,0.29,0.24,0.00,0.00,0.00,0.32,0.00,0.08,0.86,69.30,16.20,0.47,160.00,0.00,3.373637693,0,1.94,0.86,5.28,0.14,1.15,2.60,1.75,11.74,0.06,10.44,-0.33,0.98,1.55,1.00,Nutriscore_A
c0b3ee34-3f5f-5fdc-b861-41ebdd566d1b,300f5030-22f0-5885-9bbb-67219c9d6ad0,"Grouper, raw",26178,4.69,0.00,0.26,0.07,0.00,0.00,0.00,0.09,0.00,0.02,0.24,34.10,11.90,0.48,64.10,0.00,3.373637693,0,1.94,0.86,5.28,0.14,1.15,2.60,1.75,11.74,0.06,10.44,-0.33,0.98,1.55,1.00,Nutriscore_A
8b7c90a9-f057-5c6a-b89f-479b95aa023a,300f5030-22f0-5885-9bbb-67219c9d6ad0,"Haddock, grilled/pan-fried",26126,14.80,0.00,0.49,0.29,0.00,0.00,0.00,0.39,0.00,0.10,1.05,85.70,27.10,0.69,200.00,0.00,3.701869309,0,1.94,0.86,5.28,0.14,1.15,2.60,1.75,11.74,0.06,10.44,-0.33,0.98,1.55,1.00,Nutriscore_A
1526faf5-96f8-581d-a8a0-76b03d9c34c0,300f5030-22f0-5885-9bbb-67219c9d6ad0,"Haddock, raw",26122,12.00,0.00,0.29,0.24,0.00,0.00,0.00,0.32,0.00,0.08,0.86,69.30,16.20,0.47,160.00,0.00,3.701869309,0,1.94,0.86,5.28,0.14,1.15,2.60,1.75,11.74,0.06,10.44,-0.33,0.98,1.55,1.00,Nutriscore_A
e6635658-4d07-50dc-b1f8-b0855beedfeb,300f5030-22f0-5885-9bbb-67219c9d6ad0,"Haddock, smoked",26090,12.00,0.00,0.26,0.24,0.00,0.00,0.00,0.32,0.00,0.08,0.86,69.50,19.30,0.55,160.00,0.00,3.701869309,0,1.94,0.86,5.28,0.14,1.15,2.60,1.75,11.74,0.06,10.44,-0.33,0.98,1.55,1.00,Nutriscore_C
886a120e-831f-5f29-bb13-50090fb1ed7d,300f5030-22f0-5885-9bbb-67219c9d6ad0,"Haddock, steamed",26008,14.80,0.00,0.91,0.29,0.00,0.00,0.00,0.39,0.00,0.10,1.05,85.70,24.20,0.71,208.00,0.00,3.701869309,0,1.94,0.86,5.28,0.14,1.15,2.60,1.75,11.74,0.06,10.44,-0.33,0.98,1.55,1.00,Nutriscore_A
a18dee43-bd92-5224-9305-3b05648b4aa3,300f5030-22f0-5885-9bbb-67219c9d6ad0,"Ling, cooked",26234,14.80,0.00,0.91,0.29,0.00,0.00,0.00,0.39,0.00,0.10,1.05,85.70,24.20,0.71,208.00,0.00,3.373637693,0,1.94,0.86,5.28,0.14,1.15,2.60,1.75,11.74,0.06,10.44,-0.33,0.98,1.55,1.00,Nutriscore_A
2553330a-e0ed-59d3-88ff-b3dbe55af5d4,300f5030-22f0-5885-9bbb-67219c9d6ad0,"Ling, raw",26130,12.00,0.00,0.29,0.24,0.00,0.00,0.00,0.32,0.00,0.08,0.86,69.30,16.20,0.47,160.00,0.00,3.373637693,0,1.94,0.86,5.28,0.14,1.15,2.60,1.75,11.74,0.06,10.44,-0.33,0.98,1.55,1.00,Nutriscore_A
30d5b269-e2ab-57a9-93be-8f9cf033c756,300f5030-22f0-5885-9bbb-67219c9d6ad0,"Pollack, raw",26129,12.00,0.00,0.29,0.24,0.00,0.00,0.00,0.32,0.00,0.08,0.86,69.30,16.20,0.47,160.00,0.00,3.373637693,0,1.94,0.86,5.28,0.14,1.15,2.60,1.75,11.74,0.06,10.44,-0.33,0.98,1.55,1.00,Nutriscore_A
01ad44a6-aafd-5f35-a775-4590b178676d,300f5030-22f0-5885-9bbb-67219c9d6ad0,"Pouting, raw",26133,12.00,0.00,0.29,0.24,0.00,0.00,0.00,0.32,0.00,0.08,0.86,69.30,16.20,0.47,160.00,0.00,3.373637693,0,1.94,0.86,5.28,0.14,1.15,2.60,1.75,11.74,0.06,10.44,-0.33,0.98,1.55,1.00,Nutriscore_A
d6dc03d6-334a-562a-adf3-30278c7df879,300f5030-22f0-5885-9bbb-67219c9d6ad0,"Roundnose grenadier, raw",26128,12.00,0.00,0.29,0.24,0.00,0.00,0.00,0.32,0.00,0.08,0.86,69.30,16.20,0.47,160.00,0.00,3.373637693,0,1.94,0.86,5.28,0.14,1.15,2.60,1.75,11.74,0.06,10.44,-0.33,0.98,1.55,1.00,Nutriscore_A
c0241f9d-fba5-5851-9192-94d6b4ed0608,300f5030-22f0-5885-9bbb-67219c9d6ad0,"Saithe, cooked",26015,10.20,0.00,0.87,0.19,0.00,0.00,0.00,0.25,0.00,0.06,0.68,59.10,19.90,0.56,147.00,0.00,3.373637693,0,1.94,0.86,5.28,0.14,1.15,2.60,1.75,11.74,0.06,10.44,-0.33,0.98,1.55,1.00,Nutriscore_A
9e30d9c9-1d6a-5218-a876-36c2e8fb8c9d,300f5030-22f0-5885-9bbb-67219c9d6ad0,"Saithe, frozen, raw",26047,8.55,0.00,0.52,0.16,0.00,0.00,0.00,0.21,0.00,0.05,0.56,50.10,13.90,0.42,121.00,0.00,3.373637693,0,1.94,0.86,5.28,0.14,1.15,2.60,1.75,11.74,0.06,10.44,-0.33,0.98,1.55,1.00,Nutriscore_A
113f44b2-506d-5c1e-8b64-a959620ac452,300f5030-22f0-5885-9bbb-67219c9d6ad0,"Saithe, raw",26134,8.29,0.00,0.26,0.15,0.00,0.00,0.00,0.21,0.00,0.05,0.55,47.50,12.70,0.34,110.00,0.00,3.373637693,0,1.94,0.86,5.28,0.14,1.15,2.60,1.75,11.74,0.06,10.44,-0.33,0.98,1.55,1.00,Nutriscore_A
a72ae912-966c-5d44-8498-a34646cfaeaa,300f5030-22f0-5885-9bbb-67219c9d6ad0,"Surimi, filled w cheese",26239,7.57,0.00,0.74,0.12,0.00,0.00,0.00,0.17,0.00,0.04,0.47,50.70,55.70,1.35,109.00,0.00,3.373637693,0,1.94,0.86,5.28,0.14,1.15,2.60,1.75,11.74,0.06,10.44,-0.33,0.98,1.55,1.00,Nutriscore_D
a1d46ca5-8d4d-5d76-9ec8-f9691d06cf0f,300f5030-22f0-5885-9bbb-67219c9d6ad0,"Surimi, on sticks, in slices or grated, crab flavour",26046,7.57,0.00,0.74,0.12,0.00,0.00,0.00,0.17,0.00,0.04,0.47,50.70,55.70,1.35,109.00,0.00,3.373637693,0,1.94,0.86,5.28,0.14,1.15,2.60,1.75,11.74,0.06,10.44,-0.33,0.98,1.55,1.00,Nutriscore_C
29a973c0-f3bf-58a2-b516-efc6d857606a,300f5030-22f0-5885-9bbb-67219c9d6ad0,"Whiting, breaded",26124,14.90,0.00,0.90,0.29,0.00,0.00,0.00,0.39,0.00,0.10,1.05,85.70,20.60,0.64,209.00,0.00,10.34683968,0,1.94,0.86,5.28,0.14,1.15,2.60,1.75,11.74,0.06,10.44,-0.33,0.98,1.55,1.00,Nutriscore_B
84534bef-bde3-5b7e-9195-bebd3837ef07,300f5030-22f0-5885-9bbb-67219c9d6ad0,"Whiting, fried",26021,14.80,0.00,0.49,0.29,0.00,0.00,0.00,0.39,0.00,0.10,1.05,85.70,27.10,0.69,200.00,0.00,10.34683968,0,1.94,0.86,5.28,0.14,1.15,2.60,1.75,11.74,0.06,10.44,-0.33,0.98,1.55,1.00,Nutriscore_A
356829aa-5d73-5a83-bd56-349600d5e54a,300f5030-22f0-5885-9bbb-67219c9d6ad0,"Whiting, raw",26095,12.00,0.00,0.29,0.24,0.00,0.00,0.00,0.32,0.00,0.08,0.86,69.30,16.20,0.47,160.00,0.00,10.34683968,0,1.94,0.86,5.28,0.14,1.15,2.60,1.75,11.74,0.06,10.44,-0.33,0.98,1.55,1.00,Nutriscore_A
52185f23-4bac-59f2-8629-6dbfe4df1647,300f5030-22f0-5885-9bbb-67219c9d6ad0,"Whiting, steamed",26022,14.80,0.00,0.91,0.29,0.00,0.00,0.00,0.39,0.00,0.10,1.05,85.70,24.20,0.71,208.00,0.00,10.34683968,0,1.94,0.86,5.28,0.14,1.15,2.60,1.75,11.74,0.06,10.44,-0.33,0.98,1.55,1.00,Nutriscore_A
0846a125-7a99-5aac-b454-083a7d86e70d,b93f202d-625a-585c-855f-83bd82cc7d2e,"Conger, raw",26127,12.00,0.00,0.29,0.24,0.00,0.00,0.00,0.32,0.00,0.08,0.86,69.30,16.20,0.47,160.00,0.00,0.720319805,0,1.94,0.86,5.28,0.14,1.15,2.60,1.75,11.74,0.06,10.44,-0.33,0.98,1.55,1.00,Nutriscore_A
2463a29c-e27f-5cdb-810f-2ecf5a394313,b93f202d-625a-585c-855f-83bd82cc7d2e,"Largehead hairtail, raw",26153,12.00,0.00,0.29,0.24,0.00,0.00,0.00,0.32,0.00,0.08,0.86,69.30,16.20,0.47,160.00,0.00,0.720319805,0,1.94,0.86,5.28,0.14,1.15,2.60,1.75,11.74,0.06,10.44,-0.33,0.98,1.55,1.00,Nutriscore_A
aa5a7a53-7037-55bf-848b-517857ce0278,ccbc9cfa-46c7-5d71-a5b2-4526cda29b3c,"Common dab, raw",26057,12.00,0.00,0.29,0.24,0.00,0.00,0.00,0.32,0.00,0.08,0.86,69.30,16.20,0.47,160.00,0.00,7.471507392,0,1.94,0.86,5.28,0.14,1.15,2.60,1.75,11.74,0.06,10.44,-0.33,0.98,1.55,1.00,Nutriscore_A
a6aa14fd-3db0-5e28-ae21-fa21416e14a9,ccbc9cfa-46c7-5d71-a5b2-4526cda29b3c,"Common sole, boiled/cooked in water",26061,9.22,0.00,0.88,0.16,0.00,0.00,0.00,0.21,0.00,0.05,0.56,68.10,20.40,1.00,137.00,0.00,7.471507392,0,1.94,0.86,5.28,0.14,1.15,2.60,1.75,11.74,0.06,10.44,-0.33,0.98,1.55,1.00,Nutriscore_A
257ae9ec-e369-5026-9c5e-0d9f7a95b3b4,ccbc9cfa-46c7-5d71-a5b2-4526cda29b3c,"Common sole, fried",26062,9.25,0.00,0.46,0.16,0.00,0.00,0.00,0.21,0.00,0.05,0.56,68.10,23.40,0.98,129.00,0.00,7.471507392,0,1.94,0.86,5.28,0.14,1.15,2.60,1.75,11.74,0.06,10.44,-0.33,0.98,1.55,1.00,Nutriscore_A
ae927355-0c94-55f1-a116-ed23fcd5fc6e,ccbc9cfa-46c7-5d71-a5b2-4526cda29b3c,"Common sole, grilled",26248,9.22,0.00,0.88,0.16,0.00,0.00,0.00,0.21,0.00,0.05,0.56,68.10,20.40,1.00,137.00,0.00,7.471507392,0,1.94,0.86,5.28,0.14,1.15,2.60,1.75,11.74,0.06,10.44,-0.33,0.98,1.55,1.00,Nutriscore_A
c374c530-1c8f-5043-b081-868d29fbe6b4,ccbc9cfa-46c7-5d71-a5b2-4526cda29b3c,"Common sole, raw",26058,7.48,0.00,0.27,0.13,0.00,0.00,0.00,0.17,0.00,0.04,0.46,54.90,13.10,0.71,101.00,0.00,7.471507392,0,1.94,0.86,5.28,0.14,1.15,2.60,1.75,11.74,0.06,10.44,-0.33,0.98,1.55,1.00,Nutriscore_A
cabfa080-e872-5c64-b72f-187984b2a9b1,ccbc9cfa-46c7-5d71-a5b2-4526cda29b3c,"Common sole, roasted/baked",26060,7.48,0.00,0.28,0.13,0.00,0.00,0.00,0.17,0.00,0.04,0.45,55.10,16.30,0.79,102.00,0.00,7.471507392,0,1.94,0.86,5.28,0.14,1.15,2.60,1.75,11.74,0.06,10.44,-0.33,0.98,1.55,1.00,Nutriscore_A
2a269e36-ba2d-5fc7-98e0-00389db8a4fa,ccbc9cfa-46c7-5d71-a5b2-4526cda29b3c,"Common sole, steamed",26059,9.22,0.00,0.88,0.16,0.00,0.00,0.00,0.21,0.00,0.05,0.56,68.10,20.40,1.00,137.00,0.00,7.471507392,0,1.94,0.86,5.28,0.14,1.15,2.60,1.75,11.74,0.06,10.44,-0.33,0.98,1.55,1.00,Nutriscore_A
ad91a877-bf0f-5c80-a425-4508a1524377,ccbc9cfa-46c7-5d71-a5b2-4526cda29b3c,"Lemon sole, breaded, fried",26016,14.90,0.00,0.48,0.29,0.00,0.00,0.00,0.39,0.00,0.10,1.05,85.70,23.50,0.62,201.00,0.00,7.471507392,0,1.94,0.86,5.28,0.14,1.15,2.60,1.75,11.74,0.06,10.44,-0.33,0.98,1.55,1.00,Nutriscore_A
9dac0473-ff95-539e-9525-3122238b7559,ccbc9cfa-46c7-5d71-a5b2-4526cda29b3c,"Lemon sole, raw",26135,12.00,0.00,0.29,0.24,0.00,0.00,0.00,0.32,0.00,0.08,0.86,69.30,16.20,0.47,160.00,0.00,7.471507392,0,1.94,0.86,5.28,0.14,1.15,2.60,1.75,11.74,0.06,10.44,-0.33,0.98,1.55,1.00,Nutriscore_A
a6a1de01-f57a-5999-9ffe-8802bb3436f5,ccbc9cfa-46c7-5d71-a5b2-4526cda29b3c,"Lemon sole, steamed",26017,14.80,0.00,0.91,0.29,0.00,0.00,0.00,0.39,0.00,0.10,1.05,85.70,24.20,0.71,208.00,0.00,7.471507392,0,1.94,0.86,5.28,0.14,1.15,2.60,1.75,11.74,0.06,10.44,-0.33,0.98,1.55,1.00,Nutriscore_A
97f9df38-aa57-5c65-bc2e-59bf1a7a8b68,ccbc9cfa-46c7-5d71-a5b2-4526cda29b3c,"Megrim, raw",26084,12.00,0.00,0.29,0.24,0.00,0.00,0.00,0.32,0.00,0.08,0.86,69.30,16.20,0.47,160.00,0.00,7.471507392,0,1.94,0.86,5.28,0.14,1.15,2.60,1.75,11.74,0.06,10.44,-0.33,0.98,1.55,1.00,Nutriscore_A
c3a818f8-dd84-52f1-9bb0-75585f80f504,ccbc9cfa-46c7-5d71-a5b2-4526cda29b3c,"Tonguesole, raw",26200,7.48,0.00,0.27,0.13,0.00,0.00,0.00,0.17,0.00,0.04,0.46,54.90,13.10,0.71,101.00,0.00,7.471507392,0,1.94,0.86,5.28,0.14,1.15,2.60,1.75,11.74,0.06,10.44,-0.33,0.98,1.55,1.00,Nutriscore_A
473e47df-001a-58c1-b634-a94fb43ae112,ccbc9cfa-46c7-5d71-a5b2-4526cda29b3c,"Turbot, raw",26174,12.30,0.00,1.50,0.06,0.00,0.00,0.00,0.06,0.00,0.55,0.23,134.00,183.00,2.62,173.00,0.00,7.471507392,0,1.94,0.86,5.28,0.14,1.15,2.60,1.75,11.74,0.06,10.44,-0.33,0.98,1.55,1.00,Nutriscore_A
9681c2b1-8979-5805-b6e6-d8d37f1b854f,ccbc9cfa-46c7-5d71-a5b2-4526cda29b3c,"Turbot, raw, farmed",26201,12.30,0.00,1.50,0.06,0.00,0.00,0.00,0.06,0.00,0.55,0.23,134.00,183.00,2.62,173.00,0.00,7.471507392,0,1.94,0.86,5.28,0.14,1.15,2.60,1.75,11.74,0.06,10.44,-0.33,0.98,1.55,1.00,Nutriscore_A
bffd4a1e-a1f8-5e1d-a3f1-fb634c3de03a,ccbc9cfa-46c7-5d71-a5b2-4526cda29b3c,"Turbot, raw, wild",26042,10.10,0.00,0.28,0.20,0.00,0.00,0.00,0.26,0.00,0.07,0.71,57.70,13.80,0.41,135.00,0.00,7.471507392,0,1.94,0.86,5.28,0.14,1.15,2.60,1.75,11.74,0.06,10.44,-0.33,0.98,1.55,1.00,Nutriscore_A
6b9b32ad-f299-58f4-85ae-d9a908b4a12f,ccbc9cfa-46c7-5d71-a5b2-4526cda29b3c,"Turbot, roasted/baked",26094,15.20,0.00,2.38,0.07,0.00,0.00,0.00,0.08,0.00,0.67,0.29,164.00,228.00,3.33,225.00,0.00,7.471507392,0,1.94,0.86,5.28,0.14,1.15,2.60,1.75,11.74,0.06,10.44,-0.33,0.98,1.55,1.00,Nutriscore_A
18ddd7e0-ba3b-596b-859e-ea5ba28a77a9,32f4b13c-fae1-5a65-8699-b34af6b13cea,"Mullet, raw",26091,12.00,0.00,0.29,0.24,0.00,0.00,0.00,0.32,0.00,0.08,0.86,69.30,16.20,0.47,160.00,0.00,5.49902944,0,1.94,0.86,5.28,0.14,1.15,2.60,1.75,11.74,0.06,10.44,-0.33,0.98,1.55,1.00,Nutriscore_A
44b0e3ae-457b-530e-9f5b-5187e0f0d74b,32f4b13c-fae1-5a65-8699-b34af6b13cea,"Mullet, roasted/baked",26026,14.80,0.00,0.91,0.29,0.00,0.00,0.00,0.39,0.00,0.10,1.05,85.70,24.20,0.71,208.00,0.00,5.49902944,0,1.94,0.86,5.28,0.14,1.15,2.60,1.75,11.74,0.06,10.44,-0.33,0.98,1.55,1.00,Nutriscore_A
6d3884f2-7813-52fc-8909-3bbbda3c0728,32f4b13c-fae1-5a65-8699-b34af6b13cea,"Surmullet or red mullet, fillet with skin, frozen, raw (from Thailand or Senegal)",26244,8.07,0.00,0.53,0.13,0.00,0.00,0.00,0.18,0.00,0.04,0.48,59.60,14.70,0.79,117.00,0.00,5.49902944,0,1.94,0.86,5.28,0.14,1.15,2.60,1.75,11.74,0.06,10.44,-0.33,0.98,1.55,1.00,Nutriscore_A
45c46e57-e6d2-5211-97c5-1f4a0c1bdcc1,32f4b13c-fae1-5a65-8699-b34af6b13cea,"Surmullet or red mullet, raw",26085,7.48,0.00,0.27,0.13,0.00,0.00,0.00,0.17,0.00,0.04,0.46,54.90,13.10,0.71,101.00,0.00,5.49902944,0,1.94,0.86,5.28,0.14,1.15,2.60,1.75,11.74,0.06,10.44,-0.33,0.98,1.55,1.00,Nutriscore_A
669aafa0-0a94-5eed-a8d5-510bd8deb665,32f4b13c-fae1-5a65-8699-b34af6b13cea,"Surmullet or red mullet, steamed",26110,9.22,0.00,0.87,0.16,0.00,0.00,0.00,0.21,0.00,0.05,0.56,67.70,16.60,0.90,136.00,0.00,5.49902944,0,1.94,0.86,5.28,0.14,1.15,2.60,1.75,11.74,0.06,10.44,-0.33,0.98,1.55,1.00,Nutriscore_A
230bb656-2755-58ff-b797-b9e8fc19b37d,7bfa4fcc-f7bd-509c-a5bb-0221c36c694d,"Blue grenadier, raw",26214,7.59,0.00,0.26,0.14,0.00,0.00,0.00,0.19,0.00,0.05,0.50,43.40,11.70,0.33,101.00,0.00,2.882090902,0,1.94,0.86,5.28,0.14,1.15,2.60,1.75,11.74,0.06,10.44,-0.33,0.98,1.55,1.00,Nutriscore_A
6d9c5242-313a-5d08-baae-4ebfe99b8bcf,7bfa4fcc-f7bd-509c-a5bb-0221c36c694d,"European hake, braised",26120,9.36,0.00,0.87,0.17,0.00,0.00,0.00,0.23,0.00,0.06,0.61,54.00,18.80,0.53,136.00,0.00,2.882090902,0,1.94,0.86,5.28,0.14,1.15,2.60,1.75,11.74,0.06,10.44,-0.33,0.98,1.55,1.00,Nutriscore_A
d8163e88-54a9-59ae-ab82-535f3de91f20,7bfa4fcc-f7bd-509c-a5bb-0221c36c694d,"European hake, raw",26044,7.59,0.00,0.26,0.14,0.00,0.00,0.00,0.19,0.00,0.05,0.50,43.40,11.70,0.33,101.00,0.00,2.882090902,0,1.94,0.86,5.28,0.14,1.15,2.60,1.75,11.74,0.06,10.44,-0.33,0.98,1.55,1.00,Nutriscore_A
d0977aa9-1c49-5aa4-94e1-673241ebd9c9,7bfa4fcc-f7bd-509c-a5bb-0221c36c694d,"Hake, fillet, frozen, raw",26048,7.85,0.00,0.51,0.14,0.00,0.00,0.00,0.19,0.00,0.05,0.51,45.90,13.00,0.40,112.00,0.00,2.882090902,0,1.94,0.86,5.28,0.14,1.15,2.60,1.75,11.74,0.06,10.44,-0.33,0.98,1.55,1.00,Nutriscore_A
8f5b191e-9bc8-51c9-8440-3c539675171b,7bfa4fcc-f7bd-509c-a5bb-0221c36c694d,"Shallow-water Cape hake, raw",26233,8.05,0.00,0.30,0.14,0.00,0.00,0.00,0.19,0.00,0.05,0.51,46.70,13.40,0.42,111.00,0.00,2.882090902,0,1.94,0.86,5.28,0.14,1.15,2.60,1.75,11.74,0.06,10.44,-0.33,0.98,1.55,1.00,Nutriscore_A
20c44fce-7be8-50dc-9769-4abec4eaa0c9,66e41268-b9a4-5dd6-8acf-d7302884fd0d,"Atlantic halibut, raw",26009,4.69,0.00,0.26,0.07,0.00,0.00,0.00,0.09,0.00,0.02,0.24,34.10,11.90,0.48,64.10,0.00,0.996200986,0,1.94,0.86,5.28,0.14,1.15,2.60,1.75,11.74,0.06,10.44,-0.33,0.98,1.55,1.00,Nutriscore_A
c79a4fbc-0f2d-5d81-a980-3a9817ab5b44,66e41268-b9a4-5dd6-8acf-d7302884fd0d,"Greenland halibut, raw",26154,12.00,0.00,0.29,0.24,0.00,0.00,0.00,0.32,0.00,0.08,0.86,69.30,16.20,0.47,160.00,0.00,0.996200986,0,1.94,0.86,5.28,0.14,1.15,2.60,1.75,11.74,0.06,10.44,-0.33,0.98,1.55,1.00,Nutriscore_B
2bfe2787-1407-5e52-bcb4-88a35e3d6df7,66e41268-b9a4-5dd6-8acf-d7302884fd0d,"Greenland halibut, steamed",26247,14.80,0.00,0.91,0.29,0.00,0.00,0.00,0.39,0.00,0.10,1.05,85.70,24.20,0.71,208.00,0.00,0.996200986,0,1.94,0.86,5.28,0.14,1.15,2.60,1.75,11.74,0.06,10.44,-0.33,0.98,1.55,1.00,Nutriscore_A
12af79ab-61d2-52ab-b8e2-53a9f0d7a508,b1a142ac-9927-5b85-b710-3def0a903937,"Atlantic herring, fried",26012,3.40,0.00,0.40,0.04,0.00,0.00,0.00,0.05,0.00,0.01,0.14,19.20,16.30,0.38,51.40,0.00,10.03289444,0,1.94,0.86,5.28,0.14,1.15,2.60,1.75,11.74,0.06,10.44,-0.33,0.98,1.55,1.00,Nutriscore_A
48e4cf24-373f-59ce-8f20-49e8c052d747,b1a142ac-9927-5b85-b710-3def0a903937,"Atlantic herring, grilled/pan-fried",26014,3.40,0.00,0.40,0.04,0.00,0.00,0.00,0.05,0.00,0.01,0.14,19.20,16.30,0.38,51.40,0.00,10.03289444,0,1.94,0.86,5.28,0.14,1.15,2.60,1.75,11.74,0.06,10.44,-0.33,0.98,1.55,1.00,Nutriscore_A
395bb126-e63b-55a0-99e0-d1e6fad4b506,b1a142ac-9927-5b85-b710-3def0a903937,"Atlantic herring, lean, raw",26237,2.68,0.00,0.22,0.03,0.00,0.00,0.00,0.04,0.00,0.01,0.11,14.90,7.32,0.21,38.00,0.00,10.03289444,0,1.94,0.86,5.28,0.14,1.15,2.60,1.75,11.74,0.06,10.44,-0.33,0.98,1.55,1.00,Nutriscore_A
e34ecf96-4eb3-5b4c-8218-93ef324e5232,b1a142ac-9927-5b85-b710-3def0a903937,"Atlantic herring, marinated, or rollmops",26010,2.78,0.00,0.22,0.03,0.00,0.00,0.00,0.04,0.00,0.01,0.11,15.10,7.50,0.24,39.40,0.00,10.03289444,0,1.94,0.86,5.28,0.14,1.15,2.60,1.75,11.74,0.06,10.44,-0.33,0.98,1.55,1.00,Nutriscore_D
ddde186e-cc98-5ef1-b33b-b834c6ceca35,b1a142ac-9927-5b85-b710-3def0a903937,"Atlantic herring, oily, raw",26238,2.68,0.00,0.22,0.03,0.00,0.00,0.00,0.04,0.00,0.01,0.11,14.90,7.32,0.21,38.00,0.00,10.03289444,0,1.94,0.86,5.28,0.14,1.15,2.60,1.75,11.74,0.06,10.44,-0.33,0.98,1.55,1.00,Nutriscore_A
9fb53991-9902-50b7-a373-4385d6a0e4bf,b1a142ac-9927-5b85-b710-3def0a903937,"Atlantic herring, raw",26011,2.68,0.00,0.22,0.03,0.00,0.00,0.00,0.04,0.00,0.01,0.11,14.90,7.32,0.21,38.00,0.00,10.03289444,0,1.94,0.86,5.28,0.14,1.15,2.60,1.75,11.74,0.06,10.44,-0.33,0.98,1.55,1.00,Nutriscore_A
4ca35335-cd99-512b-baff-f72ced3e058c,b1a142ac-9927-5b85-b710-3def0a903937,"Atlantic herring, smoked, fillet (packaging fixed)",25998,2.67,0.00,0.18,0.03,0.00,0.00,0.00,0.04,0.00,0.01,0.11,15.00,10.40,0.29,37.70,0.00,10.03289444,0,1.94,0.86,5.28,0.14,1.15,2.60,1.75,11.74,0.06,10.44,-0.33,0.98,1.55,1.00,Nutriscore_E
6bbe3f0a-b860-5fbb-9b9a-56212a54868d,b1a142ac-9927-5b85-b710-3def0a903937,"Atlantic herring, smoked, in oil (packaging fixed)",26232,2.67,0.00,0.18,0.03,0.00,0.00,0.00,0.04,0.00,0.01,0.11,15.00,10.40,0.29,37.70,0.00,10.03289444,0,1.94,0.86,5.28,0.14,1.15,2.60,1.75,11.74,0.06,10.44,-0.33,0.98,1.55,1.00,Nutriscore_E
f43c9d1c-ce16-5233-bd94-2ef025a9f328,b1a142ac-9927-5b85-b710-3def0a903937,"Atlantic herring, smoked, plain (packaging fixed)",26013,2.67,0.00,0.18,0.03,0.00,0.00,0.00,0.04,0.00,0.01,0.11,15.00,10.40,0.29,37.70,0.00,10.03289444,0,1.94,0.86,5.28,0.14,1.15,2.60,1.75,11.74,0.06,10.44,-0.33,0.98,1.55,1.00,Nutriscore_E
c5efcdd5-b64d-50c8-903f-0ee18985a329,94c1d61f-2aa6-5d70-b0b5-1118696bcb24,"Common dentex, raw",26103,12.00,0.00,0.29,0.24,0.00,0.00,0.00,0.32,0.00,0.08,0.86,69.30,16.20,0.47,160.00,0.00,1.527508178,0,1.94,0.86,5.28,0.14,1.15,2.60,1.75,11.74,0.06,10.44,-0.33,0.98,1.55,1.00,Nutriscore_A
7e9c550d-a5c0-55ea-88b5-b2063f29b16d,94c1d61f-2aa6-5d70-b0b5-1118696bcb24,"Garfish, raw",26166,2.28,0.00,0.22,0.02,0.00,0.00,0.00,0.03,0.00,0.01,0.08,13.10,6.79,0.21,33.50,0.00,1.527508178,0,1.94,0.86,5.28,0.14,1.15,2.60,1.75,11.74,0.06,10.44,-0.33,0.98,1.55,1.00,Nutriscore_A
a3055bb5-67d1-512f-8212-78cc14678589,94c1d61f-2aa6-5d70-b0b5-1118696bcb24,"Golden redfish, raw",26210,12.00,0.00,0.29,0.24,0.00,0.00,0.00,0.32,0.00,0.08,0.86,69.30,16.20,0.47,160.00,0.00,1.527508178,0,1.94,0.86,5.28,0.14,1.15,2.60,1.75,11.74,0.06,10.44,-0.33,0.98,1.55,1.00,Nutriscore_A
b412c87e-8c58-5e58-8270-09e94fac6862,94c1d61f-2aa6-5d70-b0b5-1118696bcb24,"John dory, raw",26104,12.00,0.00,0.29,0.24,0.00,0.00,0.00,0.32,0.00,0.08,0.86,69.30,16.20,0.47,160.00,0.00,1.527508178,0,1.94,0.86,5.28,0.14,1.15,2.60,1.75,11.74,0.06,10.44,-0.33,0.98,1.55,1.00,Nutriscore_A
3f592a91-8ced-543f-adc5-4e48821286e0,94c1d61f-2aa6-5d70-b0b5-1118696bcb24,"Red gurnard, raw",26106,7.48,0.00,0.27,0.13,0.00,0.00,0.00,0.17,0.00,0.04,0.46,54.90,13.10,0.71,101.00,0.00,1.527508178,0,1.94,0.86,5.28,0.14,1.15,2.60,1.75,11.74,0.06,10.44,-0.33,0.98,1.55,1.00,Nutriscore_A
c842f9a4-37d0-52f1-9609-2d2fac0acf8e,94c1d61f-2aa6-5d70-b0b5-1118696bcb24,"Salema, raw",26111,7.48,0.00,0.27,0.13,0.00,0.00,0.00,0.17,0.00,0.04,0.46,54.90,13.10,0.71,101.00,0.00,1.527508178,0,1.94,0.86,5.28,0.14,1.15,2.60,1.75,11.74,0.06,10.44,-0.33,0.98,1.55,1.00,Nutriscore_A
b8a03a39-c964-5b72-9436-61599a95532c,94c1d61f-2aa6-5d70-b0b5-1118696bcb24,"Spiny scorpionfish, raw",26063,12.00,0.00,0.29,0.24,0.00,0.00,0.00,0.32,0.00,0.08,0.86,69.30,16.20,0.47,160.00,0.00,1.527508178,0,1.94,0.86,5.28,0.14,1.15,2.60,1.75,11.74,0.06,10.44,-0.33,0.98,1.55,1.00,Nutriscore_A
e117d602-1476-55a3-9b65-d2417df92ad6,94c1d61f-2aa6-5d70-b0b5-1118696bcb24,"Spiny scorpionfish, steamed",26148,14.80,0.00,0.91,0.29,0.00,0.00,0.00,0.39,0.00,0.10,1.05,85.70,24.20,0.71,208.00,0.00,1.527508178,0,1.94,0.86,5.28,0.14,1.15,2.60,1.75,11.74,0.06,10.44,-0.33,0.98,1.55,1.00,Nutriscore_A
165b95d5-9cd7-5b16-872e-58aabf12c679,94c1d61f-2aa6-5d70-b0b5-1118696bcb24,"Tub gurnard, raw",26219,12.00,0.00,0.29,0.24,0.00,0.00,0.00,0.32,0.00,0.08,0.86,69.30,16.20,0.47,160.00,0.00,1.527508178,0,1.94,0.86,5.28,0.14,1.15,2.60,1.75,11.74,0.06,10.44,-0.33,0.98,1.55,1.00,Nutriscore_A
26152d07-19a2-50df-afd3-c3e3a6da7f2e,4af39453-db59-5d5f-a13e-2d654a91d56c,"Atlantic chub mackerel, raw",26102,2.62,0.00,0.22,0.03,0.00,0.00,0.00,0.04,0.00,0.01,0.11,14.50,7.15,0.21,37.20,0.00,3.973861425,0,1.94,0.86,5.28,0.14,1.15,2.60,1.75,11.74,0.06,10.44,-0.33,0.98,1.55,1.00,Nutriscore_A
1564ad82-e8d1-5a3f-8523-4b8b17165843,4af39453-db59-5d5f-a13e-2d654a91d56c,"Crevalle jack, raw",26157,4.69,0.00,0.26,0.07,0.00,0.00,0.00,0.09,0.00,0.02,0.24,34.10,11.90,0.48,64.10,0.00,3.973861425,0,1.94,0.86,5.28,0.14,1.15,2.60,1.75,11.74,0.06,10.44,-0.33,0.98,1.55,1.00,Nutriscore_A
b45e7d93-e31f-595d-999d-634580efdca9,4af39453-db59-5d5f-a13e-2d654a91d56c,"Horse mackerel, lean (spring, summer), raw",26235,2.62,0.00,0.22,0.03,0.00,0.00,0.00,0.04,0.00,0.01,0.11,14.50,7.15,0.21,37.20,0.00,3.973861425,0,1.94,0.86,5.28,0.14,1.15,2.60,1.75,11.74,0.06,10.44,-0.33,0.98,1.55,1.00,Nutriscore_A
989205a4-24da-523c-acaf-291fc15b4e58,4af39453-db59-5d5f-a13e-2d654a91d56c,"Horse mackerel, oily (autumn, winter), raw",26236,2.62,0.00,0.22,0.03,0.00,0.00,0.00,0.04,0.00,0.01,0.11,14.50,7.15,0.21,37.20,0.00,3.973861425,0,1.94,0.86,5.28,0.14,1.15,2.60,1.75,11.74,0.06,10.44,-0.33,0.98,1.55,1.00,Nutriscore_A
aaeb7371-64a6-54ce-aae0-a4f764e42135,4af39453-db59-5d5f-a13e-2d654a91d56c,"Horse mackerel, raw",26113,2.62,0.00,0.22,0.03,0.00,0.00,0.00,0.04,0.00,0.01,0.11,14.50,7.15,0.21,37.20,0.00,3.973861425,0,1.94,0.86,5.28,0.14,1.15,2.60,1.75,11.74,0.06,10.44,-0.33,0.98,1.55,1.00,Nutriscore_A
cc5886a0-4964-5fc2-9e85-8a3045e12f45,4af39453-db59-5d5f-a13e-2d654a91d56c,"Mackerel, canned in brine, drained",26123,4.55,0.00,0.58,0.05,0.00,0.00,0.00,0.06,0.00,0.02,0.16,27.30,19.30,0.46,67.20,0.00,3.973861425,0,1.94,0.86,5.28,0.14,1.15,2.60,1.75,11.74,0.06,10.44,-0.33,0.98,1.55,1.00,Nutriscore_B
79bafb6d-d7c0-55b4-bc63-4f8d53342c3f,4af39453-db59-5d5f-a13e-2d654a91d56c,"Mackerel, fillet, in mustard sauce, canned, drained",26096,4.55,0.00,0.58,0.05,0.00,0.00,0.00,0.06,0.00,0.02,0.16,27.30,19.30,0.46,67.20,0.00,3.973861425,0,1.94,0.86,5.28,0.14,1.15,2.60,1.75,11.74,0.06,10.44,-0.33,0.98,1.55,1.00,Nutriscore_C
5329748e-d873-5537-9baf-d648795b6503,4af39453-db59-5d5f-a13e-2d654a91d56c,"Mackerel, fillet, in tomato sauce, canned, drained",26086,4.55,0.00,0.58,0.05,0.00,0.00,0.00,0.06,0.00,0.02,0.16,27.30,19.30,0.46,67.20,0.00,3.973861425,0,1.94,0.86,5.28,0.14,1.15,2.60,1.75,11.74,0.06,10.44,-0.33,0.98,1.55,1.00,Nutriscore_A
94e53a9d-d6f4-52ef-bbc0-5e1be6f5c058,4af39453-db59-5d5f-a13e-2d654a91d56c,"Mackerel, fillet, in white wine, canned, drained",26097,4.54,0.00,1.30,0.03,0.00,0.00,0.00,0.05,0.00,0.01,0.11,29.70,34.30,0.57,81.50,0.00,3.973861425,0,1.94,0.86,5.28,0.14,1.15,2.60,1.75,11.74,0.06,10.44,-0.33,0.98,1.55,1.00,Nutriscore_B
4b1c80a1-a71d-5c4e-a6f0-7ea9692aa2a3,4af39453-db59-5d5f-a13e-2d654a91d56c,"Mackerel, fried",26020,3.33,0.00,0.40,0.04,0.00,0.00,0.00,0.05,0.00,0.01,0.13,18.70,16.10,0.37,50.40,0.00,3.973861425,0,1.94,0.86,5.28,0.14,1.15,2.60,1.75,11.74,0.06,10.44,-0.33,0.98,1.55,1.00,Nutriscore_A
a5c7cb71-fd01-5d65-94bd-61a39afbff29,4af39453-db59-5d5f-a13e-2d654a91d56c,"Mackerel, marinated",26186,2.72,0.00,0.22,0.03,0.00,0.00,0.00,0.04,0.00,0.01,0.11,14.70,7.33,0.23,38.50,0.00,3.973861425,0,1.94,0.86,5.28,0.14,1.15,2.60,1.75,11.74,0.06,10.44,-0.33,0.98,1.55,1.00,Nutriscore_D
5bc5a5dc-aaa4-5720-ad95-2f9dba57112b,4af39453-db59-5d5f-a13e-2d654a91d56c,"Mackerel, raw",26051,2.62,0.00,0.22,0.03,0.00,0.00,0.00,0.04,0.00,0.01,0.11,14.50,7.15,0.21,37.20,0.00,3.973861425,0,1.94,0.86,5.28,0.14,1.15,2.60,1.75,11.74,0.06,10.44,-0.33,0.98,1.55,1.00,Nutriscore_A
c762c52e-191e-5c5c-94d4-4280a00b9cca,4af39453-db59-5d5f-a13e-2d654a91d56c,"Mackerel, roasted/baked",26019,3.29,0.00,0.82,0.04,0.00,0.00,0.00,0.05,0.00,0.01,0.13,18.70,13.20,0.39,58.30,0.00,3.973861425,0,1.94,0.86,5.28,0.14,1.15,2.60,1.75,11.74,0.06,10.44,-0.33,0.98,1.55,1.00,Nutriscore_A
317c61dd-a831-5734-a4ab-22b47114b48c,4af39453-db59-5d5f-a13e-2d654a91d56c,"Mackerel, smoked",26087,2.61,0.00,0.18,0.03,0.00,0.00,0.00,0.04,0.00,0.01,0.11,14.60,10.20,0.29,36.80,0.00,3.973861425,0,1.94,0.86,5.28,0.14,1.15,2.60,1.75,11.74,0.06,10.44,-0.33,0.98,1.55,1.00,Nutriscore_D
5e8ab27f-7314-5936-8b80-eb43b80ec620,bb65d15a-69ce-50b9-8895-8871ac4d2eb2,"European perch, raw",27010,5.40,0.00,1.69,0.03,0.00,0.00,0.00,0.03,0.02,0.09,0.12,141.00,105.00,274.00,93.20,0.00,5.53444992,0,1.94,0.86,5.28,0.14,1.15,2.60,1.75,11.74,0.06,10.44,-0.33,0.98,1.55,1.00,Nutriscore_A
b3319e1a-cbd4-59c4-b891-463c4d978c00,bb65d15a-69ce-50b9-8895-8871ac4d2eb2,"European perch, roasted/baked",27005,6.68,0.00,2.62,0.03,0.00,0.00,0.00,0.04,0.03,0.12,0.15,173.00,133.00,335.00,127.00,0.00,5.53444992,0,1.94,0.86,5.28,0.14,1.15,2.60,1.75,11.74,0.06,10.44,-0.33,0.98,1.55,1.00,Nutriscore_A
ca334d0a-c6c8-5170-b71e-1759966ff79b,bb65d15a-69ce-50b9-8895-8871ac4d2eb2,"Nile perch, raw",27025,6.17,0.00,1.83,0.03,0.00,0.00,0.00,0.04,0.02,0.10,0.13,116.00,108.00,36.50,98.60,0.00,5.53444992,0,1.94,0.86,5.28,0.14,1.15,2.60,1.75,11.74,0.06,10.44,-0.33,0.98,1.55,1.00,Nutriscore_A
b93bb57e-8ea9-52b3-b68d-4976405cf348,f7a3d18f-53fb-541d-a33f-e1af0541eb89,"European plaice, breaded, fried",26002,14.90,0.00,0.48,0.29,0.00,0.00,0.00,0.39,0.00,0.10,1.05,85.70,23.50,0.62,201.00,0.00,12.45251232,0,1.94,0.86,5.28,0.14,1.15,2.60,1.75,11.74,0.06,10.44,-0.33,0.98,1.55,1.00,Nutriscore_A
0d218c07-6452-5123-b434-622464efd968,f7a3d18f-53fb-541d-a33f-e1af0541eb89,"European plaice, raw",26055,12.00,0.00,0.29,0.24,0.00,0.00,0.00,0.32,0.00,0.08,0.86,69.30,16.20,0.47,160.00,0.00,12.45251232,0,1.94,0.86,5.28,0.14,1.15,2.60,1.75,11.74,0.06,10.44,-0.33,0.98,1.55,1.00,Nutriscore_A
37c6cf80-9a44-5f07-bccf-d35b5dfea5e4,f7a3d18f-53fb-541d-a33f-e1af0541eb89,"European plaice, steamed",26003,14.80,0.00,0.91,0.29,0.00,0.00,0.00,0.39,0.00,0.10,1.05,85.70,24.20,0.71,208.00,0.00,12.45251232,0,1.94,0.86,5.28,0.14,1.15,2.60,1.75,11.74,0.06,10.44,-0.33,0.98,1.55,1.00,Nutriscore_A
c8dd7668-6d47-520a-bf50-93ab2b77ea45,af0a0d46-a35e-5dd5-ac53-f4325f88c374,"Ray, cooked in an aromatic stock",26073,14.80,0.00,0.91,0.29,0.00,0.00,0.00,0.39,0.00,0.10,1.05,85.70,24.20,0.71,208.00,0.00,0.211501132,0,1.94,0.86,5.28,0.14,1.15,2.60,1.75,11.74,0.06,10.44,-0.33,0.98,1.55,1.00,Nutriscore_A
2b6a978d-089b-552a-9300-ec49c979e7ae,af0a0d46-a35e-5dd5-ac53-f4325f88c374,"Ray, raw",26052,12.00,0.00,0.29,0.24,0.00,0.00,0.00,0.32,0.00,0.08,0.86,69.30,16.20,0.47,160.00,0.00,0.211501132,0,1.94,0.86,5.28,0.14,1.15,2.60,1.75,11.74,0.06,10.44,-0.33,0.98,1.55,1.00,Nutriscore_A
a1cd3397-43fe-5a18-96aa-f6c65586cb60,af0a0d46-a35e-5dd5-ac53-f4325f88c374,"Ray, roasted/baked",26031,14.80,0.00,0.91,0.29,0.00,0.00,0.00,0.39,0.00,0.10,1.05,85.70,24.20,0.71,208.00,0.00,0.211501132,0,1.94,0.86,5.28,0.14,1.15,2.60,1.75,11.74,0.06,10.44,-0.33,0.98,1.55,1.00,Nutriscore_A
32ce08d9-5d33-5f3f-862f-f46012aac732,a8453f93-2dfe-5c6a-824f-e349580388c3,"Rainbow trout, farmed, roasted/baked",27014,7.62,0.00,2.78,0.03,0.00,0.00,0.00,0.05,0.03,0.12,0.16,143.00,136.00,44.70,133.00,0.00,28.45188164,90.44630851,1.94,0.86,5.28,0.14,1.15,2.60,1.75,11.74,0.06,10.44,-0.33,0.98,1.55,1.00,Nutriscore_A
284a555f-cc56-5a10-bed4-26c73a346907,a8453f93-2dfe-5c6a-824f-e349580388c3,"Rainbow trout, farmed, steamed",27015,7.62,0.00,2.78,0.03,0.00,0.00,0.00,0.05,0.03,0.12,0.16,143.00,136.00,44.70,133.00,0.00,28.45188164,90.44630851,1.94,0.86,5.28,0.14,1.15,2.60,1.75,11.74,0.06,10.44,-0.33,0.98,1.55,1.00,Nutriscore_A
2a31b057-dbd0-5faf-8c19-4f77cbc81fbe,a8453f93-2dfe-5c6a-824f-e349580388c3,"Rainbow trout, raw, farmed",27009,6.17,0.00,1.83,0.03,0.00,0.00,0.00,0.04,0.02,0.10,0.13,116.00,108.00,36.50,98.60,0.00,28.45188164,90.44630851,1.94,0.86,5.28,0.14,1.15,2.60,1.75,11.74,0.06,10.44,-0.33,0.98,1.55,1.00,Nutriscore_A
20fe6752-1d0c-524a-8625-5f3fe569403d,a8453f93-2dfe-5c6a-824f-e349580388c3,"Salmon carpaccio, w marinade",25537,6.11,0.00,0.95,0.03,0.00,0.00,0.00,0.05,0.00,0.07,0.17,106.00,250.00,1.42,78.00,0.00,10.73215708,90.44630851,1.94,0.86,5.28,0.14,1.15,2.60,1.75,11.74,0.06,10.44,-0.33,0.98,1.55,1.00,Nutriscore_A
cab5c274-b5a4-552b-b910-f5ac8ce09b12,a8453f93-2dfe-5c6a-824f-e349580388c3,"Salmon trout, raw",27021,6.17,0.00,1.83,0.03,0.00,0.00,0.00,0.04,0.02,0.10,0.13,116.00,108.00,36.50,98.60,0.00,28.45188164,90.44630851,1.94,0.86,5.28,0.14,1.15,2.60,1.75,11.74,0.06,10.44,-0.33,0.98,1.55,1.00,Nutriscore_A
710284b5-392f-52eb-b167-3473a7901e8a,a8453f93-2dfe-5c6a-824f-e349580388c3,"Salmon, boiled/cooked in water, farmed",26217,7.01,0.00,1.21,0.03,0.00,0.00,0.00,0.05,0.00,0.09,0.20,125.00,279.00,1.48,92.00,0.00,10.73215708,90.44630851,1.94,0.86,5.28,0.14,1.15,2.60,1.75,11.74,0.06,10.44,-0.33,0.98,1.55,1.00,Nutriscore_A
3da17b7a-7221-578d-afe6-139db810ee2f,a8453f93-2dfe-5c6a-824f-e349580388c3,"Salmon, canned, drained",26119,9.10,0.00,1.15,0.04,0.00,0.00,0.00,0.07,0.01,0.09,0.23,143.00,291.00,2.04,107.00,0.00,10.73215708,90.44630851,1.94,0.86,5.28,0.14,1.15,2.60,1.75,11.74,0.06,10.44,-0.33,0.98,1.55,1.00,Nutriscore_A
7aab60d6-8bc7-5b80-b398-90678ddc8749,a8453f93-2dfe-5c6a-824f-e349580388c3,"Salmon, farmed, roasted/baked",26230,6.87,0.00,1.62,0.03,0.00,0.00,0.00,0.05,0.00,0.09,0.20,125.00,279.00,1.50,98.20,0.00,10.73215708,90.44630851,1.94,0.86,5.28,0.14,1.15,2.60,1.75,11.74,0.06,10.44,-0.33,0.98,1.55,1.00,Nutriscore_A
1e63bcd5-2d2a-550f-8b11-000d36553100,a8453f93-2dfe-5c6a-824f-e349580388c3,"Salmon, grilled/pan-fried",26229,6.91,0.00,1.20,0.03,0.00,0.00,0.00,0.05,0.00,0.09,0.20,125.00,282.00,1.48,90.30,0.00,10.73215708,90.44630851,1.94,0.86,5.28,0.14,1.15,2.60,1.75,11.74,0.06,10.44,-0.33,0.98,1.55,1.00,Nutriscore_A
7f1c6e05-7c93-5d95-94fd-80f97c5e9119,a8453f93-2dfe-5c6a-824f-e349580388c3,"Salmon, microwaved, farmed",26211,6.79,0.00,1.08,0.03,0.00,0.00,0.00,0.05,0.00,0.09,0.20,125.00,278.00,1.47,86.30,0.00,10.73215708,90.44630851,1.94,0.86,5.28,0.14,1.15,2.60,1.75,11.74,0.06,10.44,-0.33,0.98,1.55,1.00,Nutriscore_A
d5594ea5-8e9e-5a26-9ac6-04beb87205ee,a8453f93-2dfe-5c6a-824f-e349580388c3,"Salmon, raw, farmed",26036,5.55,0.00,0.88,0.03,0.00,0.00,0.00,0.04,0.00,0.07,0.17,102.00,225.00,1.12,69.80,0.00,10.73215708,90.44630851,1.94,0.86,5.28,0.14,1.15,2.60,1.75,11.74,0.06,10.44,-0.33,0.98,1.55,1.00,Nutriscore_A
7d705365-18c1-54fa-959e-6fc37f912185,a8453f93-2dfe-5c6a-824f-e349580388c3,"Salmon, smoked (packaging fixed)",26037,7.36,0.00,2.15,0.04,0.00,0.00,0.00,0.06,0.00,0.10,0.22,136.00,300.00,1.56,113.00,0.00,10.73215708,90.44630851,1.94,0.86,5.28,0.14,1.15,2.60,1.75,11.74,0.06,10.44,-0.33,0.98,1.55,1.00,Nutriscore_D
3d280824-2ba5-55f4-973c-8b7d40809c8a,a8453f93-2dfe-5c6a-824f-e349580388c3,"Salmon, steamed",26038,6.87,0.00,1.62,0.03,0.00,0.00,0.00,0.05,0.00,0.09,0.20,125.00,279.00,1.50,98.20,0.00,10.73215708,90.44630851,1.94,0.86,5.28,0.14,1.15,2.60,1.75,11.74,0.06,10.44,-0.33,0.98,1.55,1.00,Nutriscore_A
0e11e466-b80a-5ecf-8d54-7c29af260f87,a8453f93-2dfe-5c6a-824f-e349580388c3,"Sea trout, raw",26092,6.17,0.00,1.83,0.03,0.00,0.00,0.00,0.04,0.02,0.10,0.13,116.00,108.00,36.50,98.60,0.00,28.45188164,90.44630851,1.94,0.86,5.28,0.14,1.15,2.60,1.75,11.74,0.06,10.44,-0.33,0.98,1.55,1.00,Nutriscore_A
64562c18-6184-530e-b968-fafe3189514e,a8453f93-2dfe-5c6a-824f-e349580388c3,"Trout, farmed, raw",27008,5.68,0.00,1.68,0.03,0.00,0.00,0.00,0.03,0.02,0.09,0.12,106.00,98.40,33.30,91.00,0.00,28.45188164,90.44630851,1.94,0.86,5.28,0.14,1.15,2.60,1.75,11.74,0.06,10.44,-0.33,0.98,1.55,1.00,Nutriscore_A
217ef67f-f0f1-5315-99b4-2a7139d4bae0,a8453f93-2dfe-5c6a-824f-e349580388c3,"Trout, farmed, smoked (packaging fixed)",27029,6.58,0.00,3.39,0.03,0.00,0.00,0.00,0.04,0.02,0.11,0.13,127.00,121.00,40.40,134.00,0.00,28.45188164,90.44630851,1.94,0.86,5.28,0.14,1.15,2.60,1.75,11.74,0.06,10.44,-0.33,0.98,1.55,1.00,Nutriscore_D
f07192ff-adb1-5f05-8d9d-703d3cc0e6d0,a8453f93-2dfe-5c6a-824f-e349580388c3,"Trout, roasted/baked",27006,7.03,0.00,2.60,0.03,0.00,0.00,0.00,0.04,0.02,0.11,0.15,130.00,125.00,40.70,124.00,0.00,28.45188164,90.44630851,1.94,0.86,5.28,0.14,1.15,2.60,1.75,11.74,0.06,10.44,-0.33,0.98,1.55,1.00,Nutriscore_A
ab11d7a9-32d7-54ed-8950-09b748d3d6de,a8453f93-2dfe-5c6a-824f-e349580388c3,"Trout, steamed",27007,7.03,0.00,2.60,0.03,0.00,0.00,0.00,0.04,0.02,0.11,0.15,130.00,125.00,40.70,124.00,0.00,28.45188164,90.44630851,1.94,0.86,5.28,0.14,1.15,2.60,1.75,11.74,0.06,10.44,-0.33,0.98,1.55,1.00,Nutriscore_A
02afb0ab-034d-52a7-acda-e46c82915fd3,2443976d-de5b-5dbb-bded-8bee25bf0017,"European pilchard or sardine, fillets without fishbone, in olive oil, canned, drained",26231,2.78,0.00,0.58,0.02,0.00,0.00,0.00,0.05,0.00,0.01,0.14,41.40,266.00,9.42,50.20,0.00,23.47805243,0,1.94,0.86,5.28,0.14,1.15,2.60,1.75,11.74,0.06,10.44,-0.33,0.98,1.55,1.00,Nutriscore_B
2877455e-e748-5f24-a772-d20a6fbcda06,2443976d-de5b-5dbb-bded-8bee25bf0017,"European pilchard or sardine, grilled",26136,2.87,0.00,0.82,0.03,0.00,0.00,0.00,0.04,0.00,0.01,0.10,17.10,12.70,0.40,53.80,0.00,23.47805243,0,1.94,0.86,5.28,0.14,1.15,2.60,1.75,11.74,0.06,10.44,-0.33,0.98,1.55,1.00,Nutriscore_A
b7820f88-6146-58ad-8ee8-7622730c3f47,2443976d-de5b-5dbb-bded-8bee25bf0017,"European pilchard or sardine, in oil, canned, drained (packaging fixed)",26034,2.78,0.00,0.58,0.02,0.00,0.00,0.00,0.05,0.00,0.01,0.14,41.40,266.00,9.42,50.20,0.00,23.47805243,0,1.94,0.86,5.28,0.14,1.15,2.60,1.75,11.74,0.06,10.44,-0.33,0.98,1.55,1.00,Nutriscore_B
2d8fdaee-eaf4-55ba-a992-a8327be4300d,2443976d-de5b-5dbb-bded-8bee25bf0017,"European pilchard or sardine, in olive oil, canned, drained",26040,3.77,0.00,0.88,0.03,0.00,0.00,0.00,0.04,0.00,0.01,0.12,36.60,182.00,6.37,65.30,0.00,23.47805243,0,1.94,0.86,5.28,0.14,1.15,2.60,1.75,11.74,0.06,10.44,-0.33,0.98,1.55,1.00,Nutriscore_B
0f38f986-c808-5ac3-befa-8643c7eead25,2443976d-de5b-5dbb-bded-8bee25bf0017,"European pilchard or sardine, in tomato sauce, canned, drained",26035,2.78,0.00,0.58,0.02,0.00,0.00,0.00,0.05,0.00,0.01,0.14,41.40,266.00,9.42,50.20,0.00,23.47805243,0,1.94,0.86,5.28,0.14,1.15,2.60,1.75,11.74,0.06,10.44,-0.33,0.98,1.55,1.00,Nutriscore_B
8c662a04-2240-5c80-952c-1fc9333fa5e7,2443976d-de5b-5dbb-bded-8bee25bf0017,"European pilchard or sardine, raw",26065,2.28,0.00,0.22,0.02,0.00,0.00,0.00,0.03,0.00,0.01,0.08,13.10,6.79,0.21,33.50,0.00,23.47805243,0,1.94,0.86,5.28,0.14,1.15,2.60,1.75,11.74,0.06,10.44,-0.33,0.98,1.55,1.00,Nutriscore_A
d0cbbb60-d079-5818-8a61-039c482e8ca7,2443976d-de5b-5dbb-bded-8bee25bf0017,"Pilchard, in tomato sauce, canned, drained",26027,2.78,0.00,0.58,0.02,0.00,0.00,0.00,0.05,0.00,0.01,0.14,41.40,266.00,9.42,50.20,0.00,23.47805243,0,1.94,0.86,5.28,0.14,1.15,2.60,1.75,11.74,0.06,10.44,-0.33,0.98,1.55,1.00,Nutriscore_B
4f7cfd26-29d0-5758-884d-f6f89a83fa23,c3a1324d-b0de-51b0-addb-6239a2a0157e,"Anglerfish, grilled",26081,14.80,0.00,0.91,0.29,0.00,0.00,0.00,0.39,0.00,0.10,1.05,85.70,24.20,0.71,208.00,0.00,4.741980274,90.44630851,1.94,0.86,5.28,0.14,1.15,2.60,1.75,11.74,0.06,10.44,-0.33,0.98,1.55,1.00,Nutriscore_A
8bc24cd8-bca7-5a46-b1c3-0d3d9fdd7d6a,c3a1324d-b0de-51b0-addb-6239a2a0157e,"Anglerfish, raw",26018,12.00,0.00,0.29,0.24,0.00,0.00,0.00,0.32,0.00,0.08,0.86,69.30,16.20,0.47,160.00,0.00,4.741980274,90.44630851,1.94,0.86,5.28,0.14,1.15,2.60,1.75,11.74,0.06,10.44,-0.33,0.98,1.55,1.00,Nutriscore_A
9abbaaee-e57d-5b75-a842-ec33242ef3ca,c3a1324d-b0de-51b0-addb-6239a2a0157e,"Brown bullhead, raw",27017,12.30,0.00,1.50,0.06,0.00,0.00,0.00,0.06,0.00,0.55,0.23,134.00,183.00,2.62,173.00,0.00,4.741980274,90.44630851,1.94,0.86,5.28,0.14,1.15,2.60,1.75,11.74,0.06,10.44,-0.33,0.98,1.55,1.00,Nutriscore_A
758f8b62-8ceb-5ef4-82bc-d2edb21a0cee,c3a1324d-b0de-51b0-addb-6239a2a0157e,"Pangasius, filets, cooked",27018,18.10,0.00,2.30,0.06,0.00,0.00,0.00,0.09,0.03,0.04,0.23,289.00,267.00,481.00,197.00,0.00,4.741980274,90.44630851,1.94,0.86,5.28,0.14,1.15,2.60,1.75,11.74,0.06,10.44,-0.33,0.98,1.55,1.00,Nutriscore_A
5ca1d8d5-16c6-5a13-8ff7-7bfca8865cc4,c3a1324d-b0de-51b0-addb-6239a2a0157e,Spotted wolffish,26172,12.00,0.00,0.29,0.24,0.00,0.00,0.00,0.32,0.00,0.08,0.86,69.30,16.20,0.47,160.00,0.00,0.613795574,0,1.94,0.86,5.28,0.14,1.15,2.60,1.75,11.74,0.06,10.44,-0.33,0.98,1.55,1.00,Nutriscore_A
0d0669ed-adb2-5b09-aea7-d0e77303fe81,34e1317d-3cdb-5104-8538-228ed0097151,"Blue shark, fillet, without skin, raw",26241,12.00,0.00,0.29,0.24,0.00,0.00,0.00,0.32,0.00,0.08,0.86,69.30,16.20,0.47,160.00,0.00,3.320669952,0,1.94,0.86,5.28,0.14,1.15,2.60,1.75,11.74,0.06,10.44,-0.33,0.98,1.55,1.00,Nutriscore_A
3890235f-35a0-5d35-9897-d5037031e6b1,34e1317d-3cdb-5104-8538-228ed0097151,"Nursehound or lesser spotted dogfish, cooked",26033,14.80,0.00,0.91,0.29,0.00,0.00,0.00,0.39,0.00,0.10,1.05,85.70,24.20,0.71,208.00,0.00,3.320669952,0,1.94,0.86,5.28,0.14,1.15,2.60,1.75,11.74,0.06,10.44,-0.33,0.98,1.55,1.00,Nutriscore_A
da2550ed-2e42-531e-a3b1-c2a799bdbdd3,34e1317d-3cdb-5104-8538-228ed0097151,"Nursehound or lesser spotted dogfish, raw",26074,12.00,0.00,0.29,0.24,0.00,0.00,0.00,0.32,0.00,0.08,0.86,69.30,16.20,0.47,160.00,0.00,3.320669952,0,1.94,0.86,5.28,0.14,1.15,2.60,1.75,11.74,0.06,10.44,-0.33,0.98,1.55,1.00,Nutriscore_A
bce7026f-cef3-5fef-a7b1-342d455d2e2b,34e1317d-3cdb-5104-8538-228ed0097151,"Shark, raw",26162,12.00,0.00,0.29,0.24,0.00,0.00,0.00,0.32,0.00,0.08,0.86,69.30,16.20,0.47,160.00,0.00,3.320669952,0,1.94,0.86,5.28,0.14,1.15,2.60,1.75,11.74,0.06,10.44,-0.33,0.98,1.55,1.00,Nutriscore_A
63148105-bb7b-5b8a-96ab-5f755fac16d1,e4b7e987-880c-512f-abf1-c769d2a70f1f,"Big-scale sand smelt (whole small fish), to fry, raw",26240,1.81,0.00,0.21,0.01,0.00,0.00,0.00,0.02,0.00,0.00,0.05,10.20,6.45,0.19,27.60,0.00,49.81004928,0,1.94,0.86,5.28,0.14,1.15,2.60,1.75,11.74,0.06,10.44,-0.33,0.98,1.55,1.00,Nutriscore_A
57fb4839-9872-5ad4-bc3e-f9e7fb550723,e4b7e987-880c-512f-abf1-c769d2a70f1f,"Capelin, raw",26108,9.38,0.00,0.26,0.19,0.00,0.00,0.00,0.26,0.00,0.06,0.68,53.60,11.90,0.35,125.00,0.00,49.81004928,0,1.94,0.86,5.28,0.14,1.15,2.60,1.75,11.74,0.06,10.44,-0.33,0.98,1.55,1.00,Nutriscore_A
01aba639-c26a-5d2d-9e46-d606b88a732f,e4b7e987-880c-512f-abf1-c769d2a70f1f,"Pond smelt, raw",26083,2.28,0.00,0.22,0.02,0.00,0.00,0.00,0.03,0.00,0.01,0.08,13.10,6.79,0.21,33.50,0.00,49.81004928,0,1.94,0.86,5.28,0.14,1.15,2.60,1.75,11.74,0.06,10.44,-0.33,0.98,1.55,1.00,Nutriscore_A
76d7ffda-6a3d-5957-b09d-7d127e107964,3cf1027a-7995-574a-8fcc-177061dd908f,"European sprat, raw",26173,2.28,0.00,0.22,0.02,0.00,0.00,0.00,0.03,0.00,0.01,0.08,13.10,6.79,0.21,33.50,0.00,654.6463619,0,1.94,0.86,5.28,0.14,1.15,2.60,1.75,11.74,0.06,10.44,-0.33,0.98,1.55,1.00,Nutriscore_A
0c6eb936-7869-512d-af92-7927b6ec14dd,02904c48-63b6-58b6-b106-81fd81f1c100,"Swordfish, raw",26082,4.69,0.00,0.26,0.07,0.00,0.00,0.00,0.09,0.00,0.02,0.24,34.10,11.90,0.48,64.10,0.00,0.046696921,0,1.94,0.86,5.28,0.14,1.15,2.60,1.75,11.74,0.06,10.44,-0.33,0.98,1.55,1.00,Nutriscore_A
7ecdb6a7-93be-5c0a-9cd1-e13175f344c7,02904c48-63b6-58b6-b106-81fd81f1c100,"Swordfish, roasted/baked",26093,5.82,0.00,0.87,0.08,0.00,0.00,0.00,0.12,0.00,0.03,0.30,42.70,19.00,0.72,91.30,0.00,0.046696921,0,1.94,0.86,5.28,0.14,1.15,2.60,1.75,11.74,0.06,10.44,-0.33,0.98,1.55,1.00,Nutriscore_A
9e97184a-57f5-594e-b2ad-14bca6c6f945,fcbd862b-0a7e-50f7-85be-ce56ce4494db,"Albacore, in olive oil, canned, drained",26179,10.10,0.00,1.16,0.18,0.00,0.00,0.00,0.26,0.00,0.07,0.71,83.00,300.00,10.70,150.00,0.00,0.417439086,0,1.94,0.86,5.28,0.14,1.15,2.60,1.75,11.74,0.06,10.44,-0.33,0.98,1.55,1.00,Nutriscore_A
9f833a60-1cc1-51fd-9f10-34bd952c3287,fcbd862b-0a7e-50f7-85be-ce56ce4494db,"Albacore, raw",26076,9.38,0.00,0.26,0.19,0.00,0.00,0.00,0.26,0.00,0.06,0.68,53.60,11.90,0.35,125.00,0.00,0.417439086,0,1.94,0.86,5.28,0.14,1.15,2.60,1.75,11.74,0.06,10.44,-0.33,0.98,1.55,1.00,Nutriscore_A
fa822487-369a-5367-8363-1aa087fb9320,fcbd862b-0a7e-50f7-85be-ce56ce4494db,"Albacore, steamed under pressure",26077,11.70,0.00,0.86,0.23,0.00,0.00,0.00,0.31,0.00,0.08,0.84,66.50,15.30,0.49,167.00,0.00,0.417439086,0,1.94,0.86,5.28,0.14,1.15,2.60,1.75,11.74,0.06,10.44,-0.33,0.98,1.55,1.00,Nutriscore_A
41bd809c-9780-5021-9b32-8b5acb6a0752,fcbd862b-0a7e-50f7-85be-ce56ce4494db,"Skipjack tuna, raw",26068,4.95,0.00,0.24,0.09,0.00,0.00,0.00,0.11,0.00,0.03,0.31,28.50,8.53,0.31,68.10,0.00,0.417439086,0,1.94,0.86,5.28,0.14,1.15,2.60,1.75,11.74,0.06,10.44,-0.33,0.98,1.55,1.00,Nutriscore_A
34affab0-8620-5caa-9fde-9d72ccf476a7,fcbd862b-0a7e-50f7-85be-ce56ce4494db,"Tuna, flaked, in oil, canned, drained",26245,6.75,0.00,0.44,0.09,0.00,0.00,0.00,0.13,0.01,0.04,0.40,95.50,53.30,12.60,91.30,0.00,0.417439086,0,1.94,0.86,5.28,0.14,1.15,2.60,1.75,11.74,0.06,10.44,-0.33,0.98,1.55,1.00,Nutriscore_A
9969c845-3009-5c32-9357-3e30ef7c8c2f,fcbd862b-0a7e-50f7-85be-ce56ce4494db,"Tuna, flaked, in tomato sauce, canned, drained",26242,5.99,0.00,0.41,0.09,0.00,0.00,0.00,0.12,0.00,0.03,0.36,38.90,21.10,0.58,85.00,0.00,0.417439086,0,1.94,0.86,5.28,0.14,1.15,2.60,1.75,11.74,0.06,10.44,-0.33,0.98,1.55,1.00,Nutriscore_D
accc79ea-93d9-5c84-9f38-31a801fa9aae,fcbd862b-0a7e-50f7-85be-ce56ce4494db,"Tuna, in Catalan-style or in tomato sauce, canned",26243,6.47,0.00,0.44,0.09,0.00,0.00,0.00,0.12,0.00,0.04,0.37,59.70,148.00,0.74,88.40,0.00,0.417439086,0,1.94,0.86,5.28,0.14,1.15,2.60,1.75,11.74,0.06,10.44,-0.33,0.98,1.55,1.00,Nutriscore_B
5bdf0e6b-0a35-5488-9a37-254e9aef78ef,fcbd862b-0a7e-50f7-85be-ce56ce4494db,"Tuna, in sunflower oil, canned, drained",26180,6.47,0.00,0.44,0.09,0.00,0.00,0.00,0.12,0.00,0.04,0.37,59.70,148.00,0.74,88.40,0.00,0.417439086,0,1.94,0.86,5.28,0.14,1.15,2.60,1.75,11.74,0.06,10.44,-0.33,0.98,1.55,1.00,Nutriscore_A
0216c673-fdb0-5d63-a1cd-e131d6d0b4a6,fcbd862b-0a7e-50f7-85be-ce56ce4494db,"Tuna, plain, canned, drained",26039,5.88,0.00,0.39,0.09,0.00,0.00,0.00,0.12,0.00,0.03,0.36,38.00,20.00,0.55,82.90,0.00,0.417439086,0,1.94,0.86,5.28,0.14,1.15,2.60,1.75,11.74,0.06,10.44,-0.33,0.98,1.55,1.00,Nutriscore_A
50bd26d9-29f1-511a-b25a-6c70afa1c61b,fcbd862b-0a7e-50f7-85be-ce56ce4494db,"Tuna, raw",26053,4.98,0.00,0.24,0.09,0.00,0.00,0.00,0.12,0.00,0.03,0.31,28.60,8.57,0.31,68.40,0.00,0.417439086,0,1.94,0.86,5.28,0.14,1.15,2.60,1.75,11.74,0.06,10.44,-0.33,0.98,1.55,1.00,Nutriscore_A
0f515ca0-09aa-5819-9592-61d8d99516e2,fcbd862b-0a7e-50f7-85be-ce56ce4494db,"Tuna, roasted/baked",26041,6.17,0.00,0.85,0.11,0.00,0.00,0.00,0.14,0.00,0.04,0.38,36.00,14.90,0.52,96.40,0.00,0.417439086,0,1.94,0.86,5.28,0.14,1.15,2.60,1.75,11.74,0.06,10.44,-0.33,0.98,1.55,1.00,Nutriscore_A
d12950ea-ed33-5f89-b28d-fd5cf46e729f,fcbd862b-0a7e-50f7-85be-ce56ce4494db,"Yellowfin tuna, canned in brine, drained",26181,6.26,0.00,0.15,0.09,0.00,0.00,0.00,0.13,0.00,0.03,0.33,37.70,13.30,0.38,77.60,0.00,0.417439086,0,1.94,0.86,5.28,0.14,1.15,2.60,1.75,11.74,0.06,10.44,-0.33,0.98,1.55,1.00,Nutriscore_A
bf0608ed-a3d0-5411-8800-c4c7241856fe,fcbd862b-0a7e-50f7-85be-ce56ce4494db,"Yellowfin tuna, raw",26064,4.98,0.00,0.24,0.09,0.00,0.00,0.00,0.12,0.00,0.03,0.31,28.60,8.57,0.31,68.40,0.00,0.417439086,0,1.94,0.86,5.28,0.14,1.15,2.60,1.75,11.74,0.06,10.44,-0.33,0.98,1.55,1.00,Nutriscore_A
16c9fcf3-d368-5a7d-93e7-3bd66ec97d4a,b784540c-df7c-5975-96b3-67b488136c20,"Snapper, cooked",26147,5.82,0.00,0.87,0.08,0.00,0.00,0.00,0.12,0.00,0.03,0.30,42.70,19.00,0.72,91.30,0.00,7.471507392,0,1.94,0.86,5.28,0.14,1.15,2.60,1.75,11.74,0.06,10.44,-0.33,0.98,1.55,1.00,Nutriscore_A
59a48d66-f6d9-55fa-8dbb-0a4f9c1e19cc,b784540c-df7c-5975-96b3-67b488136c20,"Snapper, raw",26146,4.69,0.00,0.26,0.07,0.00,0.00,0.00,0.09,0.00,0.02,0.24,34.10,11.90,0.48,64.10,0.00,7.471507392,0,1.94,0.86,5.28,0.14,1.15,2.60,1.75,11.74,0.06,10.44,-0.33,0.98,1.55,1.00,Nutriscore_A
d1e08753-6325-5863-9fdf-d39ca0754e39,5fb5a1d3-1971-5826-8436-711e51f687c6,"Caribbean-style fish fritters, fish acras",25433,5.92,0.00,1.23,0.10,0.00,0.00,0.00,0.13,0.00,0.04,0.37,41.70,56.30,0.67,97.10,0.00,2.235034972,0,1.94,0.86,5.28,0.14,1.15,2.60,1.75,11.74,0.06,10.44,-0.33,0.98,1.55,1.00,Nutriscore_D
7a167e5a-1863-5ebf-8c81-f02e4d40c906,5fb5a1d3-1971-5826-8436-711e51f687c6,"Fish, breaded, fried",26030,9.23,0.00,1.23,0.17,0.00,0.00,0.00,0.23,0.00,0.06,0.63,58.40,41.60,0.56,141.00,0.00,2.235034972,0,1.94,0.86,5.28,0.14,1.15,2.60,1.75,11.74,0.06,10.44,-0.33,0.98,1.55,1.00,Nutriscore_C
6b1edd29-47b1-5dc6-92e2-25ff3e8f910b,5fb5a1d3-1971-5826-8436-711e51f687c6,"Fish, breaded, frozen, raw",26029,8.84,0.00,1.47,0.16,0.00,0.00,0.00,0.22,0.00,0.06,0.60,58.40,44.80,0.52,143.00,0.00,2.235034972,0,1.94,0.86,5.28,0.14,1.15,2.60,1.75,11.74,0.06,10.44,-0.33,0.98,1.55,1.00,Nutriscore_B
ae2143fa-daea-5f64-adce-cb6f52a2bb23,5fb5a1d3-1971-5826-8436-711e51f687c6,"Fish, croquette, fritter or nuggets, fried",26028,8.84,0.00,1.23,0.16,0.00,0.00,0.00,0.22,0.00,0.06,0.59,63.80,47.40,0.66,137.00,0.00,2.235034972,0,1.94,0.86,5.28,0.14,1.15,2.60,1.75,11.74,0.06,10.44,-0.33,0.98,1.55,1.00,Nutriscore_C
8f8e1780-ef57-58df-8c89-a563948e82e9,800c4ae1-f51d-5bff-9375-d8d5c5944146,"Taramasalata, prepacked",8293,1.96,0.00,0.68,0.01,0.00,0.00,0.00,0.02,0.00,0.01,0.07,23.40,116.00,0.59,31.90,0.00,2.246842704,0,1.94,0.86,5.28,0.14,1.15,2.60,1.75,11.74,0.06,10.44,-0.33,0.98,1.55,1.00,Nutriscore_D
0f9b44ac-17f2-5c59-92ca-b0b357a0fd59,1530fa52-48fd-5ef1-8ca3-22638f2a7662,Fish terrine,8291,8.57,0.00,0.81,0.15,0.00,0.00,0.00,0.21,0.00,0.05,0.58,60.60,63.70,0.62,120.00,0.00,8.723412126,74.19291092,1.94,0.86,5.28,0.14,1.15,2.60,1.75,11.74,0.06,10.44,-0.33,0.98,1.55,1.00,Nutriscore_C
b321f7ce-cea7-5be4-ba31-cd6fcb3d8eb4,1530fa52-48fd-5ef1-8ca3-22638f2a7662,"Rillette, fish",8080,3.55,0.00,0.80,0.04,0.00,0.00,0.00,0.06,0.00,0.02,0.18,31.80,60.70,0.58,55.50,0.00,8.723412126,74.19291092,1.94,0.86,5.28,0.14,1.15,2.60,1.75,11.74,0.06,10.44,-0.33,0.98,1.55,1.00,Nutriscore_C
6ed1e586-730f-535c-bb88-6b7e1edd9442,1530fa52-48fd-5ef1-8ca3-22638f2a7662,"Rillettes, mackerel",8083,7.96,0.00,0.74,0.14,0.00,0.00,0.00,0.19,0.00,0.05,0.54,58.10,78.70,1.81,115.00,0.00,2.538496984,0.633229069,1.94,0.86,5.28,0.14,1.15,2.60,1.75,11.74,0.06,10.44,-0.33,0.98,1.55,1.00,Nutriscore_D
d92f6ca1-0f60-5da7-a119-ef7905eab51e,1530fa52-48fd-5ef1-8ca3-22638f2a7662,"Rillettes, salmon",8081,7.96,0.00,0.74,0.14,0.00,0.00,0.00,0.19,0.00,0.05,0.54,58.10,78.70,1.81,115.00,0.00,8.723412126,74.19291092,1.94,0.86,5.28,0.14,1.15,2.60,1.75,11.74,0.06,10.44,-0.33,0.98,1.55,1.00,Nutriscore_D
fc88cec9-b821-5f84-8bdb-6eaf2200eccc,1530fa52-48fd-5ef1-8ca3-22638f2a7662,"Rillettes, tuna",8082,3.55,0.00,0.80,0.04,0.00,0.00,0.00,0.06,0.00,0.02,0.18,31.80,60.70,0.58,55.50,0.00,1.211770412,0.003664814,1.94,0.86,5.28,0.14,1.15,2.60,1.75,11.74,0.06,10.44,-0.33,0.98,1.55,1.00,Nutriscore_C
ee60aae0-c72e-5d03-a7a0-f55b0edce9ce,339de9a2-49c6-5193-afb1-c6729539e938,"Seafood terrine, with or without fish",8292,8.57,0.00,0.81,0.15,0.00,0.00,0.00,0.21,0.00,0.05,0.58,60.60,63.70,0.62,120.00,0.00,2.500339223,0.183383093,1.94,0.86,5.28,0.14,1.15,2.60,1.75,11.74,0.06,10.44,-0.33,0.98,1.55,1.00,Nutriscore_C
06276cb5-440f-5f44-a26d-baf26f0bca71,77a6c984-5aaf-563e-93da-81ea14bd2165,"Mediterranean mussel, raw",10026,5.33,0.00,0.91,0.03,0.00,0.00,0.00,0.02,0.00,0.01,0.10,26.20,243.00,0.97,82.00,0.00,4.184833879,0,2.60,4.68,38.05,0.21,4.68,9.45,23.93,33.38,0.15,44.55,-1.00,25.39,28.40,13.31,Nutriscore_A
05a79e01-fa4e-557f-ac49-498a2d1f2980,77a6c984-5aaf-563e-93da-81ea14bd2165,"Mussel, boiled/cooked in water",10013,5.92,0.00,1.88,0.04,0.00,0.00,0.00,0.03,0.00,0.01,0.12,31.70,298.00,0.85,102.00,0.00,4.184833879,0,2.60,4.68,38.05,0.21,4.68,9.45,23.93,33.38,0.15,44.55,-1.00,25.39,28.40,13.31,Nutriscore_A
bc252d8d-a08e-5faa-8752-edad431ee316,77a6c984-5aaf-563e-93da-81ea14bd2165,"Mussel, canned, drained",10028,7.03,0.00,0.67,0.04,0.00,0.00,0.00,0.05,0.01,0.01,0.15,66.40,310.00,1.33,88.90,0.00,4.184833879,0,2.60,4.68,38.05,0.21,4.68,9.45,23.93,33.38,0.15,44.55,-1.00,25.39,28.40,13.31,Nutriscore_C
f339420d-9f6c-57b4-bf9e-81aba9cbd739,77a6c984-5aaf-563e-93da-81ea14bd2165,"Mussel, common, raw",10014,5.33,0.00,0.91,0.03,0.00,0.00,0.00,0.02,0.00,0.01,0.10,26.20,243.00,0.97,82.00,0.00,4.184833879,0,2.60,4.68,38.05,0.21,4.68,9.45,23.93,33.38,0.15,44.55,-1.00,25.39,28.40,13.31,Nutriscore_A
9240abec-07f2-5daa-b743-eae0226564c8,77a6c984-5aaf-563e-93da-81ea14bd2165,"Mussels, filled (fat, parsley and garlic)",10083,3.48,0.00,0.89,0.03,0.00,0.00,0.00,0.03,0.00,0.01,0.11,32.80,292.00,0.64,57.90,0.00,4.184833879,0,2.60,4.68,38.05,0.21,4.68,9.45,23.93,33.38,0.15,44.55,-1.00,25.39,28.40,13.31,Nutriscore_D
731b84db-ff55-5537-a9f4-0816ef5456a9,77a6c984-5aaf-563e-93da-81ea14bd2165,"Mussels, in a shallot and white wine broth",10082,3.48,0.00,0.89,0.03,0.00,0.00,0.00,0.03,0.00,0.01,0.11,32.80,292.00,0.64,57.90,0.00,4.184833879,0,2.60,4.68,38.05,0.21,4.68,9.45,23.93,33.38,0.15,44.55,-1.00,25.39,28.40,13.31,Nutriscore_A
0b5a1499-a387-5f8a-bf72-860c22911b51,77a6c984-5aaf-563e-93da-81ea14bd2165,"Mussels, in Catalan-style sauce or marinade (tomatoes), canned, drained",10081,4.95,0.00,2.00,0.04,0.00,0.00,0.00,0.03,0.00,0.01,0.12,49.90,296.00,0.94,96.50,0.00,4.184833879,0,2.60,4.68,38.05,0.21,4.68,9.45,23.93,33.38,0.15,44.55,-1.00,25.39,28.40,13.31,Nutriscore_B
9946c453-2469-5e91-aff9-d3370e0fefba,e1735ab4-2576-5378-a73d-55b7ea9b886f,"European oyster, raw",10036,5.33,0.00,0.91,0.03,0.00,0.00,0.00,0.02,0.00,0.01,0.10,26.20,243.00,0.97,82.00,0.00,6.357910881,0,2.60,4.68,38.05,0.21,4.68,9.45,23.93,33.38,0.15,44.55,-1.00,25.39,28.40,13.31,Nutriscore_B
aaa88416-324f-5362-9ef5-9219a670b281,e1735ab4-2576-5378-a73d-55b7ea9b886f,"Oyster, raw",10011,5.33,0.00,0.91,0.03,0.00,0.00,0.00,0.02,0.00,0.01,0.10,26.20,243.00,0.97,82.00,0.00,6.357910881,0,2.60,4.68,38.05,0.21,4.68,9.45,23.93,33.38,0.15,44.55,-1.00,25.39,28.40,13.31,Nutriscore_C
0324f196-5927-5235-85b7-2471321531d4,e1735ab4-2576-5378-a73d-55b7ea9b886f,"Pacific oyster, raw",10035,5.33,0.00,0.91,0.03,0.00,0.00,0.00,0.02,0.00,0.01,0.10,26.20,243.00,0.97,82.00,0.00,6.357910881,0,2.60,4.68,38.05,0.21,4.68,9.45,23.93,33.38,0.15,44.55,-1.00,25.39,28.40,13.31,Nutriscore_C
58a09e43-d906-5175-bd8f-60589e6378e4,04931864-16c6-5b49-ab1c-63ce16702b51,"American or Canadian sea scallop, without coral, raw",10048,9.89,0.00,0.52,0.14,0.00,0.00,0.00,0.18,0.00,0.05,0.51,80.80,24.80,0.44,124.00,0.00,41.84953912,0,2.60,4.68,38.05,0.21,4.68,9.45,23.93,33.38,0.15,44.55,-1.00,25.39,28.40,13.31,Nutriscore_A
531fe19d-2fc9-5dd6-85fd-36290920b946,04931864-16c6-5b49-ab1c-63ce16702b51,"Peru sea scallop, without coral, raw",10049,9.89,0.00,0.52,0.14,0.00,0.00,0.00,0.18,0.00,0.05,0.51,80.80,24.80,0.44,124.00,0.00,41.84953912,0,2.60,4.68,38.05,0.21,4.68,9.45,23.93,33.38,0.15,44.55,-1.00,25.39,28.40,13.31,Nutriscore_A
9248d0a5-a913-55d9-b824-e52b0c799664,04931864-16c6-5b49-ab1c-63ce16702b51,"Scallop, with coral, cooked",10004,11.80,0.00,0.88,0.17,0.00,0.00,0.00,0.22,0.00,0.06,0.62,98.60,30.50,0.45,151.00,0.00,41.84953912,0,2.60,4.68,38.05,0.21,4.68,9.45,23.93,33.38,0.15,44.55,-1.00,25.39,28.40,13.31,Nutriscore_A
126b1df7-2982-5f0e-b350-cd5871a53f04,04931864-16c6-5b49-ab1c-63ce16702b51,"Scallop, with coral, raw",10003,9.89,0.00,0.52,0.14,0.00,0.00,0.00,0.18,0.00,0.05,0.51,80.80,24.80,0.44,124.00,0.00,41.84953912,0,2.60,4.68,38.05,0.21,4.68,9.45,23.93,33.38,0.15,44.55,-1.00,25.39,28.40,13.31,Nutriscore_A
8ce9fc57-249a-5efc-8831-77bec522c8e0,04931864-16c6-5b49-ab1c-63ce16702b51,"Scallop, without coral, raw",10045,9.89,0.00,0.52,0.14,0.00,0.00,0.00,0.18,0.00,0.05,0.51,80.80,24.80,0.44,124.00,0.00,41.84953912,0,2.60,4.68,38.05,0.21,4.68,9.45,23.93,33.38,0.15,44.55,-1.00,25.39,28.40,13.31,Nutriscore_A
b0b87dec-6048-516c-8ef3-6d065773a7bd,d0a05a9e-9e66-5468-ba17-c0560b1c2d3c,"Squid, boiled/cooked in water",10037,6.86,0.00,0.50,0.13,0.00,0.00,0.00,0.18,0.00,0.04,0.48,39.30,9.73,0.27,97.50,0.00,156.6861562,0,2.60,4.68,38.05,0.21,4.68,9.45,23.93,33.38,0.15,44.55,-1.00,25.39,28.40,13.31,Nutriscore_C
c0f7d34b-ce66-5b24-9366-5a887b9efa14,d0a05a9e-9e66-5468-ba17-c0560b1c2d3c,"Squid, fried or pan-fried with fat",10084,6.78,0.00,0.40,0.13,0.00,0.00,0.00,0.18,0.00,0.04,0.48,39.70,12.90,0.27,94.40,0.00,156.6861562,0,2.60,4.68,38.05,0.21,4.68,9.45,23.93,33.38,0.15,44.55,-1.00,25.39,28.40,13.31,Nutriscore_A
3064be33-51b1-5873-8888-cbc11bb1f184,d0a05a9e-9e66-5468-ba17-c0560b1c2d3c,"Squid, raw",10001,6.11,0.00,0.27,0.11,0.00,0.00,0.00,0.15,0.00,0.04,0.39,34.10,8.03,0.30,79.70,0.00,156.6861562,0,2.60,4.68,38.05,0.21,4.68,9.45,23.93,33.38,0.15,44.55,-1.00,25.39,28.40,13.31,Nutriscore_A
8205eb10-beb6-5bed-b80d-431e7e4a321c,46c8e346-71f3-500a-a7c0-ba458881b179,Biscuit for baby,24689,3.03,0.00,0.55,0.01,0.00,0.00,0.00,0.02,0.00,0.01,0.10,33.60,96.80,1.82,50.00,0.00,0.011773862,2.349393255,0.02,0.05,0.60,0.05,0.46,1.08,0.25,1.70,0.02,0.97,-0.10,0.07,0.08,0.09,0
fed34da5-350d-52cb-a9a5-226e664d99cb,e515bb6a-1ae4-5b1c-935c-f2f56388c308,Dairy cereal-based beverage for baby's breakfast,13173,0.86,0.00,0.22,0.00,0.00,0.00,0.00,0.01,0.00,0.01,0.03,8.54,40.60,0.17,10.50,0.00,0.00712805,1.422353466,0.00,0.00,0.04,0.00,0.03,0.07,0.02,0.13,0.00,0.05,-0.01,0.00,0.00,0.01,0
ec76e2a6-afc7-55e6-a75b-976b57769ecd,e515bb6a-1ae4-5b1c-935c-f2f56388c308,Dairy cereal-based beverage for baby's breakfast from 12 months,13170,0.86,0.00,0.22,0.00,0.00,0.00,0.00,0.01,0.00,0.01,0.03,8.54,40.60,0.17,10.50,0.00,0.00712805,1.422353466,0.00,0.00,0.04,0.00,0.03,0.07,0.02,0.13,0.00,0.05,-0.01,0.00,0.00,0.01,0
ad271f87-eb1a-5fad-ba12-09930b7a89a7,e515bb6a-1ae4-5b1c-935c-f2f56388c308,Dairy cereal-based beverage for baby's breakfast from 4/6 months,13163,0.86,0.00,0.22,0.00,0.00,0.00,0.00,0.01,0.00,0.01,0.03,8.54,40.60,0.17,10.50,0.00,0.00712805,1.422353466,0.00,0.00,0.04,0.00,0.03,0.07,0.02,0.13,0.00,0.05,-0.01,0.00,0.00,0.01,0
dfea9e29-dcbb-5ed0-a7df-21316bf330bf,e515bb6a-1ae4-5b1c-935c-f2f56388c308,Dairy cereal-based beverage for baby's breakfast from 8/9 months,13169,0.86,0.00,0.22,0.00,0.00,0.00,0.00,0.01,0.00,0.01,0.03,8.54,40.60,0.17,10.50,0.00,0.00712805,1.422353466,0.00,0.00,0.04,0.00,0.03,0.07,0.02,0.13,0.00,0.05,-0.01,0.00,0.00,0.01,0
27bf5b75-0eb3-5167-8aaa-b25cba4c8023,e515bb6a-1ae4-5b1c-935c-f2f56388c308,Dairy cereal-based beverage with fruits for baby's snack from 4/6 months,13162,0.85,0.00,0.15,0.00,0.00,0.00,0.00,0.01,0.00,0.01,0.03,8.44,40.50,0.17,9.01,0.00,0.00712805,1.422353466,0.00,0.00,0.04,0.00,0.03,0.07,0.02,0.13,0.00,0.05,-0.01,0.00,0.00,0.01,0
f9b19899-bdaa-5167-864a-b929061385dc,e515bb6a-1ae4-5b1c-935c-f2f56388c308,Dairy cereal-based beverage with vegetables for baby's dinner from 4/6 months,13161,0.86,0.00,0.22,0.00,0.00,0.00,0.00,0.01,0.00,0.01,0.03,8.54,40.60,0.17,10.50,0.00,0.00712805,1.422353466,0.00,0.00,0.04,0.00,0.03,0.07,0.02,0.13,0.00,0.05,-0.01,0.00,0.00,0.01,0
857d392f-952a-510a-a248-ecde97a64da0,ccb6df3c-b180-5378-9704-316756fd5b04,Instant cereal (powder to be reconstituted) for baby from 4/6 months,13167_1,2.20,0.00,0.27,0.01,0.00,0.00,0.00,0.02,0.00,0.07,0.08,22.10,244.00,1.05,24.00,0.00,0,0,0.02,0.05,0.60,0.05,0.46,1.08,0.25,1.70,0.02,0.97,-0.10,0.07,0.08,0.09,0
ed827ce3-d1cd-52f1-8b4c-dc5b27fa24fc,ccb6df3c-b180-5378-9704-316756fd5b04,Instant cereal (powder to be reconstituted) for baby from 6 months,13168_1,2.20,0.00,0.27,0.01,0.00,0.00,0.00,0.02,0.00,0.07,0.08,22.10,244.00,1.05,24.00,0.00,0,0,0.02,0.05,0.60,0.05,0.46,1.08,0.25,1.70,0.02,0.97,-0.10,0.07,0.08,0.09,0
8050dea6-fc4d-5a05-a951-c3d249225da9,ccb6df3c-b180-5378-9704-316756fd5b04,"Instant cereal for baby from 4/6 months, rehydrated with milk at consumer step",13167_2,0.91,0.00,0.26,0.00,0.00,0.00,0.00,0.01,0.00,0.01,0.03,10.80,51.10,0.32,12.80,0.00,0,0,0.02,0.05,0.60,0.05,0.46,1.08,0.25,1.70,0.02,0.97,-0.10,0.07,0.08,0.09,0
33b1d874-22fe-575e-84da-0ad6e816fd47,ccb6df3c-b180-5378-9704-316756fd5b04,"Instant cereal for baby from 6 months, rehydrated with milk at consumer step",13168_2,0.91,0.00,0.26,0.00,0.00,0.00,0.00,0.01,0.00,0.01,0.03,10.80,51.10,0.32,12.80,0.00,0,0,0.02,0.05,0.60,0.05,0.46,1.08,0.25,1.70,0.02,0.97,-0.10,0.07,0.08,0.09,0
2201cf54-659b-5301-9157-63a098e47c00,f67bf655-ce93-5b62-98a5-f14cbc3f27df,"Baby milk, follow on milk, ready to feed",19014,0.80,0.00,0.25,0.00,0.00,0.00,0.00,0.01,0.00,0.00,0.02,9.83,33.60,0.26,11.70,0.00,0.008081225,1.612552969,0.00,0.00,0.04,0.00,0.03,0.07,0.02,0.13,0.00,0.05,-0.01,0.00,0.00,0.01,0
7b4d85e0-249f-5388-8eb2-91e1da984a3c,f67bf655-ce93-5b62-98a5-f14cbc3f27df,"Baby milk, growing up milk, ready to feed",19012_1,0.68,0.00,0.14,0.00,0.00,0.00,0.00,0.01,0.00,0.00,0.02,9.10,33.40,0.25,8.35,0.00,0.008081225,1.612552969,0.00,0.00,0.04,0.00,0.03,0.07,0.02,0.13,0.00,0.05,-0.01,0.00,0.00,0.01,0
5fca0600-9a07-54f9-a90f-1d75dc0af300,72913258-27ea-5eab-93d6-1ffd9bd4a303,"Baby milk, growing up milk, powder, rehydrated with water at consumer step",19012_2,1.09,0.00,0.07,0.00,0.00,0.00,0.00,0.01,0.00,0.00,0.05,14.50,54.80,0.27,5.15,0.00,0.057137116,11.40131909,0.00,0.00,0.04,0.00,0.03,0.07,0.02,0.13,0.00,0.05,-0.01,0.00,0.00,0.01,0
39d2026e-d531-50c7-99e9-48b2e1cbcfc6,b46caec4-bf12-5deb-8f6b-35ff1d056e73,"Baby milk, second age, powder, non rehydrated",3002_1,8.05,0.00,0.50,0.02,0.00,0.00,0.00,0.09,0.00,0.03,0.40,107.00,406.00,1.98,38.10,0.00,0.064649801,12.90042375,0.00,0.00,0.04,0.00,0.03,0.07,0.02,0.13,0.00,0.05,-0.01,0.00,0.00,0.01,0
03a3589d-c5ce-5382-9db1-420d599e46d3,b46caec4-bf12-5deb-8f6b-35ff1d056e73,"Baby milk, second age, powder, rehydrated at consumer",3002_2,1.09,0.00,0.07,0.00,0.00,0.00,0.00,0.01,0.00,0.00,0.05,14.50,54.80,0.27,5.15,0.00,0.064649801,12.90042375,0.00,0.00,0.04,0.00,0.03,0.07,0.02,0.13,0.00,0.05,-0.01,0.00,0.00,0.01,0
2465891f-5122-518c-9d93-a82aa09f8325,9432674c-3994-5200-b494-f6350bb601c4,"Baby milk, first age, powder, rehydrated at consumer",3000_2,1.09,0.00,0.07,0.00,0.00,0.00,0.00,0.01,0.00,0.00,0.05,14.50,54.80,0.27,5.15,0.00,0.005356605,1.068873664,0.00,0.00,0.04,0.00,0.03,0.07,0.02,0.13,0.00,0.05,-0.01,0.00,0.00,0.01,0
a9d9c99f-5b92-52d2-adb3-0a52d114edd3,9432674c-3994-5200-b494-f6350bb601c4,"Baby milk, first milk, ready to feed",19013,0.80,0.00,0.25,0.00,0.00,0.00,0.00,0.01,0.00,0.00,0.02,9.83,33.60,0.26,11.70,0.00,0.005356605,1.068873664,0.00,0.00,0.04,0.00,0.03,0.07,0.02,0.13,0.00,0.05,-0.01,0.00,0.00,0.01,0
760b06b9-f948-50da-966c-58d73aafdca7,5cc4183f-9e65-5fad-a42a-00863fa601fc,"Baby milk, first age, powder, non rehydrated",3000_1,8.05,0.00,0.50,0.02,0.00,0.00,0.00,0.09,0.00,0.03,0.40,107.00,406.00,1.98,38.10,0.00,0.042852837,8.550989316,0.00,0.00,0.04,0.00,0.03,0.07,0.02,0.13,0.00,0.05,-0.01,0.00,0.00,0.01,0
b8f8ef7d-feb7-56ca-9f8f-fc91eca4240a,1806c032-9229-5991-8a76-286a545de1d1,"Fruit mousse, refrigerated",39228,2.28,0.00,0.78,0.01,0.00,0.00,0.00,0.04,0.00,0.01,0.15,60.30,120.00,1.78,35.20,0.00,0,0,0.00,0.00,0.04,0.00,0.03,0.07,0.02,0.13,0.00,0.05,-0.01,0.00,0.00,0.01,0
6e17cba2-9f3f-50b7-a1ee-68a8e2ffab55,1806c032-9229-5991-8a76-286a545de1d1,Fruit-based beverage for baby from 4/6 months,13159,0.82,0.00,0.15,0.00,0.00,0.00,0.00,0.01,0.00,0.00,0.02,41.10,32.60,9.86,12.40,0.00,0,0,0.02,0.05,0.60,0.05,0.46,1.08,0.25,1.70,0.02,0.97,-0.10,0.07,0.08,0.09,0
b423bf4c-fd13-5d16-87c4-ba9df3c6a932,1806c032-9229-5991-8a76-286a545de1d1,"Fruits batter-pudding, refrigerated",39216,2.10,0.00,0.69,0.01,0.00,0.00,0.00,0.02,0.00,0.01,0.06,89.90,834.00,5.62,33.80,0.00,0,0,0.00,0.00,0.04,0.00,0.03,0.07,0.02,0.13,0.00,0.05,-0.01,0.00,0.00,0.01,0
7c0cbd16-2a38-5dc5-a3a0-4e2122c2c5a6,a3632ca0-c8f2-540b-8a00-14dcdefa7a4f,"Vegetable dish for baby, with milk/cream and starch, from 12 months",20251,1.21,0.00,0.64,0.00,0.00,0.00,0.00,0.01,0.00,0.00,0.03,13.60,56.00,1.26,27.70,0.00,0.071328088,0.453783227,0.02,0.05,0.60,0.05,0.46,1.08,0.25,1.70,0.02,0.97,-0.10,0.07,0.08,0.09,0
a3ebc3cd-e914-5a09-80e4-f25b5423bd8e,a3632ca0-c8f2-540b-8a00-14dcdefa7a4f,"Vegetable dish for baby, with milk/cream and starch, from 18 months",20254,1.21,0.00,0.64,0.00,0.00,0.00,0.00,0.01,0.00,0.00,0.03,13.60,56.00,1.26,27.70,0.00,0.071328088,0.453783227,0.02,0.05,0.60,0.05,0.46,1.08,0.25,1.70,0.02,0.97,-0.10,0.07,0.08,0.09,0
b3fa1ea3-9867-552b-9867-cfef44e2793d,a3632ca0-c8f2-540b-8a00-14dcdefa7a4f,"Vegetable dish for baby, with milk/cream and starch, from 6-8 months",20249,1.21,0.00,0.64,0.00,0.00,0.00,0.00,0.01,0.00,0.00,0.03,13.60,56.00,1.26,27.70,0.00,0.071328088,0.453783227,0.02,0.05,0.60,0.05,0.46,1.08,0.25,1.70,0.02,0.97,-0.10,0.07,0.08,0.09,0
3e30edd3-b054-566e-b4a2-79239521866b,a3632ca0-c8f2-540b-8a00-14dcdefa7a4f,"Vegetable dish for baby, with milk/cream and starch, from 8-12 months",20250,1.21,0.00,0.64,0.00,0.00,0.00,0.00,0.01,0.00,0.00,0.03,13.60,56.00,1.26,27.70,0.00,0.071328088,0.453783227,0.02,0.05,0.60,0.05,0.46,1.08,0.25,1.70,0.02,0.97,-0.10,0.07,0.08,0.09,0
aa8ed872-7b54-5b3a-8626-58f1203f0d03,a6138882-6db2-5777-a549-b24e5df6d4ce,"Vegetable dish for baby, w meat/fish and starch, from 12 months",42605,2.25,0.00,0.61,0.03,0.00,0.00,0.00,0.04,0.00,0.01,0.12,18.80,50.50,1.28,41.80,0.00,17.09589501,7.485431617,0.02,0.05,0.60,0.05,0.46,1.08,0.25,1.70,0.02,0.97,-0.10,0.07,0.08,0.09,0
cd024f51-34f4-566c-b930-04f95e5918e4,a6138882-6db2-5777-a549-b24e5df6d4ce,"Vegetable dish for baby, w meat/fish and starch, from 18 months",42606,2.25,0.00,0.61,0.03,0.00,0.00,0.00,0.04,0.00,0.01,0.12,18.80,50.50,1.28,41.80,0.00,17.09589501,7.485431617,0.02,0.05,0.60,0.05,0.46,1.08,0.25,1.70,0.02,0.97,-0.10,0.07,0.08,0.09,0
2054656b-f85a-5ead-a9fc-636aaa3007af,a6138882-6db2-5777-a549-b24e5df6d4ce,"Vegetable dish for baby, w meat/fish and starch, from 6-8 months",42603,2.25,0.00,0.61,0.03,0.00,0.00,0.00,0.04,0.00,0.01,0.12,18.80,50.50,1.28,41.80,0.00,17.09589501,7.485431617,0.02,0.05,0.60,0.05,0.46,1.08,0.25,1.70,0.02,0.97,-0.10,0.07,0.08,0.09,0
c96e76f4-de5a-5d18-9865-b835b1050aeb,a6138882-6db2-5777-a549-b24e5df6d4ce,"Vegetable dish for baby, w meat/fish and starch, from 8-12 months",42604,2.25,0.00,0.61,0.03,0.00,0.00,0.00,0.04,0.00,0.01,0.12,18.80,50.50,1.28,41.80,0.00,17.09589501,7.485431617,0.02,0.05,0.60,0.05,0.46,1.08,0.25,1.70,0.02,0.97,-0.10,0.07,0.08,0.09,0
3591c644-431b-508a-8a2e-435a66049b81,ef2fb2aa-b24d-5f30-b103-b928af5e3d8c,"Soup for baby, with vegetables and potatoes",20252,0.80,0.00,0.56,0.00,0.00,0.00,0.00,0.00,0.00,0.00,0.01,4.27,8.51,0.27,23.30,0.00,0,0,0.02,0.05,0.60,0.05,0.46,1.08,0.25,1.70,0.02,0.97,-0.10,0.07,0.08,0.09,0
aa7231af-2c90-5211-bc25-ee03eecd26f7,ef2fb2aa-b24d-5f30-b103-b928af5e3d8c,"Soup for baby, with vegetables, cereals and milk",20253,0.86,0.00,0.57,0.00,0.00,0.00,0.00,0.00,0.00,0.00,0.01,6.54,13.70,0.43,24.10,0.00,0,0,0.02,0.05,0.60,0.05,0.46,1.08,0.25,1.70,0.02,0.97,-0.10,0.07,0.08,0.09,0
42c05c0b-df8a-5557-810f-a0062769f31a,ef2fb2aa-b24d-5f30-b103-b928af5e3d8c,"Vegetable dish for baby, with starch, from 6-8 months",20248,1.09,0.00,0.60,0.00,0.00,0.00,0.00,0.01,0.00,0.00,0.03,12.70,52.90,1.33,26.80,0.00,0,0,0.02,0.05,0.60,0.05,0.46,1.08,0.25,1.70,0.02,0.97,-0.10,0.07,0.08,0.09,0
1eb6edcb-4b69-5d39-8e7e-b2d850425295,4c65e757-203c-50d7-bdd9-b02a1feaad64,Baby food jar with banana,13157,1.57,0.00,0.52,0.00,0.00,0.00,0.00,0.01,0.00,0.00,0.02,11.20,21.00,1.31,31.70,0.00,0.017849364,3.561718075,0.00,0.00,0.04,0.00,0.03,0.07,0.02,0.13,0.00,0.05,-0.01,0.00,0.00,0.01,0
8afd1f75-a364-57a5-9696-eec7cf5bd182,4c65e757-203c-50d7-bdd9-b02a1feaad64,"Baby food jar with vegetables and starch, from 4-6 months",20247,1.21,0.00,0.65,0.00,0.00,0.00,0.00,0.01,0.00,0.00,0.02,21.70,26.00,0.67,28.00,0.00,0.017849364,3.561718075,0.00,0.00,0.04,0.00,0.03,0.07,0.02,0.13,0.00,0.05,-0.01,0.00,0.00,0.01,0
30c82478-c336-58b8-a4b5-a161d757d862,4c65e757-203c-50d7-bdd9-b02a1feaad64,"Baby food jar with vegetables, from 4-6 months",20246,1.21,0.00,0.65,0.00,0.00,0.00,0.00,0.01,0.00,0.00,0.02,21.70,26.00,0.67,28.00,0.00,0.017849364,3.561718075,0.00,0.00,0.04,0.00,0.03,0.07,0.02,0.13,0.00,0.05,-0.01,0.00,0.00,0.01,0
60ad6549-e348-5a8f-ac65-8c2336623962,4c65e757-203c-50d7-bdd9-b02a1feaad64,Baby food jar without banana,13158,1.57,0.00,0.52,0.00,0.00,0.00,0.00,0.01,0.00,0.00,0.02,11.20,21.00,1.31,31.70,0.00,0.017849364,3.561718075,0.00,0.00,0.04,0.00,0.03,0.07,0.02,0.13,0.00,0.05,-0.01,0.00,0.00,0.01,0
11365b96-a372-502b-a3d8-eef986296b75,4c65e757-203c-50d7-bdd9-b02a1feaad64,"Dairy dessert for baby, custard type",13164,2.49,0.00,0.62,0.01,0.00,0.00,0.00,0.02,0.00,0.01,0.08,17.60,63.10,0.94,34.30,0.00,0.017849364,3.561718075,0.00,0.00,0.04,0.00,0.03,0.07,0.02,0.13,0.00,0.05,-0.01,0.00,0.00,0.01,0
281f1f97-d461-520e-8bbe-b484abe9ebc4,28fc746e-99a2-5e88-ad8a-93abb21fe84f,"Dairy dessert for baby, plain with sugar or with fruits",13166,2.49,0.00,0.62,0.01,0.00,0.00,0.00,0.02,0.00,0.01,0.08,17.60,63.10,0.94,34.30,0.00,0.007820238,1.5604748,0.00,0.00,0.04,0.00,0.03,0.07,0.02,0.13,0.00,0.05,-0.01,0.00,0.00,0.01,0
3a1294ff-bc7c-597a-8e40-eccb82443cac,e8955f73-8ff5-5e04-b380-4b889d50e261,"Dairy dessert for baby, with rice or semolina",13165,2.49,0.00,0.62,0.01,0.00,0.00,0.00,0.02,0.00,0.01,0.08,17.60,63.10,0.94,34.30,0.00,0.030330854,6.052313518,0.00,0.00,0.04,0.00,0.03,0.07,0.02,0.13,0.00,0.05,-0.01,0.00,0.00,0.01,0
7bab3873-c8fa-5e50-97ba-ca10a4e85770,2c5d78d0-299b-5ae3-bee9-7672b6c8fd0e,"Blackberry, frozen, raw",13150,1.24,0.00,0.77,0.01,0.00,0.00,0.00,0.03,0.00,0.01,0.14,118.00,113.00,5.14,26.90,0.00,0,0,0.04,0.09,0.50,0.10,0.45,1.17,0.57,2.86,0.02,2.34,-0.10,0.88,0.79,1.20,Nutriscore_A
20bc9da0-cab1-5ade-b1d2-6e6525355f04,2c5d78d0-299b-5ae3-bee9-7672b6c8fd0e,"Blackberry, raw",13029,0.97,0.00,0.06,0.01,0.00,0.00,0.00,0.03,0.00,0.01,0.13,117.00,111.00,5.04,9.68,0.00,0,0,0.04,0.09,0.50,0.10,0.45,1.17,0.57,2.86,0.02,2.34,-0.10,0.88,0.79,1.20,Nutriscore_A
7f780851-02f7-520b-a98f-de27ae19639f,4e6c6283-46e3-5314-9b43-41a9ab5081f8,"Blueberry, frozen, raw",13132,1.19,0.00,0.78,0.01,0.00,0.00,0.00,0.02,0.00,0.03,0.07,223.00,212.00,0.46,27.20,0.00,0,0,0.04,0.09,0.50,0.10,0.45,1.17,0.57,2.86,0.02,2.34,-0.10,0.88,0.79,1.20,Nutriscore_A
cacc0b14-c34b-5649-8352-3e4d4b9f815e,4e6c6283-46e3-5314-9b43-41a9ab5081f8,"Blueberry, raw",13028,0.92,0.00,0.07,0.00,0.00,0.00,0.00,0.02,0.00,0.03,0.06,222.00,210.00,0.36,9.91,0.00,0,0,0.04,0.09,0.50,0.10,0.45,1.17,0.57,2.86,0.02,2.34,-0.10,0.88,0.79,1.20,Nutriscore_A
d076dc5e-377d-5b58-8054-1ed44cf434d0,2460dfb4-a768-50b6-88de-d16ae591a483,"Cranberry, raw",13113,1.63,0.00,0.10,0.01,0.00,0.00,0.00,0.02,0.01,0.01,0.07,297.00,118.00,27.90,20.30,0.00,0,0,0.04,0.09,0.50,0.10,0.45,1.17,0.57,2.86,0.02,2.34,-0.10,0.88,0.79,1.20,Nutriscore_A
50551068-077e-5399-9903-3467b32a3d9c,34221e5c-cca4-5d52-851f-a0ace23f7d9a,"Black currant, raw",13007,1.90,0.00,0.32,0.01,0.00,0.00,0.00,0.01,0.00,0.00,0.03,22.80,26.70,1.24,33.70,0.00,0,0,0.04,0.09,0.50,0.10,0.45,1.17,0.57,2.86,0.02,2.34,-0.10,0.88,0.79,1.20,Nutriscore_A
acba7309-47de-542d-bb34-f36447a1f108,34221e5c-cca4-5d52-851f-a0ace23f7d9a,"Red currant, raw",13019,1.89,0.00,0.28,0.01,0.00,0.00,0.00,0.01,0.00,0.00,0.03,22.70,26.60,1.24,32.80,0.00,0,0,0.04,0.09,0.50,0.10,0.45,1.17,0.57,2.86,0.02,2.34,-0.10,0.88,0.79,1.20,Nutriscore_A
f467a4f2-90c0-50bd-9a74-8d55612b72db,c03ee573-b28f-5d7f-a9f4-b1dbf01b3d92,"Elderberry, berries, raw",13126,0.92,0.00,0.07,0.00,0.00,0.00,0.00,0.02,0.00,0.01,0.11,22.00,99.30,0.17,8.61,0.00,0,0,0.04,0.09,0.50,0.10,0.45,1.17,0.57,2.86,0.02,2.34,-0.10,0.88,0.79,1.20,Nutriscore_A
fb238283-040d-5329-ac21-f5af5acbac63,34c25061-01db-54b1-8e04-e95a5d93d4fe,"Gooseberry, raw",13020,1.40,0.00,0.20,0.01,0.00,0.00,0.00,0.01,0.00,0.00,0.03,247.00,21.90,3.58,23.40,0.00,0,0,0.04,0.09,0.50,0.10,0.45,1.17,0.57,2.86,0.02,2.34,-0.10,0.88,0.79,1.20,Nutriscore_A
34053a14-ba9f-5144-960b-b75ec1920060,922ecb0e-3963-5c9c-969a-5330ed0f3518,"Black mulberry, raw",13071,1.25,0.00,0.08,0.01,0.00,0.00,0.00,0.04,0.00,0.02,0.16,142.00,134.00,6.11,11.80,0.00,0,0,0.04,0.09,0.50,0.10,0.45,1.17,0.57,2.86,0.02,2.34,-0.10,0.88,0.79,1.20,Nutriscore_A
38400b1f-ab9f-592c-ad80-8c55fb7eb53c,b0e6f9aa-46c8-5e9a-bac0-c26c7a362443,"Raspberry, coulis",4,3.06,0.00,0.42,0.02,0.00,0.00,0.00,0.05,0.00,0.02,0.19,179.00,144.00,4.17,39.50,0.00,0,0,0.04,0.09,0.50,0.10,0.45,1.17,0.57,2.86,0.02,2.34,-0.10,0.88,0.79,1.20,Nutriscore_C
dcaf9e1c-f7d8-52c8-aed8-0d92d2738f59,b0e6f9aa-46c8-5e9a-bac0-c26c7a362443,"Raspberry, frozen, raw",13136,1.82,0.00,0.79,0.01,0.00,0.00,0.00,0.04,0.00,0.02,0.18,82.50,120.00,2.45,33.20,0.00,0,0,0.04,0.09,0.50,0.10,0.45,1.17,0.57,2.86,0.02,2.34,-0.10,0.88,0.79,1.20,Nutriscore_A
064f7df8-dbc5-5ccf-8d41-493c666c6eb5,b0e6f9aa-46c8-5e9a-bac0-c26c7a362443,"Raspberry, raw",13015,1.55,0.00,0.04,0.01,0.00,0.00,0.00,0.04,0.00,0.02,0.18,81.00,118.00,2.35,15.20,0.00,0,0,0.04,0.09,0.50,0.10,0.45,1.17,0.57,2.86,0.02,2.34,-0.10,0.88,0.79,1.20,Nutriscore_A
57192502-7e42-5e4b-8592-4e2d6abfe740,b0e6f9aa-46c8-5e9a-bac0-c26c7a362443,"Red berries (raspberries, strawberries, red currants, black currants) , raw",13997,1.55,0.00,0.04,0.01,0.00,0.00,0.00,0.04,0.00,0.02,0.18,81.00,118.00,2.35,15.20,0.00,0,0,0.04,0.09,0.50,0.10,0.45,1.17,0.57,2.86,0.02,2.34,-0.10,0.88,0.79,1.20,Nutriscore_A
c4a31e3d-6c07-5b1d-8f05-80cb5ffcc7be,163a9913-a4b4-5b9a-bdbd-3bd10c5c82f9,"Strawberry, coulis",3,3.24,0.00,0.60,0.01,0.00,0.00,0.00,0.02,0.00,0.01,0.07,118.00,141.00,11.00,47.10,0.00,0,0,0.04,0.09,0.50,0.10,0.45,1.17,0.57,2.86,0.02,2.34,-0.10,0.88,0.79,1.20,Nutriscore_A
1a7ac4b6-2664-51a4-a2f3-75a27fe23a12,163a9913-a4b4-5b9a-bdbd-3bd10c5c82f9,"Strawberry, in-season, raw",13014_2,0.51,0.00,0.09,0.00,0.00,0.00,0.00,0.01,0.00,0.00,0.03,12.00,63.60,4.68,7.74,0.00,0,0,0.04,0.09,0.50,0.10,0.45,1.17,0.57,2.86,0.02,2.34,-0.10,0.88,0.79,1.20,Nutriscore_A
7112e91a-e94b-5fab-867d-f17d3325cc58,163a9913-a4b4-5b9a-bdbd-3bd10c5c82f9,"Strawberry, off-season, raw",13014_3,0.59,0.00,0.09,0.00,0.00,0.00,0.00,0.01,0.00,0.01,0.03,12.60,114.00,12.00,8.93,0.00,0,0,0.04,0.09,0.50,0.10,0.45,1.17,0.57,2.86,0.02,2.34,-0.10,0.88,0.79,1.20,Nutriscore_A
d689c64d-db92-54a1-a6e9-b08a1bff7cad,163a9913-a4b4-5b9a-bdbd-3bd10c5c82f9,"Strawberry, raw",13014_1,0.53,0.00,0.09,0.00,0.00,0.00,0.00,0.01,0.00,0.00,0.03,12.20,77.40,6.66,8.06,0.00,0,0,0.04,0.09,0.50,0.10,0.45,1.17,0.57,2.86,0.02,2.34,-0.10,0.88,0.79,1.20,Nutriscore_A
6b88e5e9-4372-59a5-9375-626933cf482b,0b0cb671-c4fc-5ca4-9c95-94ccc3fec4df,"Grape, raw",13112,0.51,0.00,0.06,0.00,0.00,0.00,0.00,0.00,0.00,0.00,0.01,5.01,22.80,4.92,6.69,0.00,0,0,0.04,0.09,0.50,0.10,0.45,1.17,0.57,2.86,0.02,2.34,-0.10,0.88,0.79,1.20,Nutriscore_A
3bc8136a-4eb5-5e62-ac53-00e910641d1b,0b0cb671-c4fc-5ca4-9c95-94ccc3fec4df,"Grape, red, raw",13045,0.51,0.00,0.06,0.00,0.00,0.00,0.00,0.00,0.00,0.00,0.01,5.01,22.80,4.92,6.69,0.00,0,0,0.04,0.09,0.50,0.10,0.45,1.17,0.57,2.86,0.02,2.34,-0.10,0.88,0.79,1.20,Nutriscore_A
ff049a5e-9fd9-51f7-b692-a2165078b241,0b0cb671-c4fc-5ca4-9c95-94ccc3fec4df,"Grape, white, raw",13044,0.51,0.00,0.06,0.00,0.00,0.00,0.00,0.00,0.00,0.00,0.01,5.01,22.80,4.92,6.69,0.00,0,0,0.04,0.09,0.50,0.10,0.45,1.17,0.57,2.86,0.02,2.34,-0.10,0.88,0.79,1.20,Nutriscore_A
cb81704f-b8c0-5896-958c-74dcec931719,0af6acee-07bc-565d-a43b-6a061a5ab74c,"Grapefruit, pulp, raw",13040,0.93,0.00,0.07,0.01,0.00,0.00,0.00,0.01,0.00,0.00,0.03,81.20,33.50,21.30,10.50,0.00,0,0,0.51,0.38,0.24,0.01,0.10,1.26,0.79,0.98,0.01,2.07,-0.04,0.15,1.07,0.06,Nutriscore_A
f5468d15-6247-5fa0-b1fe-0ca4019d0858,0af6acee-07bc-565d-a43b-6a061a5ab74c,"Grapefruit, red or pink, pulp, raw",13180,0.93,0.00,0.07,0.01,0.00,0.00,0.00,0.01,0.00,0.00,0.03,81.20,33.50,21.30,10.50,0.00,0,0,0.51,0.38,0.24,0.01,0.10,1.26,0.79,0.98,0.01,2.07,-0.04,0.15,1.07,0.06,Nutriscore_A
4c1b1843-151a-5b01-a9eb-2aa5dba34fc4,0af6acee-07bc-565d-a43b-6a061a5ab74c,"Grapefruit, yellow, pulp, raw",13179,0.93,0.00,0.07,0.01,0.00,0.00,0.00,0.01,0.00,0.00,0.03,81.20,33.50,21.30,10.50,0.00,0,0,0.51,0.38,0.24,0.01,0.10,1.26,0.79,0.98,0.01,2.07,-0.04,0.15,1.07,0.06,Nutriscore_A
8047f99b-6afa-50d7-9173-190a2c48065e,30731369-2e20-5820-9f08-4061548847f2,"Lemon zest, raw",13125,0.95,0.00,0.07,0.00,0.00,0.00,0.00,0.01,0.00,0.00,0.03,31.50,29.60,14.70,9.91,0.00,0,0,0.51,0.38,0.24,0.01,0.10,1.26,0.79,0.98,0.01,2.07,-0.04,0.15,1.07,0.06,Nutriscore_A
97557887-baa4-5d20-9f17-4eff1ea36df4,30731369-2e20-5820-9f08-4061548847f2,"Lemon, pulp, raw",13009,0.76,0.00,0.06,0.00,0.00,0.00,0.00,0.01,0.00,0.00,0.02,26.80,25.30,12.60,8.46,0.00,0,0,0.51,0.38,0.24,0.01,0.10,1.26,0.79,0.98,0.01,2.07,-0.04,0.15,1.07,0.06,Nutriscore_A
c2208695-e978-51f4-81d0-e073cdc84066,a56fea0f-85ee-5af1-b3c5-338a8d5e91dc,"Lime, pulp, raw",13067,0.57,0.00,0.05,0.00,0.00,0.00,0.00,0.00,0.00,0.00,0.02,22.80,21.70,11.00,6.58,0.00,0,0,0.51,0.38,0.24,0.01,0.10,1.26,0.79,0.98,0.01,2.07,-0.04,0.15,1.07,0.06,Nutriscore_A
bb1db5f5-27db-5e28-8560-5208c0fe3260,e8c3dde4-6e6b-5fce-90fa-63b61864e4e3,"Clementine, pulp, raw",13024_2,1.30,0.00,0.07,0.00,0.00,0.00,0.00,0.01,0.00,0.00,0.02,253.00,54.30,65.90,14.00,0.00,0,0,0.51,0.38,0.24,0.01,0.10,1.26,0.79,0.98,0.01,2.07,-0.04,0.15,1.07,0.06,Nutriscore_A
74fcacbf-a850-5d70-a3c6-16c11e9f8718,e8c3dde4-6e6b-5fce-90fa-63b61864e4e3,"Mandarin, pulp, raw",13024_1,0.47,0.00,0.05,0.00,0.00,0.00,0.00,0.01,0.00,0.00,0.02,27.10,26.70,10.90,7.45,0.00,0,0,0.51,0.38,0.24,0.01,0.10,1.26,0.79,0.98,0.01,2.07,-0.04,0.15,1.07,0.06,Nutriscore_A
96366c60-b89e-5d9d-a057-bf61fa8fae82,719a076a-2a7e-5860-9a9b-9f6e9b3fdab5,"Orange, pulp, raw",13034,0.68,0.00,0.06,0.00,0.00,0.00,0.00,0.01,0.00,0.00,0.02,12.70,26.00,10.50,7.94,0.00,0,0,0.51,0.38,0.24,0.01,0.10,1.26,0.79,0.98,0.01,2.07,-0.04,0.15,1.07,0.06,Nutriscore_A
4e3d020d-9a2d-5bfc-94d9-aeaaac275b54,b87b644d-0846-5fcb-ae67-1d64bdaa70f2,"Pummelo, pulp, raw",13614,0.79,0.00,0.07,0.00,0.00,0.00,0.00,0.00,0.00,0.00,0.01,276.00,43.30,49.20,9.03,0.00,0,0,0.51,0.38,0.24,0.01,0.10,1.26,0.79,0.98,0.01,2.07,-0.04,0.15,1.07,0.06,Nutriscore_A
5113a002-ffd8-5f57-89d3-459b0d27a56b,1435a64d-0599-5a8b-b715-473d54a4bf6c,"Apple, dried",13111,1.64,0.00,4.95,0.01,0.00,0.00,0.00,0.01,0.00,0.00,0.03,42.20,73.10,2.66,120.00,0.00,0,0,0.27,0.20,2.23,0.09,0.59,1.55,1.20,6.21,0.02,3.38,-0.20,0.34,0.42,3.65,Nutriscore_C
16b9caad-6286-5260-9dc2-5342c2a1dab0,8d97aaf7-6a4c-5a65-8af4-cafb27e33e5c,"Peach, dried",13118,3.66,0.00,10.60,0.01,0.00,0.00,0.00,0.02,0.00,0.08,0.04,205.00,1370.00,67.70,255.00,0.00,0,0,0.27,0.20,2.23,0.09,0.59,1.55,1.20,6.21,0.02,3.38,-0.20,0.34,0.42,3.65,Nutriscore_C
291c8951-6c8e-5316-8bca-80a5dfec47ba,6b5710f9-d5b7-5866-9bbf-2ec07a2f9181,Raisin,13046,1.23,0.00,0.16,0.00,0.00,0.00,0.00,0.01,0.00,0.00,0.02,13.80,89.60,19.40,17.70,0.00,0,0,0.27,0.20,2.23,0.09,0.59,1.55,1.20,6.21,0.02,3.38,-0.20,0.34,0.42,3.65,Nutriscore_D
8a1990a9-2296-5cc2-893c-5b2214bca4f8,0466e41f-d0ed-5cfa-a6e7-9e3b8fab7e69,"Jam, apricot",31037,1.69,0.00,0.71,0.01,0.00,0.00,0.00,0.01,0.00,0.02,0.05,24.80,332.00,2.25,31.90,0.00,0,0,0.04,0.09,0.50,0.10,0.45,1.17,0.57,2.86,0.02,2.34,-0.10,0.88,0.79,1.20,Nutriscore_D
54988d8c-8d24-5e04-93a8-aa6a5c83a616,0466e41f-d0ed-5cfa-a6e7-9e3b8fab7e69,"Jam, cherry",31038,2.20,0.00,0.70,0.01,0.00,0.00,0.00,0.02,0.00,0.01,0.07,106.00,975.00,7.26,37.80,0.00,0,0,0.04,0.09,0.50,0.10,0.45,1.17,0.57,2.86,0.02,2.34,-0.10,0.88,0.79,1.20,Nutriscore_D
a872d783-20ff-5ef3-ac40-690b659851b8,0466e41f-d0ed-5cfa-a6e7-9e3b8fab7e69,"Jam, raspberry",31062,2.22,0.00,0.68,0.01,0.00,0.00,0.00,0.04,0.00,0.01,0.16,64.10,95.50,2.56,36.90,0.00,0,0,0.04,0.09,0.50,0.10,0.45,1.17,0.57,2.86,0.02,2.34,-0.10,0.88,0.79,1.20,Nutriscore_D
9d3830e0-e8e8-5b73-b9ee-d1a490c2dc01,0466e41f-d0ed-5cfa-a6e7-9e3b8fab7e69,"Jam, reduced sugar",31110,1.75,0.00,0.70,0.01,0.00,0.00,0.00,0.02,0.00,0.01,0.06,105.00,78.60,7.57,34.20,0.00,0,0,0.04,0.09,0.50,0.10,0.45,1.17,0.57,2.86,0.02,2.34,-0.10,0.88,0.79,1.20,Nutriscore_D
24b2c3aa-bb54-5528-aa04-8d983679f00e,0466e41f-d0ed-5cfa-a6e7-9e3b8fab7e69,"Jam, strawberry",31024,1.75,0.00,0.70,0.01,0.00,0.00,0.00,0.02,0.00,0.01,0.06,105.00,78.60,7.57,34.20,0.00,0,0,0.04,0.09,0.50,0.10,0.45,1.17,0.57,2.86,0.02,2.34,-0.10,0.88,0.79,1.20,Nutriscore_D
003f4398-30c6-5a76-8927-8fa20240b20e,055dfe5c-00a9-5c51-88fd-c4eed18636ad,"Marmalade, orange",31039,1.40,0.00,0.66,0.01,0.00,0.00,0.00,0.01,0.00,0.00,0.04,18.30,25.30,4.50,29.10,0.00,0,0,0.04,0.09,0.50,0.10,0.45,1.17,0.57,2.86,0.02,2.34,-0.10,0.88,0.79,1.20,Nutriscore_D
a5f2ca95-35cb-5f41-85bf-459beca47310,1c2b150c-22d2-503d-a9e1-899db05eb0c0,Fruit jelly,31014,1.39,0.00,0.63,0.00,0.00,0.00,0.00,0.01,0.00,0.01,0.06,74.80,71.40,5.42,27.60,0.00,0,0,0.04,0.09,0.50,0.10,0.45,1.17,0.57,2.86,0.02,2.34,-0.10,0.88,0.79,1.20,Nutriscore_D
71838ffb-5c3b-56d1-8d15-6679395b2195,9d05492b-5877-5119-beb8-7661f21baea1,"Avocado, pulp, raw",13004,1.55,0.00,0.09,0.01,0.00,0.00,0.00,0.01,0.00,0.01,0.03,19.30,84.60,23.70,14.10,0.00,0,0,0.85,0.09,1.54,0.02,0.08,0.61,0.79,1.17,0.01,1.33,-0.04,0.68,0.95,0.14,Nutriscore_A
26cfbc7d-56c6-59f2-bfb5-41bcbdd7c03a,569f031e-d28f-5dd0-a732-e836e13ccb22,"Banana, pulp, dried",13089,2.20,0.00,4.07,0.01,0.00,0.00,0.00,0.03,0.00,0.01,0.12,36.70,95.80,24.20,105.00,0.00,0,0,0.85,0.09,1.54,0.02,0.08,0.61,0.79,1.17,0.01,1.33,-0.04,0.68,0.95,0.14,Nutriscore_C
d9f59733-4af9-55fa-9296-1f1e17e2dc90,569f031e-d28f-5dd0-a732-e836e13ccb22,"Banana, pulp, raw",13005,0.91,0.00,0.07,0.01,0.00,0.00,0.00,0.01,0.00,0.01,0.05,26.30,26.50,0.57,10.20,0.00,0,0,0.85,0.09,1.54,0.02,0.08,0.61,0.79,1.17,0.01,1.33,-0.04,0.68,0.95,0.14,Nutriscore_A
89c81ac5-1cfa-51fc-88f1-67f6fcd00f92,569f031e-d28f-5dd0-a732-e836e13ccb22,"Plantain banana, cooked",53101,1.36,0.00,0.21,0.01,0.00,0.00,0.00,0.01,0.00,0.00,0.05,13.70,34.10,8.21,19.60,0.00,0,0,0.85,0.09,1.54,0.02,0.08,0.61,0.79,1.17,0.01,1.33,-0.04,0.68,0.95,0.14,Nutriscore_A
57c5e75e-16b1-5580-ba56-d05929114664,569f031e-d28f-5dd0-a732-e836e13ccb22,"Plantain banana, raw",53100,0.76,0.00,0.05,0.00,0.00,0.00,0.00,0.01,0.00,0.00,0.03,9.45,21.40,5.63,8.40,0.00,0,0,0.85,0.09,1.54,0.02,0.08,0.61,0.79,1.17,0.01,1.33,-0.04,0.68,0.95,0.14,Nutriscore_A
9e5c4adc-8ad9-5fe2-b6d4-9872fc1fd011,74000e84-9476-5ea4-98de-2e5877c7758b,"Breadfruit, raw",54500,0.45,0.00,0.05,0.00,0.00,0.00,0.00,0.00,0.00,0.00,0.01,15.40,30.70,0.95,5.26,0.00,0,0,0.85,0.09,1.54,0.02,0.08,0.61,0.79,1.17,0.01,1.33,-0.04,0.68,0.95,0.14,Nutriscore_A
878d9e59-87b2-5509-9023-25d59bb49771,5dcc01b9-038a-5ed4-9a23-3d990ef66d00,"Carambola, pulp, raw",13054,0.55,0.00,0.06,0.00,0.00,0.00,0.00,0.00,0.00,0.00,0.02,16.20,30.80,0.96,6.64,0.00,0,0,0.85,0.09,1.54,0.02,0.08,0.61,0.79,1.17,0.01,1.33,-0.04,0.68,0.95,0.14,Nutriscore_A
bc50f4a4-1ffd-553b-91fd-ecdde31be9d2,2e72d833-4349-5771-bf2d-acc6d889b42f,"Date, pulp and peel, dried",13011,2.89,0.00,0.15,0.01,0.00,0.00,0.00,0.01,0.00,0.00,0.04,9.26,88.60,-17.20,19.10,0.00,0,0,0.85,0.09,1.54,0.02,0.08,0.61,0.79,1.17,0.01,1.33,-0.04,0.68,0.95,0.14,Nutriscore_C
5c6a1234-b65b-54b0-8a92-3f73f1f7614e,272aba9d-5242-507e-8197-11f5b1da94ba,"Fig, dried",13013,1.08,0.00,0.25,0.00,0.00,0.00,0.00,0.00,0.00,0.03,0.01,66.40,438.00,22.80,18.00,0.00,0,0,0.85,0.09,1.54,0.02,0.08,0.61,0.79,1.17,0.01,1.33,-0.04,0.68,0.95,0.14,Nutriscore_C
807daa07-c95b-5e75-b9f3-8080a830ee78,272aba9d-5242-507e-8197-11f5b1da94ba,"Fig, raw",13012,0.61,0.00,0.11,0.00,0.00,0.00,0.00,0.00,0.00,0.01,0.01,25.20,155.00,8.03,8.21,0.00,0,0,0.85,0.09,1.54,0.02,0.08,0.61,0.79,1.17,0.01,1.33,-0.04,0.68,0.95,0.14,Nutriscore_A
cafba165-162c-5c53-8b90-97e0e79b576a,f08b7557-f38e-556b-a661-de4fcb6b9a26,"Guava, pulp, raw",13083,1.19,0.00,0.12,0.01,0.00,0.00,0.00,0.01,0.00,0.00,0.02,11.30,25.60,2.99,14.60,0.00,0,0,0.85,0.09,1.54,0.02,0.08,0.61,0.79,1.17,0.01,1.33,-0.04,0.68,0.95,0.14,Nutriscore_A
5f2eee25-279a-50a2-b593-9aed5c4b1b9b,e328cf04-0dea-5bfd-b311-b2514279df84,"Kiwi fruit, pulp and seeds, raw",13021,1.00,0.00,0.11,0.01,0.00,0.00,0.00,0.01,0.00,0.00,0.03,10.00,44.20,2.73,11.70,0.00,0,0,0.85,0.09,1.54,0.02,0.08,0.61,0.79,1.17,0.01,1.33,-0.04,0.68,0.95,0.14,Nutriscore_A
706a49ac-e758-5ea5-aa43-0494369a2be3,25b52b18-aec6-5e8b-8bad-ae1c5da2875c,"Kumquat, without pips, raw",13549,0.58,0.00,0.05,0.00,0.00,0.00,0.00,0.01,0.00,0.00,0.02,15.30,26.40,10.90,7.06,0.00,0,0,0.85,0.09,1.54,0.02,0.08,0.61,0.79,1.17,0.01,1.33,-0.04,0.68,0.95,0.14,Nutriscore_A
eda4f206-e117-5f68-93cb-25b6cdf53328,8459bc50-c4b1-5025-be1c-1ffec841cf7a,"Lychee, pulp, raw",13023,0.55,0.00,0.06,0.00,0.00,0.00,0.00,0.00,0.00,0.00,0.02,16.20,30.80,0.96,6.64,0.00,0,0,0.85,0.09,1.54,0.02,0.08,0.61,0.79,1.17,0.01,1.33,-0.04,0.68,0.95,0.14,Nutriscore_A
aacc88ec-66ff-5136-b995-4387423f086a,c2e54640-3ab2-58df-8762-b7333e8a634d,"Mango, pulp, raw",13025_1,0.73,0.00,0.07,0.00,0.00,0.00,0.00,0.01,0.00,0.00,0.02,17.30,31.70,0.97,8.95,0.00,0,0,0.85,0.09,1.54,0.02,0.08,0.61,0.79,1.17,0.01,1.33,-0.04,0.68,0.95,0.14,Nutriscore_A
bdba2784-b5f1-572f-b16d-3d3f5764b1fc,c2e54640-3ab2-58df-8762-b7333e8a634d,"Mango, pulp, raw (Brazil by plane)",13025_2,11.60,0.00,0.11,0.07,0.00,0.00,0.00,0.05,0.00,0.02,0.23,88.00,41.50,1.21,154.00,0.00,0,0,0.85,0.09,1.54,0.02,0.08,0.61,0.79,1.17,0.01,1.33,-0.04,0.68,0.95,0.14,Nutriscore_A
ea113e3c-0fc2-5fda-98e6-ad2b46c0cf77,799e1bad-07ca-582d-aaf2-19ba4d2c6fa1,"Papaya, pulp, raw",13035,0.93,0.00,0.07,0.01,0.00,0.00,0.00,0.01,0.00,0.00,0.02,10.00,14.50,1.87,11.10,0.00,0,0,0.85,0.09,1.54,0.02,0.08,0.61,0.79,1.17,0.01,1.33,-0.04,0.68,0.95,0.14,Nutriscore_A
d20a4b3c-113d-59e8-a6c7-4403c1ecc961,2290e83b-9044-511c-a679-fc3b307d6c78,"Passion fruit, pulp and pips, raw",13016,0.94,0.00,0.11,0.00,0.00,0.00,0.00,0.00,0.00,0.00,0.01,9.72,24.30,2.98,11.20,0.00,0,0,0.85,0.09,1.54,0.02,0.08,0.61,0.79,1.17,0.01,1.33,-0.04,0.68,0.95,0.14,Nutriscore_A
2f5d687e-1baf-5ee4-b91c-9a0967024f7a,23d35d6e-3e79-5775-8a0f-3e6e6c0f70de,"Persimmon, pulp, raw",13066,0.95,0.00,0.03,0.00,0.00,0.00,0.00,0.01,0.00,0.01,0.02,30.60,13.80,1.47,10.10,0.00,0,0,0.85,0.09,1.54,0.02,0.08,0.61,0.79,1.17,0.01,1.33,-0.04,0.68,0.95,0.14,Nutriscore_A
f1e08aa5-1083-561d-a5fb-b8826ae05799,5aeff362-735e-5c23-a529-7775ea915022,"Pineapple, pulp, raw",13002,1.36,0.00,0.04,0.01,0.00,0.00,0.00,0.01,0.00,0.01,0.03,45.70,32.90,0.61,12.50,0.00,0,0,0.85,0.09,1.54,0.02,0.08,0.61,0.79,1.17,0.01,1.33,-0.04,0.68,0.95,0.14,Nutriscore_A
b86a4f1d-14ee-5c0d-a5d6-f90b65c3eb11,ef526149-12ae-5bd3-a4c7-36542bf9d055,"Pomegranate, pulp and pips, raw",13018,0.50,0.00,0.04,0.00,0.00,0.00,0.00,0.00,0.00,0.00,0.01,12.20,18.60,0.61,5.59,0.00,0,0,0.85,0.09,1.54,0.02,0.08,0.61,0.79,1.17,0.01,1.33,-0.04,0.68,0.95,0.14,Nutriscore_A
85b565e6-1a88-5921-988f-d124a3662404,190e5c97-3bf5-5b13-a881-fa65c738c22f,"Prickly pear, pulp and seeds, raw",13063,0.39,0.00,0.04,0.00,0.00,0.00,0.00,0.00,0.00,0.00,0.01,6.09,16.90,1.42,5.20,0.00,0,0,0.85,0.09,1.54,0.02,0.08,0.61,0.79,1.17,0.01,1.33,-0.04,0.68,0.95,0.14,Nutriscore_A
4ddc4ffe-f970-59bb-aa45-0e602f6969c8,9bc62cb1-7cff-5797-928a-39fa09f9aaf8,"Olive, green, stuffed (anchovy, sweet peppers, etc)",13147,1.17,0.00,0.31,0.01,0.00,0.00,0.00,0.01,0.00,0.00,0.02,15.60,48.90,2.01,20.60,0.00,0,0,0.85,0.09,1.54,0.02,0.08,0.61,0.79,1.17,0.01,1.33,-0.04,0.68,0.95,0.14,Nutriscore_D
bf787ba5-4d5a-5a22-b15f-0cb1e961d493,1c592b58-3d39-525b-a1dd-2e179d23a8c8,Apple compote,13038,1.17,0.00,0.66,0.00,0.00,0.00,0.00,0.01,0.00,0.00,0.02,12.10,25.10,0.91,28.00,0.00,0,0,0.24,0.04,0.23,0.01,0.08,0.94,0.23,0.81,0.01,1.43,-0.04,0.04,0.26,0.12,Nutriscore_C
e6e56851-7f7e-5fac-b327-2399677272a8,1c592b58-3d39-525b-a1dd-2e179d23a8c8,"Fruits compote, miscellaneous",13108,1.10,0.00,0.66,0.00,0.00,0.00,0.00,0.00,0.00,0.00,0.02,10.50,23.40,1.10,27.60,0.00,0,0,0.24,0.04,0.23,0.01,0.08,0.94,0.23,0.81,0.01,1.43,-0.04,0.04,0.26,0.12,Nutriscore_C
e1afc219-cec7-5eee-b714-1e5566b387cf,1c592b58-3d39-525b-a1dd-2e179d23a8c8,"Fruits compote, miscellaneous, reduced sugar",13109,1.10,0.00,0.59,0.00,0.00,0.00,0.00,0.00,0.00,0.00,0.01,12.90,24.30,0.78,26.00,0.00,0,0,0.24,0.04,0.23,0.01,0.08,0.94,0.23,0.81,0.01,1.43,-0.04,0.04,0.26,0.12,Nutriscore_B
843693b8-c8af-590e-99e9-d33fe7d9e25e,1c592b58-3d39-525b-a1dd-2e179d23a8c8,"Fruits compote, miscellaneous, reduced sugar, refrigerated",13129,1.12,0.00,0.66,0.00,0.00,0.00,0.00,0.00,0.00,0.00,0.01,13.00,24.40,0.78,27.60,0.00,0,0,0.24,0.04,0.23,0.01,0.08,0.94,0.23,0.81,0.01,1.43,-0.04,0.04,0.26,0.12,Nutriscore_B
a5808f95-3889-5bbc-ad29-939912fe0a9e,1c592b58-3d39-525b-a1dd-2e179d23a8c8,"Fruits dessert, all types (fruits dessert's sugar content is less than fruits compote but more than fruits compote reduced sugar)",13152,1.27,0.00,0.67,0.00,0.00,0.00,0.00,0.01,0.00,0.00,0.02,27.40,38.90,1.78,29.10,0.00,0,0,0.24,0.04,0.23,0.01,0.08,0.94,0.23,0.81,0.01,1.43,-0.04,0.04,0.26,0.12,Nutriscore_C
61f58973-baee-58ad-bbf9-2d07cec29ceb,3f96e274-f131-58b6-b66f-77b41c2797ed,"Fruit salad, raw",13134,1.63,0.00,0.13,0.01,0.00,0.00,0.00,0.01,0.00,0.01,0.02,28.60,100.00,5.48,20.70,0.00,0,0,0.24,0.04,0.23,0.01,0.08,0.94,0.23,0.81,0.01,1.43,-0.04,0.04,0.26,0.12,Nutriscore_C
9f30aba3-10ca-528d-91df-fd507085dcb3,93f0ade4-d3a2-50a6-904c-213407b10548,"Apricot, canned in light syrup, drained",13712,1.31,0.00,1.52,0.00,0.00,0.00,0.00,0.00,0.00,0.03,0.01,19.20,477.00,2.02,44.00,0.00,0,0,0.24,0.04,0.23,0.01,0.08,0.94,0.23,0.81,0.01,1.43,-0.04,0.04,0.26,0.12,Nutriscore_B
a02faebc-ad8b-51ea-a3f1-f91f527e6f27,93f0ade4-d3a2-50a6-904c-213407b10548,"Apricot, canned in light syrup, not drained",13713,0.77,0.00,0.90,0.00,0.00,0.00,0.00,0.00,0.00,0.02,0.01,11.30,280.00,1.19,25.90,0.00,0,0,0.24,0.04,0.23,0.01,0.08,0.94,0.23,0.81,0.01,1.43,-0.04,0.04,0.26,0.12,Nutriscore_B
ecf0b54a-b973-5456-b99d-920da8472683,93f0ade4-d3a2-50a6-904c-213407b10548,"Apricot, in syrup, canned, drained",13714,1.33,0.00,1.55,0.00,0.00,0.00,0.00,0.00,0.00,0.03,0.01,19.50,484.00,2.05,44.70,0.00,0,0,0.24,0.04,0.23,0.01,0.08,0.94,0.23,0.81,0.01,1.43,-0.04,0.04,0.26,0.12,Nutriscore_C
53dbbfcc-d755-5738-84cf-52ddc1587fb4,93f0ade4-d3a2-50a6-904c-213407b10548,"Apricot, in syrup, canned, not drained",13715,0.77,0.00,0.90,0.00,0.00,0.00,0.00,0.00,0.00,0.02,0.01,11.30,280.00,1.19,25.90,0.00,0,0,0.24,0.04,0.23,0.01,0.08,0.94,0.23,0.81,0.01,1.43,-0.04,0.04,0.26,0.12,Nutriscore_C
3807f93c-ac33-5559-9d6f-95bd10a5424a,93f0ade4-d3a2-50a6-904c-213407b10548,"Fruit cocktail or salad, canned in light syrup, drained",13708,1.20,0.00,1.45,0.00,0.00,0.00,0.00,0.01,0.00,0.01,0.02,24.40,100.00,5.02,42.20,0.00,0,0,0.24,0.04,0.23,0.01,0.08,0.94,0.23,0.81,0.01,1.43,-0.04,0.04,0.26,0.12,Nutriscore_B
d159eb24-f7d0-5530-8bcc-5051065f277a,93f0ade4-d3a2-50a6-904c-213407b10548,"Fruit cocktail or salad, canned in light syrup, not drained",13709,0.73,0.00,0.88,0.00,0.00,0.00,0.00,0.00,0.00,0.00,0.01,14.70,60.80,3.05,25.60,0.00,0,0,0.24,0.04,0.23,0.01,0.08,0.94,0.23,0.81,0.01,1.43,-0.04,0.04,0.26,0.12,Nutriscore_B
ff78f61c-2963-502d-9d03-9fecc46adf84,93f0ade4-d3a2-50a6-904c-213407b10548,"Fruit cocktail or salad, canned in syrup, drained",13706,1.38,0.00,1.46,0.01,0.00,0.00,0.00,0.01,0.00,0.01,0.02,27.10,92.20,4.98,44.30,0.00,0,0,0.24,0.04,0.23,0.01,0.08,0.94,0.23,0.81,0.01,1.43,-0.04,0.04,0.26,0.12,Nutriscore_B
c6aab6c7-8d48-57cb-ad4e-4623b439d1aa,93f0ade4-d3a2-50a6-904c-213407b10548,"Fruit cocktail or salad, canned in syrup, not drained",13707,0.73,0.00,0.88,0.00,0.00,0.00,0.00,0.00,0.00,0.00,0.01,14.70,60.80,3.05,25.60,0.00,0,0,0.24,0.04,0.23,0.01,0.08,0.94,0.23,0.81,0.01,1.43,-0.04,0.04,0.26,0.12,Nutriscore_C
cf730e31-17e5-5bf0-a8ea-3d398481f554,93f0ade4-d3a2-50a6-904c-213407b10548,"Peach, canned in light syrup, drained",13730,1.38,0.00,1.58,0.00,0.00,0.00,0.00,0.01,0.00,0.01,0.02,33.40,167.00,8.04,46.10,0.00,0,0,0.24,0.04,0.23,0.01,0.08,0.94,0.23,0.81,0.01,1.43,-0.04,0.04,0.26,0.12,Nutriscore_B
9bd231db-b7c4-595b-85d9-bbd9e72e07f9,93f0ade4-d3a2-50a6-904c-213407b10548,"Peach, canned in light syrup, not drained",13731,0.77,0.00,0.89,0.00,0.00,0.00,0.00,0.00,0.00,0.01,0.01,18.70,93.70,4.52,25.90,0.00,0,0,0.24,0.04,0.23,0.01,0.08,0.94,0.23,0.81,0.01,1.43,-0.04,0.04,0.26,0.12,Nutriscore_B
10fd09c9-74f8-5224-a69a-86e4a7bffb4d,93f0ade4-d3a2-50a6-904c-213407b10548,"Pear, canned in light syrup, not drained",13735,0.60,0.00,0.87,0.00,0.00,0.00,0.00,0.00,0.00,0.00,0.01,5.89,14.20,0.96,24.80,0.00,0,0,0.24,0.04,0.23,0.01,0.08,0.94,0.23,0.81,0.01,1.43,-0.04,0.04,0.26,0.12,Nutriscore_B
ce731829-7dcd-5751-9232-acdda238165a,93f0ade4-d3a2-50a6-904c-213407b10548,"Pineapple, in light syrup, canned, drained",13718,1.63,0.00,1.44,0.01,0.00,0.00,0.00,0.01,0.00,0.01,0.04,48.60,37.90,0.80,45.90,0.00,0,0,0.24,0.04,0.23,0.01,0.08,0.94,0.23,0.81,0.01,1.43,-0.04,0.04,0.26,0.12,Nutriscore_C
8b11cf78-3a47-5bd1-bdea-52d8ce8ec96d,93f0ade4-d3a2-50a6-904c-213407b10548,"Pineapple, in light syrup, canned, not drained",13719,0.98,0.00,0.87,0.01,0.00,0.00,0.00,0.01,0.00,0.01,0.02,29.20,22.80,0.48,27.60,0.00,0,0,0.24,0.04,0.23,0.01,0.08,0.94,0.23,0.81,0.01,1.43,-0.04,0.04,0.26,0.12,Nutriscore_C
faed50f3-7f88-5f6a-8059-26f4b0d778e7,93f0ade4-d3a2-50a6-904c-213407b10548,"Pineapple, in pineapple juice and syrup, canned, drained",13716,1.62,0.00,1.43,0.01,0.00,0.00,0.00,0.01,0.00,0.01,0.04,48.20,37.50,0.79,45.50,0.00,0,0,0.24,0.04,0.23,0.01,0.08,0.94,0.23,0.81,0.01,1.43,-0.04,0.04,0.26,0.12,Nutriscore_B
5a6feb4c-c6e2-5615-b7f0-f05e62ed956b,93f0ade4-d3a2-50a6-904c-213407b10548,"Pineapple, in pineapple juice and syrup, canned, not drained",13717,0.98,0.00,0.87,0.01,0.00,0.00,0.00,0.01,0.00,0.01,0.02,29.20,22.80,0.48,27.60,0.00,0,0,0.24,0.04,0.23,0.01,0.08,0.94,0.23,0.81,0.01,1.43,-0.04,0.04,0.26,0.12,Nutriscore_B
a480a83e-fc1a-5abb-b09d-537844995472,a3efc54b-4a07-522f-a762-bafa57bc19f9,"Fruits puree, without sugar added",13153,1.11,0.00,0.67,0.00,0.00,0.00,0.00,0.00,0.00,0.00,0.02,10.90,24.60,1.18,27.70,0.00,0,0,0.24,0.04,0.23,0.01,0.08,0.94,0.23,0.81,0.01,1.43,-0.04,0.04,0.26,0.12,Nutriscore_B
84e174a2-8245-535a-b6a8-06f10076a500,6d99632c-53b4-5b86-a6e0-3a5dfb8a35b0,"Apple, Canada, pulp, raw",13085,0.41,0.00,0.07,0.00,0.00,0.00,0.00,0.00,0.00,0.00,0.01,10.60,16.40,0.54,5.68,0.00,0,0,0.24,0.04,0.23,0.01,0.08,0.94,0.23,0.81,0.01,1.43,-0.04,0.04,0.26,0.12,Nutriscore_A
629a29e1-5cc3-52c7-bb1f-bb5af9f5fbee,6d99632c-53b4-5b86-a6e0-3a5dfb8a35b0,"Apple, pulp and peel, raw",13039,0.41,0.00,0.07,0.00,0.00,0.00,0.00,0.00,0.00,0.00,0.01,10.60,16.40,0.54,5.68,0.00,0,0,0.24,0.04,0.23,0.01,0.08,0.94,0.23,0.81,0.01,1.43,-0.04,0.04,0.26,0.12,Nutriscore_A
4051bc70-844e-5060-a1c0-51a3786aa522,6d99632c-53b4-5b86-a6e0-3a5dfb8a35b0,"Apple, pulp, raw",13050,0.41,0.00,0.07,0.00,0.00,0.00,0.00,0.00,0.00,0.00,0.01,10.60,16.40,0.54,5.68,0.00,0,0,0.24,0.04,0.23,0.01,0.08,0.94,0.23,0.81,0.01,1.43,-0.04,0.04,0.26,0.12,Nutriscore_A
e07defcf-c541-5e20-aa55-87de192ee9f1,6d99632c-53b4-5b86-a6e0-3a5dfb8a35b0,"Apple, pulp, roasted/baked",13175,1.42,0.00,0.69,0.00,0.00,0.00,0.00,0.01,0.00,0.00,0.01,16.20,28.20,0.99,31.50,0.00,0,0,0.24,0.04,0.23,0.01,0.08,0.94,0.23,0.81,0.01,1.43,-0.04,0.04,0.26,0.12,Nutriscore_A
61d941a9-89ce-54d3-8e17-ec321eb9d01e,6d99632c-53b4-5b86-a6e0-3a5dfb8a35b0,"Apple, var. Golden, pulp and skin, raw",13620,0.41,0.00,0.07,0.00,0.00,0.00,0.00,0.00,0.00,0.00,0.01,10.60,16.40,0.54,5.68,0.00,0,0,0.24,0.04,0.23,0.01,0.08,0.94,0.23,0.81,0.01,1.43,-0.04,0.04,0.26,0.12,Nutriscore_A
dc031494-5c05-5117-843c-0bd4e17fc8af,6d99632c-53b4-5b86-a6e0-3a5dfb8a35b0,"Apples, raw, without skin, cooked, boiled/cooked in water",13176,1.44,0.00,0.26,0.00,0.00,0.00,0.00,0.00,0.00,0.00,0.01,15.70,27.80,0.97,23.00,0.00,0,0,0.24,0.04,0.23,0.01,0.08,0.94,0.23,0.81,0.01,1.43,-0.04,0.04,0.26,0.12,Nutriscore_A
2307ba85-5374-5427-a349-7b420cd5aad5,55e0480a-731a-55e0-b2cd-f867f50bc4c8,"Pear, peeled, raw",13107,0.39,0.00,0.04,0.00,0.00,0.00,0.00,0.00,0.00,0.00,0.01,6.09,16.90,1.42,5.20,0.00,0,0,0.24,0.04,0.23,0.01,0.08,0.94,0.23,0.81,0.01,1.43,-0.04,0.04,0.26,0.12,Nutriscore_A
da696852-81c5-5cd0-9010-e3bc1aead5dd,55e0480a-731a-55e0-b2cd-f867f50bc4c8,"Pear, pulp and peel, raw",13037,0.39,0.00,0.04,0.00,0.00,0.00,0.00,0.00,0.00,0.00,0.01,6.09,16.90,1.42,5.20,0.00,0,0,0.24,0.04,0.23,0.01,0.08,0.94,0.23,0.81,0.01,1.43,-0.04,0.04,0.26,0.12,Nutriscore_A
1f8aa8e0-f66c-5404-94a3-6dec9977ede9,aeb50afb-8ea5-5889-9ff9-d000e5861b18,"Quince, raw",13010,0.56,0.00,0.04,0.00,0.00,0.00,0.00,0.00,0.00,0.00,0.01,12.60,19.00,0.62,6.45,0.00,0,0,0.24,0.04,0.23,0.01,0.08,0.94,0.23,0.81,0.01,1.43,-0.04,0.04,0.26,0.12,Nutriscore_A
2769341b-5d2d-5eec-9187-b4e23d955532,a27d0d24-ee92-538b-8098-f012fa85def1,"Apricot, pitted, dried",13001,3.11,0.00,0.50,0.01,0.00,0.00,0.00,0.01,0.00,0.18,0.05,85.90,2840.00,10.80,33.50,0.00,0,0,0.24,0.04,0.23,0.01,0.08,0.94,0.23,0.81,0.01,1.43,-0.04,0.04,0.26,0.12,Nutriscore_C
8e406a7e-6e48-5acb-8498-3d496baae612,a27d0d24-ee92-538b-8098-f012fa85def1,"Apricot, pitted, raw",13000,1.45,0.00,0.17,0.00,0.00,0.00,0.00,0.00,0.00,0.03,0.01,17.60,494.00,2.08,19.40,0.00,0,0,0.24,0.04,0.23,0.01,0.08,0.94,0.23,0.81,0.01,1.43,-0.04,0.04,0.26,0.12,Nutriscore_A
75ee7a5f-ea8d-59cc-8a11-8b0f185e6028,e1e7236c-2a49-5747-aaa1-22e5a4c4b60d,"Greengage plum, raw",13041,1.04,0.00,0.09,0.00,0.00,0.00,0.00,0.01,0.00,0.00,0.02,95.50,1010.00,6.51,12.90,0.00,0,0,0.24,0.04,0.23,0.01,0.08,0.94,0.23,0.81,0.01,1.43,-0.04,0.04,0.26,0.12,Nutriscore_A
5db91f5b-f52a-51b4-b37a-32ef8392a5f4,2c294c5f-79c5-5d86-95fa-cf0e62987573,"Nectarine, pulp and peel, raw",13030,0.61,0.00,0.12,0.00,0.00,0.00,0.00,0.00,0.00,0.01,0.01,20.50,206.00,1.76,8.09,0.00,0,0,0.24,0.04,0.23,0.01,0.08,0.94,0.23,0.81,0.01,1.43,-0.04,0.04,0.26,0.12,Nutriscore_A
4282b893-5bc8-512d-afcd-ef860451e743,2c294c5f-79c5-5d86-95fa-cf0e62987573,"Peach, pulp and peel, raw",13043,0.59,0.00,0.07,0.00,0.00,0.00,0.00,0.00,0.00,0.01,0.01,24.90,157.00,7.71,7.16,0.00,0,0,0.24,0.04,0.23,0.01,0.08,0.94,0.23,0.81,0.01,1.43,-0.04,0.04,0.26,0.12,Nutriscore_A
cb54daf8-1967-5640-aabf-f4948b1789a0,748682c2-b3e4-5282-935e-e384df1a4235,"Plum, raw",13100,1.03,0.00,0.05,0.00,0.00,0.00,0.00,0.01,0.00,0.00,0.02,95.50,1010.00,6.51,12.00,0.00,0,0,0.24,0.04,0.23,0.01,0.08,0.94,0.23,0.81,0.01,1.43,-0.04,0.04,0.26,0.12,Nutriscore_A
e6711433-4037-5ea9-8914-f14cfbb269a8,748682c2-b3e4-5282-935e-e384df1a4235,Prune,13042,3.11,0.00,0.24,0.01,0.00,0.00,0.00,0.02,0.00,0.01,0.06,375.00,4060.00,26.20,41.20,0.00,0,0,0.24,0.04,0.23,0.01,0.08,0.94,0.23,0.81,0.01,1.43,-0.04,0.04,0.26,0.12,Nutriscore_C
70cc2555-8c5b-5700-85bd-17cfa3f976ff,beb36413-ffa5-579b-bb64-2b9b00603829,"Morello cherry, raw",13110,1.04,0.00,0.09,0.00,0.00,0.00,0.00,0.01,0.00,0.00,0.02,95.50,1010.00,6.51,12.80,0.00,0,0,0.24,0.04,0.23,0.01,0.08,0.94,0.23,0.81,0.01,1.43,-0.04,0.04,0.26,0.12,Nutriscore_A
5015e565-3a8e-50be-aafb-39eb34254b6d,1c938cb7-5ba7-53dc-a3e0-1a3cd95ec2b2,"Cherry, pitted, raw",13008,1.74,0.00,0.14,0.01,0.00,0.00,0.00,0.01,0.00,0.00,0.02,97.80,1020.00,6.75,23.80,0.00,0,0,0.24,0.04,0.23,0.01,0.08,0.94,0.23,0.81,0.01,1.43,-0.04,0.04,0.26,0.12,Nutriscore_A
4d8069b8-1968-5fdd-823b-b67809c3ba46,d67995f7-0f14-5e56-a6eb-d69d8deff2f0,"Lemon or lime base, for beverage, without sugar (to be diluted)",18220,0.60,0.00,0.13,0.00,0.00,0.00,0.00,0.00,0.00,0.00,0.02,26.10,30.40,0.34,9.16,0.00,0,0,0.51,0.38,0.24,0.01,0.10,1.26,0.79,0.98,0.01,2.07,-0.04,0.15,1.07,0.06,Nutriscore_B
ee6fd9e7-d660-5dc5-a09e-ca9a494fbb7d,b2d0bd39-e946-5b3a-94ca-47ceff52fa5a,"Mango juice, fresh",2023,0.56,0.00,0.16,0.00,0.00,0.00,0.00,0.00,0.00,0.00,0.01,5.29,23.60,0.59,10.20,0.00,0,0,0.51,0.38,0.24,0.01,0.10,1.26,0.79,0.98,0.01,2.07,-0.04,0.15,1.07,0.06,Nutriscore_D
cea54627-8fc3-511f-86a2-0f861d12f2bf,d07f08ce-5af3-5a77-9a1f-9773dcb48a0d,"Carrot juice, pure juice",2006,0.48,0.00,0.17,0.00,0.00,0.00,0.00,0.00,0.00,0.00,0.01,26.50,13.60,0.60,9.57,0.00,0,0,0.51,0.38,0.24,0.01,0.10,1.26,0.79,0.98,0.01,2.07,-0.04,0.15,1.07,0.06,Nutriscore_B
dea51eae-b014-5f5c-8c34-57b06cd1ebd5,127c5e9c-cb07-5314-943d-20a83cd3d015,"Grape juice, pure juice",2016,0.58,0.00,0.14,0.00,0.00,0.00,0.00,0.00,0.00,0.00,0.01,11.40,71.30,0.30,9.53,0.00,0,0,0.51,0.38,0.24,0.01,0.10,1.26,0.79,0.98,0.01,2.07,-0.04,0.15,1.07,0.06,Nutriscore_E
32ade23e-ab1c-5d7c-b361-421791c2f46f,6e705c4e-29fd-5d89-ac4b-9b64cfe9523a,"Grapefruit juice, pure juice",2027,1.06,0.00,0.14,0.01,0.00,0.00,0.00,0.01,0.00,0.01,0.03,234.00,37.70,41.30,14.80,0.00,0,0,0.51,0.38,0.24,0.01,0.10,1.26,0.79,0.98,0.01,2.07,-0.04,0.15,1.07,0.06,Nutriscore_C
f7c1a6e2-3075-5e4a-889f-b9a3653c1135,912052f0-cdd3-5b2c-8aa9-2250839b225c,"Lemon juice, pure juice",2028,0.84,0.00,0.15,0.00,0.00,0.00,0.00,0.01,0.00,0.00,0.04,61.80,72.40,0.69,12.40,0.00,0,0,0.51,0.38,0.24,0.01,0.10,1.26,0.79,0.98,0.01,2.07,-0.04,0.15,1.07,0.06,Nutriscore_B
32ee5aeb-c9c4-51da-8141-bcf125846756,a2b258a6-b0d2-5e74-9bc3-95aaa311959f,"Orange juice, home-made",2013,1.60,0.00,0.34,0.01,0.00,0.00,0.00,0.02,0.00,0.01,0.06,36.40,46.50,2.03,23.40,0.00,0,0,0.51,0.38,0.24,0.01,0.10,1.26,0.79,0.98,0.01,2.07,-0.04,0.15,1.07,0.06,Nutriscore_C
08abd292-ef02-52b2-8d7b-b0687a2962f2,a2b258a6-b0d2-5e74-9bc3-95aaa311959f,"Orange juice, reconstituted from a concentrate",2012,0.91,0.00,0.13,0.00,0.00,0.00,0.00,0.01,0.00,0.00,0.03,41.40,28.30,0.68,12.70,0.00,0,0,0.51,0.38,0.24,0.01,0.10,1.26,0.79,0.98,0.01,2.07,-0.04,0.15,1.07,0.06,Nutriscore_C
c1922f68-b912-53b6-b8bb-c3f9d8bd909e,11f30dc3-b9bd-50a0-a7a8-4b4c50dddb6b,"Pineapple juice, pure juice",2073,1.25,0.00,0.13,0.01,0.00,0.00,0.00,0.01,0.00,0.02,0.05,77.30,50.40,0.23,16.80,0.00,0,0,0.51,0.38,0.24,0.01,0.10,1.26,0.79,0.98,0.01,2.07,-0.04,0.15,1.07,0.06,Nutriscore_D
fcbd6b36-4de8-5712-9101-bd51c31a020f,11f30dc3-b9bd-50a0-a7a8-4b4c50dddb6b,"Pineapple juice, reconstituted from a concentrate",2000,0.93,0.00,0.13,0.01,0.00,0.00,0.00,0.01,0.00,0.01,0.03,56.00,36.80,0.19,13.60,0.00,0,0,0.51,0.38,0.24,0.01,0.10,1.26,0.79,0.98,0.01,2.07,-0.04,0.15,1.07,0.06,Nutriscore_D
7e525d13-940c-5510-baea-f6998b20af03,812bd0ef-b092-5a51-9078-8adf709f1b2e,Apricot nectar,2043,0.56,0.00,0.23,0.00,0.00,0.00,0.00,0.00,0.00,0.02,0.01,9.21,248.00,1.14,10.80,0.00,0,0,0.51,0.38,0.24,0.01,0.10,1.26,0.79,0.98,0.01,2.07,-0.04,0.15,1.07,0.06,Nutriscore_E
ef3800f2-9428-53ea-99af-3e11460762c1,a6ea9d96-31a2-5fd8-aff3-8080e618dc99,Banana nectar,2366,0.61,0.00,0.16,0.00,0.00,0.00,0.00,0.00,0.00,0.00,0.02,7.12,13.00,0.79,10.30,0.00,0,0,0.51,0.38,0.24,0.01,0.10,1.26,0.79,0.98,0.01,2.07,-0.04,0.15,1.07,0.06,Nutriscore_E
61d0bc11-fb8d-55f1-95d2-3406e6404cf3,be6a381e-3eb1-544a-a45c-74b00d6efee8,Mango nectar,2370,0.66,0.00,0.16,0.00,0.00,0.00,0.00,0.00,0.00,0.00,0.01,6.63,34.50,0.70,11.30,0.00,0,0,0.51,0.38,0.24,0.01,0.10,1.26,0.79,0.98,0.01,2.07,-0.04,0.15,1.07,0.06,Nutriscore_E
a0758837-ac98-548a-8119-be4fb03152b4,8923b91b-14a3-5e4d-9876-a54e4251688d,Mixed fruits nectar,2061,0.89,0.00,0.25,0.00,0.00,0.00,0.00,0.01,0.00,0.00,0.02,38.10,28.30,8.99,14.60,0.00,0,0,0.51,0.38,0.24,0.01,0.10,1.26,0.79,0.98,0.01,2.07,-0.04,0.15,1.07,0.06,Nutriscore_D
50bcb3b7-5700-5c5b-b2ee-e8a7f099b74a,8923b91b-14a3-5e4d-9876-a54e4251688d,"Mixed fruits nectar, multivitamin",2060,0.89,0.00,0.25,0.00,0.00,0.00,0.00,0.01,0.00,0.00,0.02,38.10,28.30,8.99,14.60,0.00,0,0,0.51,0.38,0.24,0.01,0.10,1.26,0.79,0.98,0.01,2.07,-0.04,0.15,1.07,0.06,Nutriscore_D
ad141d40-b09d-5cf5-b2cc-c2898225bfbb,68525e5e-5f50-50d3-b8b0-ad8d6de01931,Orange nectar,2375,0.69,0.00,0.18,0.00,0.00,0.00,0.00,0.01,0.00,0.00,0.02,24.10,17.70,0.50,11.80,0.00,0,0,0.51,0.38,0.24,0.01,0.10,1.26,0.79,0.98,0.01,2.07,-0.04,0.15,1.07,0.06,Nutriscore_D
ea21576a-06d4-57be-b786-4e11510c8825,5a5da496-4cd2-51ec-bf7a-687a110f060c,Peach nectar,2371,0.58,0.00,0.23,0.00,0.00,0.00,0.00,0.00,0.00,0.01,0.01,17.90,94.90,7.53,11.70,0.00,0,0,0.51,0.38,0.24,0.01,0.10,1.26,0.79,0.98,0.01,2.07,-0.04,0.15,1.07,0.06,Nutriscore_E
e8991bba-bcfa-5fa0-90ff-29e8dac11340,20737e32-2bef-52d0-9f84-9eaeaee25074,Pear nectar,2054,0.49,0.00,0.22,0.00,0.00,0.00,0.00,0.00,0.00,0.00,0.01,10.60,15.30,0.86,10.60,0.00,0,0,0.51,0.38,0.24,0.01,0.10,1.26,0.79,0.98,0.01,2.07,-0.04,0.15,1.07,0.06,Nutriscore_E
1d1b50c1-9f68-5043-9574-89305330fd8d,2139c823-a992-5a05-acfc-2f31ccab994c,"Apple juice, pure juice",2074,0.57,0.00,0.18,0.00,0.00,0.00,0.00,0.00,0.00,0.00,0.01,13.20,18.80,0.67,10.30,0.00,0,0,0.03,0.02,0.08,0.03,0.09,0.55,0.20,0.96,0.01,1.27,-0.04,0.30,0.35,0.56,Nutriscore_C
ed4ef3f3-4bbb-53f7-a373-92e6be083319,1c001ba6-b90b-567c-a96c-4c0fec99a312,"Mixed red fruits juice, pure juice",2,0.72,0.00,0.18,0.00,0.00,0.00,0.00,0.01,0.00,0.00,0.02,23.50,155.00,0.96,11.70,0.00,0,0,0.03,0.02,0.08,0.03,0.09,0.55,0.20,0.96,0.01,1.27,-0.04,0.30,0.35,0.56,Nutriscore_C
e217a9d2-4523-5450-b8ac-12bc3a4eeabf,01a719dc-bad7-56ef-a950-ada56d33ab23,"Mixed fruits juice, orange based, multivitamin",2011,0.80,0.00,0.20,0.00,0.00,0.00,0.00,0.01,0.00,0.00,0.02,23.70,42.90,0.51,13.50,0.00,0,0,0.03,0.02,0.08,0.03,0.09,0.55,0.20,0.96,0.01,1.27,-0.04,0.30,0.35,0.56,Nutriscore_D
722a9610-dfb8-5cd1-a4b4-4a4f62a51100,01a719dc-bad7-56ef-a950-ada56d33ab23,"Mixed fruits juice, pure juice",2035,0.88,0.00,0.24,0.00,0.00,0.00,0.00,0.01,0.00,0.00,0.02,38.10,28.20,8.98,14.50,0.00,0,0,0.03,0.02,0.08,0.03,0.09,0.55,0.20,0.96,0.01,1.27,-0.04,0.30,0.35,0.56,Nutriscore_C
6c2d452e-3d1b-5fcf-9b2b-90a70e84cbaf,01a719dc-bad7-56ef-a950-ada56d33ab23,"Mixed fruits juice, pure juice, multivitamin",2002,0.88,0.00,0.24,0.00,0.00,0.00,0.00,0.01,0.00,0.00,0.02,38.10,28.20,8.98,14.50,0.00,0,0,0.03,0.02,0.08,0.03,0.09,0.55,0.20,0.96,0.01,1.27,-0.04,0.30,0.35,0.56,Nutriscore_C
a9cf328d-5d2e-51de-80b9-bbd67c26e3cf,01a719dc-bad7-56ef-a950-ada56d33ab23,"Mixed fruits juice, reconstituted from a concentrate, multivitamin",2069,0.88,0.00,0.24,0.00,0.00,0.00,0.00,0.01,0.00,0.00,0.02,38.10,28.20,8.98,14.50,0.00,0,0,0.03,0.02,0.08,0.03,0.09,0.55,0.20,0.96,0.01,1.27,-0.04,0.30,0.35,0.56,Nutriscore_C
9f6f529d-9321-5ad6-820b-514ade2a950a,952348ff-7823-58c2-9be3-3ff09bcf4129,"Fruit juice, mixed - apple base, standard",2048,0.74,0.00,0.21,0.00,0.00,0.00,0.00,0.00,0.00,0.00,0.01,13.80,36.60,0.49,13.00,0.00,0,0,0.03,0.02,0.08,0.03,0.09,0.55,0.20,0.96,0.01,1.27,-0.04,0.30,0.35,0.56,Nutriscore_D
63b757d4-d02e-59a1-a414-44aea89df266,bf750df9-5d2a-5b72-a35a-722014aa0ac2,"Beetroot juice, pure juice",1,0.77,0.00,0.13,0.00,0.00,0.00,0.00,0.00,0.00,0.00,0.02,15.10,9.29,0.84,11.00,0.00,0,0,0.03,0.02,0.08,0.03,0.09,0.55,0.20,0.96,0.01,1.27,-0.04,0.30,0.35,0.56,Nutriscore_B
ecbcff68-be04-5453-a799-a1765f1fd055,2394ecbc-6a8d-5660-bca1-3be2d8017dab,"Tomato juice, pure juice (average)",2053,0.63,0.00,0.14,0.00,0.00,0.00,0.00,0.00,0.00,0.00,0.01,11.70,13.50,4.03,10.70,0.00,0,0,0.03,0.02,0.08,0.03,0.09,0.55,0.20,0.96,0.01,1.27,-0.04,0.30,0.35,0.56,Nutriscore_B
8c9b9f82-686b-5324-871b-b98f23903888,169b9f7e-f4d6-514e-bc9d-72a75c7a6cc3,"Crouton with garlic, herbs or onions, prepacked",38500,1.06,0.00,0.51,0.01,0.00,0.00,0.00,0.03,0.00,0.02,0.14,48.80,446.00,15.30,28.40,0.00,0,0,0.01,0.03,0.27,0.02,0.21,0.45,0.10,0.90,0.01,0.40,-0.05,0.03,0.03,0.04,Nutriscore_E
d6b13115-c1fa-5cfe-9b9b-4598960af2e8,169b9f7e-f4d6-514e-bc9d-72a75c7a6cc3,"Croutons, plain, prepacked",7432,1.06,0.00,0.51,0.01,0.00,0.00,0.00,0.03,0.00,0.02,0.14,48.80,446.00,15.30,28.40,0.00,0,0,0.01,0.03,0.27,0.02,0.21,0.45,0.10,0.90,0.01,0.40,-0.05,0.03,0.03,0.04,Nutriscore_D
6fd7f1d9-790f-5c49-890b-0af6e6481c37,ccbb02f3-e415-5a4e-8cd7-5cb8fd44fe8e,"Rye bread, and wheat",7125,0.76,0.00,0.48,0.00,0.00,0.00,0.00,0.01,0.00,0.01,0.03,9.97,46.50,0.18,16.90,0.00,0,0,0.01,0.03,0.27,0.02,0.21,0.45,0.10,0.90,0.01,0.40,-0.05,0.03,0.03,0.04,Nutriscore_C
1c02cbf6-f272-53d5-8d7d-01b797c73256,4bf46c80-f6c5-596f-9aa6-049294e7e8ea,"Bread, French bread, (baguette or ball), multigrain, from bakery",7255,1.13,0.00,0.47,0.00,0.00,0.00,0.00,0.02,0.00,0.01,0.08,12.50,170.00,0.53,18.70,0.00,0,0,0.01,0.03,0.27,0.02,0.21,0.45,0.10,0.90,0.01,0.40,-0.05,0.03,0.03,0.04,Nutriscore_C
ca8d0257-2aa9-56f4-9d88-fca07c80b41f,4bf46c80-f6c5-596f-9aa6-049294e7e8ea,"Sandwich loaf, multigrain",7113,1.38,0.00,0.49,0.00,0.00,0.00,0.00,0.02,0.00,0.01,0.07,16.30,110.00,0.48,19.70,0.00,0,0,0.01,0.03,0.27,0.02,0.21,0.45,0.10,0.90,0.01,0.40,-0.05,0.03,0.03,0.04,Nutriscore_C
cf7e189a-dae1-569e-a93e-97c7557f2a04,1cd1b778-437d-5419-abb1-ad4b9ca6fe8c,Grissini or bread stick,7525,1.38,0.00,0.46,0.00,0.00,0.00,0.00,0.01,0.00,0.01,0.05,16.00,114.00,2.42,26.90,0.00,0,0,0.01,0.03,0.27,0.02,0.21,0.45,0.10,0.90,0.01,0.40,-0.05,0.03,0.03,0.04,Nutriscore_D
76285696-d0ba-5fd1-b352-c97cecf001b2,1cd1b778-437d-5419-abb1-ad4b9ca6fe8c,Puffed cereals textured bread,7353,1.07,0.00,0.44,0.00,0.00,0.00,0.00,0.01,0.00,0.01,0.05,23.40,35.10,4.99,16.60,0.00,0,0,0.01,0.03,0.27,0.02,0.21,0.45,0.10,0.90,0.01,0.40,-0.05,0.03,0.03,0.04,Nutriscore_A
5a22c8f2-90bd-596b-9cd4-07776ddc05ea,1cd1b778-437d-5419-abb1-ad4b9ca6fe8c,"Puffed rice textured bread, wholemeal",7352,1.07,0.00,0.44,0.00,0.00,0.00,0.00,0.01,0.00,0.01,0.05,23.40,35.10,4.99,16.60,0.00,0,0,0.01,0.03,0.27,0.02,0.21,0.45,0.10,0.90,0.01,0.40,-0.05,0.03,0.03,0.04,Nutriscore_B
9ef3db24-6640-5f3c-a9f8-246ea5050b86,6c073dc2-18f2-5001-8363-3791850c2588,"Corn tortilla wrap, to be filled",7813,1.03,0.00,0.49,0.00,0.00,0.00,0.00,0.01,0.00,0.01,0.05,15.80,103.00,0.76,18.70,0.00,0,0,0.01,0.03,0.27,0.02,0.21,0.45,0.10,0.90,0.01,0.40,-0.05,0.03,0.03,0.04,Nutriscore_C
7131f93a-8ff2-595c-973b-3b4274691c13,6c073dc2-18f2-5001-8363-3791850c2588,"Crispbread, extruded and grilled",7410,1.86,0.00,0.49,0.00,0.00,0.00,0.00,0.02,0.00,0.01,0.06,19.90,112.00,0.57,28.30,0.00,0,0,0.01,0.03,0.27,0.02,0.21,0.45,0.10,0.90,0.01,0.40,-0.05,0.03,0.03,0.04,Nutriscore_D
4d06e4eb-45d3-54b6-90bc-f05d32b144fc,6c073dc2-18f2-5001-8363-3791850c2588,Pita bread,7180,1.08,0.00,0.48,0.00,0.00,0.00,0.00,0.01,0.00,0.01,0.04,12.80,84.00,1.20,21.10,0.00,0,0,0.01,0.03,0.27,0.02,0.21,0.45,0.10,0.90,0.01,0.40,-0.05,0.03,0.03,0.04,Nutriscore_C
b22e3c67-cad6-5f16-8d9f-c3ec55cb4a7a,6c073dc2-18f2-5001-8363-3791850c2588,Rusk,7300,1.44,0.00,0.46,0.00,0.00,0.00,0.00,0.01,0.00,0.01,0.04,14.20,76.50,0.56,26.20,0.00,0,0,0.01,0.03,0.27,0.02,0.21,0.45,0.10,0.90,0.01,0.40,-0.05,0.03,0.03,0.04,Nutriscore_D
e63e95bd-0ea7-525e-bcde-5a6facbb423d,6c073dc2-18f2-5001-8363-3791850c2588,"Rusk , slice, multigrain",7425,1.29,0.00,0.45,0.00,0.00,0.00,0.00,0.01,0.00,0.00,0.03,9.63,53.90,0.40,25.00,0.00,0,0,0.01,0.03,0.27,0.02,0.21,0.45,0.10,0.90,0.01,0.40,-0.05,0.03,0.03,0.04,Nutriscore_D
b266338a-8298-5421-86a8-623d370486b4,6c073dc2-18f2-5001-8363-3791850c2588,"Rusk with eggs, sliced, prepacked",7403,2.22,0.00,0.51,0.01,0.00,0.00,0.00,0.02,0.00,0.01,0.09,23.50,107.00,0.59,28.30,0.00,0,0,0.01,0.03,0.27,0.02,0.21,0.45,0.10,0.90,0.01,0.40,-0.05,0.03,0.03,0.04,Nutriscore_D
339aa0ab-4ebf-5a27-8185-a06d5832dc2e,6c073dc2-18f2-5001-8363-3791850c2588,"Rusk, multigrain",7330,1.44,0.00,0.46,0.00,0.00,0.00,0.00,0.01,0.00,0.01,0.04,14.20,76.50,0.56,26.20,0.00,0,0,0.01,0.03,0.27,0.02,0.21,0.45,0.10,0.90,0.01,0.40,-0.05,0.03,0.03,0.04,Nutriscore_C
31571c37-3001-5ec4-8eb6-4289232cb7c0,6c073dc2-18f2-5001-8363-3791850c2588,"Rusk, slice, wheat",7400,1.35,0.00,0.46,0.00,0.00,0.00,0.00,0.01,0.00,0.01,0.03,10.80,62.10,0.42,25.40,0.00,0,0,0.01,0.03,0.27,0.02,0.21,0.45,0.10,0.90,0.01,0.40,-0.05,0.03,0.03,0.04,Nutriscore_C
0fc7ccfe-ce2d-5134-865b-3d949056265b,6c073dc2-18f2-5001-8363-3791850c2588,"Rusk, unsalted",7310,1.44,0.00,0.46,0.00,0.00,0.00,0.00,0.01,0.00,0.01,0.04,14.20,76.50,0.56,26.20,0.00,0,0,0.01,0.03,0.27,0.02,0.21,0.45,0.10,0.90,0.01,0.40,-0.05,0.03,0.03,0.04,Nutriscore_A
c3a5d5fb-e40f-5935-af5d-eead1d9fafb8,6c073dc2-18f2-5001-8363-3791850c2588,"Rusk, w eggs",7301,1.44,0.00,0.46,0.00,0.00,0.00,0.00,0.01,0.00,0.01,0.04,14.20,76.50,0.56,26.20,0.00,0,0,0.01,0.03,0.27,0.02,0.21,0.45,0.10,0.90,0.01,0.40,-0.05,0.03,0.03,0.04,Nutriscore_D
d5df6195-a824-5f1b-9202-ac99d89f182b,6c073dc2-18f2-5001-8363-3791850c2588,"Rusk, wholemeal or rich in fibre",7340,1.44,0.00,0.46,0.00,0.00,0.00,0.00,0.01,0.00,0.01,0.04,14.20,76.50,0.56,26.20,0.00,0,0,0.01,0.03,0.27,0.02,0.21,0.45,0.10,0.90,0.01,0.40,-0.05,0.03,0.03,0.04,Nutriscore_C
56774306-d35b-50ec-a20f-f1e0e6014ba9,6c073dc2-18f2-5001-8363-3791850c2588,"Wheat tortilla wrap, to be filled",7815_1,1.24,0.00,0.65,0.00,0.00,0.00,0.00,0.01,0.00,0.01,0.05,16.30,105.00,0.89,24.80,0.00,0,0,0.01,0.03,0.27,0.02,0.21,0.45,0.10,0.90,0.01,0.40,-0.05,0.03,0.03,0.04,Nutriscore_D
2c2c6a77-c772-52f1-893d-71de282b35aa,2319accc-31cf-5e81-a701-4292bfcb8017,Bagel,7258,1.14,0.00,0.48,0.00,0.00,0.00,0.00,0.01,0.00,0.01,0.04,14.40,84.30,1.13,21.50,0.00,0,0,0.01,0.03,0.27,0.02,0.21,0.45,0.10,0.90,0.01,0.40,-0.05,0.03,0.03,0.04,Nutriscore_C
20bf3430-6398-51f1-b5a3-71708c10ae6f,2319accc-31cf-5e81-a701-4292bfcb8017,Blinis,23805,1.61,0.00,0.50,0.00,0.00,0.00,0.00,0.02,0.00,0.01,0.07,22.30,83.60,0.38,22.10,0.00,0,0,0.01,0.03,0.27,0.02,0.21,0.45,0.10,0.90,0.01,0.40,-0.05,0.03,0.03,0.04,Nutriscore_D
c6529da7-7ad4-521b-9796-ac4161d2ffde,2319accc-31cf-5e81-a701-4292bfcb8017,Bran grain bread,7115,0.71,0.00,0.48,0.00,0.00,0.00,0.00,0.01,0.00,0.00,0.03,9.46,54.80,0.17,15.60,0.00,0,0,0.01,0.03,0.27,0.02,0.21,0.45,0.10,0.90,0.01,0.40,-0.05,0.03,0.03,0.04,Nutriscore_B
5c92615f-0d23-552f-8446-4071f39e5a4a,2319accc-31cf-5e81-a701-4292bfcb8017,"Bread (baguette or ball), made with type T55-T110 flour",7025,0.90,0.00,0.48,0.00,0.00,0.00,0.00,0.01,0.00,0.01,0.03,11.40,65.40,0.23,16.70,0.00,0,0,0.01,0.03,0.27,0.02,0.21,0.45,0.10,0.90,0.01,0.40,-0.05,0.03,0.03,0.04,Nutriscore_C
689d9ae5-babf-5fd9-8bf3-eb8d7a4625fe,2319accc-31cf-5e81-a701-4292bfcb8017,"Bread, French bread (baguette or ball), with yeast",7002,0.75,0.00,0.48,0.00,0.00,0.00,0.00,0.01,0.00,0.01,0.03,10.00,55.30,0.18,16.10,0.00,0,0,0.01,0.03,0.27,0.02,0.21,0.45,0.10,0.90,0.01,0.40,-0.05,0.03,0.03,0.04,Nutriscore_C
35536825-6cbc-54aa-ba27-fc64319ee25a,2319accc-31cf-5e81-a701-4292bfcb8017,"Bread, French bread, baguette",7001,0.78,0.00,0.48,0.00,0.00,0.00,0.00,0.01,0.00,0.01,0.03,10.70,63.00,0.19,16.00,0.00,0,0,0.01,0.03,0.27,0.02,0.21,0.45,0.10,0.90,0.01,0.40,-0.05,0.03,0.03,0.04,Nutriscore_C
e8d678d3-fb00-52b2-b06f-60742696b05f,2319accc-31cf-5e81-a701-4292bfcb8017,"Bread, French bread, baguette, unsalted",7007,0.78,0.00,0.48,0.00,0.00,0.00,0.00,0.01,0.00,0.01,0.03,10.70,63.00,0.19,16.00,0.00,0,0,0.01,0.03,0.27,0.02,0.21,0.45,0.10,0.90,0.01,0.40,-0.05,0.03,0.03,0.04,Nutriscore_C
c76628a9-e54c-5a61-a0fa-3457e5d25a8b,2319accc-31cf-5e81-a701-4292bfcb8017,"Bread, French bread, ball, 400g",7012,0.78,0.00,0.48,0.00,0.00,0.00,0.00,0.01,0.00,0.01,0.03,10.70,63.00,0.19,16.00,0.00,0,0,0.01,0.03,0.27,0.02,0.21,0.45,0.10,0.90,0.01,0.40,-0.05,0.03,0.03,0.04,Nutriscore_C
e196e3ef-2dd6-564f-8562-41199889a3d9,2319accc-31cf-5e81-a701-4292bfcb8017,"Bread, French bread, without salt",7160,0.78,0.00,0.48,0.00,0.00,0.00,0.00,0.01,0.00,0.01,0.03,10.70,63.00,0.19,16.00,0.00,0,0,0.01,0.03,0.27,0.02,0.21,0.45,0.10,0.90,0.01,0.40,-0.05,0.03,0.03,0.04,Nutriscore_B
5c3c4181-b492-5031-aa8e-f6a8028fd95a,2319accc-31cf-5e81-a701-4292bfcb8017,"Bread, gluten free",7130,1.70,0.00,0.13,0.01,0.00,0.00,0.00,0.01,0.00,0.01,0.04,21.40,54.40,5.66,20.20,0.00,0,0,0.01,0.03,0.27,0.02,0.21,0.45,0.10,0.90,0.01,0.40,-0.05,0.03,0.03,0.04,Nutriscore_C
75a0b9ac-5fb1-506a-a5b8-4ee746d3f11b,2319accc-31cf-5e81-a701-4292bfcb8017,"Bread, home-made, with flour for home-made bread preparation",7260,0.78,0.00,0.48,0.00,0.00,0.00,0.00,0.01,0.00,0.01,0.03,10.70,63.00,0.19,16.00,0.00,0,0,0.01,0.03,0.27,0.02,0.21,0.45,0.10,0.90,0.01,0.40,-0.05,0.03,0.03,0.04,Nutriscore_C
a9b9c165-3655-5780-90c6-989ad962e85d,2319accc-31cf-5e81-a701-4292bfcb8017,"Bread, wholemeal or integral bread (made with flour type 150)",7110,0.78,0.00,0.48,0.00,0.00,0.00,0.00,0.01,0.00,0.01,0.03,10.70,63.30,0.19,16.10,0.00,0,0,0.01,0.03,0.27,0.02,0.21,0.45,0.10,0.90,0.01,0.40,-0.05,0.03,0.03,0.04,Nutriscore_A
33e5c7ac-d5c9-5ab9-9e00-f0a5094e2b56,2319accc-31cf-5e81-a701-4292bfcb8017,"Brioche sandwich bread, prepacked",7210,1.71,0.00,0.53,0.00,0.00,0.00,0.00,0.02,0.00,0.01,0.09,22.90,106.00,0.41,20.00,0.00,0,0,0.01,0.03,0.27,0.02,0.21,0.45,0.10,0.90,0.01,0.40,-0.05,0.03,0.03,0.04,Nutriscore_D
651577df-55b4-5f4b-93b4-0d9289954f65,2319accc-31cf-5e81-a701-4292bfcb8017,"Brown bread, French bread (baguette or ball), with flour type 80 or 110",7010,0.78,0.00,0.48,0.00,0.00,0.00,0.00,0.01,0.00,0.01,0.03,10.70,63.00,0.19,16.00,0.00,0,0,0.01,0.03,0.27,0.02,0.21,0.45,0.10,0.90,0.01,0.40,-0.05,0.03,0.03,0.04,Nutriscore_C
56bcb917-844e-593e-a03b-f406daa12acd,2319accc-31cf-5e81-a701-4292bfcb8017,"Country-style bread, French bread (baguette or ball)",7100,0.78,0.00,0.48,0.00,0.00,0.00,0.00,0.01,0.00,0.01,0.03,10.70,63.30,0.19,16.10,0.00,0,0,0.01,0.03,0.27,0.02,0.21,0.45,0.10,0.90,0.01,0.40,-0.05,0.03,0.03,0.04,Nutriscore_C
fa8391a3-4440-516d-8b6c-bf2e23663067,2319accc-31cf-5e81-a701-4292bfcb8017,"Country-style bread, home-made (with flour for bread making machine)",7261,0.84,0.00,0.47,0.00,0.00,0.00,0.00,0.01,0.00,0.01,0.03,10.30,61.80,0.23,17.10,0.00,0,0,0.01,0.03,0.27,0.02,0.21,0.45,0.10,0.90,0.01,0.40,-0.05,0.03,0.03,0.04,Nutriscore_C
622af92d-96fe-5040-93ce-6839894e5089,2319accc-31cf-5e81-a701-4292bfcb8017,"English muffin, prepacked",7257,2.04,0.00,0.53,0.01,0.00,0.00,0.00,0.02,0.00,0.01,0.10,23.90,129.00,0.52,23.80,0.00,0,0,0.01,0.03,0.27,0.02,0.21,0.45,0.10,0.90,0.01,0.40,-0.05,0.03,0.03,0.04,Nutriscore_C
2079eabc-bccc-56b3-bcc2-443f43b5dfd6,2319accc-31cf-5e81-a701-4292bfcb8017,"English muffin, wholewheat flour, prepacked",7256,1.07,0.00,0.48,0.00,0.00,0.00,0.00,0.01,0.00,0.01,0.03,10.60,62.10,0.36,20.50,0.00,0,0,0.01,0.03,0.27,0.02,0.21,0.45,0.10,0.90,0.01,0.40,-0.05,0.03,0.03,0.04,Nutriscore_A
9a3dd299-a6c7-54d8-8c5c-540beb2921a2,2319accc-31cf-5e81-a701-4292bfcb8017,Panini bread,7170,1.23,0.00,0.48,0.00,0.00,0.00,0.00,0.01,0.00,0.01,0.05,15.20,97.10,1.56,21.60,0.00,0,0,0.01,0.03,0.27,0.02,0.21,0.45,0.10,0.90,0.01,0.40,-0.05,0.03,0.03,0.04,Nutriscore_B
9ce7ad1b-12e1-5f8f-a101-2969eaec2669,2319accc-31cf-5e81-a701-4292bfcb8017,"Rolls for hamburger/hotdog (buns), prepacked",7259,1.81,0.00,0.53,0.00,0.00,0.00,0.00,0.02,0.00,0.01,0.09,23.60,129.00,0.39,20.50,0.00,0,0,0.01,0.03,0.27,0.02,0.21,0.45,0.10,0.90,0.01,0.40,-0.05,0.03,0.03,0.04,Nutriscore_C
0c696f03-01d0-542a-917c-1c2423be8e83,2319accc-31cf-5e81-a701-4292bfcb8017,"Rolls for hamburger/hotdog (buns), wholemeal, prepacked",7262,0.84,0.00,0.47,0.00,0.00,0.00,0.00,0.01,0.00,0.01,0.03,10.30,61.80,0.23,17.10,0.00,0,0,0.01,0.03,0.27,0.02,0.21,0.45,0.10,0.90,0.01,0.40,-0.05,0.03,0.03,0.04,Nutriscore_C
68cb24c3-8489-5e85-8936-2155e89c4a87,2319accc-31cf-5e81-a701-4292bfcb8017,Sandwich loaf,7200,1.55,0.00,0.51,0.00,0.00,0.00,0.00,0.02,0.00,0.01,0.07,19.90,93.80,0.38,19.40,0.00,0,0,0.01,0.03,0.27,0.02,0.21,0.45,0.10,0.90,0.01,0.40,-0.05,0.03,0.03,0.04,Nutriscore_C
6aab7031-531f-500d-9c9a-9564e7c1cc55,2319accc-31cf-5e81-a701-4292bfcb8017,"Sandwich loaf, bran grain",7112,1.55,0.00,0.51,0.00,0.00,0.00,0.00,0.02,0.00,0.01,0.07,19.90,93.80,0.38,19.40,0.00,0,0,0.01,0.03,0.27,0.02,0.21,0.45,0.10,0.90,0.01,0.40,-0.05,0.03,0.03,0.04,Nutriscore_C
7ef9e617-b47d-5a05-8f1e-72d1b144df3f,2319accc-31cf-5e81-a701-4292bfcb8017,"Sandwich loaf, crust less, prepacked",7201,1.14,0.00,0.49,0.00,0.00,0.00,0.00,0.01,0.00,0.01,0.05,14.40,80.30,0.27,18.20,0.00,0,0,0.01,0.03,0.27,0.02,0.21,0.45,0.10,0.90,0.01,0.40,-0.05,0.03,0.03,0.04,Nutriscore_C
ce082dd0-923e-5361-a6d2-422504d7ea29,2319accc-31cf-5e81-a701-4292bfcb8017,"Sandwich loaf, wholemeal",7111,1.55,0.00,0.51,0.00,0.00,0.00,0.00,0.02,0.00,0.01,0.07,19.90,93.80,0.38,19.40,0.00,0,0,0.01,0.03,0.27,0.02,0.21,0.45,0.10,0.90,0.01,0.40,-0.05,0.03,0.03,0.04,Nutriscore_B
f3b1e07a-8e09-5218-94f0-766d792a93f3,2319accc-31cf-5e81-a701-4292bfcb8017,"Swedish toast, with fruits",7421,1.40,0.00,0.51,0.00,0.00,0.00,0.00,0.02,0.00,0.01,0.07,17.70,114.00,0.47,19.50,0.00,0,0,0.01,0.03,0.27,0.02,0.21,0.45,0.10,0.90,0.01,0.40,-0.05,0.03,0.03,0.04,Nutriscore_C
599b5d90-70ae-5fac-9e86-036fb3fdfb0b,2319accc-31cf-5e81-a701-4292bfcb8017,"Swedish toast, with linseeds",7409,1.40,0.00,0.51,0.00,0.00,0.00,0.00,0.02,0.00,0.01,0.07,17.70,114.00,0.47,19.50,0.00,0,0,0.01,0.03,0.27,0.02,0.21,0.45,0.10,0.90,0.01,0.40,-0.05,0.03,0.03,0.04,Nutriscore_C
3b92d985-f8a7-5d5f-8735-f8529009a082,2319accc-31cf-5e81-a701-4292bfcb8017,"Toasted bread, home-made",7004,1.35,0.00,0.46,0.00,0.00,0.00,0.00,0.01,0.00,0.01,0.03,10.80,62.10,0.42,25.40,0.00,0,0,0.01,0.03,0.27,0.02,0.21,0.45,0.10,0.90,0.01,0.40,-0.05,0.03,0.03,0.04,Nutriscore_C
0980a69a-2741-5e53-b69d-987edbc1732c,2319accc-31cf-5e81-a701-4292bfcb8017,Wheat swedish toast,7407,1.40,0.00,0.51,0.00,0.00,0.00,0.00,0.02,0.00,0.01,0.07,17.70,114.00,0.47,19.50,0.00,0,0,0.01,0.03,0.27,0.02,0.21,0.45,0.10,0.90,0.01,0.40,-0.05,0.03,0.03,0.04,Nutriscore_C
a3e045de-9a4d-56e1-a8d7-d91c19bb0947,2319accc-31cf-5e81-a701-4292bfcb8017,"Wheat swedish toast, wholemeal",7420,1.40,0.00,0.51,0.00,0.00,0.00,0.00,0.02,0.00,0.01,0.07,17.70,114.00,0.47,19.50,0.00,0,0,0.01,0.03,0.27,0.02,0.21,0.45,0.10,0.90,0.01,0.40,-0.05,0.03,0.03,0.04,Nutriscore_C
864343ae-5024-5707-927f-54b3a1b4ca7f,1aaef7a4-a4ea-5e43-a543-a77fc646d307,Breakfast biscuit (cookie),24034,3.59,0.00,0.63,0.01,0.00,0.00,0.00,0.04,0.00,0.01,0.16,41.20,161.00,1.16,39.20,0.00,0.012953131,2.584708266,0.02,0.05,0.60,0.05,0.46,1.08,0.25,1.70,0.02,0.97,-0.10,0.07,0.08,0.09,Nutriscore_D
27f5f93d-31da-5c2c-a037-f0842d2ae4fc,1aaef7a4-a4ea-5e43-a543-a77fc646d307,"Breakfast biscuit (cookie) with cereals, fortified with vitamins and chemical elements",24041,3.59,0.00,0.63,0.01,0.00,0.00,0.00,0.04,0.00,0.01,0.16,41.20,161.00,1.16,39.20,0.00,0.012953131,2.584708266,0.02,0.05,0.60,0.05,0.46,1.08,0.25,1.70,0.02,0.97,-0.10,0.07,0.08,0.09,Nutriscore_D
1f2c5322-58e9-5fc1-944b-4113cdeea150,1aaef7a4-a4ea-5e43-a543-a77fc646d307,"Breakfast biscuit (cookie), reduced sugar",24035,3.59,0.00,0.63,0.01,0.00,0.00,0.00,0.04,0.00,0.01,0.16,41.20,161.00,1.16,39.20,0.00,0,0,0.02,0.05,0.60,0.05,0.46,1.08,0.25,1.70,0.02,0.97,-0.10,0.07,0.08,0.09,Nutriscore_D
8b49c9cb-ca50-511b-9f33-04fb1f7ef304,1aaef7a4-a4ea-5e43-a543-a77fc646d307,"Breakfast biscuit (cookie), with chocolate",24040,6.67,0.00,0.63,0.01,0.00,0.00,0.00,0.04,0.00,0.02,0.17,43.70,274.00,1.13,44.60,0.00,0.004876473,0.973066593,0.02,0.05,0.60,0.05,0.46,1.08,0.25,1.70,0.02,0.97,-0.10,0.07,0.08,0.09,Nutriscore_D
7877c610-8ffd-5d04-a3c6-148cb7ea2222,1aaef7a4-a4ea-5e43-a543-a77fc646d307,Cereal bar w fruit,31113,3.26,0.00,0.60,0.01,0.00,0.00,0.00,0.03,0.00,0.01,0.13,58.60,135.00,3.28,41.40,0.00,0.011787349,2.352084522,0.02,0.05,0.60,0.05,0.46,1.08,0.25,1.70,0.02,0.97,-0.10,0.07,0.08,0.09,Nutriscore_D
0aa6ec5b-4287-50b8-805b-ddf39afcbb0c,1aaef7a4-a4ea-5e43-a543-a77fc646d307,Cereal bar with almonds or hazelnuts,31114,3.85,0.00,0.62,0.01,0.00,0.00,0.00,0.05,0.00,0.02,0.19,96.60,211.00,8.31,45.00,0.00,0.011787349,2.352084522,0.02,0.05,0.60,0.05,0.46,1.08,0.25,1.70,0.02,0.97,-0.10,0.07,0.08,0.09,Nutriscore_D
29326d9f-1c57-58d9-bf7a-4017fca58311,1aaef7a4-a4ea-5e43-a543-a77fc646d307,"Cereal bar with chocolate, fortified with vitamins and minerals",31102,6.89,0.00,0.64,0.01,0.00,0.00,0.00,0.04,0.00,0.02,0.17,43.90,275.00,1.24,47.60,0.00,0.004876473,0.973066593,0.02,0.05,0.60,0.05,0.46,1.08,0.25,1.70,0.02,0.97,-0.10,0.07,0.08,0.09,Nutriscore_E
d15e7f73-5394-556a-b6c8-f9cbf371db36,1aaef7a4-a4ea-5e43-a543-a77fc646d307,"Cereal bar with fruit, fortified with vitamins and minerals",31101,3.26,0.00,0.60,0.01,0.00,0.00,0.00,0.03,0.00,0.01,0.13,58.60,135.00,3.28,41.40,0.00,0.011787349,2.352084522,0.02,0.05,0.60,0.05,0.46,1.08,0.25,1.70,0.02,0.97,-0.10,0.07,0.08,0.09,Nutriscore_D
5d9a0bef-c1fe-5b0f-9f51-11d8469525ec,1aaef7a4-a4ea-5e43-a543-a77fc646d307,Chocolate cereal bar,31106,6.89,0.00,0.64,0.01,0.00,0.00,0.00,0.04,0.00,0.02,0.17,43.90,275.00,1.24,47.60,0.00,0.004876473,0.973066593,0.02,0.05,0.60,0.05,0.46,1.08,0.25,1.70,0.02,0.97,-0.10,0.07,0.08,0.09,Nutriscore_E
5ff4b9b7-3590-59d5-9ef9-1989a09be836,1aaef7a4-a4ea-5e43-a543-a77fc646d307,"Milky cereal breakfast bar, with chocolate or not, fortified with vitamins and minerals",31100,6.89,0.00,0.64,0.01,0.00,0.00,0.00,0.04,0.00,0.02,0.17,43.90,275.00,1.24,47.60,0.00,0.012953131,2.584708266,0.02,0.05,0.60,0.05,0.46,1.08,0.25,1.70,0.02,0.97,-0.10,0.07,0.08,0.09,Nutriscore_D
dfe61e0f-49e8-59d6-a113-df9642b159a2,3716e87f-adc3-5bb7-a4d4-55bcd505c058,"Breakfast cereals, chocolate puffed/popped wheat grain, fortified with vitamins and chemical elements",32115,3.40,0.00,0.64,0.01,0.00,0.00,0.00,0.03,0.00,0.02,0.12,46.80,156.00,6.45,37.40,0.00,0.002417198,0.482335204,0.02,0.05,0.60,0.05,0.46,1.08,0.25,1.70,0.02,0.97,-0.10,0.07,0.08,0.09,Nutriscore_D
9e23744e-5b4e-5b1c-b7d6-bd0cf9f11004,3716e87f-adc3-5bb7-a4d4-55bcd505c058,"Breakfast cereals, chocolate wheat grain flakes (not fortified with vitamins and chemical elements)",32011,3.40,0.00,0.64,0.01,0.00,0.00,0.00,0.03,0.00,0.02,0.12,46.80,156.00,6.45,37.40,0.00,0.002417198,0.482335204,0.02,0.05,0.60,0.05,0.46,1.08,0.25,1.70,0.02,0.97,-0.10,0.07,0.08,0.09,Nutriscore_C
7bc88626-6dd6-5336-bf06-ad9687d004c4,3716e87f-adc3-5bb7-a4d4-55bcd505c058,"Breakfast cereals, chocolate wheat grain flakes, fortified with vitamins and chemical elements",32009,3.40,0.00,0.64,0.01,0.00,0.00,0.00,0.03,0.00,0.02,0.12,46.80,156.00,6.45,37.40,0.00,0.002417198,0.482335204,0.02,0.05,0.60,0.05,0.46,1.08,0.25,1.70,0.02,0.97,-0.10,0.07,0.08,0.09,Nutriscore_C
6d2f0824-865a-5e6a-a742-174ba17643ec,3716e87f-adc3-5bb7-a4d4-55bcd505c058,"Breakfast cereals, corn flakes, plain (not fortified with vitamins and chemical elements)",32014,3.40,0.00,0.64,0.01,0.00,0.00,0.00,0.03,0.00,0.02,0.12,46.80,156.00,6.45,37.40,0.00,0,0,0.02,0.05,0.60,0.05,0.46,1.08,0.25,1.70,0.02,0.97,-0.10,0.07,0.08,0.09,Nutriscore_D
acd03f84-5eda-500a-8f53-68b56c1a5371,3716e87f-adc3-5bb7-a4d4-55bcd505c058,"Breakfast cereals, corn flakes, plain, fortified with vitamins and chemical elements",32005,3.40,0.00,0.64,0.01,0.00,0.00,0.00,0.03,0.00,0.02,0.12,46.80,156.00,6.45,37.40,0.00,0,0,0.02,0.05,0.60,0.05,0.46,1.08,0.25,1.70,0.02,0.97,-0.10,0.07,0.08,0.09,Nutriscore_C
3cd13abf-3dde-5d12-b535-3506f25c2f20,3716e87f-adc3-5bb7-a4d4-55bcd505c058,"Breakfast cereals, corn flakes, sugar iced (not fortified with vitamins and chemical elements)",32107,3.40,0.00,0.64,0.01,0.00,0.00,0.00,0.03,0.00,0.02,0.12,46.80,156.00,6.45,37.40,0.00,0,0,0.02,0.05,0.60,0.05,0.46,1.08,0.25,1.70,0.02,0.97,-0.10,0.07,0.08,0.09,Nutriscore_D
8a711fed-5c74-5214-b2ca-edb778be8976,3716e87f-adc3-5bb7-a4d4-55bcd505c058,"Breakfast cereals, corn flakes, sugar iced, fortified with vitamins and chemical elements",32121,3.40,0.00,0.64,0.01,0.00,0.00,0.00,0.03,0.00,0.02,0.12,46.80,156.00,6.45,37.40,0.00,0,0,0.02,0.05,0.60,0.05,0.46,1.08,0.25,1.70,0.02,0.97,-0.10,0.07,0.08,0.09,Nutriscore_D
2333d29d-3af4-5fd2-b920-d9fa3fc01f4e,3716e87f-adc3-5bb7-a4d4-55bcd505c058,"Breakfast cereals, puffed/popped cereals, wholemeal, fortified with vitamins and chemical elements",32134,3.40,0.00,0.64,0.01,0.00,0.00,0.00,0.03,0.00,0.02,0.12,46.80,156.00,6.45,37.40,0.00,0,0,0.02,0.05,0.60,0.05,0.46,1.08,0.25,1.70,0.02,0.97,-0.10,0.07,0.08,0.09,Nutriscore_D
0e8647ab-7ff1-56e5-a38e-3be30a83a63c,3716e87f-adc3-5bb7-a4d4-55bcd505c058,"Breakfast cereals, puffed/popped corn, with honey (not fortified with vitamins and chemical elements)",32129,3.40,0.00,0.64,0.01,0.00,0.00,0.00,0.03,0.00,0.02,0.12,46.80,156.00,6.45,37.40,0.00,0,0,0.02,0.05,0.60,0.05,0.46,1.08,0.25,1.70,0.02,0.97,-0.10,0.07,0.08,0.09,Nutriscore_D
e2449205-1dd9-590a-bb3a-b05ba1b6a255,3716e87f-adc3-5bb7-a4d4-55bcd505c058,"Breakfast cereals, puffed/popped corn, with honey, fortified with vitamins and chemical elements",32133,3.40,0.00,0.64,0.01,0.00,0.00,0.00,0.03,0.00,0.02,0.12,46.80,156.00,6.45,37.40,0.00,0,0,0.02,0.05,0.60,0.05,0.46,1.08,0.25,1.70,0.02,0.97,-0.10,0.07,0.08,0.09,Nutriscore_D
1244ea9b-ea76-5d15-9c60-8ad00884afdc,3716e87f-adc3-5bb7-a4d4-55bcd505c058,"Oat flakes, boiled/cooked in water",9313,1.01,0.00,0.09,0.00,0.00,0.00,0.00,0.01,0.00,0.05,0.06,9.85,179.00,0.57,9.32,0.00,0,0,0.02,0.05,0.60,0.05,0.46,1.08,0.25,1.70,0.02,0.97,-0.10,0.07,0.08,0.09,Nutriscore_A
0638b7d8-891a-5f4f-95d5-6039881bcfb7,3716e87f-adc3-5bb7-a4d4-55bcd505c058,"Oat flakes, pre-cooked, raw",32140,1.56,0.00,0.58,0.01,0.00,0.00,0.00,0.02,0.00,0.07,0.08,14.20,235.00,0.77,24.50,0.00,0,0,0.02,0.05,0.60,0.05,0.46,1.08,0.25,1.70,0.02,0.97,-0.10,0.07,0.08,0.09,Nutriscore_A
1ceab4c5-d252-5d5d-b6bf-03553070cb60,3716e87f-adc3-5bb7-a4d4-55bcd505c058,Oatmeal flakes,9311,1.22,0.00,0.20,0.00,0.00,0.00,0.00,0.02,0.00,0.06,0.07,12.50,214.00,0.63,12.90,0.00,0,0,0.01,0.03,0.27,0.02,0.21,0.45,0.10,0.90,0.01,0.40,-0.05,0.03,0.03,0.04,Nutriscore_A
ad0075e2-1138-5eef-97b0-cc1a9d918cf9,50ca9e9e-1807-518e-b348-4193ea0efe86,"Breakfast cereals, diet, plain or with honey, fortified with vitamins and chemical elements",32021,3.40,0.00,0.64,0.01,0.00,0.00,0.00,0.03,0.00,0.02,0.12,46.80,156.00,6.45,37.40,0.00,0,0,0.02,0.05,0.60,0.05,0.46,1.08,0.25,1.70,0.02,0.97,-0.10,0.07,0.08,0.09,Nutriscore_D
f8789063-54f9-5723-bfb3-ca9b98ecd5c6,50ca9e9e-1807-518e-b348-4193ea0efe86,"Breakfast cereals, diet, plain, not fortified",32030,3.40,0.00,0.64,0.01,0.00,0.00,0.00,0.03,0.00,0.02,0.12,46.80,156.00,6.45,37.40,0.00,0,0,0.02,0.05,0.60,0.05,0.46,1.08,0.25,1.70,0.02,0.97,-0.10,0.07,0.08,0.09,Nutriscore_C
a209b3c7-a771-593c-b20c-40624a251360,50ca9e9e-1807-518e-b348-4193ea0efe86,"Breakfast cereals, diet, with chocolate, fortified with vitamins and chemical elements",32022,3.40,0.00,0.64,0.01,0.00,0.00,0.00,0.03,0.00,0.02,0.12,46.80,156.00,6.45,37.40,0.00,0,0,0.02,0.05,0.60,0.05,0.46,1.08,0.25,1.70,0.02,0.97,-0.10,0.07,0.08,0.09,Nutriscore_D
5e238505-2c17-5b66-a830-f67b2e81aabc,50ca9e9e-1807-518e-b348-4193ea0efe86,"Breakfast cereals, diet, with chocolate, not fortified",32028,3.40,0.00,0.64,0.01,0.00,0.00,0.00,0.03,0.00,0.02,0.12,46.80,156.00,6.45,37.40,0.00,0,0,0.02,0.05,0.60,0.05,0.46,1.08,0.25,1.70,0.02,0.97,-0.10,0.07,0.08,0.09,Nutriscore_D
1fca9ba2-dc06-5376-9359-531eb52dbbb9,50ca9e9e-1807-518e-b348-4193ea0efe86,"Breakfast cereals, diet, with dried fruits, fortified with vitamins and chemical elements",32025,3.40,0.00,0.64,0.01,0.00,0.00,0.00,0.03,0.00,0.02,0.12,46.80,156.00,6.45,37.40,0.00,0,0,0.02,0.05,0.60,0.05,0.46,1.08,0.25,1.70,0.02,0.97,-0.10,0.07,0.08,0.09,Nutriscore_D
da4cd1b3-fef4-5ee1-b458-bed84c3890c2,50ca9e9e-1807-518e-b348-4193ea0efe86,"Breakfast cereals, diet, with fruits, fortified with vitamins and chemical elements",32023,3.40,0.00,0.64,0.01,0.00,0.00,0.00,0.03,0.00,0.02,0.12,46.80,156.00,6.45,37.40,0.00,0,0,0.02,0.05,0.60,0.05,0.46,1.08,0.25,1.70,0.02,0.97,-0.10,0.07,0.08,0.09,Nutriscore_C
69808780-112f-5cb9-a3bb-441a16cddeb0,50ca9e9e-1807-518e-b348-4193ea0efe86,"Breakfast cereals, diet, with fruits, not fortified",32029,3.40,0.00,0.64,0.01,0.00,0.00,0.00,0.03,0.00,0.02,0.12,46.80,156.00,6.45,37.40,0.00,0,0,0.02,0.05,0.60,0.05,0.46,1.08,0.25,1.70,0.02,0.97,-0.10,0.07,0.08,0.09,Nutriscore_C
1b6c7b8f-6690-5c32-915d-bdea70499182,50ca9e9e-1807-518e-b348-4193ea0efe86,"Breakfast cereals, filled with a filling other than chocolate, fortified with vitamins and chemical elements",32018,3.40,0.00,0.64,0.01,0.00,0.00,0.00,0.03,0.00,0.02,0.12,46.80,156.00,6.45,37.40,0.00,0,0,0.02,0.05,0.60,0.05,0.46,1.08,0.25,1.70,0.02,0.97,-0.10,0.07,0.08,0.09,Nutriscore_D
19d78630-c5e2-5821-bcf5-bd1f0577635c,50ca9e9e-1807-518e-b348-4193ea0efe86,"Breakfast cereals, filled with chocolate or chocolate-hazelnuts",32017,3.40,0.00,0.64,0.01,0.00,0.00,0.00,0.03,0.00,0.02,0.12,46.80,156.00,6.45,37.40,0.00,0,0,0.02,0.05,0.60,0.05,0.46,1.08,0.25,1.70,0.02,0.97,-0.10,0.07,0.08,0.09,Nutriscore_D
e6857fd3-08d7-5e59-9309-cde3aba1b00c,50ca9e9e-1807-518e-b348-4193ea0efe86,"Breakfast cereals, filled with chocolate or chocolate-hazelnuts, fortified with vitamins and chemical elements",32016,3.40,0.00,0.64,0.01,0.00,0.00,0.00,0.03,0.00,0.02,0.12,46.80,156.00,6.45,37.40,0.00,0,0,0.02,0.05,0.60,0.05,0.46,1.08,0.25,1.70,0.02,0.97,-0.10,0.07,0.08,0.09,Nutriscore_D
5d384a95-5868-569f-9e9a-0ab68fb58ad9,50ca9e9e-1807-518e-b348-4193ea0efe86,"Breakfast cereals, rich in fibre, with chocolate, fortified with vitamins and chemical elements",32008,3.40,0.00,0.64,0.01,0.00,0.00,0.00,0.03,0.00,0.02,0.12,46.80,156.00,6.45,37.40,0.00,0,0,0.02,0.05,0.60,0.05,0.46,1.08,0.25,1.70,0.02,0.97,-0.10,0.07,0.08,0.09,Nutriscore_C
b8cde9fb-a9c9-5a41-b18a-d61209ed579c,50ca9e9e-1807-518e-b348-4193ea0efe86,"Breakfast cereals, rich in fibre, with or without fruits, fortified with vitamins and chemical elements",32002,3.40,0.00,0.64,0.01,0.00,0.00,0.00,0.03,0.00,0.02,0.12,46.80,156.00,6.45,37.40,0.00,0,0,0.02,0.05,0.60,0.05,0.46,1.08,0.25,1.70,0.02,0.97,-0.10,0.07,0.08,0.09,Nutriscore_C
4d35ba24-3462-514d-a650-3da3e3b28cae,50ca9e9e-1807-518e-b348-4193ea0efe86,"Breakfast cereals, very rich in fibre, fortified with vitamins and chemical elements",32116,3.40,0.00,0.64,0.01,0.00,0.00,0.00,0.03,0.00,0.02,0.12,46.80,156.00,6.45,37.40,0.00,0,0,0.02,0.05,0.60,0.05,0.46,1.08,0.25,1.70,0.02,0.97,-0.10,0.07,0.08,0.09,Nutriscore_A
47c70897-4eae-5c8a-b7c9-79301e2dba5b,50ca9e9e-1807-518e-b348-4193ea0efe86,"Breakfast cereals, wheat flakes with walnuts, hazelnuts or almonds, fortified with vitamins and chemical elements",32123,3.40,0.00,0.64,0.01,0.00,0.00,0.00,0.03,0.00,0.02,0.12,46.80,156.00,6.45,37.40,0.00,0,0,0.02,0.05,0.60,0.05,0.46,1.08,0.25,1.70,0.02,0.97,-0.10,0.07,0.08,0.09,Nutriscore_C
e2bef4d4-a748-5711-acc4-c0a6c0087347,50ca9e9e-1807-518e-b348-4193ea0efe86,"Breakfast cereals, with chocolate, not filled (not fortified with vitamins and chemical elements)",32013,3.40,0.00,0.64,0.01,0.00,0.00,0.00,0.03,0.00,0.02,0.12,46.80,156.00,6.45,37.40,0.00,0,0,0.02,0.05,0.60,0.05,0.46,1.08,0.25,1.70,0.02,0.97,-0.10,0.07,0.08,0.09,Nutriscore_C
10f926ea-fab8-53a1-8ac1-7762910a09b9,50ca9e9e-1807-518e-b348-4193ea0efe86,"Breakfast cereals, with chocolate, not filled, fortified with vitamins and chemical elements",32001,3.40,0.00,0.64,0.01,0.00,0.00,0.00,0.03,0.00,0.02,0.12,46.80,156.00,6.45,37.40,0.00,0,0,0.02,0.05,0.60,0.05,0.46,1.08,0.25,1.70,0.02,0.97,-0.10,0.07,0.08,0.09,Nutriscore_C
1eabadd3-d132-56c2-9e50-e4057117da78,10355ea7-8787-58de-ac24-27ac46932b6f,"Muesli, crunchy, with chocolate (not fortified with vitamins and chemical elements)",32109,2.55,0.00,0.56,0.01,0.00,0.00,0.00,0.02,0.00,0.03,0.07,16.20,143.00,1.23,31.10,0.00,0,0,0.02,0.05,0.60,0.05,0.46,1.08,0.25,1.70,0.02,0.97,-0.10,0.07,0.08,0.09,Nutriscore_D
8ff4c089-db90-5cca-ab63-3f47c6c402c2,10355ea7-8787-58de-ac24-27ac46932b6f,"Muesli, crunchy, with chocolate, with or without fruits, fortified with vitamins and chemical elements",32112,2.55,0.00,0.56,0.01,0.00,0.00,0.00,0.02,0.00,0.03,0.07,16.20,143.00,1.23,31.10,0.00,0,0,0.02,0.05,0.60,0.05,0.46,1.08,0.25,1.70,0.02,0.97,-0.10,0.07,0.08,0.09,Nutriscore_D
a3bd4276-7cf8-5189-a447-191e39694bd8,10355ea7-8787-58de-ac24-27ac46932b6f,"Muesli, crunchy, with fruits and/or dried fruits, grains (not fortified with vitamins and chemical elements)",32108,2.55,0.00,0.56,0.01,0.00,0.00,0.00,0.02,0.00,0.03,0.07,16.20,143.00,1.23,31.10,0.00,0,0,0.02,0.05,0.60,0.05,0.46,1.08,0.25,1.70,0.02,0.97,-0.10,0.07,0.08,0.09,Nutriscore_D
f5a92591-6044-5f5f-ad75-09f0ed8f7464,10355ea7-8787-58de-ac24-27ac46932b6f,"Muesli, crunchy, with fruits or dried fruits, fortified with vitamins and chemical elements",32111,2.55,0.00,0.56,0.01,0.00,0.00,0.00,0.02,0.00,0.03,0.07,16.20,143.00,1.23,31.10,0.00,0,0,0.02,0.05,0.60,0.05,0.46,1.08,0.25,1.70,0.02,0.97,-0.10,0.07,0.08,0.09,Nutriscore_D
3cc3e717-cf9d-5088-bf71-5dab414c8921,10355ea7-8787-58de-ac24-27ac46932b6f,"Muesli, flakes (Bircher-style)",32128,2.55,0.00,0.56,0.01,0.00,0.00,0.00,0.02,0.00,0.03,0.07,16.20,143.00,1.23,31.10,0.00,0,0,0.02,0.05,0.60,0.05,0.46,1.08,0.25,1.70,0.02,0.97,-0.10,0.07,0.08,0.09,Nutriscore_D
95f10698-bd65-51ce-ad0f-84e0bd41718e,10355ea7-8787-58de-ac24-27ac46932b6f,"Muesli, flakes (Bircher-style), with fruits or dried fruits (not fortified with vitamins and chemical elements)",32138,2.55,0.00,0.56,0.01,0.00,0.00,0.00,0.02,0.00,0.03,0.07,16.20,143.00,1.23,31.10,0.00,0,0,0.02,0.05,0.60,0.05,0.46,1.08,0.25,1.70,0.02,0.97,-0.10,0.07,0.08,0.09,Nutriscore_A
74dca18d-dd68-5535-bce0-424f42ed276c,10355ea7-8787-58de-ac24-27ac46932b6f,"Muesli, flakes (Bircher-style), with fruits or dried fruits, fortified with vitamins and chemical elements",32110,2.55,0.00,0.56,0.01,0.00,0.00,0.00,0.02,0.00,0.03,0.07,16.20,143.00,1.23,31.10,0.00,0,0,0.02,0.05,0.60,0.05,0.46,1.08,0.25,1.70,0.02,0.97,-0.10,0.07,0.08,0.09,Nutriscore_C
5e224fbc-5477-52cf-a862-d6c4fbfcab84,10355ea7-8787-58de-ac24-27ac46932b6f,"Muesli, flakes (Bircher-style), with fruits or dried fruits, without sugar",32113,2.55,0.00,0.56,0.01,0.00,0.00,0.00,0.02,0.00,0.03,0.07,16.20,143.00,1.23,31.10,0.00,0,0,0.02,0.05,0.60,0.05,0.46,1.08,0.25,1.70,0.02,0.97,-0.10,0.07,0.08,0.09,Nutriscore_A
59a950a2-edb0-52fe-8565-8a4c103cd599,da386c24-e0ea-5fae-b088-736090edb77c,"Breakfast cereals, mix of puffed or extruded cereals, fortified with vitamins and chemical elements",32135,3.40,0.00,0.64,0.01,0.00,0.00,0.00,0.03,0.00,0.02,0.12,46.80,156.00,6.45,37.40,0.00,0,0,0.02,0.05,0.60,0.05,0.46,1.08,0.25,1.70,0.02,0.97,-0.10,0.07,0.08,0.09,Nutriscore_D
13313d50-b0a0-5455-9f0d-37e2069ba446,da386c24-e0ea-5fae-b088-736090edb77c,"Breakfast cereals, popped or puffed wheat grain, with honey or caramel, fortified with vitamins and chemical elements",32000,3.40,0.00,0.64,0.01,0.00,0.00,0.00,0.03,0.00,0.02,0.12,46.80,156.00,6.45,37.40,0.00,0,0,0.02,0.05,0.60,0.05,0.46,1.08,0.25,1.70,0.02,0.97,-0.10,0.07,0.08,0.09,Nutriscore_D
ece1d5d5-1e56-5e74-8c28-e1edb0e13ad6,d886b7b4-ffa3-5a4e-b571-6e9048c02f38,Biscuit (cookie),24000,3.59,0.00,0.63,0.01,0.00,0.00,0.00,0.04,0.00,0.01,0.16,41.20,161.00,1.16,39.20,0.00,0.011773862,2.349393255,0.02,0.05,0.60,0.05,0.46,1.08,0.25,1.70,0.02,0.97,-0.10,0.07,0.08,0.09,Nutriscore_E
21dbb6ed-0fdd-5697-bb3e-ed7f0902f9a7,d886b7b4-ffa3-5a4e-b571-6e9048c02f38,Biscuit (cookie) filled with fruit paste or fruit puree,24037,3.05,0.00,0.59,0.01,0.00,0.00,0.00,0.03,0.00,0.01,0.13,58.40,134.00,3.17,38.40,0.00,0.008500728,1.69626193,0.02,0.05,0.60,0.05,0.46,1.08,0.25,1.70,0.02,0.97,-0.10,0.07,0.08,0.09,Nutriscore_E
2ae1a3c7-02cf-5434-bafd-8bd9d1327fc2,d886b7b4-ffa3-5a4e-b571-6e9048c02f38,"Biscuit (cookie) filled with fruits, reduced fat",24008,3.05,0.00,0.59,0.01,0.00,0.00,0.00,0.03,0.00,0.01,0.13,58.40,134.00,3.17,38.40,0.00,0.008500728,1.69626193,0.02,0.05,0.60,0.05,0.46,1.08,0.25,1.70,0.02,0.97,-0.10,0.07,0.08,0.09,Nutriscore_E
e27b6d4d-91f4-5cd0-80f8-9afa17a82e5b,d886b7b4-ffa3-5a4e-b571-6e9048c02f38,Biscuit (cookie) vitamins and chemical elements content guaranteed,24003,3.59,0.00,0.63,0.01,0.00,0.00,0.00,0.04,0.00,0.01,0.16,41.20,161.00,1.16,39.20,0.00,0.011773862,2.349393255,0.02,0.05,0.60,0.05,0.46,1.08,0.25,1.70,0.02,0.97,-0.10,0.07,0.08,0.09,Nutriscore_E
1ea5b6d5-0d10-5a0f-851f-6617b28fc1ab,d886b7b4-ffa3-5a4e-b571-6e9048c02f38,Biscuit (cookie) vitamins content guaranteed,24002,2.20,0.00,0.55,0.01,0.00,0.00,0.00,0.02,0.00,0.01,0.09,32.60,95.30,1.47,37.10,0.00,0.011773862,2.349393255,0.02,0.05,0.60,0.05,0.46,1.08,0.25,1.70,0.02,0.97,-0.10,0.07,0.08,0.09,Nutriscore_D
a0185a8a-4fac-58c4-a990-1a186b529e3b,d886b7b4-ffa3-5a4e-b571-6e9048c02f38,"Biscuit (cookie) with fruits, reduced salt",24004,3.05,0.00,0.59,0.01,0.00,0.00,0.00,0.03,0.00,0.01,0.13,58.40,134.00,3.17,38.40,0.00,0.008500728,1.69626193,0.02,0.05,0.60,0.05,0.46,1.08,0.25,1.70,0.02,0.97,-0.10,0.07,0.08,0.09,Nutriscore_C
0084a831-b5a3-5972-ae38-24744548e6b2,d886b7b4-ffa3-5a4e-b571-6e9048c02f38,Biscuit (cookie) with nuts (no chocolate or lightly chocolate-flavoured),24055,3.64,0.00,0.61,0.01,0.00,0.00,0.00,0.05,0.00,0.02,0.19,96.40,210.00,8.20,42.00,0.00,0.010007783,1.996984267,0.02,0.05,0.60,0.05,0.46,1.08,0.25,1.70,0.02,0.97,-0.10,0.07,0.08,0.09,Nutriscore_E
354291bf-17d9-5116-95cc-838fefab74c2,d886b7b4-ffa3-5a4e-b571-6e9048c02f38,"Biscuit (cookie), assortment of miniature sweets and biscuits",24011,4.01,0.00,0.66,0.01,0.00,0.00,0.00,0.04,0.00,0.01,0.19,49.80,181.00,1.31,40.90,0.00,0.011773862,2.349393255,0.02,0.05,0.60,0.05,0.46,1.08,0.25,1.70,0.02,0.97,-0.10,0.07,0.08,0.09,Nutriscore_E
253ce115-ab7a-50a5-8804-a4539bb1f125,d886b7b4-ffa3-5a4e-b571-6e9048c02f38,"Biscuit (cookie), cat tongue type",24441,4.01,0.00,0.66,0.01,0.00,0.00,0.00,0.04,0.00,0.01,0.19,49.80,181.00,1.31,40.90,0.00,0.011773862,2.349393255,0.02,0.05,0.60,0.05,0.46,1.08,0.25,1.70,0.02,0.97,-0.10,0.07,0.08,0.09,Nutriscore_E
9f2db802-d85d-5cc3-97fc-509af3705dc2,d886b7b4-ffa3-5a4e-b571-6e9048c02f38,"Biscuit (cookie), chocolate covering",24038,7.79,0.00,0.66,0.01,0.00,0.00,0.00,0.04,0.00,0.02,0.16,45.30,313.00,1.27,47.80,0.00,0.011619848,2.318660882,0.02,0.05,0.60,0.05,0.46,1.08,0.25,1.70,0.02,0.97,-0.10,0.07,0.08,0.09,Nutriscore_E
02c5e55f-6917-55a0-986e-33530424846a,d886b7b4-ffa3-5a4e-b571-6e9048c02f38,"Biscuit (cookie), covering with a chocolate bar",24016,7.79,0.00,0.66,0.01,0.00,0.00,0.00,0.04,0.00,0.02,0.16,45.30,313.00,1.27,47.80,0.00,0.011619848,2.318660882,0.02,0.05,0.60,0.05,0.46,1.08,0.25,1.70,0.02,0.97,-0.10,0.07,0.08,0.09,Nutriscore_E
ebdea679-59d4-5ee1-a114-1c526ecd082b,d886b7b4-ffa3-5a4e-b571-6e9048c02f38,"Biscuit (cookie), plain",24001,3.59,0.00,0.63,0.01,0.00,0.00,0.00,0.04,0.00,0.01,0.16,41.20,161.00,1.16,39.20,0.00,0.011773862,2.349393255,0.02,0.05,0.60,0.05,0.46,1.08,0.25,1.70,0.02,0.97,-0.10,0.07,0.08,0.09,Nutriscore_E
dbfdbd37-1d69-528a-b131-6393563d79f2,d886b7b4-ffa3-5a4e-b571-6e9048c02f38,"Biscuit (cookie), reduced sugar",24690,3.59,0.00,0.63,0.01,0.00,0.00,0.00,0.04,0.00,0.01,0.16,41.20,161.00,1.16,39.20,0.00,0,0,0.02,0.05,0.60,0.05,0.46,1.08,0.25,1.70,0.02,0.97,-0.10,0.07,0.08,0.09,Nutriscore_C
32f0e742-5ac9-5bdc-a453-0f970848fef6,d886b7b4-ffa3-5a4e-b571-6e9048c02f38,"Biscuit (cookie), snack w chocolate filling",24231,6.60,0.00,0.56,0.01,0.00,0.00,0.00,0.02,0.00,0.02,0.10,39.10,332.00,1.35,46.70,0.00,0.011619848,2.318660882,0.02,0.05,0.60,0.05,0.46,1.08,0.25,1.70,0.02,0.97,-0.10,0.07,0.08,0.09,Nutriscore_E
7e3719be-563b-5596-b413-89ce781eec38,d886b7b4-ffa3-5a4e-b571-6e9048c02f38,"Biscuit (cookie), snack with dairy or vanilla filling",24225,6.67,0.00,0.63,0.01,0.00,0.00,0.00,0.04,0.00,0.02,0.17,43.70,274.00,1.13,44.60,0.00,0.013186155,2.631206657,0.02,0.05,0.60,0.05,0.46,1.08,0.25,1.70,0.02,0.97,-0.10,0.07,0.08,0.09,Nutriscore_E
7b5e4812-b4e6-553e-a484-b6a962e6a8d2,d886b7b4-ffa3-5a4e-b571-6e9048c02f38,"Biscuit (cookie), snack with fruits filling",24240,3.05,0.00,0.59,0.01,0.00,0.00,0.00,0.03,0.00,0.01,0.13,58.40,134.00,3.17,38.40,0.00,0.008500728,1.69626193,0.02,0.05,0.60,0.05,0.46,1.08,0.25,1.70,0.02,0.97,-0.10,0.07,0.08,0.09,Nutriscore_D
a7f9be47-52d7-54f0-ba14-3fda47064b04,d886b7b4-ffa3-5a4e-b571-6e9048c02f38,"Biscuit (cookie), sponge fingers or Lady fingers",24430,2.20,0.00,0.55,0.01,0.00,0.00,0.00,0.02,0.00,0.01,0.09,32.60,95.30,1.47,37.10,0.00,0.011773862,2.349393255,0.02,0.05,0.60,0.05,0.46,1.08,0.25,1.70,0.02,0.97,-0.10,0.07,0.08,0.09,Nutriscore_E
eac57d8e-84cb-59c5-87ed-232dcaf3d808,d886b7b4-ffa3-5a4e-b571-6e9048c02f38,"Biscuit (cookie), thin, w almonds",24615,3.64,0.00,0.61,0.01,0.00,0.00,0.00,0.05,0.00,0.02,0.19,96.40,210.00,8.20,42.00,0.00,0.010007783,1.996984267,0.02,0.05,0.60,0.05,0.46,1.08,0.25,1.70,0.02,0.97,-0.10,0.07,0.08,0.09,Nutriscore_E
c7d3d743-97d1-51ef-a70b-220e3059f78a,d886b7b4-ffa3-5a4e-b571-6e9048c02f38,"Biscuit (cookie), thin, w fruits",24616,3.70,0.00,0.64,0.01,0.00,0.00,0.00,0.04,0.00,0.01,0.17,45.20,161.00,1.45,40.20,0.00,0.008500728,1.69626193,0.02,0.05,0.60,0.05,0.46,1.08,0.25,1.70,0.02,0.97,-0.10,0.07,0.08,0.09,Nutriscore_D
4f470ede-644b-5dad-92c8-a0be39242837,d886b7b4-ffa3-5a4e-b571-6e9048c02f38,"Biscuit (cookie), with chocolate drops",24684,6.27,0.00,0.58,0.01,0.00,0.00,0.00,0.02,0.00,0.02,0.09,29.30,262.00,1.42,45.40,0.00,0.011619848,2.318660882,0.02,0.05,0.60,0.05,0.46,1.08,0.25,1.70,0.02,0.97,-0.10,0.07,0.08,0.09,Nutriscore_E
a96e9e32-3d37-5454-97ca-24b8fbe5d6c5,d886b7b4-ffa3-5a4e-b571-6e9048c02f38,"Biscuit (cookie), with chocolate, prepacked",24036,6.67,0.00,0.63,0.01,0.00,0.00,0.00,0.04,0.00,0.02,0.17,43.70,274.00,1.13,44.60,0.00,0.011619848,2.318660882,0.02,0.05,0.60,0.05,0.46,1.08,0.25,1.70,0.02,0.97,-0.10,0.07,0.08,0.09,Nutriscore_E
3ebf95f7-cbfa-5b92-80d1-ef0d1ef4e15c,d886b7b4-ffa3-5a4e-b571-6e9048c02f38,"Biscuit (cookie), with milk",24030,3.09,0.00,0.59,0.01,0.00,0.00,0.00,0.03,0.00,0.01,0.13,30.00,131.00,0.96,36.70,0.00,0.011773862,2.349393255,0.02,0.05,0.60,0.05,0.46,1.08,0.25,1.70,0.02,0.97,-0.10,0.07,0.08,0.09,Nutriscore_E
2fa8efaf-5631-53e8-bf6f-131a7976c96b,d886b7b4-ffa3-5a4e-b571-6e9048c02f38,"Biscuit (cookie), with vegetal fat",24010,1.93,0.00,0.52,0.01,0.00,0.00,0.00,0.02,0.00,0.01,0.06,18.40,94.00,1.55,34.70,0.00,0.011773862,2.349393255,0.02,0.05,0.60,0.05,0.46,1.08,0.25,1.70,0.02,0.97,-0.10,0.07,0.08,0.09,Nutriscore_D
46d37ee9-c4de-5501-9534-2175ed5d494c,d886b7b4-ffa3-5a4e-b571-6e9048c02f38,"Biscuit (small tart), with chocolate, pre-packed",24052,6.06,0.00,0.66,0.01,0.00,0.00,0.00,0.04,0.00,0.02,0.16,42.90,274.00,0.91,34.40,0.00,0.011619848,2.318660882,0.02,0.05,0.60,0.05,0.46,1.08,0.25,1.70,0.02,0.97,-0.10,0.07,0.08,0.09,Nutriscore_E
cf671122-d458-5705-a5cc-6f87a44eacd8,d886b7b4-ffa3-5a4e-b571-6e9048c02f38,"Biscuit (small tart), with fruit covering",24679,2.44,0.00,0.62,0.01,0.00,0.00,0.00,0.03,0.00,0.01,0.13,57.60,134.00,2.95,28.10,0.00,0.008500728,1.69626193,0.02,0.05,0.60,0.05,0.46,1.08,0.25,1.70,0.02,0.97,-0.10,0.07,0.08,0.09,Nutriscore_E
592d00fc-8f64-5d35-b20a-a758a1bb3d82,d886b7b4-ffa3-5a4e-b571-6e9048c02f38,"Biscuit bar filled with fruits, reduced fat",24039,2.44,0.00,0.62,0.01,0.00,0.00,0.00,0.03,0.00,0.01,0.13,57.60,134.00,2.95,28.10,0.00,0.008500728,1.69626193,0.02,0.05,0.60,0.05,0.46,1.08,0.25,1.70,0.02,0.97,-0.10,0.07,0.08,0.09,Nutriscore_E
6603bc62-2681-5f74-92e3-51ad36a9b200,d886b7b4-ffa3-5a4e-b571-6e9048c02f38,"Biscuit shortbread, with butter",24049,3.38,0.00,0.68,0.01,0.00,0.00,0.00,0.04,0.00,0.01,0.18,44.10,177.00,1.01,29.90,0.00,0.210528636,2.266581078,0.02,0.05,0.60,0.05,0.46,1.08,0.25,1.70,0.02,0.97,-0.10,0.07,0.08,0.09,Nutriscore_E
156e22bb-5580-54ac-a600-44d0e59e328c,d886b7b4-ffa3-5a4e-b571-6e9048c02f38,"Biscuit shortbread, with butter and chocolate",24050,6.06,0.00,0.66,0.01,0.00,0.00,0.00,0.04,0.00,0.02,0.16,42.90,274.00,0.91,34.40,0.00,0.210528636,2.266581078,0.02,0.05,0.60,0.05,0.46,1.08,0.25,1.70,0.02,0.97,-0.10,0.07,0.08,0.09,Nutriscore_E
668a9bd0-9a74-5816-b992-1ed501f4e94d,d886b7b4-ffa3-5a4e-b571-6e9048c02f38,"Biscuit shortbread, with chocolate, pre-packed",24053,6.06,0.00,0.66,0.01,0.00,0.00,0.00,0.04,0.00,0.02,0.16,42.90,274.00,0.91,34.40,0.00,0.210528636,2.266581078,0.02,0.05,0.60,0.05,0.46,1.08,0.25,1.70,0.02,0.97,-0.10,0.07,0.08,0.09,Nutriscore_E
c37fdf6b-9b7e-557e-8b13-1c529d765793,d886b7b4-ffa3-5a4e-b571-6e9048c02f38,"Biscuit shortbread, with fruits",24054,2.44,0.00,0.62,0.01,0.00,0.00,0.00,0.03,0.00,0.01,0.13,57.60,134.00,2.95,28.10,0.00,0.210528636,2.266581078,0.02,0.05,0.60,0.05,0.46,1.08,0.25,1.70,0.02,0.97,-0.10,0.07,0.08,0.09,Nutriscore_E
11fc52a6-e099-55d8-920d-92a17bb69df2,d886b7b4-ffa3-5a4e-b571-6e9048c02f38,"Biscuit, extruded and grilled, chocolate filling",7412,1.54,0.00,0.56,0.00,0.00,0.00,0.00,0.02,0.00,0.01,0.06,19.60,112.00,0.45,24.40,0.00,0.011619848,2.318660882,0.02,0.05,0.60,0.05,0.46,1.08,0.25,1.70,0.02,0.97,-0.10,0.07,0.08,0.09,Nutriscore_D
3dda3f83-925b-563e-9d29-7fbbf879c1e9,d886b7b4-ffa3-5a4e-b571-6e9048c02f38,"Biscuit, extruded and grilled, fruits filling",7413,1.54,0.00,0.56,0.00,0.00,0.00,0.00,0.02,0.00,0.01,0.06,19.60,112.00,0.45,24.40,0.00,0.008500728,1.69626193,0.02,0.05,0.60,0.05,0.46,1.08,0.25,1.70,0.02,0.97,-0.10,0.07,0.08,0.09,Nutriscore_D
dc928b35-efa5-57e5-a5c2-a2ffeaea8365,d886b7b4-ffa3-5a4e-b571-6e9048c02f38,Butter biscuit (cookie),24015,2.47,0.00,0.62,0.01,0.00,0.00,0.00,0.03,0.00,0.01,0.12,29.20,131.00,0.74,26.50,0.00,0.210528636,2.266581078,0.02,0.05,0.60,0.05,0.46,1.08,0.25,1.70,0.02,0.97,-0.10,0.07,0.08,0.09,Nutriscore_E
5cff5c38-6b64-526d-aa19-99e681044dca,d886b7b4-ffa3-5a4e-b571-6e9048c02f38,"Butter biscuit (cookie), with chocolate",24017,7.19,0.00,0.62,0.01,0.00,0.00,0.00,0.02,0.00,0.02,0.09,49.80,314.00,1.09,36.50,0.00,0.210528636,2.266581078,0.02,0.05,0.60,0.05,0.46,1.08,0.25,1.70,0.02,0.97,-0.10,0.07,0.08,0.09,Nutriscore_E
0516b6b4-08e0-5e49-a6a2-628a9d01b277,d886b7b4-ffa3-5a4e-b571-6e9048c02f38,"Cone, wafer for ice cream",24685,3.46,0.00,0.65,0.01,0.00,0.00,0.00,0.04,0.00,0.01,0.16,41.00,162.00,1.13,36.60,0.00,0,0,0.02,0.05,0.60,0.05,0.46,1.08,0.25,1.70,0.02,0.97,-0.10,0.07,0.08,0.09,Nutriscore_D
899176ef-9815-5031-b085-1d10200d293b,d886b7b4-ffa3-5a4e-b571-6e9048c02f38,"Crispy biscuit (cookie), with chocolate, reduced fat",24007,6.67,0.00,0.63,0.01,0.00,0.00,0.00,0.04,0.00,0.02,0.17,43.70,274.00,1.13,44.60,0.00,0.011619848,2.318660882,0.02,0.05,0.60,0.05,0.46,1.08,0.25,1.70,0.02,0.97,-0.10,0.07,0.08,0.09,Nutriscore_D
418fddc6-af7a-5c25-98ef-624092b57822,d886b7b4-ffa3-5a4e-b571-6e9048c02f38,"Crispy biscuit (cookie), without chocolate, reduced fat",24031,3.64,0.00,0.61,0.01,0.00,0.00,0.00,0.05,0.00,0.02,0.19,96.40,210.00,8.20,42.00,0.00,0.011773862,2.349393255,0.02,0.05,0.60,0.05,0.46,1.08,0.25,1.70,0.02,0.97,-0.10,0.07,0.08,0.09,Nutriscore_D
6d1528e8-10b2-51ce-89cf-b000f440e708,d886b7b4-ffa3-5a4e-b571-6e9048c02f38,Florentine biscuit (chocolate sweet biscuit (cookie) with almonds),24056,3.59,0.00,0.63,0.01,0.00,0.00,0.00,0.04,0.00,0.01,0.16,41.20,161.00,1.16,39.20,0.00,0.011619848,2.318660882,0.02,0.05,0.60,0.05,0.46,1.08,0.25,1.70,0.02,0.97,-0.10,0.07,0.08,0.09,Nutriscore_E
773c237b-d1db-5ae8-8e01-ac8da27579eb,d886b7b4-ffa3-5a4e-b571-6e9048c02f38,"Frozen dessert, puff pastry, to share",39516,2.22,0.00,0.99,0.01,0.00,0.00,0.00,0.02,0.00,0.01,0.08,21.60,67.70,0.67,38.00,0.00,0.008123965,1.621081346,0.02,0.05,0.60,0.05,0.46,1.08,0.25,1.70,0.02,0.97,-0.10,0.07,0.08,0.09,Nutriscore_E
a28c41c2-3a85-5ae5-933b-ec55e1f308fc,d886b7b4-ffa3-5a4e-b571-6e9048c02f38,Shortbread cookie w coconut,24070,2.61,0.00,0.62,0.01,0.00,0.00,0.00,0.03,0.00,0.01,0.14,44.00,148.00,2.29,27.80,0.00,0.210528636,2.266581078,0.02,0.05,0.60,0.05,0.46,1.08,0.25,1.70,0.02,0.97,-0.10,0.07,0.08,0.09,Nutriscore_E
703edf17-5326-5a05-aebc-1dc9f0b67a33,d886b7b4-ffa3-5a4e-b571-6e9048c02f38,"Shortbread cookie with cocoa or chocolate, or praline or other",24080,6.06,0.00,0.66,0.01,0.00,0.00,0.00,0.04,0.00,0.02,0.16,42.90,274.00,0.91,34.40,0.00,0.210528636,2.266581078,0.02,0.05,0.60,0.05,0.46,1.08,0.25,1.70,0.02,0.97,-0.10,0.07,0.08,0.09,Nutriscore_E
4a1dc15b-5ed1-5824-986d-486f321752d2,d886b7b4-ffa3-5a4e-b571-6e9048c02f38,"Shortbread cookie with fruit (apple, red berries, etc.)",24072,2.55,0.00,0.72,0.01,0.00,0.00,0.00,0.03,0.00,0.01,0.13,33.60,131.00,1.02,29.80,0.00,0.210528636,2.266581078,0.02,0.05,0.60,0.05,0.46,1.08,0.25,1.70,0.02,0.97,-0.10,0.07,0.08,0.09,Nutriscore_E
84b02e8b-16f6-590b-a8b5-eedcccb8badc,d886b7b4-ffa3-5a4e-b571-6e9048c02f38,"Shortbread dough, cooked",23442,3.46,0.00,1.30,0.01,0.00,0.00,0.00,0.04,0.00,0.01,0.16,41.10,165.00,1.03,45.90,0.00,0.210528636,2.266581078,0.01,0.03,0.27,0.02,0.21,0.45,0.10,0.90,0.01,0.40,-0.05,0.03,0.03,0.04,Nutriscore_E
7b678a78-394e-5c1d-b15d-6c044d16a2e1,d886b7b4-ffa3-5a4e-b571-6e9048c02f38,"Shortbread dough, pure butter, cooked",23448,3.46,0.00,1.30,0.01,0.00,0.00,0.00,0.04,0.00,0.01,0.16,41.10,165.00,1.03,45.90,0.00,0.210528636,2.266581078,0.01,0.03,0.27,0.02,0.21,0.45,0.10,0.90,0.01,0.40,-0.05,0.03,0.03,0.04,Nutriscore_E
c2635f75-e046-5d9f-b979-e08c5132daf4,d886b7b4-ffa3-5a4e-b571-6e9048c02f38,"Shortbread dough, pure butter, frozen, raw",23446,3.36,0.00,1.51,0.01,0.00,0.00,0.00,0.04,0.00,0.01,0.16,39.60,158.00,1.00,49.80,0.00,0.210528636,2.266581078,0.01,0.03,0.27,0.02,0.21,0.45,0.10,0.90,0.01,0.40,-0.05,0.03,0.03,0.04,Nutriscore_E
425532c7-529b-5470-82c8-3adf12a00627,d886b7b4-ffa3-5a4e-b571-6e9048c02f38,"Shortbread dough, pure butter, raw",23444,3.46,0.00,1.30,0.01,0.00,0.00,0.00,0.04,0.00,0.01,0.16,41.10,165.00,1.03,45.90,0.00,0.210528636,2.266581078,0.01,0.03,0.27,0.02,0.21,0.45,0.10,0.90,0.01,0.40,-0.05,0.03,0.03,0.04,Nutriscore_D
306c07e7-90b9-593c-acdd-87b7b46ac18a,d886b7b4-ffa3-5a4e-b571-6e9048c02f38,"Shortbread dough, raw",23440,3.46,0.00,1.30,0.01,0.00,0.00,0.00,0.04,0.00,0.01,0.16,41.10,165.00,1.03,45.90,0.00,0.210528636,2.266581078,0.01,0.03,0.27,0.02,0.21,0.45,0.10,0.90,0.01,0.40,-0.05,0.03,0.03,0.04,Nutriscore_D
d9da064d-e6c3-570e-a0d4-3ff3e53acfce,d886b7b4-ffa3-5a4e-b571-6e9048c02f38,Shortbread pastry biscuit,24071,3.19,0.00,0.67,0.01,0.00,0.00,0.00,0.04,0.00,0.01,0.17,40.80,168.00,0.97,29.30,0.00,0.210528636,2.266581078,0.02,0.05,0.60,0.05,0.46,1.08,0.25,1.70,0.02,0.97,-0.10,0.07,0.08,0.09,Nutriscore_E
6910a620-2777-546e-ad5d-2138b427cea5,d886b7b4-ffa3-5a4e-b571-6e9048c02f38,Speculoos biscuit,24009,3.82,0.00,0.66,0.01,0.00,0.00,0.00,0.04,0.00,0.01,0.17,137.00,187.00,2.55,37.00,0.00,0.00943309,1.882308244,0.02,0.05,0.60,0.05,0.46,1.08,0.25,1.70,0.02,0.97,-0.10,0.07,0.08,0.09,Nutriscore_E
e4fa6644-3245-50e6-b7de-5c4a05a08da4,d886b7b4-ffa3-5a4e-b571-6e9048c02f38,Wafer biscuit without filling,24300,3.46,0.00,0.65,0.01,0.00,0.00,0.00,0.04,0.00,0.01,0.16,41.00,162.00,1.13,36.60,0.00,0,0,0.02,0.05,0.60,0.05,0.46,1.08,0.25,1.70,0.02,0.97,-0.10,0.07,0.08,0.09,Nutriscore_E
5f0809e8-f42d-56b4-be02-10d45d4fe653,d886b7b4-ffa3-5a4e-b571-6e9048c02f38,"Wafer biscuit, crunchy (thin or dry), plain or with sugar, prepacked",23853,2.21,0.00,0.62,0.01,0.00,0.00,0.00,0.03,0.00,0.01,0.12,31.60,120.00,0.61,23.80,0.00,0,0,0.02,0.05,0.60,0.05,0.46,1.08,0.25,1.70,0.02,0.97,-0.10,0.07,0.08,0.09,Nutriscore_E
db41ab71-950b-5b0d-90e6-63e1db8e5191,d886b7b4-ffa3-5a4e-b571-6e9048c02f38,"Wafer biscuit, crunchy (thin or dry), with chocolate, prepacked",23854,2.86,0.00,0.67,0.01,0.00,0.00,0.00,0.04,0.00,0.01,0.16,40.20,161.00,0.92,26.90,0.00,0.001211676,0.241781624,0.02,0.05,0.60,0.05,0.46,1.08,0.25,1.70,0.02,0.97,-0.10,0.07,0.08,0.09,Nutriscore_E
a2994050-3ea3-5f6c-87c7-96195d3bf69b,d886b7b4-ffa3-5a4e-b571-6e9048c02f38,"Wafer biscuit, filled with chocolate, prepacked",24311,7.66,0.00,0.67,0.01,0.00,0.00,0.00,0.04,0.00,0.02,0.16,45.10,313.00,1.24,45.30,0.00,0.001211676,0.241781624,0.02,0.05,0.60,0.05,0.46,1.08,0.25,1.70,0.02,0.97,-0.10,0.07,0.08,0.09,Nutriscore_E
ef3819f9-3614-548e-bd38-1e2f2fd091bb,d886b7b4-ffa3-5a4e-b571-6e9048c02f38,"Wafer biscuit, filled with nuts (hazelnut, almond, praline, etc.), with chocolate or not, prepacked",24312,3.51,0.00,0.62,0.01,0.00,0.00,0.00,0.05,0.00,0.02,0.19,96.20,211.00,8.17,39.40,0.00,0.001211676,0.241781624,0.02,0.05,0.60,0.05,0.46,1.08,0.25,1.70,0.02,0.97,-0.10,0.07,0.08,0.09,Nutriscore_E
0d71184d-d460-5cef-89d3-701039714a85,d886b7b4-ffa3-5a4e-b571-6e9048c02f38,"Wafer biscuit, plain or vanilla flavoured, prepacked",24313,3.46,0.00,0.65,0.01,0.00,0.00,0.00,0.04,0.00,0.01,0.16,41.00,162.00,1.13,36.60,0.00,0,0,0.02,0.05,0.60,0.05,0.46,1.08,0.25,1.70,0.02,0.97,-0.10,0.07,0.08,0.09,Nutriscore_E
d523152a-8b93-5d8d-b59c-e8fe30544e31,d886b7b4-ffa3-5a4e-b571-6e9048c02f38,"Wafer biscuit, with fruits",24320,2.92,0.00,0.61,0.01,0.00,0.00,0.00,0.03,0.00,0.01,0.13,58.20,135.00,3.14,35.80,0.00,0.001211676,0.241781624,0.02,0.05,0.60,0.05,0.46,1.08,0.25,1.70,0.02,0.97,-0.10,0.07,0.08,0.09,Nutriscore_D
e9970b82-9a78-5f70-ad08-d686c299d762,d886b7b4-ffa3-5a4e-b571-6e9048c02f38,Wafer cookie (1),24360,2.87,0.00,0.59,0.01,0.00,0.00,0.00,0.03,0.00,0.01,0.13,28.50,120.00,1.34,35.00,0.00,0,0,0.02,0.05,0.60,0.05,0.46,1.08,0.25,1.70,0.02,0.97,-0.10,0.07,0.08,0.09,Nutriscore_E
afba2be3-06ce-529c-96b8-4a544147b240,d886b7b4-ffa3-5a4e-b571-6e9048c02f38,Wafer cookie (2),24370,2.87,0.00,0.59,0.01,0.00,0.00,0.00,0.03,0.00,0.01,0.13,28.50,120.00,1.34,35.00,0.00,0,0,0.02,0.05,0.60,0.05,0.46,1.08,0.25,1.70,0.02,0.97,-0.10,0.07,0.08,0.09,Nutriscore_E
d8b7592c-9257-5d6c-8fff-cce3851ef4ce,d886b7b4-ffa3-5a4e-b571-6e9048c02f38,"Wafer cookie, with chocolate, prepacked",24371,10.30,0.00,0.63,0.02,0.00,0.00,0.00,0.03,0.00,0.03,0.12,35.30,402.00,1.24,50.10,0.00,0.001211676,0.241781624,0.02,0.05,0.60,0.05,0.46,1.08,0.25,1.70,0.02,0.97,-0.10,0.07,0.08,0.09,Nutriscore_E
bb21f275-3466-5cf1-83d5-7c9882c49fd6,71ee6091-ad38-5eff-a7ad-0f5b41f9843e,Almond cake,24664,4.47,0.00,0.66,0.01,0.00,0.00,0.00,0.05,0.00,0.02,0.22,91.90,225.00,6.71,47.30,0.00,1.398205826,1.934277513,0.02,0.05,0.60,0.05,0.46,1.08,0.25,1.70,0.02,0.97,-0.10,0.07,0.08,0.09,Nutriscore_E
d2f19c6b-51e2-5322-9828-b911e95b02dc,71ee6091-ad38-5eff-a7ad-0f5b41f9843e,Apple crumble,23493,2.24,0.00,0.61,0.01,0.00,0.00,0.00,0.02,0.00,0.01,0.09,25.90,88.30,0.95,28.60,0.00,0.00682884,1.362648088,0.02,0.05,0.60,0.05,0.46,1.08,0.25,1.70,0.02,0.97,-0.10,0.07,0.08,0.09,Nutriscore_D
65ea1e12-08ab-584f-840c-cba7bded2105,71ee6091-ad38-5eff-a7ad-0f5b41f9843e,"Apple pie with custard (flour, eggs, cream, sugar, apple alcohol)",23481,2.89,0.00,0.69,0.01,0.00,0.00,0.00,0.03,0.00,0.01,0.14,57.50,150.00,4.27,33.00,0.00,0.00682884,1.362648088,0.02,0.05,0.60,0.05,0.46,1.08,0.25,1.70,0.02,0.97,-0.10,0.07,0.08,0.09,Nutriscore_E
d3c08eaf-45cb-56bf-9cf2-1528fc1d3f02,71ee6091-ad38-5eff-a7ad-0f5b41f9843e,Apple tart,23490,2.03,0.00,0.59,0.00,0.00,0.00,0.00,0.02,0.00,0.01,0.08,23.30,76.80,0.78,27.60,0.00,0.006182048,1.233585254,0.02,0.05,0.60,0.05,0.46,1.08,0.25,1.70,0.02,0.97,-0.10,0.07,0.08,0.09,Nutriscore_D
cacb5f76-2f2f-5c16-ab81-9e307ad2c505,71ee6091-ad38-5eff-a7ad-0f5b41f9843e,Apple turnover,23480,2.05,0.00,0.55,0.00,0.00,0.00,0.00,0.02,0.00,0.01,0.10,27.40,100.00,0.71,20.90,0.00,0.00682884,1.362648088,0.02,0.05,0.60,0.05,0.46,1.08,0.25,1.70,0.02,0.97,-0.10,0.07,0.08,0.09,Nutriscore_E
5210585a-a0c2-5504-8802-e5c4e3b93a22,71ee6091-ad38-5eff-a7ad-0f5b41f9843e,Apricots tart,23494,2.25,0.00,0.63,0.01,0.00,0.00,0.00,0.02,0.00,0.03,0.08,27.70,408.00,1.74,29.30,0.00,0.006182048,1.233585254,0.02,0.05,0.60,0.05,0.46,1.08,0.25,1.70,0.02,0.97,-0.10,0.07,0.08,0.09,Nutriscore_D
621ce288-cd32-59fc-a4fd-ecca045fdb55,71ee6091-ad38-5eff-a7ad-0f5b41f9843e,Baklava (oriental pastry with almonds and syrup),23300,3.02,0.00,0.61,0.01,0.00,0.00,0.00,0.04,0.00,0.02,0.17,103.00,267.00,10.20,35.60,0.00,0.006263694,1.249877212,0.02,0.05,0.60,0.05,0.46,1.08,0.25,1.70,0.02,0.97,-0.10,0.07,0.08,0.09,Nutriscore_E
1ab2c9e9-00cf-5a21-995f-8d0c9641c8e8,71ee6091-ad38-5eff-a7ad-0f5b41f9843e,"Basque cake (shortbread), with cherries",23803,2.58,0.00,0.62,0.01,0.00,0.00,0.00,0.03,0.00,0.01,0.12,28.40,109.00,0.79,29.40,0.00,2.033230262,2.415690283,0.02,0.05,0.60,0.05,0.46,1.08,0.25,1.70,0.02,0.97,-0.10,0.07,0.08,0.09,Nutriscore_E
de290d66-9f33-5d1a-8490-63d526bdfa4b,71ee6091-ad38-5eff-a7ad-0f5b41f9843e,"Basque cake (shortbread), with custard",23802,2.58,0.00,0.62,0.01,0.00,0.00,0.00,0.03,0.00,0.01,0.12,28.40,109.00,0.79,29.40,0.00,2.033230262,2.415690283,0.02,0.05,0.60,0.05,0.46,1.08,0.25,1.70,0.02,0.97,-0.10,0.07,0.08,0.09,Nutriscore_E
b2f59c4d-6bb4-5ca3-8a5e-57ce6d51eeec,71ee6091-ad38-5eff-a7ad-0f5b41f9843e,"Biscuit ( puff pastry), palmier, from bakery",24660,3.59,0.00,0.64,0.01,0.00,0.00,0.00,0.04,0.00,0.01,0.16,37.30,153.00,1.09,35.90,0.00,0.01365768,2.725296176,0.02,0.05,0.60,0.05,0.46,1.08,0.25,1.70,0.02,0.97,-0.10,0.07,0.08,0.09,Nutriscore_E
952d774b-2f3a-5879-baf5-0a656f5a4674,71ee6091-ad38-5eff-a7ad-0f5b41f9843e,Biscuit puff pastry,24659,3.59,0.00,0.64,0.01,0.00,0.00,0.00,0.04,0.00,0.01,0.16,37.30,153.00,1.09,35.90,0.00,0.01365768,2.725296176,0.02,0.05,0.60,0.05,0.46,1.08,0.25,1.70,0.02,0.97,-0.10,0.07,0.08,0.09,Nutriscore_E
c84c7d74-0f96-5f01-a3f8-5178ab515bda,71ee6091-ad38-5eff-a7ad-0f5b41f9843e,"Biscuit sponge cake with fruits covering, pre-packed",24678,2.92,0.00,0.61,0.01,0.00,0.00,0.00,0.03,0.00,0.01,0.13,58.20,135.00,3.14,35.80,0.00,1.189439703,1.413178816,0.02,0.05,0.60,0.05,0.46,1.08,0.25,1.70,0.02,0.97,-0.10,0.07,0.08,0.09,Nutriscore_E
ca0c2104-67cc-50aa-ac6a-6f1f661bae15,71ee6091-ad38-5eff-a7ad-0f5b41f9843e,"Biscuit sponge cake, with chocolate, pre-packed",24051,6.54,0.00,0.65,0.01,0.00,0.00,0.00,0.04,0.00,0.02,0.17,43.50,275.00,1.10,42.00,0.00,1.189439703,1.413178816,0.02,0.05,0.60,0.05,0.46,1.08,0.25,1.70,0.02,0.97,-0.10,0.07,0.08,0.09,Nutriscore_E
8cd69168-1864-5980-a089-c2c475a208dc,71ee6091-ad38-5eff-a7ad-0f5b41f9843e,Breton pudding cake with prunes,23121,2.21,0.00,0.60,0.01,0.00,0.00,0.00,0.02,0.00,0.01,0.08,91.30,846.00,5.56,32.70,0.00,0.007945944,1.58555852,0.02,0.05,0.60,0.05,0.46,1.08,0.25,1.70,0.02,0.97,-0.10,0.07,0.08,0.09,Nutriscore_D
bfe472d0-4fd4-5ec9-8c5a-3a78064e97c3,71ee6091-ad38-5eff-a7ad-0f5b41f9843e,Brioche,7741,2.95,0.00,0.62,0.01,0.00,0.00,0.00,0.04,0.00,0.01,0.16,44.40,169.00,0.72,25.10,0.00,1.093061022,1.782543121,0.02,0.05,0.60,0.05,0.46,1.08,0.25,1.70,0.02,0.97,-0.10,0.07,0.08,0.09,Nutriscore_D
7c18c3ac-e038-5983-a39b-55e30e6a9c21,71ee6091-ad38-5eff-a7ad-0f5b41f9843e,Brioche or Vienna bread,7225,1.90,0.00,0.53,0.00,0.00,0.00,0.00,0.02,0.00,0.01,0.09,23.40,110.00,0.45,20.60,0.00,1.093061022,1.782543121,0.02,0.05,0.60,0.05,0.46,1.08,0.25,1.70,0.02,0.97,-0.10,0.07,0.08,0.09,Nutriscore_D
918ebe0f-ee24-559f-af97-d1413e2cbe87,71ee6091-ad38-5eff-a7ad-0f5b41f9843e,"Brioche, filled with chocolate",7737,4.88,0.00,0.62,0.01,0.00,0.00,0.00,0.04,0.00,0.02,0.16,44.00,240.00,0.66,28.80,0.00,1.093061022,1.782543121,0.02,0.05,0.60,0.05,0.46,1.08,0.25,1.70,0.02,0.97,-0.10,0.07,0.08,0.09,Nutriscore_D
daa42b12-fc75-5ce2-be72-ed98912e2f57,71ee6091-ad38-5eff-a7ad-0f5b41f9843e,"Brioche, filled with chocolate drops",7735,3.67,0.00,0.55,0.01,0.00,0.00,0.00,0.02,0.00,0.01,0.11,27.90,168.00,0.59,24.30,0.00,1.093061022,1.782543121,0.02,0.05,0.60,0.05,0.46,1.08,0.25,1.70,0.02,0.97,-0.10,0.07,0.08,0.09,Nutriscore_D
d553d9e0-e873-57b8-82c6-8c8f4d714374,71ee6091-ad38-5eff-a7ad-0f5b41f9843e,"Brioche, filled with custard (Chinese brioche type), prepacked",7739,2.46,0.00,0.57,0.01,0.00,0.00,0.00,0.03,0.00,0.01,0.13,35.20,134.00,0.67,22.90,0.00,1.093061022,1.782543121,0.02,0.05,0.60,0.05,0.46,1.08,0.25,1.70,0.02,0.97,-0.10,0.07,0.08,0.09,Nutriscore_D
9de41990-5eca-593b-8ba3-d69f19d55abb,71ee6091-ad38-5eff-a7ad-0f5b41f9843e,"Brioche, filled with fruits",7738,4.88,0.00,0.62,0.01,0.00,0.00,0.00,0.04,0.00,0.02,0.16,44.00,240.00,0.66,28.80,0.00,1.093061022,1.782543121,0.02,0.05,0.60,0.05,0.46,1.08,0.25,1.70,0.02,0.97,-0.10,0.07,0.08,0.09,Nutriscore_D
d0d3b1cf-d05f-58b1-8655-aa5f974529a8,71ee6091-ad38-5eff-a7ad-0f5b41f9843e,"Brioche, from bakery",7742,3.36,0.00,0.63,0.01,0.00,0.00,0.00,0.04,0.00,0.01,0.16,45.70,170.00,0.78,31.30,0.00,1.093061022,1.782543121,0.02,0.05,0.60,0.05,0.46,1.08,0.25,1.70,0.02,0.97,-0.10,0.07,0.08,0.09,Nutriscore_E
211b3980-ea26-564c-b284-d7cc61d20773,71ee6091-ad38-5eff-a7ad-0f5b41f9843e,"Brioche, prepacked",7740,2.95,0.00,0.62,0.01,0.00,0.00,0.00,0.04,0.00,0.01,0.16,44.40,169.00,0.72,25.10,0.00,1.093061022,1.782543121,0.02,0.05,0.60,0.05,0.46,1.08,0.25,1.70,0.02,0.97,-0.10,0.07,0.08,0.09,Nutriscore_D
361f5590-f35c-5cd1-a5b2-46182baa6ed9,71ee6091-ad38-5eff-a7ad-0f5b41f9843e,"Brioche, pure butter",7745,2.95,0.00,0.62,0.01,0.00,0.00,0.00,0.04,0.00,0.01,0.16,44.40,169.00,0.72,25.10,0.00,1.093061022,1.782543121,0.02,0.05,0.60,0.05,0.46,1.08,0.25,1.70,0.02,0.97,-0.10,0.07,0.08,0.09,Nutriscore_E
3e1d7aa4-b307-55c6-a34a-9c3ce04e634f,71ee6091-ad38-5eff-a7ad-0f5b41f9843e,Brownie (chocolate cake),23032,8.36,0.00,0.70,0.02,0.00,0.00,0.00,0.04,0.00,0.02,0.18,52.30,392.00,2.62,56.40,0.00,0.773964282,1.46284703,0.02,0.05,0.60,0.05,0.46,1.08,0.25,1.70,0.02,0.97,-0.10,0.07,0.08,0.09,Nutriscore_E
7c2bbd3d-3b86-52b8-aa29-afc799467d79,71ee6091-ad38-5eff-a7ad-0f5b41f9843e,"Buckwheat crepe, plain, prepacked",23801,0.82,0.00,0.53,0.00,0.00,0.00,0.00,0.01,0.00,0.00,0.02,4.33,46.80,0.34,19.00,0.00,0.934850454,1.117036189,0.02,0.05,0.60,0.05,0.46,1.08,0.25,1.70,0.02,0.97,-0.10,0.07,0.08,0.09,Nutriscore_C
90b9dcca-cc3c-52f9-8ba8-8eafa44518af,71ee6091-ad38-5eff-a7ad-0f5b41f9843e,Buttered and caramelized milk bread cake,23122,1.71,0.00,0.66,0.00,0.00,0.00,0.00,0.02,0.00,0.01,0.07,15.50,62.90,0.79,29.20,0.00,2.033230262,2.415690283,0.02,0.05,0.60,0.05,0.46,1.08,0.25,1.70,0.02,0.97,-0.10,0.07,0.08,0.09,Nutriscore_E
3079ed98-0fcb-5c86-8989-a11dce8a2d92,71ee6091-ad38-5eff-a7ad-0f5b41f9843e,Canelé cake,23022,2.16,0.00,0.59,0.01,0.00,0.00,0.00,0.02,0.00,0.01,0.09,25.00,85.90,0.83,28.50,0.00,1.189439703,1.413178816,0.02,0.05,0.60,0.05,0.46,1.08,0.25,1.70,0.02,0.97,-0.10,0.07,0.08,0.09,Nutriscore_D
d8bdcc4e-c626-50b2-87b5-00d662d4da07,71ee6091-ad38-5eff-a7ad-0f5b41f9843e,Cheese tart,25444,3.52,0.00,1.47,0.01,0.00,0.00,0.00,0.04,0.00,0.01,0.16,44.70,161.00,0.62,47.50,0.00,0.321851414,2.354074274,0.01,0.03,0.27,0.02,0.21,0.45,0.10,0.90,0.01,0.40,-0.05,0.03,0.03,0.04,Nutriscore_D
b83d2c46-b9af-5669-a9d0-70a9162232f2,71ee6091-ad38-5eff-a7ad-0f5b41f9843e,"Cheesecake, refrigerated",19689,3.20,0.00,0.94,0.01,0.00,0.00,0.00,0.04,0.00,0.01,0.15,41.10,149.00,0.95,38.50,0.00,0.321851414,2.354074274,0.02,0.05,0.60,0.05,0.46,1.08,0.25,1.70,0.02,0.97,-0.10,0.07,0.08,0.09,Nutriscore_E
d94768a4-db01-5e90-b92f-ead948bb5c2f,71ee6091-ad38-5eff-a7ad-0f5b41f9843e,Chocolate cake,23585,8.41,0.00,0.71,0.02,0.00,0.00,0.00,0.04,0.00,0.02,0.16,53.00,342.00,1.53,44.90,0.00,0.773964282,1.46284703,0.02,0.05,0.60,0.05,0.46,1.08,0.25,1.70,0.02,0.97,-0.10,0.07,0.08,0.09,Nutriscore_E
7057b371-8bd2-5276-8ac1-d0ca7d341e55,71ee6091-ad38-5eff-a7ad-0f5b41f9843e,"Chocolate cake w melting centre, refrigerated",39234,8.38,0.00,0.87,0.02,0.00,0.00,0.00,0.04,0.00,0.03,0.19,58.70,365.00,1.21,47.60,0.00,0.773964282,1.46284703,0.02,0.05,0.60,0.05,0.46,1.08,0.25,1.70,0.02,0.97,-0.10,0.07,0.08,0.09,Nutriscore_E
3869cd01-86ec-525f-ad7f-018f0da0c20e,71ee6091-ad38-5eff-a7ad-0f5b41f9843e,"Chocolate croissant, prepacked",7733,5.32,0.00,0.60,0.01,0.00,0.00,0.00,0.03,0.00,0.02,0.14,34.90,241.00,0.55,28.20,0.00,0.773453779,1.360979748,0.02,0.05,0.60,0.05,0.46,1.08,0.25,1.70,0.02,0.97,-0.10,0.07,0.08,0.09,Nutriscore_E
c85c0d37-5c60-5555-872e-72a3478d3954,71ee6091-ad38-5eff-a7ad-0f5b41f9843e,"Chocolate croissant, puff pastry, from bakery",7730,5.73,0.00,0.61,0.01,0.00,0.00,0.00,0.03,0.00,0.02,0.14,36.20,242.00,0.62,34.30,0.00,0.773453779,1.360979748,0.02,0.05,0.60,0.05,0.46,1.08,0.25,1.70,0.02,0.97,-0.10,0.07,0.08,0.09,Nutriscore_E
01ef4b98-cda8-573a-a5e9-3c127731e881,71ee6091-ad38-5eff-a7ad-0f5b41f9843e,"Chocolate soft cake, prepacked",23586,10.10,0.00,0.69,0.02,0.00,0.00,0.00,0.03,0.00,0.03,0.13,41.10,401.00,1.00,46.30,0.00,0.773964282,1.46284703,0.02,0.05,0.60,0.05,0.46,1.08,0.25,1.70,0.02,0.97,-0.10,0.07,0.08,0.09,Nutriscore_E
78a89c28-7420-5c8f-9a03-fc35ba831de7,71ee6091-ad38-5eff-a7ad-0f5b41f9843e,Chocolate tart from bakery,23497,7.84,0.00,0.78,0.01,0.00,0.00,0.00,0.03,0.00,0.02,0.13,40.60,317.00,0.79,43.70,0.00,0.010912522,2.177518873,0.02,0.05,0.60,0.05,0.46,1.08,0.25,1.70,0.02,0.97,-0.10,0.07,0.08,0.09,Nutriscore_E
4d6b7b52-fc49-5857-ad81-c0dae6fdae4b,71ee6091-ad38-5eff-a7ad-0f5b41f9843e,Chou pastry filled with custard,23457,2.19,0.00,0.60,0.01,0.00,0.00,0.00,0.02,0.00,0.01,0.09,25.90,90.50,0.58,28.10,0.00,2.602427144,1.649015665,0.02,0.05,0.60,0.05,0.46,1.08,0.25,1.70,0.02,0.97,-0.10,0.07,0.08,0.09,Nutriscore_C
73a96bc9-e89c-5bbe-ac1f-9db1a3f4d55f,71ee6091-ad38-5eff-a7ad-0f5b41f9843e,Chou pastry filled with whipped cream,23456,2.58,0.00,0.74,0.01,0.00,0.00,0.00,0.03,0.00,0.01,0.11,32.90,115.00,0.51,31.90,0.00,2.602427144,1.649015665,0.02,0.05,0.60,0.05,0.46,1.08,0.25,1.70,0.02,0.97,-0.10,0.07,0.08,0.09,Nutriscore_D
f9009293-64e5-56a9-88f4-e78faa806746,71ee6091-ad38-5eff-a7ad-0f5b41f9843e,Chou pastry with praline flavoured creme,23005,4.36,0.00,0.68,0.01,0.00,0.00,0.00,0.02,0.00,0.01,0.09,26.40,167.00,0.55,33.90,0.00,2.602427144,1.649015665,0.02,0.05,0.60,0.05,0.46,1.08,0.25,1.70,0.02,0.97,-0.10,0.07,0.08,0.09,Nutriscore_E
1b23e787-c72f-588d-9039-966e6ff31b84,71ee6091-ad38-5eff-a7ad-0f5b41f9843e,"Chou pastry, sugar coated",23467,1.87,0.00,0.55,0.00,0.00,0.00,0.00,0.02,0.00,0.01,0.10,29.70,104.00,0.80,21.80,0.00,2.602427144,1.649015665,0.02,0.05,0.60,0.05,0.46,1.08,0.25,1.70,0.02,0.97,-0.10,0.07,0.08,0.09,Nutriscore_E
9aa18f76-9356-5c87-b867-618ac6299a2e,71ee6091-ad38-5eff-a7ad-0f5b41f9843e,"Christmas brioche with candied fruits, prepacked",7744,2.95,0.00,0.62,0.01,0.00,0.00,0.00,0.04,0.00,0.01,0.16,44.40,169.00,0.72,25.10,0.00,1.093061022,1.782543121,0.02,0.05,0.60,0.05,0.46,1.08,0.25,1.70,0.02,0.97,-0.10,0.07,0.08,0.09,Nutriscore_E
0ac4e80e-9ac8-5724-a8c1-102729a51229,71ee6091-ad38-5eff-a7ad-0f5b41f9843e,Christmas log cake,23030,8.05,0.00,0.75,0.01,0.00,0.00,0.00,0.03,0.00,0.02,0.12,39.00,322.00,0.91,43.90,0.00,1.368821349,2.926931427,0.02,0.05,0.60,0.05,0.46,1.08,0.25,1.70,0.02,0.97,-0.10,0.07,0.08,0.09,Nutriscore_E
b86c0d77-af51-5457-bf70-43843d843bfa,71ee6091-ad38-5eff-a7ad-0f5b41f9843e,"Coconut bar, with chocolate coating",31002,5.32,0.00,0.70,0.01,0.00,0.00,0.00,0.02,0.00,0.01,0.06,19.20,181.00,2.86,35.80,0.00,0.007410992,1.478812532,0.02,0.05,0.60,0.05,0.46,1.08,0.25,1.70,0.02,0.97,-0.10,0.07,0.08,0.09,Nutriscore_E
fe420f6c-43f1-55c6-9dfa-3cee0e991aaf,71ee6091-ad38-5eff-a7ad-0f5b41f9843e,"Crepe filled with chocolate, prepacked",23829,4.53,0.00,0.64,0.01,0.00,0.00,0.00,0.03,0.00,0.01,0.11,31.20,184.00,0.63,34.30,0.00,0.934850454,1.117036189,0.02,0.05,0.60,0.05,0.46,1.08,0.25,1.70,0.02,0.97,-0.10,0.07,0.08,0.09,Nutriscore_E
465f77ee-e613-56c7-a508-919825fc70c8,71ee6091-ad38-5eff-a7ad-0f5b41f9843e,"Crepe filled with strawberries, prepacked",23830,1.82,0.00,0.59,0.01,0.00,0.00,0.00,0.02,0.00,0.01,0.07,58.70,90.20,3.24,28.30,0.00,0.934850454,1.117036189,0.02,0.05,0.60,0.05,0.46,1.08,0.25,1.70,0.02,0.97,-0.10,0.07,0.08,0.09,Nutriscore_E
56ea78d6-9c90-50da-b165-60fadeb9cea1,71ee6091-ad38-5eff-a7ad-0f5b41f9843e,"Crepe filled with sugar, prepacked",23815,1.82,0.00,0.57,0.00,0.00,0.00,0.00,0.02,0.00,0.01,0.08,21.20,73.80,0.81,27.70,0.00,0.934850454,1.117036189,0.02,0.05,0.60,0.05,0.46,1.08,0.25,1.70,0.02,0.97,-0.10,0.07,0.08,0.09,Nutriscore_E
7bb1dd7e-782c-53f5-80c8-47163bbc6b9d,71ee6091-ad38-5eff-a7ad-0f5b41f9843e,"Crepe, filled with chocolate or chocolate and hazelnut spread, home-made",23821,1.41,0.00,0.56,0.00,0.00,0.00,0.00,0.02,0.00,0.01,0.07,19.90,72.90,0.75,21.60,0.00,0.934850454,1.117036189,0.02,0.05,0.60,0.05,0.46,1.08,0.25,1.70,0.02,0.97,-0.10,0.07,0.08,0.09,Nutriscore_E
d96163c9-44dc-50be-959d-3e4283729f25,71ee6091-ad38-5eff-a7ad-0f5b41f9843e,"Crepe, filled with jam, home-made",23820,1.41,0.00,0.56,0.00,0.00,0.00,0.00,0.02,0.00,0.01,0.07,19.90,72.90,0.75,21.60,0.00,0.934850454,1.117036189,0.02,0.05,0.60,0.05,0.46,1.08,0.25,1.70,0.02,0.97,-0.10,0.07,0.08,0.09,Nutriscore_D
4d52942f-0a7f-5754-baed-ed70e4a7f20f,71ee6091-ad38-5eff-a7ad-0f5b41f9843e,"Crepe, plain, prepacked, refrigerated",23799,1.50,0.00,0.57,0.00,0.00,0.00,0.00,0.02,0.00,0.01,0.07,22.20,83.80,0.37,21.20,0.00,0.934850454,1.117036189,0.02,0.05,0.60,0.05,0.46,1.08,0.25,1.70,0.02,0.97,-0.10,0.07,0.08,0.09,Nutriscore_D
129773da-5ade-513d-af87-4ac08f79ce68,71ee6091-ad38-5eff-a7ad-0f5b41f9843e,"Crepe, plain, prepacked, room temperature",23800,1.50,0.00,0.57,0.00,0.00,0.00,0.00,0.02,0.00,0.01,0.07,22.20,83.80,0.37,21.20,0.00,0.934850454,1.117036189,0.02,0.05,0.60,0.05,0.46,1.08,0.25,1.70,0.02,0.97,-0.10,0.07,0.08,0.09,Nutriscore_E
cda66eda-6b10-5296-a239-ac12ed902e3a,71ee6091-ad38-5eff-a7ad-0f5b41f9843e,Croissant,7602,2.02,0.00,0.50,0.01,0.00,0.00,0.00,0.02,0.00,0.01,0.06,18.80,92.10,0.62,23.30,0.00,1.031271706,1.814639664,0.02,0.05,0.60,0.05,0.46,1.08,0.25,1.70,0.02,0.97,-0.10,0.07,0.08,0.09,Nutriscore_E
82f7e30a-dd6d-52f5-9936-cf703d858a8a,71ee6091-ad38-5eff-a7ad-0f5b41f9843e,Croissant filled with ham,25418,4.56,0.00,1.66,0.01,0.00,0.00,0.00,0.05,0.00,0.02,0.22,80.90,196.00,1.18,60.80,0.00,0.402195965,0.707709469,0.01,0.03,0.27,0.02,0.21,0.45,0.10,0.90,0.01,0.40,-0.05,0.03,0.03,0.04,Nutriscore_D
86dd7ed6-96a2-54aa-8871-f41b6782c6f6,71ee6091-ad38-5eff-a7ad-0f5b41f9843e,Croissant filled with ham and cheese,26266,4.56,0.00,1.66,0.01,0.00,0.00,0.00,0.05,0.00,0.02,0.22,80.90,196.00,1.18,60.80,0.00,0.402195965,0.707709469,0.01,0.03,0.27,0.02,0.21,0.45,0.10,0.90,0.01,0.40,-0.05,0.03,0.03,0.04,Nutriscore_D
c705693b-4d81-5e90-82b0-b9d3b90a8d49,71ee6091-ad38-5eff-a7ad-0f5b41f9843e,"Croissant w almonds, from bakery",7650,2.78,0.00,0.55,0.01,0.00,0.00,0.00,0.03,0.00,0.01,0.13,58.30,145.00,4.42,30.80,0.00,0.402195965,0.707709469,0.02,0.05,0.60,0.05,0.46,1.08,0.25,1.70,0.02,0.97,-0.10,0.07,0.08,0.09,Nutriscore_E
af0554b7-f3f6-5c2b-912f-5ab63eccc226,71ee6091-ad38-5eff-a7ad-0f5b41f9843e,"Croissant, butter, from bakery",7620,2.94,0.00,0.59,0.01,0.00,0.00,0.00,0.03,0.00,0.01,0.13,32.00,133.00,0.52,28.10,0.00,1.031271706,1.814639664,0.02,0.05,0.60,0.05,0.46,1.08,0.25,1.70,0.02,0.97,-0.10,0.07,0.08,0.09,Nutriscore_E
c629d143-37e2-57e8-9b1a-7d1ec92238fb,71ee6091-ad38-5eff-a7ad-0f5b41f9843e,"Croissant, ordinary, from bakery",7615,2.42,0.00,0.51,0.01,0.00,0.00,0.00,0.02,0.00,0.01,0.07,20.10,93.00,0.68,29.40,0.00,1.031271706,1.814639664,0.02,0.05,0.60,0.05,0.46,1.08,0.25,1.70,0.02,0.97,-0.10,0.07,0.08,0.09,Nutriscore_E
145d61ce-d27e-57c9-b804-99d97c7496c3,71ee6091-ad38-5eff-a7ad-0f5b41f9843e,"Dessert, Opera cake type",23008,5.23,0.00,0.70,0.01,0.00,0.00,0.00,0.04,0.00,0.02,0.15,60.80,236.00,3.86,37.70,0.00,2.033230262,2.415690283,0.02,0.05,0.60,0.05,0.46,1.08,0.25,1.70,0.02,0.97,-0.10,0.07,0.08,0.09,Nutriscore_E
5e550197-455a-5774-a073-24de0aa45c2a,71ee6091-ad38-5eff-a7ad-0f5b41f9843e,"Doughnut filled with chocolate, prepacked",23885,6.24,0.00,0.62,0.01,0.00,0.00,0.00,0.02,0.00,0.02,0.08,27.90,253.00,0.85,37.70,0.00,0.168212139,0.606114171,0.02,0.05,0.60,0.05,0.46,1.08,0.25,1.70,0.02,0.97,-0.10,0.07,0.08,0.09,Nutriscore_D
62500b68-33c1-5881-a82b-c21b520ceefb,71ee6091-ad38-5eff-a7ad-0f5b41f9843e,"Doughnut filled with fruits, prepacked",23884,2.25,0.00,0.62,0.01,0.00,0.00,0.00,0.02,0.00,0.01,0.09,27.80,107.00,0.79,29.20,0.00,0.168212139,0.606114171,0.02,0.05,0.60,0.05,0.46,1.08,0.25,1.70,0.02,0.97,-0.10,0.07,0.08,0.09,Nutriscore_D
a0800101-6eef-50db-8837-74776675bb00,71ee6091-ad38-5eff-a7ad-0f5b41f9843e,Doughnut filled with jam,23881,1.78,0.00,0.58,0.01,0.00,0.00,0.00,0.02,0.00,0.01,0.08,27.10,86.20,1.04,29.00,0.00,0.168212139,0.606114171,0.02,0.05,0.60,0.05,0.46,1.08,0.25,1.70,0.02,0.97,-0.10,0.07,0.08,0.09,Nutriscore_D
f0740718-f37a-52ce-aee2-a6a3a557634a,71ee6091-ad38-5eff-a7ad-0f5b41f9843e,"Doughnut, plain",23880,1.75,0.00,0.58,0.01,0.00,0.00,0.00,0.02,0.00,0.01,0.07,22.40,85.50,0.80,28.40,0.00,0.212926758,0.767233128,0.02,0.05,0.60,0.05,0.46,1.08,0.25,1.70,0.02,0.97,-0.10,0.07,0.08,0.09,Nutriscore_E
87e9c4ca-a23e-5859-8fe0-a711b85eaab7,71ee6091-ad38-5eff-a7ad-0f5b41f9843e,Dried sponge cake filled with fruits and covered with chocolate,24686,2.47,0.00,0.66,0.01,0.00,0.00,0.00,0.03,0.00,0.01,0.14,51.40,107.00,1.80,38.20,0.00,1.368821349,2.926931427,0.02,0.05,0.60,0.05,0.46,1.08,0.25,1.70,0.02,0.97,-0.10,0.07,0.08,0.09,Nutriscore_E
617c2ee9-ec16-5ad4-a8c8-f17661969f4c,71ee6091-ad38-5eff-a7ad-0f5b41f9843e,Eclair,23477,3.97,0.00,0.61,0.01,0.00,0.00,0.00,0.02,0.00,0.01,0.09,27.60,158.00,0.62,31.90,0.00,1.730122965,1.986552111,0.02,0.05,0.60,0.05,0.46,1.08,0.25,1.70,0.02,0.97,-0.10,0.07,0.08,0.09,Nutriscore_D
e3a4215f-bb03-5322-a7a4-873dac6f296b,71ee6091-ad38-5eff-a7ad-0f5b41f9843e,Flan tart with eggs,23525,2.17,0.00,0.59,0.01,0.00,0.00,0.00,0.02,0.00,0.01,0.09,25.10,87.50,0.61,27.90,0.00,1.446927895,1.314299393,0.02,0.05,0.60,0.05,0.46,1.08,0.25,1.70,0.02,0.97,-0.10,0.07,0.08,0.09,Nutriscore_D
2dfa792a-53fa-5eee-8f72-f88c1431cd3c,71ee6091-ad38-5eff-a7ad-0f5b41f9843e,"Flan with eggs, refrigerated",19674,2.03,0.00,0.78,0.01,0.00,0.00,0.00,0.02,0.00,0.01,0.08,22.80,80.70,0.62,29.90,0.00,1.446927895,1.314299393,0.02,0.05,0.60,0.05,0.46,1.08,0.25,1.70,0.02,0.97,-0.10,0.07,0.08,0.09,Nutriscore_C
a043bbff-93d7-5c3a-9d97-68f81d618881,71ee6091-ad38-5eff-a7ad-0f5b41f9843e,"Floating island (meringue poached in milk and served in a light custard cream), refrigerated",39215,1.92,0.00,0.69,0.01,0.00,0.00,0.00,0.02,0.00,0.01,0.08,25.00,78.50,0.67,27.80,0.00,1.795789598,1.083481165,0.02,0.05,0.60,0.05,0.46,1.08,0.25,1.70,0.02,0.97,-0.10,0.07,0.08,0.09,Nutriscore_C
973c755d-bebc-5c5e-a3c6-0372e3afc9ba,71ee6091-ad38-5eff-a7ad-0f5b41f9843e,French toast,39236,2.18,0.00,0.72,0.01,0.00,0.00,0.00,0.02,0.00,0.01,0.09,27.80,98.60,0.74,31.30,0.00,0.934850454,1.117036189,0.02,0.05,0.60,0.05,0.46,1.08,0.25,1.70,0.02,0.97,-0.10,0.07,0.08,0.09,Nutriscore_D
23cd09ce-ae35-59ad-a204-6538414e32b3,71ee6091-ad38-5eff-a7ad-0f5b41f9843e,Fresh cream cheese cake,23589,1.99,0.00,0.60,0.01,0.00,0.00,0.00,0.02,0.00,0.01,0.09,32.00,136.00,1.56,30.70,0.00,1.377861421,1.439505227,0.02,0.05,0.60,0.05,0.46,1.08,0.25,1.70,0.02,0.97,-0.10,0.07,0.08,0.09,Nutriscore_E
98d6fdd7-09db-5eb7-9131-ae81d63d5d47,71ee6091-ad38-5eff-a7ad-0f5b41f9843e,Fruit cake,23909,3.28,0.00,0.60,0.01,0.00,0.00,0.00,0.03,0.00,0.01,0.12,35.90,122.00,1.30,41.30,0.00,1.189439703,1.413178816,0.02,0.05,0.60,0.05,0.46,1.08,0.25,1.70,0.02,0.97,-0.10,0.07,0.08,0.09,Nutriscore_D
972d80ac-ec72-5440-af26-d310c6993f15,71ee6091-ad38-5eff-a7ad-0f5b41f9843e,Fruit charlotte,23531,2.09,0.00,0.71,0.01,0.00,0.00,0.00,0.03,0.00,0.01,0.11,40.40,86.50,1.22,32.80,0.00,0.006182048,1.233585254,0.02,0.05,0.60,0.05,0.46,1.08,0.25,1.70,0.02,0.97,-0.10,0.07,0.08,0.09,Nutriscore_D
05a193a0-269e-51bb-aead-7af2f4d94f8b,71ee6091-ad38-5eff-a7ad-0f5b41f9843e,Fruit pie with confectioner's custard,23479,2.94,0.00,0.62,0.01,0.00,0.00,0.00,0.05,0.00,0.02,0.20,70.30,157.00,1.95,35.10,0.00,0.007945944,1.58555852,0.02,0.05,0.60,0.05,0.46,1.08,0.25,1.70,0.02,0.97,-0.10,0.07,0.08,0.09,Nutriscore_D
f2b181db-dbd0-5314-b589-3bb905125b47,71ee6091-ad38-5eff-a7ad-0f5b41f9843e,"Fruit shortbread cake, prepacked",23930,3.34,0.00,0.60,0.01,0.00,0.00,0.00,0.03,0.00,0.01,0.13,58.70,135.00,3.31,42.60,0.00,1.189439703,1.413178816,0.02,0.05,0.60,0.05,0.46,1.08,0.25,1.70,0.02,0.97,-0.10,0.07,0.08,0.09,Nutriscore_E
b7ba09ad-44b4-5805-a28a-7e178705ead0,71ee6091-ad38-5eff-a7ad-0f5b41f9843e,Fruit soft cake,23937,2.28,0.00,0.69,0.01,0.00,0.00,0.00,0.03,0.00,0.01,0.14,52.00,107.00,1.65,34.60,0.00,1.189439703,1.413178816,0.02,0.05,0.60,0.05,0.46,1.08,0.25,1.70,0.02,0.97,-0.10,0.07,0.08,0.09,Nutriscore_E
81671dd9-7d0e-547a-a00a-79198321a5fc,71ee6091-ad38-5eff-a7ad-0f5b41f9843e,Fruit tart,23499,2.27,0.00,0.60,0.01,0.00,0.00,0.00,0.02,0.00,0.01,0.07,93.50,906.00,5.77,32.50,0.00,0.006182048,1.233585254,0.02,0.05,0.60,0.05,0.46,1.08,0.25,1.70,0.02,0.97,-0.10,0.07,0.08,0.09,Nutriscore_D
0d3d93b0-2c35-5986-a1de-992a428d4a7f,71ee6091-ad38-5eff-a7ad-0f5b41f9843e,Gazelle horn (oriental pastry with almonds and syrup),23301,2.83,0.00,0.60,0.01,0.00,0.00,0.00,0.04,0.00,0.02,0.16,110.00,293.00,11.20,33.90,0.00,0.006263694,1.249877212,0.02,0.05,0.60,0.05,0.46,1.08,0.25,1.70,0.02,0.97,-0.10,0.07,0.08,0.09,Nutriscore_E
18f44cfd-ddd0-5560-9401-71a904deb69f,71ee6091-ad38-5eff-a7ad-0f5b41f9843e,Gingerbread,23200,2.50,0.00,0.54,0.01,0.00,0.00,0.00,0.02,0.00,0.01,0.08,22.80,79.50,1.39,41.00,0.00,0.520039277,1.785992909,0.02,0.05,0.60,0.05,0.46,1.08,0.25,1.70,0.02,0.97,-0.10,0.07,0.08,0.09,Nutriscore_D
88f73aec-2c4a-5d52-8afe-e5ed20a0b701,71ee6091-ad38-5eff-a7ad-0f5b41f9843e,Goat cheese and spinach tart,26267,4.20,0.00,1.50,0.01,0.00,0.00,0.00,0.05,0.00,0.02,0.23,48.30,242.00,0.67,49.90,0.00,0.321851414,2.354074274,0.01,0.03,0.27,0.02,0.21,0.45,0.10,0.90,0.01,0.40,-0.05,0.03,0.03,0.04,Nutriscore_D
6c5767a6-c522-544e-b19f-2cca722e94ce,71ee6091-ad38-5eff-a7ad-0f5b41f9843e,"Khatfa (phyllo or filo pastry), prepacked",51550,1.24,0.00,1.15,0.00,0.00,0.00,0.00,0.01,0.00,0.00,0.03,8.32,40.50,0.45,37.60,0.00,0.013940252,2.781681614,0.01,0.03,0.27,0.02,0.21,0.45,0.10,0.90,0.01,0.40,-0.05,0.03,0.03,0.04,Nutriscore_E
f4643677-dfb0-5c72-95bf-6e1fcb33d421,71ee6091-ad38-5eff-a7ad-0f5b41f9843e,"Lemon cake, all types",23103,2.53,0.00,0.54,0.01,0.00,0.00,0.00,0.02,0.00,0.01,0.09,32.50,129.00,1.80,40.30,0.00,1.189439703,1.413178816,0.02,0.05,0.60,0.05,0.46,1.08,0.25,1.70,0.02,0.97,-0.10,0.07,0.08,0.09,Nutriscore_E
5d97aa83-41c1-5e64-9004-c26aa1d8e911,71ee6091-ad38-5eff-a7ad-0f5b41f9843e,Lemon tart,23485,2.74,0.00,0.65,0.01,0.00,0.00,0.00,0.03,0.00,0.01,0.14,45.70,134.00,1.20,32.50,0.00,0.006182048,1.233585254,0.02,0.05,0.60,0.05,0.46,1.08,0.25,1.70,0.02,0.97,-0.10,0.07,0.08,0.09,Nutriscore_E
669584d8-b016-5d52-8847-31c0f663639c,71ee6091-ad38-5eff-a7ad-0f5b41f9843e,Macaron filled with jam or cream,23024,6.26,0.00,0.70,0.01,0.00,0.00,0.00,0.04,0.00,0.02,0.15,76.10,288.00,6.34,41.60,0.00,0.002149188,0.428855634,0.02,0.05,0.60,0.05,0.46,1.08,0.25,1.70,0.02,0.97,-0.10,0.07,0.08,0.09,Nutriscore_E
152ffd45-9228-59ea-843e-1c4062329f57,71ee6091-ad38-5eff-a7ad-0f5b41f9843e,Macaroon,23027,2.34,0.00,0.53,0.01,0.00,0.00,0.00,0.03,0.00,0.01,0.14,94.60,156.00,10.50,37.20,0.00,0.002149188,0.428855634,0.02,0.05,0.60,0.05,0.46,1.08,0.25,1.70,0.02,0.97,-0.10,0.07,0.08,0.09,Nutriscore_E
ad95f9fb-07fb-5e19-87ab-be5667e6446c,71ee6091-ad38-5eff-a7ad-0f5b41f9843e,Madeleine biscuit (cookie),24632,1.54,0.00,0.58,0.01,0.00,0.00,0.00,0.02,0.00,0.01,0.09,29.90,148.00,1.66,23.70,0.00,2.471432118,1.778534293,0.02,0.05,0.60,0.05,0.46,1.08,0.25,1.70,0.02,0.97,-0.10,0.07,0.08,0.09,Nutriscore_E
6159f0cd-6fac-5092-800e-f5ff8fcad8e3,71ee6091-ad38-5eff-a7ad-0f5b41f9843e,"Madeleine biscuit, with chocolate, prepacked",24631,7.60,0.00,0.70,0.01,0.00,0.00,0.00,0.04,0.00,0.02,0.16,47.20,338.00,0.98,36.20,0.00,2.471432118,1.778534293,0.02,0.05,0.60,0.05,0.46,1.08,0.25,1.70,0.02,0.97,-0.10,0.07,0.08,0.09,Nutriscore_E
4f84aa19-0441-59d1-8eae-9abdcd75de25,71ee6091-ad38-5eff-a7ad-0f5b41f9843e,"Madeleine cake, pure butter",24630,2.94,0.00,0.68,0.01,0.00,0.00,0.00,0.04,0.00,0.02,0.17,80.00,181.00,2.43,27.80,0.00,2.471432118,1.778534293,0.02,0.05,0.60,0.05,0.46,1.08,0.25,1.70,0.02,0.97,-0.10,0.07,0.08,0.09,Nutriscore_E
3d19322d-e451-51f4-b2df-71a31fded3db,71ee6091-ad38-5eff-a7ad-0f5b41f9843e,Marble cake,23925,3.96,0.00,0.64,0.01,0.00,0.00,0.00,0.04,0.00,0.01,0.17,44.30,162.00,1.34,43.70,0.00,1.479153231,1.996439252,0.02,0.05,0.60,0.05,0.46,1.08,0.25,1.70,0.02,0.97,-0.10,0.07,0.08,0.09,Nutriscore_E
0e3b4ac0-24a7-5e17-95ae-3b4ec2afbb2a,71ee6091-ad38-5eff-a7ad-0f5b41f9843e,Maroilles cheese tart or maroilles cheese flamiche,25623,4.20,0.00,1.50,0.01,0.00,0.00,0.00,0.05,0.00,0.02,0.23,48.30,242.00,0.67,49.90,0.00,0.321851414,2.354074274,0.01,0.03,0.27,0.02,0.21,0.45,0.10,0.90,0.01,0.40,-0.05,0.03,0.03,0.04,Nutriscore_E
63a76eda-ed84-5ffa-af76-48b08393a3aa,71ee6091-ad38-5eff-a7ad-0f5b41f9843e,Meringue,24520,2.05,0.00,0.56,0.01,0.00,0.00,0.00,0.02,0.00,0.01,0.10,31.50,83.00,1.80,34.80,0.00,2.238578362,0.125438062,0.02,0.05,0.60,0.05,0.46,1.08,0.25,1.70,0.02,0.97,-0.10,0.07,0.08,0.09,Nutriscore_E
f00a75f9-eda5-5c65-8509-55cf3984a70a,71ee6091-ad38-5eff-a7ad-0f5b41f9843e,"Milk roll filled with chocolate drops, prepacked",7712,3.51,0.00,0.54,0.01,0.00,0.00,0.00,0.02,0.00,0.01,0.10,25.20,169.00,0.49,24.00,0.00,1.368821349,2.926931427,0.02,0.05,0.60,0.05,0.46,1.08,0.25,1.70,0.02,0.97,-0.10,0.07,0.08,0.09,Nutriscore_D
b92817e2-86b4-56f7-9e13-7ee91f6864ae,71ee6091-ad38-5eff-a7ad-0f5b41f9843e,"Milk roll, from bakery",7710,2.73,0.00,0.58,0.01,0.00,0.00,0.00,0.03,0.00,0.01,0.12,34.10,137.00,0.59,28.70,0.00,1.368821349,2.926931427,0.02,0.05,0.60,0.05,0.46,1.08,0.25,1.70,0.02,0.97,-0.10,0.07,0.08,0.09,Nutriscore_E
c37066b4-cc1c-545d-8518-90546f59a3ca,71ee6091-ad38-5eff-a7ad-0f5b41f9843e,"Milk roll, prepacked",7711,2.32,0.00,0.57,0.01,0.00,0.00,0.00,0.03,0.00,0.01,0.12,32.80,136.00,0.53,22.50,0.00,1.368821349,2.926931427,0.02,0.05,0.60,0.05,0.46,1.08,0.25,1.70,0.02,0.97,-0.10,0.07,0.08,0.09,Nutriscore_D
aae60509-b171-5a4c-be76-906f3d41ebf3,71ee6091-ad38-5eff-a7ad-0f5b41f9843e,Mille-feuille pastry,24666,2.61,0.00,0.62,0.01,0.00,0.00,0.00,0.03,0.00,0.01,0.12,26.90,105.00,0.78,29.10,0.00,0.580944417,1.677626057,0.02,0.05,0.60,0.05,0.46,1.08,0.25,1.70,0.02,0.97,-0.10,0.07,0.08,0.09,Nutriscore_D
0c701913-f5ad-58db-9a93-54a2b6e79832,71ee6091-ad38-5eff-a7ad-0f5b41f9843e,"Muffin, with blueberry or chocolate",23950,4.63,0.00,0.63,0.01,0.00,0.00,0.00,0.03,0.00,0.01,0.11,31.50,194.00,0.78,34.20,0.00,1.445805201,1.831977219,0.02,0.05,0.60,0.05,0.46,1.08,0.25,1.70,0.02,0.97,-0.10,0.07,0.08,0.09,Nutriscore_E
bc83a36f-eb68-5bb0-a7d3-55f163aacb69,71ee6091-ad38-5eff-a7ad-0f5b41f9843e,Pastry biscuit with meringue,24060,2.06,0.00,0.57,0.01,0.00,0.00,0.00,0.02,0.00,0.01,0.09,32.40,95.80,1.44,34.50,0.00,1.215646107,1.164695063,0.02,0.05,0.60,0.05,0.46,1.08,0.25,1.70,0.02,0.97,-0.10,0.07,0.08,0.09,Nutriscore_E
a6d1d3e2-3629-5651-b93d-20494d1e8e9b,71ee6091-ad38-5eff-a7ad-0f5b41f9843e,Pastry cream puff,23455,2.58,0.00,0.74,0.01,0.00,0.00,0.00,0.03,0.00,0.01,0.11,32.90,115.00,0.51,31.90,0.00,2.602427144,1.649015665,0.02,0.05,0.60,0.05,0.46,1.08,0.25,1.70,0.02,0.97,-0.10,0.07,0.08,0.09,Nutriscore_E
6801784f-5076-526f-ba5a-a989cf84fc1f,71ee6091-ad38-5eff-a7ad-0f5b41f9843e,"Pastry, short crust, baked",23412,3.59,0.00,1.31,0.01,0.00,0.00,0.00,0.04,0.00,0.01,0.16,40.10,170.00,0.70,45.20,0.00,0.013940252,2.781681614,0.01,0.03,0.27,0.02,0.21,0.45,0.10,0.90,0.01,0.40,-0.05,0.03,0.03,0.04,Nutriscore_D
71b1af5c-7589-5254-b600-460ec096024e,71ee6091-ad38-5eff-a7ad-0f5b41f9843e,Peer tart with almonds,24663,2.89,0.00,0.69,0.01,0.00,0.00,0.00,0.03,0.00,0.01,0.14,57.50,150.00,4.27,33.00,0.00,0.006182048,1.233585254,0.02,0.05,0.60,0.05,0.46,1.08,0.25,1.70,0.02,0.97,-0.10,0.07,0.08,0.09,Nutriscore_D
112e39d0-e811-5c17-8d15-9cf50448dadd,71ee6091-ad38-5eff-a7ad-0f5b41f9843e,"Phyllo or filo dough, raw",23445,1.90,0.00,1.20,0.01,0.00,0.00,0.00,0.02,0.00,0.01,0.07,27.00,176.00,2.02,42.80,0.00,0.013940252,2.781681614,0.01,0.03,0.27,0.02,0.21,0.45,0.10,0.90,0.01,0.40,-0.05,0.03,0.03,0.04,Nutriscore_C
aab72c4e-7c17-5dd4-886e-4b19b424cecd,71ee6091-ad38-5eff-a7ad-0f5b41f9843e,"Pound cake, prepacked",23081,4.39,0.00,0.68,0.01,0.00,0.00,0.00,0.05,0.00,0.02,0.19,50.90,185.00,1.45,45.30,0.00,2.471432118,1.778534293,0.02,0.05,0.60,0.05,0.46,1.08,0.25,1.70,0.02,0.97,-0.10,0.07,0.08,0.09,Nutriscore_E
e1069f32-1b54-5f3c-a1d2-21506d66c87e,71ee6091-ad38-5eff-a7ad-0f5b41f9843e,"Profiteroles (chou pastry), with custard and chocolate sauce, refrigerated",23474,4.25,0.00,0.78,0.01,0.00,0.00,0.00,0.02,0.00,0.01,0.08,26.30,165.00,0.60,34.80,0.00,1.107854834,2.522693265,0.02,0.05,0.60,0.05,0.46,1.08,0.25,1.70,0.02,0.97,-0.10,0.07,0.08,0.09,Nutriscore_D
9e62b084-2583-5b5f-831a-760327aa5904,71ee6091-ad38-5eff-a7ad-0f5b41f9843e,"Profiteroles (chou pastry), with vanilla ice cream and chocolate sauce",23472,4.24,0.00,0.97,0.01,0.00,0.00,0.00,0.02,0.00,0.01,0.08,25.30,152.00,0.55,41.40,0.00,1.107854834,2.522693265,0.02,0.05,0.60,0.05,0.46,1.08,0.25,1.70,0.02,0.97,-0.10,0.07,0.08,0.09,Nutriscore_D
6ea4984b-c490-573f-9147-6c0730e44d3e,71ee6091-ad38-5eff-a7ad-0f5b41f9843e,"Puff pastry, cooked",23422,3.85,0.00,1.33,0.01,0.00,0.00,0.00,0.04,0.00,0.01,0.18,44.70,179.00,0.74,45.90,0.00,0.01365768,2.725296176,0.01,0.03,0.27,0.02,0.21,0.45,0.10,0.90,0.01,0.40,-0.05,0.03,0.03,0.04,Nutriscore_E
cf74434c-e796-5545-a94e-be41ec167bb6,71ee6091-ad38-5eff-a7ad-0f5b41f9843e,"Puff pastry, frozen, raw",23421,3.81,0.00,1.54,0.01,0.00,0.00,0.00,0.04,0.00,0.01,0.17,42.20,173.00,0.70,49.70,0.00,0.01365768,2.725296176,0.01,0.03,0.27,0.02,0.21,0.45,0.10,0.90,0.01,0.40,-0.05,0.03,0.03,0.04,Nutriscore_E
eb90d63c-3936-540b-b2fa-75f899a961fe,71ee6091-ad38-5eff-a7ad-0f5b41f9843e,"Puff pastry, pure butter, cooked",23426,3.93,0.00,1.33,0.01,0.00,0.00,0.00,0.04,0.00,0.01,0.18,43.80,180.00,0.72,45.90,0.00,0.01365768,2.725296176,0.01,0.03,0.27,0.02,0.21,0.45,0.10,0.90,0.01,0.40,-0.05,0.03,0.03,0.04,Nutriscore_E
b0dc325d-0ba0-5572-aa3e-20f1b3e18737,71ee6091-ad38-5eff-a7ad-0f5b41f9843e,"Puff pastry, pure butter, frozen, raw",23425,3.81,0.00,1.54,0.01,0.00,0.00,0.00,0.04,0.00,0.01,0.17,42.20,173.00,0.70,49.70,0.00,0.01365768,2.725296176,0.01,0.03,0.27,0.02,0.21,0.45,0.10,0.90,0.01,0.40,-0.05,0.03,0.03,0.04,Nutriscore_D
da2200ba-4e9d-5800-ba21-4749c5215bad,71ee6091-ad38-5eff-a7ad-0f5b41f9843e,"Puff pastry, pure butter, raw",23424,3.93,0.00,1.33,0.01,0.00,0.00,0.00,0.04,0.00,0.01,0.18,43.80,180.00,0.72,45.90,0.00,0.01365768,2.725296176,0.01,0.03,0.27,0.02,0.21,0.45,0.10,0.90,0.01,0.40,-0.05,0.03,0.03,0.04,Nutriscore_E
af1078ae-1102-5360-be9f-7d446c536666,71ee6091-ad38-5eff-a7ad-0f5b41f9843e,"Puff pastry, raw",23420,3.93,0.00,1.33,0.01,0.00,0.00,0.00,0.04,0.00,0.01,0.18,43.80,180.00,0.72,45.90,0.00,0.01365768,2.725296176,0.01,0.03,0.27,0.02,0.21,0.45,0.10,0.90,0.01,0.40,-0.05,0.03,0.03,0.04,Nutriscore_E
7513d138-7c58-5eaa-9449-ad48c5f9e107,71ee6091-ad38-5eff-a7ad-0f5b41f9843e,Raisin puff pastry (Viennese pastries),7720,2.57,0.00,0.57,0.01,0.00,0.00,0.00,0.03,0.00,0.01,0.13,31.20,135.00,1.76,22.50,0.00,0.01365768,2.725296176,0.02,0.05,0.60,0.05,0.46,1.08,0.25,1.70,0.02,0.97,-0.10,0.07,0.08,0.09,Nutriscore_E
6500ea20-91d9-5e2a-a20f-e4d2225b4115,71ee6091-ad38-5eff-a7ad-0f5b41f9843e,Red berries tart,23495,2.94,0.00,0.62,0.01,0.00,0.00,0.00,0.05,0.00,0.02,0.20,70.30,157.00,1.95,35.10,0.00,0.006182048,1.233585254,0.02,0.05,0.60,0.05,0.46,1.08,0.25,1.70,0.02,0.97,-0.10,0.07,0.08,0.09,Nutriscore_C
c4b6e6bf-36bd-5dae-ae6d-a90a7ff77f39,71ee6091-ad38-5eff-a7ad-0f5b41f9843e,Rock-shaped coconut cake,23033,1.79,0.00,0.57,0.01,0.00,0.00,0.00,0.02,0.00,0.01,0.09,44.70,95.30,3.93,30.00,0.00,0.007410992,1.478812532,0.02,0.05,0.60,0.05,0.46,1.08,0.25,1.70,0.02,0.97,-0.10,0.07,0.08,0.09,Nutriscore_E
e1d2624a-180b-5764-bfe4-77b851a90522,71ee6091-ad38-5eff-a7ad-0f5b41f9843e,"Rum baba, prepacked",19688,1.16,0.00,0.54,0.00,0.00,0.00,0.00,0.01,0.00,0.00,0.03,8.16,24.00,0.62,25.70,0.00,2.033230262,2.415690283,0.02,0.05,0.60,0.05,0.46,1.08,0.25,1.70,0.02,0.97,-0.10,0.07,0.08,0.09,Nutriscore_D
0185bd34-857b-5d6b-be96-b694c8067d4a,71ee6091-ad38-5eff-a7ad-0f5b41f9843e,Savoy-style sponge cake,23050,2.30,0.00,0.67,0.01,0.00,0.00,0.00,0.03,0.00,0.01,0.12,53.30,172.00,1.22,33.70,0.00,2.471432118,1.778534293,0.02,0.05,0.60,0.05,0.46,1.08,0.25,1.70,0.02,0.97,-0.10,0.07,0.08,0.09,Nutriscore_E
b8445a4d-2192-5367-8f20-fc4f910472ff,71ee6091-ad38-5eff-a7ad-0f5b41f9843e,"Short crust pastry, pure butter, frozen, raw",23415,3.49,0.00,1.52,0.01,0.00,0.00,0.00,0.04,0.00,0.01,0.16,38.70,163.00,0.69,49.10,0.00,0.013940252,2.781681614,0.01,0.03,0.27,0.02,0.21,0.45,0.10,0.90,0.01,0.40,-0.05,0.03,0.03,0.04,Nutriscore_E
af6ea088-8a41-54cf-aa50-1e6ef02fb80c,71ee6091-ad38-5eff-a7ad-0f5b41f9843e,"Short crust pastry, pure butter, raw",23414,3.59,0.00,1.31,0.01,0.00,0.00,0.00,0.04,0.00,0.01,0.16,40.10,170.00,0.70,45.20,0.00,0.013940252,2.781681614,0.01,0.03,0.27,0.02,0.21,0.45,0.10,0.90,0.01,0.40,-0.05,0.03,0.03,0.04,Nutriscore_E
687895f4-8e5a-50a9-9143-818a3e41ecca,71ee6091-ad38-5eff-a7ad-0f5b41f9843e,"Short crust pastry, raw",23410,3.59,0.00,1.31,0.01,0.00,0.00,0.00,0.04,0.00,0.01,0.16,40.10,170.00,0.70,45.20,0.00,0.013940252,2.781681614,0.01,0.03,0.27,0.02,0.21,0.45,0.10,0.90,0.01,0.40,-0.05,0.03,0.03,0.04,Nutriscore_E
036a3e93-23c6-5c65-863e-bc2a7f629fc9,71ee6091-ad38-5eff-a7ad-0f5b41f9843e,Small cheese chou-pastry puff,25437,3.80,0.00,0.93,0.01,0.00,0.00,0.00,0.04,0.00,0.01,0.16,46.90,166.00,0.82,43.80,0.00,2.602427144,1.649015665,0.01,0.03,0.27,0.02,0.21,0.45,0.10,0.90,0.01,0.40,-0.05,0.03,0.03,0.04,Nutriscore_E
83bcf2b5-5d68-56c5-83c4-0ead97f318a7,71ee6091-ad38-5eff-a7ad-0f5b41f9843e,Soft cake filled with chocolate or chocolate drops or milk,23939,10.10,0.00,0.69,0.02,0.00,0.00,0.00,0.03,0.00,0.03,0.13,41.10,401.00,1.00,46.30,0.00,1.368821349,2.926931427,0.02,0.05,0.60,0.05,0.46,1.08,0.25,1.70,0.02,0.97,-0.10,0.07,0.08,0.09,Nutriscore_D
4ee23c8c-d3d6-5570-8f8d-84a80cb94684,71ee6091-ad38-5eff-a7ad-0f5b41f9843e,"Soft cake filled with fruits, mini sponge roll type",23941,2.28,0.00,0.69,0.01,0.00,0.00,0.00,0.03,0.00,0.01,0.14,52.00,107.00,1.65,34.60,0.00,1.368821349,2.926931427,0.02,0.05,0.60,0.05,0.46,1.08,0.25,1.70,0.02,0.97,-0.10,0.07,0.08,0.09,Nutriscore_D
b8aa83d4-8423-5478-b456-68411cd1a489,71ee6091-ad38-5eff-a7ad-0f5b41f9843e,Soft cake with nuts,23938,3.56,0.00,0.71,0.01,0.00,0.00,0.00,0.04,0.00,0.01,0.17,46.50,261.00,2.71,39.00,0.00,2.033230262,2.415690283,0.02,0.05,0.60,0.05,0.46,1.08,0.25,1.70,0.02,0.97,-0.10,0.07,0.08,0.09,Nutriscore_E
fde899c8-5a17-519a-ae67-a72f5aa76f03,71ee6091-ad38-5eff-a7ad-0f5b41f9843e,"Soft cake, filled with fruit paste or fruit puree and sugar icing coated",24680,2.92,0.00,0.61,0.01,0.00,0.00,0.00,0.03,0.00,0.01,0.13,58.20,135.00,3.14,35.80,0.00,1.368821349,2.926931427,0.02,0.05,0.60,0.05,0.46,1.08,0.25,1.70,0.02,0.97,-0.10,0.07,0.08,0.09,Nutriscore_D
3176cf7a-fe38-53c4-bce4-7116f1daaf6e,71ee6091-ad38-5eff-a7ad-0f5b41f9843e,"Soft cake, plain, sponge cake type",23594,2.94,0.00,0.66,0.01,0.00,0.00,0.00,0.03,0.00,0.01,0.14,38.50,137.00,1.00,31.80,0.00,2.033230262,2.415690283,0.02,0.05,0.60,0.05,0.46,1.08,0.25,1.70,0.02,0.97,-0.10,0.07,0.08,0.09,Nutriscore_D
d0a6f922-eb5f-5a89-82b3-cd66bf844ad1,71ee6091-ad38-5eff-a7ad-0f5b41f9843e,"Soft waffle (Brussels-style), plain or with sugar, prepacked",23851,2.45,0.00,0.63,0.01,0.00,0.00,0.00,0.03,0.00,0.01,0.13,33.10,131.00,0.87,25.00,0.00,1.118997005,0.777025457,0.02,0.05,0.60,0.05,0.46,1.08,0.25,1.70,0.02,0.97,-0.10,0.07,0.08,0.09,Nutriscore_E
b6b92795-ee7d-530b-93c5-43a790abfe6a,71ee6091-ad38-5eff-a7ad-0f5b41f9843e,"Soft waffle (Brussels-style), with chocolate, prepacked",23852,5.51,0.00,0.65,0.01,0.00,0.00,0.00,0.03,0.00,0.02,0.14,35.10,245.00,0.86,31.00,0.00,1.118997005,0.777025457,0.02,0.05,0.60,0.05,0.46,1.08,0.25,1.70,0.02,0.97,-0.10,0.07,0.08,0.09,Nutriscore_E
67a64cd0-4d35-592c-b435-d3e09152df82,71ee6091-ad38-5eff-a7ad-0f5b41f9843e,Sponge cake filled and covered with chocolate,23940,10.10,0.00,0.69,0.02,0.00,0.00,0.00,0.03,0.00,0.03,0.13,41.10,401.00,1.00,46.30,0.00,2.033230262,2.415690283,0.02,0.05,0.60,0.05,0.46,1.08,0.25,1.70,0.02,0.97,-0.10,0.07,0.08,0.09,Nutriscore_E
4cefa390-36ed-5c9f-8476-193ce3a978ba,71ee6091-ad38-5eff-a7ad-0f5b41f9843e,Sponge cake w chocolate w or wo cherry,23006,2.30,0.00,0.67,0.01,0.00,0.00,0.00,0.03,0.00,0.01,0.12,53.30,172.00,1.22,33.70,0.00,2.033230262,2.415690283,0.02,0.05,0.60,0.05,0.46,1.08,0.25,1.70,0.02,0.97,-0.10,0.07,0.08,0.09,Nutriscore_E
b8fbe6b4-f43e-56ee-853a-efb51492311d,71ee6091-ad38-5eff-a7ad-0f5b41f9843e,Sponge cake w fruit mousse,23007,2.28,0.00,0.69,0.01,0.00,0.00,0.00,0.03,0.00,0.01,0.14,52.00,107.00,1.65,34.60,0.00,2.033230262,2.415690283,0.02,0.05,0.60,0.05,0.46,1.08,0.25,1.70,0.02,0.97,-0.10,0.07,0.08,0.09,Nutriscore_D
b6f212a3-52ab-5624-915c-781d53d98c2a,71ee6091-ad38-5eff-a7ad-0f5b41f9843e,Sponge sandwich cake filled and topped with strawberries or raspberries,23009,2.40,0.00,0.61,0.01,0.00,0.00,0.00,0.03,0.00,0.01,0.11,79.60,120.00,5.53,31.10,0.00,1.368821349,2.926931427,0.02,0.05,0.60,0.05,0.46,1.08,0.25,1.70,0.02,0.97,-0.10,0.07,0.08,0.09,Nutriscore_D
4b8e2409-a0fc-5d30-ba7d-a1a2567e590a,71ee6091-ad38-5eff-a7ad-0f5b41f9843e,Strawberries tart,23491,2.14,0.00,0.61,0.01,0.00,0.00,0.00,0.02,0.00,0.01,0.09,120.00,123.00,7.88,32.20,0.00,0.006182048,1.233585254,0.02,0.05,0.60,0.05,0.46,1.08,0.25,1.70,0.02,0.97,-0.10,0.07,0.08,0.09,Nutriscore_D
3401f7eb-553d-5b09-9055-e458601c877f,71ee6091-ad38-5eff-a7ad-0f5b41f9843e,Tatin tart (caramelized upside-down apple tart),23496,2.38,0.00,0.61,0.01,0.00,0.00,0.00,0.02,0.00,0.01,0.10,27.80,93.50,0.94,28.90,0.00,0.006182048,1.233585254,0.02,0.05,0.60,0.05,0.46,1.08,0.25,1.70,0.02,0.97,-0.10,0.07,0.08,0.09,Nutriscore_D
13642d70-6134-5c87-a87d-6e6ad7089423,71ee6091-ad38-5eff-a7ad-0f5b41f9843e,Twelfth Night cake,23680,4.00,0.00,0.70,0.01,0.00,0.00,0.00,0.05,0.00,0.02,0.22,88.20,229.00,6.12,35.80,0.00,2.471432118,1.778534293,0.02,0.05,0.60,0.05,0.46,1.08,0.25,1.70,0.02,0.97,-0.10,0.07,0.08,0.09,Nutriscore_D
d8a48995-e213-5ddc-a49f-67a3f4d344c9,71ee6091-ad38-5eff-a7ad-0f5b41f9843e,Twelfth Night cake (puff pastry filled with almond paste),23684,4.00,0.00,0.70,0.01,0.00,0.00,0.00,0.05,0.00,0.02,0.22,88.20,229.00,6.12,35.80,0.00,2.471432118,1.778534293,0.02,0.05,0.60,0.05,0.46,1.08,0.25,1.70,0.02,0.97,-0.10,0.07,0.08,0.09,Nutriscore_E
8170ae48-e822-5041-9a20-34bd06bc00b0,71ee6091-ad38-5eff-a7ad-0f5b41f9843e,Yogurt cake,23588,2.61,0.00,0.56,0.01,0.00,0.00,0.00,0.02,0.00,0.01,0.09,31.90,136.00,1.88,41.00,0.00,2.471432118,1.778534293,0.02,0.05,0.60,0.05,0.46,1.08,0.25,1.70,0.02,0.97,-0.10,0.07,0.08,0.09,Nutriscore_E
dd95ce11-7098-58da-a447-d3ad9f89c3d0,6140d9b8-7815-511b-a043-bd9fc88578ca,Buckwheat flour,9540,1.21,0.00,0.22,0.00,0.00,0.00,0.00,0.01,0.00,0.01,0.05,8.56,129.00,0.59,12.50,0.00,0,0,0.01,0.03,0.27,0.02,0.21,0.45,0.10,0.90,0.01,0.40,-0.05,0.03,0.03,0.04,Nutriscore_A
0ecec36c-9502-5987-8b5c-18838b4bb9dc,e7dee88d-b212-5d39-8bdf-123867dbb584,Maize/corn bran,9641,0.40,0.00,0.12,0.00,0.00,0.00,0.00,0.00,0.00,0.00,0.02,11.70,27.20,0.31,6.03,0.00,0,0,0.01,0.03,0.27,0.02,0.21,0.45,0.10,0.90,0.01,0.40,-0.05,0.03,0.03,0.04,Nutriscore_A
29fc395a-7331-513c-89dc-9ba8d62088b4,e7dee88d-b212-5d39-8bdf-123867dbb584,Maize/corn flour,9545,0.87,0.00,0.24,0.00,0.00,0.00,0.00,0.01,0.00,0.00,0.05,27.80,66.50,0.75,12.00,0.00,0,0,0.01,0.03,0.27,0.02,0.21,0.45,0.10,0.90,0.01,0.40,-0.05,0.03,0.03,0.04,Nutriscore_B
30163082-8f86-57a7-8b6d-5191f2ebf1dc,e7dee88d-b212-5d39-8bdf-123867dbb584,Maize/corn starch,9510,1.55,0.00,0.18,0.01,0.00,0.00,0.00,0.01,0.00,0.01,0.05,43.80,33.10,3.99,18.50,0.00,0,0,0.01,0.03,0.27,0.02,0.21,0.45,0.10,0.90,0.01,0.40,-0.05,0.03,0.03,0.04,Nutriscore_C
e46708e0-5aa6-50fb-a33c-c08ff81996f9,e7dee88d-b212-5d39-8bdf-123867dbb584,"Polenta or maize semolina, cooked, unsalted",9615,0.66,0.00,0.14,0.00,0.00,0.00,0.00,0.01,0.00,0.01,0.03,5.29,87.70,0.38,9.01,0.00,0,0,0.01,0.02,0.11,0.02,0.08,0.42,0.08,0.57,0.01,0.85,-0.04,0.04,0.03,0.04,Nutriscore_A
f425788e-be5b-5e81-a4b0-a2187e111342,e7dee88d-b212-5d39-8bdf-123867dbb584,"Polenta or Maize/corn semolina, pre-cooked, dried",9614,1.47,0.00,0.17,0.01,0.00,0.00,0.00,0.02,0.00,0.02,0.07,11.70,198.00,0.85,16.90,0.00,0,0,0.01,0.02,0.11,0.02,0.08,0.42,0.08,0.57,0.01,0.85,-0.04,0.04,0.03,0.04,Nutriscore_A
1ea04dea-1d4c-520f-8d46-58adf51af383,bf51c1ba-0b3d-59d9-9ebd-1f6b9057cc01,Oat bran,9640,0.59,0.00,0.11,0.00,0.00,0.00,0.00,0.01,0.00,0.03,0.03,5.85,90.10,0.28,6.92,0.00,0,0,0.01,0.03,0.27,0.02,0.21,0.45,0.10,0.90,0.01,0.40,-0.05,0.03,0.03,0.04,Nutriscore_A
94a82942-0ac7-5925-a265-635e3ec5be21,db2e9a91-9fc1-5315-8136-48f0bf94bf55,Barley flour,9550,0.78,0.00,0.21,0.00,0.00,0.00,0.00,0.01,0.00,0.01,0.05,13.40,98.30,1.22,11.70,0.00,0,0,0.01,0.03,0.27,0.02,0.21,0.45,0.10,0.90,0.01,0.40,-0.05,0.03,0.03,0.04,Nutriscore_A
7e0e07b5-72e8-51de-a778-3dcd413e0ab7,db2e9a91-9fc1-5315-8136-48f0bf94bf55,Millet flour,9555,0.88,0.00,0.21,0.00,0.00,0.00,0.00,0.01,0.00,0.01,0.06,10.80,100.00,1.23,12.40,0.00,0,0,0.01,0.03,0.27,0.02,0.21,0.45,0.10,0.90,0.01,0.40,-0.05,0.03,0.03,0.04,Nutriscore_A
799d1c2e-ac43-5872-9fde-8f8f6ce5aed1,05a7240f-139f-500c-a528-2ada4ebcf6fd,Rice flour,9520,2.48,0.00,0.20,0.01,0.00,0.00,0.00,0.03,0.00,0.03,0.12,71.40,75.80,17.00,15.90,0.00,0,0,0.01,0.03,0.27,0.02,0.21,0.45,0.10,0.90,0.01,0.40,-0.05,0.03,0.03,0.04,Nutriscore_A
3a38a3cb-9a2e-5a35-87fa-6cf241d080ae,4eab7ad6-26db-576f-96d5-6d869dc3e7d2,"Rye flour, type 130",9533,0.72,0.00,0.19,0.00,0.00,0.00,0.00,0.01,0.00,0.01,0.03,10.80,29.70,0.17,11.40,0.00,0,0,0.01,0.03,0.27,0.02,0.21,0.45,0.10,0.90,0.01,0.40,-0.05,0.03,0.03,0.04,Nutriscore_A
cec56de6-b8e1-5e49-8437-f20a3ad7b755,4eab7ad6-26db-576f-96d5-6d869dc3e7d2,"Rye flour, type 170",9530,0.72,0.00,0.19,0.00,0.00,0.00,0.00,0.01,0.00,0.01,0.03,10.80,29.70,0.17,11.40,0.00,0,0,0.01,0.03,0.27,0.02,0.21,0.45,0.10,0.90,0.01,0.40,-0.05,0.03,0.03,0.04,Nutriscore_A
3ffba048-cf06-575b-a49b-93dadc3d7bd0,4eab7ad6-26db-576f-96d5-6d869dc3e7d2,"Rye flour, type 85",9532,0.72,0.00,0.19,0.00,0.00,0.00,0.00,0.01,0.00,0.01,0.03,10.80,29.70,0.17,11.40,0.00,0,0,0.01,0.03,0.27,0.02,0.21,0.45,0.10,0.90,0.01,0.40,-0.05,0.03,0.03,0.04,Nutriscore_A
eab4fd7d-245c-5931-af4f-8544a10dbc21,0fc4b11c-9266-5c2b-b82f-4da6cf0067e1,Spelt flour,9480,1.21,0.00,0.22,0.00,0.00,0.00,0.00,0.01,0.00,0.01,0.05,8.56,129.00,0.59,12.50,0.00,0,0,0.01,0.03,0.27,0.02,0.21,0.45,0.10,0.90,0.01,0.40,-0.05,0.03,0.03,0.04,Nutriscore_A
e8c0685e-ab21-5ac5-97c0-44427ca0ff94,4d34b849-eaf9-577b-96b3-1611c37f6c96,"Couscous (durum wheat semolina pre-cooked with steam), cooked, unsalted",9683,0.79,0.00,0.15,0.00,0.00,0.00,0.00,0.01,0.00,0.01,0.03,5.78,89.30,0.43,10.90,0.00,0,0,0.01,0.02,0.11,0.02,0.08,0.42,0.08,0.57,0.01,0.85,-0.04,0.04,0.03,0.04,Nutriscore_A
d964cdf1-89e0-5acb-8f36-967480e9a2cd,4d34b849-eaf9-577b-96b3-1611c37f6c96,"Couscous (durum wheat semolina pre-cooked with steam), raw",9681,1.48,0.00,0.17,0.01,0.00,0.00,0.00,0.02,0.00,0.02,0.07,11.70,198.00,0.86,17.10,0.00,0,0,0.01,0.02,0.11,0.02,0.08,0.42,0.08,0.57,0.01,0.85,-0.04,0.04,0.03,0.04,Nutriscore_A
843ebc08-5336-501d-9745-84b0505c6cc9,4d34b849-eaf9-577b-96b3-1611c37f6c96,"Durum wheat semolina, raw",9610,1.75,0.00,0.18,0.01,0.00,0.00,0.00,0.02,0.00,0.02,0.07,12.80,202.00,0.96,21.20,0.00,0,0,0.01,0.02,0.11,0.02,0.08,0.42,0.08,0.57,0.01,0.85,-0.04,0.04,0.03,0.04,Nutriscore_A
c3a5263d-9e54-5644-a9a7-61cb49e2bad2,4d34b849-eaf9-577b-96b3-1611c37f6c96,Wheat bran,9621,0.37,0.00,0.12,0.00,0.00,0.00,0.00,0.00,0.00,0.00,0.01,5.36,30.50,0.09,5.64,0.00,0,0,0.01,0.03,0.27,0.02,0.21,0.45,0.10,0.90,0.01,0.40,-0.05,0.03,0.03,0.04,Nutriscore_A
683f5ae2-9c7e-5ee3-8b79-6b9fa8fc08e2,4d34b849-eaf9-577b-96b3-1611c37f6c96,"Wheat flour, self-raising",9437,0.79,0.00,0.18,0.00,0.00,0.00,0.00,0.01,0.00,0.01,0.04,13.40,84.20,0.21,9.03,0.00,0,0,0.01,0.03,0.27,0.02,0.21,0.45,0.10,0.90,0.01,0.40,-0.05,0.03,0.03,0.04,Nutriscore_B
6600d8f0-a2a6-5384-83f7-34bf6531ef32,4d34b849-eaf9-577b-96b3-1611c37f6c96,"Wheat flour, type 110",9410,0.79,0.00,0.18,0.00,0.00,0.00,0.00,0.01,0.00,0.01,0.04,13.40,84.20,0.21,9.03,0.00,0,0,0.01,0.03,0.27,0.02,0.21,0.45,0.10,0.90,0.01,0.40,-0.05,0.03,0.03,0.04,Nutriscore_A
cb9d6bcc-84f8-51ac-a866-5b78c9e9b498,4d34b849-eaf9-577b-96b3-1611c37f6c96,"Wheat flour, type 150",9415,0.79,0.00,0.18,0.00,0.00,0.00,0.00,0.01,0.00,0.01,0.04,13.40,84.20,0.21,9.03,0.00,0,0,0.01,0.03,0.27,0.02,0.21,0.45,0.10,0.90,0.01,0.40,-0.05,0.03,0.03,0.04,Nutriscore_A
c251920a-16ff-5c3b-8245-27e8815abf9c,4d34b849-eaf9-577b-96b3-1611c37f6c96,"Wheat flour, type 55 (for bread)",9436,0.79,0.00,0.18,0.00,0.00,0.00,0.00,0.01,0.00,0.01,0.04,13.40,84.20,0.21,9.03,0.00,0,0,0.01,0.03,0.27,0.02,0.21,0.45,0.10,0.90,0.01,0.40,-0.05,0.03,0.03,0.04,Nutriscore_A
805d9f14-8ad5-51d5-9c55-a71d6611f8c9,4d34b849-eaf9-577b-96b3-1611c37f6c96,"Wheat flour, type 55 (for pastry)",9440,0.79,0.00,0.18,0.00,0.00,0.00,0.00,0.01,0.00,0.01,0.04,13.40,84.20,0.21,9.03,0.00,0,0,0.01,0.03,0.27,0.02,0.21,0.45,0.10,0.90,0.01,0.40,-0.05,0.03,0.03,0.04,Nutriscore_B
aa92485a-ad5a-5a7d-a94f-ab3601e28564,4d34b849-eaf9-577b-96b3-1611c37f6c96,"Wheat flour, type 65",9435,0.79,0.00,0.18,0.00,0.00,0.00,0.00,0.01,0.00,0.01,0.04,13.40,84.20,0.21,9.03,0.00,0,0,0.01,0.03,0.27,0.02,0.21,0.45,0.10,0.90,0.01,0.40,-0.05,0.03,0.03,0.04,Nutriscore_A
479f0260-5044-596b-bd55-7e7cb044e424,4d34b849-eaf9-577b-96b3-1611c37f6c96,"Wheat flour, type 80",9445,0.79,0.00,0.18,0.00,0.00,0.00,0.00,0.01,0.00,0.01,0.04,13.40,84.20,0.21,9.03,0.00,0,0,0.01,0.03,0.27,0.02,0.21,0.45,0.10,0.90,0.01,0.40,-0.05,0.03,0.03,0.04,Nutriscore_A
326ba3aa-d07c-5dce-9248-c53c5c255209,e692cfb4-0778-562c-bb85-44978e31b74b,"Barley, whole, raw",9320,0.59,0.00,0.09,0.00,0.00,0.00,0.00,0.01,0.00,0.01,0.04,10.60,81.90,1.03,7.47,0.00,0,0,15.60,0.65,10.85,0.10,0.62,4.67,2.44,7.60,0.14,12.04,-0.34,0.43,0.41,0.31,Nutriscore_A
237a353f-3345-522f-ae00-0ba8db6ecfef,e692cfb4-0778-562c-bb85-44978e31b74b,"Pearled barley, boiled/cooked in water, unsalted",9322,0.40,0.00,0.19,0.00,0.00,0.00,0.00,0.00,0.00,0.00,0.02,4.99,36.50,0.48,8.32,0.00,0,0,15.60,0.65,10.85,0.10,0.62,4.67,2.44,7.60,0.14,12.04,-0.34,0.43,0.41,0.31,Nutriscore_A
ef663e66-36da-5fb3-85ff-d3db8ff93128,e692cfb4-0778-562c-bb85-44978e31b74b,"Pearled barley, raw",9321,0.59,0.00,0.09,0.00,0.00,0.00,0.00,0.01,0.00,0.01,0.04,10.60,81.90,1.03,7.47,0.00,0,0,15.60,0.65,10.85,0.10,0.62,4.67,2.44,7.60,0.14,12.04,-0.34,0.43,0.41,0.31,Nutriscore_A
1caf8b29-0b6e-58af-bdfd-24e75e1c8c4d,02eeac5c-2244-583d-8379-2fe2d6d7f268,"Buckwheat, whole, raw",9380,0.95,0.00,0.11,0.00,0.00,0.00,0.00,0.01,0.00,0.01,0.04,6.52,108.00,0.50,8.18,0.00,0,0,15.60,0.65,10.85,0.10,0.62,4.67,2.44,7.60,0.14,12.04,-0.34,0.43,0.41,0.31,Nutriscore_A
b738ba7b-72ab-5b19-872f-05f99e2c96ee,e4235f34-4b97-5809-bf6d-3b05f26dd441,"Corn or maize grain, raw",9200,0.57,0.00,0.13,0.00,0.00,0.00,0.00,0.01,0.00,0.00,0.04,21.60,52.40,0.60,7.14,0.00,0,0,15.60,0.65,10.85,0.10,0.62,4.67,2.44,7.60,0.14,12.04,-0.34,0.43,0.41,0.31,Nutriscore_B
afa7396e-6e67-5664-83f2-7409bdf835bf,e4235f34-4b97-5809-bf6d-3b05f26dd441,"Sorghum, whole, raw",9360,0.43,0.00,0.08,0.00,0.00,0.00,0.00,0.00,0.00,0.00,0.02,8.16,44.70,3.93,6.39,0.00,0,0,15.60,0.65,10.85,0.10,0.62,4.67,2.44,7.60,0.14,12.04,-0.34,0.43,0.41,0.31,Nutriscore_A
c45531e1-07e2-5c0d-b6e6-73e8f34a9cbe,ebcefa28-6d8b-5dbc-9d03-63d0575d09b1,"Millet, cooked, unsalted",9331,0.31,0.00,0.11,0.00,0.00,0.00,0.00,0.01,0.00,0.01,0.02,3.82,37.10,0.46,5.12,0.00,0,0,15.60,0.65,10.85,0.10,0.62,4.67,2.44,7.60,0.14,12.04,-0.34,0.43,0.41,0.31,Nutriscore_A
50396b4f-4ddd-5ce7-9a6c-0a9cc2063c88,ebcefa28-6d8b-5dbc-9d03-63d0575d09b1,"Millet, whole",9330,0.67,0.00,0.10,0.00,0.00,0.00,0.00,0.01,0.00,0.01,0.05,8.43,83.60,1.03,8.11,0.00,0,0,15.60,0.65,10.85,0.10,0.62,4.67,2.44,7.60,0.14,12.04,-0.34,0.43,0.41,0.31,Nutriscore_A
34de9a26-f162-55ed-95c3-14a854719c82,1087f466-1f17-51dd-a29e-8178ab365932,"Oat, raw",9310,0.95,0.00,0.09,0.00,0.00,0.00,0.00,0.01,0.00,0.05,0.06,9.87,179.00,0.54,8.54,0.00,0,0,15.60,0.65,10.85,0.10,0.62,4.67,2.44,7.60,0.14,12.04,-0.34,0.43,0.41,0.31,Nutriscore_A
61f04cd0-8d11-58b3-aca8-33b7090e3dc8,ae2c2bd1-04d8-5328-89ae-9c215015ee0a,"Amaranth, raw",9345,0.95,0.00,0.11,0.00,0.00,0.00,0.00,0.01,0.00,0.01,0.04,6.52,108.00,0.50,8.18,0.00,0,0,15.60,0.65,10.85,0.10,0.62,4.67,2.44,7.60,0.14,12.04,-0.34,0.43,0.41,0.31,Nutriscore_A
31acfe38-97ad-5553-9404-ff6c3326e544,ae2c2bd1-04d8-5328-89ae-9c215015ee0a,"Mix of cereals and legumes, raw",9612,0.63,0.00,0.10,0.00,0.00,0.00,0.00,0.01,0.00,0.01,0.02,28.60,114.00,0.29,8.52,0.00,0,0,15.60,0.65,10.85,0.10,0.62,4.67,2.44,7.60,0.14,12.04,-0.34,0.43,0.41,0.31,Nutriscore_A
383d4777-4822-53cf-b83e-93fd3232f6f3,ae2c2bd1-04d8-5328-89ae-9c215015ee0a,"Quinoa FR, boiled/cooked in water, unsalted",9341_2,3.27,0.00,0.15,0.00,0.00,0.00,0.00,0.01,0.00,0.04,0.03,11.40,129.00,6.02,11.30,0.00,0,0,15.60,0.65,10.85,0.10,0.62,4.67,2.44,7.60,0.14,12.04,-0.34,0.43,0.41,0.31,Nutriscore_A
1ca7f20a-adb0-5535-982f-d7d0a992ff77,ae2c2bd1-04d8-5328-89ae-9c215015ee0a,"Quinoa FR, raw",9340_2,7.09,0.00,0.17,0.01,0.00,0.00,0.00,0.02,0.00,0.10,0.07,24.50,288.00,13.50,17.70,0.00,0,0,15.60,0.65,10.85,0.10,0.62,4.67,2.44,7.60,0.14,12.04,-0.34,0.43,0.41,0.31,Nutriscore_A
0e2b9b5a-a547-5a4a-ac22-364116e6f505,ae2c2bd1-04d8-5328-89ae-9c215015ee0a,"Quinoa, boiled/cooked in water, unsalted",9341_1,2.73,0.00,0.20,0.01,0.00,0.00,0.00,0.01,0.00,0.01,0.05,59.30,69.00,13.60,25.80,0.00,0,0,15.60,0.65,10.85,0.10,0.62,4.67,2.44,7.60,0.14,12.04,-0.34,0.43,0.41,0.31,Nutriscore_A
2960e990-c8e7-5879-b116-2201a8aef646,ae2c2bd1-04d8-5328-89ae-9c215015ee0a,"Quinoa, raw",9340_1,5.85,0.00,0.10,0.02,0.00,0.00,0.00,0.03,0.00,0.01,0.12,133.00,155.00,30.80,47.00,0.00,0,0,15.60,0.65,10.85,0.10,0.62,4.67,2.44,7.60,0.14,12.04,-0.34,0.43,0.41,0.31,Nutriscore_A
ca0fc0b1-9e98-50d3-bce8-ebc34e4e7087,53ec4d78-d789-5362-831b-d6e1b7df6f41,"Basmati rice, raw",9119,2.86,0.00,0.10,0.01,0.00,0.00,0.00,0.03,0.00,0.03,0.14,100.00,64.10,15.30,12.10,0.00,0,0,15.60,0.65,10.85,0.10,0.62,4.67,2.44,7.60,0.14,12.04,-0.34,0.43,0.41,0.31,Nutriscore_B
65a7bb24-0581-5dac-b0b9-f18af5ecb201,53ec4d78-d789-5362-831b-d6e1b7df6f41,Rice bran,9643,1.11,0.00,0.11,0.00,0.00,0.00,0.00,0.01,0.00,0.01,0.05,30.40,32.50,7.10,8.15,0.00,0,0,15.60,0.65,10.85,0.10,0.62,4.67,2.44,7.60,0.14,12.04,-0.34,0.43,0.41,0.31,Nutriscore_A
a9bab86e-1984-592c-87a1-f5a2db6a0765,53ec4d78-d789-5362-831b-d6e1b7df6f41,"Rice, brown, cooked, unsalted",9103,1.16,0.00,0.21,0.00,0.00,0.00,0.00,0.01,0.00,0.01,0.05,27.00,29.60,6.40,11.90,0.00,0,0,15.60,0.65,10.85,0.10,0.62,4.67,2.44,7.60,0.14,12.04,-0.34,0.43,0.41,0.31,Nutriscore_B
d12c1932-7d31-5ad2-8811-21b2a27cad6d,53ec4d78-d789-5362-831b-d6e1b7df6f41,"Rice, brown, raw",9102,2.01,0.00,0.10,0.01,0.00,0.00,0.00,0.03,0.00,0.02,0.10,59.30,63.00,14.30,11.30,0.00,0,0,15.60,0.65,10.85,0.10,0.62,4.67,2.44,7.60,0.14,12.04,-0.34,0.43,0.41,0.31,Nutriscore_A
957b0022-50e6-5b7c-85fc-5005e14b29a7,53ec4d78-d789-5362-831b-d6e1b7df6f41,"Rice, cooked, unsalted",9104,1.16,0.00,0.21,0.00,0.00,0.00,0.00,0.01,0.00,0.01,0.05,27.00,29.60,6.40,11.90,0.00,0,0,15.60,0.65,10.85,0.10,0.62,4.67,2.44,7.60,0.14,12.04,-0.34,0.43,0.41,0.31,Nutriscore_A
60fae1f7-2bd0-5154-b4f6-978bfe1f5d49,53ec4d78-d789-5362-831b-d6e1b7df6f41,"Rice, mix of species (white, wholegrain, wild, red,etc.), raw",9121,2.01,0.00,0.10,0.01,0.00,0.00,0.00,0.03,0.00,0.02,0.10,59.30,63.00,14.30,11.30,0.00,0,0,15.60,0.65,10.85,0.10,0.62,4.67,2.44,7.60,0.14,12.04,-0.34,0.43,0.41,0.31,Nutriscore_B
8e2d0660-30a2-5e32-9f19-6edda81aa23f,53ec4d78-d789-5362-831b-d6e1b7df6f41,"Rice, parboiled, cooked, unsalted",9105,1.16,0.00,0.21,0.00,0.00,0.00,0.00,0.01,0.00,0.01,0.05,27.00,29.60,6.40,11.90,0.00,0,0,15.60,0.65,10.85,0.10,0.62,4.67,2.44,7.60,0.14,12.04,-0.34,0.43,0.41,0.31,Nutriscore_A
4acdd6ed-9679-5c0d-ba47-6d03f0fae8ce,53ec4d78-d789-5362-831b-d6e1b7df6f41,"Rice, parboiled, raw",9101,2.01,0.00,0.10,0.01,0.00,0.00,0.00,0.03,0.00,0.02,0.10,59.30,63.00,14.30,11.30,0.00,0,0,15.60,0.65,10.85,0.10,0.62,4.67,2.44,7.60,0.14,12.04,-0.34,0.43,0.41,0.31,Nutriscore_B
5bb28e73-a4a1-5936-a89d-bd6e3eff6b1d,53ec4d78-d789-5362-831b-d6e1b7df6f41,"Rice, raw",9100,2.01,0.00,0.10,0.01,0.00,0.00,0.00,0.03,0.00,0.02,0.10,59.30,63.00,14.30,11.30,0.00,0,0,15.60,0.65,10.85,0.10,0.62,4.67,2.44,7.60,0.14,12.04,-0.34,0.43,0.41,0.31,Nutriscore_B
4290ef4b-343f-5b3e-85d0-e804dca2d252,53ec4d78-d789-5362-831b-d6e1b7df6f41,"Rice, red, cooked, unsalted",9110,1.16,0.00,0.21,0.00,0.00,0.00,0.00,0.01,0.00,0.01,0.05,27.00,29.60,6.40,11.90,0.00,0,0,15.60,0.65,10.85,0.10,0.62,4.67,2.44,7.60,0.14,12.04,-0.34,0.43,0.41,0.31,Nutriscore_A
b2cb1246-db42-5a0c-980c-e394ad8af897,53ec4d78-d789-5362-831b-d6e1b7df6f41,"Rice, red, raw",9109,2.01,0.00,0.10,0.01,0.00,0.00,0.00,0.03,0.00,0.02,0.10,59.30,63.00,14.30,11.30,0.00,0,0,15.60,0.65,10.85,0.10,0.62,4.67,2.44,7.60,0.14,12.04,-0.34,0.43,0.41,0.31,Nutriscore_A
d3b1dff0-f743-5ef2-a27c-3ad85e00d300,53ec4d78-d789-5362-831b-d6e1b7df6f41,"Wild rice, cooked, unsalted",9111,1.16,0.00,0.21,0.00,0.00,0.00,0.00,0.01,0.00,0.01,0.05,27.00,29.60,6.40,11.90,0.00,0,0,15.60,0.65,10.85,0.10,0.62,4.67,2.44,7.60,0.14,12.04,-0.34,0.43,0.41,0.31,Nutriscore_A
65c69d74-f669-5b3d-a571-e53d871c1ee7,53ec4d78-d789-5362-831b-d6e1b7df6f41,"Wild rice, raw",9108,2.01,0.00,0.10,0.01,0.00,0.00,0.00,0.03,0.00,0.02,0.10,59.30,63.00,14.30,11.30,0.00,0,0,15.60,0.65,10.85,0.10,0.62,4.67,2.44,7.60,0.14,12.04,-0.34,0.43,0.41,0.31,Nutriscore_A
0c5a5646-1a39-5cfc-9f9f-6709b55966f6,76a9b5b8-02b1-52bf-b85e-85904e6f954d,"Rye, whole, raw",9390,0.53,0.00,0.08,0.00,0.00,0.00,0.00,0.01,0.00,0.01,0.02,8.40,24.30,0.15,7.25,0.00,0,0,15.60,0.65,10.85,0.10,0.62,4.67,2.44,7.60,0.14,12.04,-0.34,0.43,0.41,0.31,Nutriscore_A
d3d1fa44-19cd-509d-9b42-118d3ec018b1,2dc4506f-b92b-505a-b3a1-8319b555b1f9,"Spelt, raw",9001,0.95,0.00,0.11,0.00,0.00,0.00,0.00,0.01,0.00,0.01,0.04,6.52,108.00,0.50,8.18,0.00,0,0,15.60,0.65,10.85,0.10,0.62,4.67,2.44,7.60,0.14,12.04,-0.34,0.43,0.41,0.31,Nutriscore_A
42e802d3-6653-599d-af0b-eec03fc6a0d4,a11fdedd-68cc-5c7e-8765-38c2ac85bb2b,"Durum wheat pre-cooked, whole grain, cooked, to pan-fry",9083,0.56,0.00,0.06,0.00,0.00,0.00,0.00,0.00,0.00,0.00,0.02,3.59,50.60,0.27,5.80,0.00,0,0,0.01,0.03,0.27,0.02,0.21,0.45,0.10,0.90,0.01,0.40,-0.05,0.03,0.03,0.04,Nutriscore_A
1b2406c1-0ee1-5d4b-8afd-b8170ec963cd,a11fdedd-68cc-5c7e-8765-38c2ac85bb2b,"Durum wheat pre-cooked, whole grain, cooked, unsalted",9081,0.70,0.00,0.21,0.00,0.00,0.00,0.00,0.00,0.00,0.00,0.02,3.61,48.40,0.28,10.80,0.00,0,0,15.60,0.65,10.85,0.10,0.62,4.67,2.44,7.60,0.14,12.04,-0.34,0.43,0.41,0.31,Nutriscore_A
d1361076-f539-51aa-a9d0-8e46f8e9e2f3,a11fdedd-68cc-5c7e-8765-38c2ac85bb2b,"Durum wheat, pre-cooked, cooked, in a microwaveable bag",9082,0.56,0.00,0.12,0.00,0.00,0.00,0.00,0.00,0.00,0.00,0.02,3.47,49.40,0.27,7.04,0.00,0,0,0.01,0.03,0.27,0.02,0.21,0.45,0.10,0.90,0.01,0.40,-0.05,0.03,0.03,0.04,Nutriscore_C
ccba663b-cea8-574b-aee1-815755318c33,a11fdedd-68cc-5c7e-8765-38c2ac85bb2b,"Durum wheat, whole, raw",9060,1.23,0.00,0.12,0.00,0.00,0.00,0.00,0.01,0.00,0.01,0.04,7.64,111.00,0.60,12.40,0.00,0,0,15.60,0.65,10.85,0.10,0.62,4.67,2.44,7.60,0.14,12.04,-0.34,0.43,0.41,0.31,Nutriscore_A
ecac5911-3267-514c-ae2f-333b68cf1487,a11fdedd-68cc-5c7e-8765-38c2ac85bb2b,"Frik (crushed immature durum wheat), cooked, unsalted",51511,0.79,0.00,0.15,0.00,0.00,0.00,0.00,0.01,0.00,0.01,0.03,5.78,89.30,0.43,10.90,0.00,0,0,15.60,0.65,10.85,0.10,0.62,4.67,2.44,7.60,0.14,12.04,-0.34,0.43,0.41,0.31,Nutriscore_A
5437041e-cdb4-5d9e-9cbd-4aa1cf1b72d3,a11fdedd-68cc-5c7e-8765-38c2ac85bb2b,"Frik (crushed immature durum wheat), raw",51510,1.47,0.00,0.17,0.01,0.00,0.00,0.00,0.02,0.00,0.02,0.07,11.70,198.00,0.85,16.90,0.00,0,0,15.60,0.65,10.85,0.10,0.62,4.67,2.44,7.60,0.14,12.04,-0.34,0.43,0.41,0.31,Nutriscore_A
016734f0-45fd-587b-89c3-e506ee6fa3e2,a11fdedd-68cc-5c7e-8765-38c2ac85bb2b,Khorasan wheat,9003,0.68,0.00,0.09,0.00,0.00,0.00,0.00,0.01,0.00,0.01,0.03,11.40,72.50,0.18,6.60,0.00,0,0,15.60,0.65,10.85,0.10,0.62,4.67,2.44,7.60,0.14,12.04,-0.34,0.43,0.41,0.31,Nutriscore_A
a0497c5c-cdc6-5d90-9e7e-0a07e8f61ea4,a11fdedd-68cc-5c7e-8765-38c2ac85bb2b,"Wheat bulgur, cooked, unsalted",9691,0.56,0.00,0.12,0.00,0.00,0.00,0.00,0.00,0.00,0.00,0.02,3.47,49.40,0.27,7.04,0.00,0,0,15.60,0.65,10.85,0.10,0.62,4.67,2.44,7.60,0.14,12.04,-0.34,0.43,0.41,0.31,Nutriscore_A
68eea008-568a-5a08-bc70-cc3021998333,a11fdedd-68cc-5c7e-8765-38c2ac85bb2b,"Wheat bulgur, raw",9690,0.95,0.00,0.11,0.00,0.00,0.00,0.00,0.01,0.00,0.01,0.04,6.52,108.00,0.50,8.18,0.00,0,0,15.60,0.65,10.85,0.10,0.62,4.67,2.44,7.60,0.14,12.04,-0.34,0.43,0.41,0.31,Nutriscore_A
eb1151ec-dfb1-56d4-8634-0f24ebf7bbe9,a11fdedd-68cc-5c7e-8765-38c2ac85bb2b,"Wheat, whole, pre-cooked, raw",9080,1.23,0.00,0.12,0.00,0.00,0.00,0.00,0.01,0.00,0.01,0.04,7.64,111.00,0.60,12.40,0.00,0,0,15.60,0.65,10.85,0.10,0.62,4.67,2.44,7.60,0.14,12.04,-0.34,0.43,0.41,0.31,Nutriscore_A
826a6a56-8f57-59cd-8bb6-af5ab32a5fab,a11fdedd-68cc-5c7e-8765-38c2ac85bb2b,"Wheat, whole, raw",9010,0.68,0.00,0.09,0.00,0.00,0.00,0.00,0.01,0.00,0.01,0.03,11.40,72.50,0.18,6.60,0.00,0,0,15.60,0.65,10.85,0.10,0.62,4.67,2.44,7.60,0.14,12.04,-0.34,0.43,0.41,0.31,Nutriscore_A
3c6f9c9e-f36f-5f5c-9856-ded7193bc99f,011ff86e-f3e4-5f0a-af2c-6cca4264c103,"Rice noodle, cooked, unsalted (packaging fixed)",9901,1.35,0.00,0.60,0.01,0.00,0.00,0.00,0.01,0.00,0.01,0.05,22.30,28.80,4.94,24.50,0.00,0,0,0.01,0.02,0.11,0.02,0.08,0.42,0.08,0.57,0.01,0.85,-0.04,0.04,0.03,0.04,Nutriscore_B
c140a46d-022f-5bad-ad40-0bb405b6041c,011ff86e-f3e4-5f0a-af2c-6cca4264c103,"Rice noodle, dried",9900,1.56,0.00,0.36,0.01,0.00,0.00,0.00,0.01,0.00,0.01,0.05,27.00,39.00,6.10,22.00,0.00,0,0,0.01,0.02,0.11,0.02,0.08,0.42,0.08,0.57,0.01,0.85,-0.04,0.04,0.03,0.04,Nutriscore_B
0b30010c-0055-5982-b6c4-6795bf765351,459a474b-b973-5a12-b26a-621e2df6bc0f,"Asian noodles, flavoured, cooked",9085,1.49,0.00,0.64,0.00,0.00,0.00,0.00,0.01,0.00,0.01,0.05,21.80,87.60,0.55,28.30,0.00,0,0,0.01,0.02,0.11,0.02,0.08,0.42,0.08,0.57,0.01,0.85,-0.04,0.04,0.03,0.04,Nutriscore_C
7c49d021-9361-5201-811f-3dfe99184eda,459a474b-b973-5a12-b26a-621e2df6bc0f,"Asian noodles, flavoured, dehydrated",9863,1.68,0.00,0.94,0.01,0.00,0.00,0.00,0.02,0.00,0.01,0.06,26.00,105.00,0.62,35.90,0.00,0,0,0.01,0.02,0.11,0.02,0.08,0.42,0.08,0.57,0.01,0.85,-0.04,0.04,0.03,0.04,Nutriscore_C
12b31fa8-07a1-537c-8131-e4d6895696ac,459a474b-b973-5a12-b26a-621e2df6bc0f,"Asian noodles, plain, cooked, unsalted",9086,1.49,0.00,0.64,0.00,0.00,0.00,0.00,0.01,0.00,0.01,0.05,21.80,87.60,0.55,28.30,0.00,0,0,0.01,0.02,0.11,0.02,0.08,0.42,0.08,0.57,0.01,0.85,-0.04,0.04,0.03,0.04,Nutriscore_C
0aaecd50-28ca-5db8-b24a-01acb3cbbd9b,8df588d1-f006-5271-b67f-4525197324b9,"Dried pasta, gluten-free, cooked, unsalted",9824,0.89,0.00,0.24,0.00,0.00,0.00,0.00,0.01,0.00,0.00,0.03,26.20,44.50,1.57,14.30,0.00,0,0,0.01,0.02,0.11,0.02,0.08,0.42,0.08,0.57,0.01,0.85,-0.04,0.04,0.03,0.04,Nutriscore_B
6efb63a9-f98d-5c8b-8b89-9f5da659b32e,8df588d1-f006-5271-b67f-4525197324b9,"Dried pasta, gluten-free, raw",9874,1.39,0.00,0.17,0.01,0.00,0.00,0.00,0.02,0.00,0.01,0.07,57.50,99.20,3.40,15.90,0.00,0,0,0.01,0.02,0.11,0.02,0.08,0.42,0.08,0.57,0.01,0.85,-0.04,0.04,0.03,0.04,Nutriscore_B
30929190-10ad-5912-b51b-72eccbd29c48,930ba8ac-adce-548e-9ede-aedda5ffc8d4,"Gnocchi, from potato, cooked",25510,1.09,0.00,0.68,0.00,0.00,0.00,0.00,0.01,0.00,0.00,0.03,10.10,48.90,0.34,25.70,0.00,0,0,0.01,0.02,0.11,0.02,0.08,0.42,0.08,0.57,0.01,0.85,-0.04,0.04,0.03,0.04,Nutriscore_C
d60db7f6-441f-5bcf-bb85-be01cd5765ca,930ba8ac-adce-548e-9ede-aedda5ffc8d4,"Gnocchi, from potato, raw",26264,0.94,0.00,0.21,0.00,0.00,0.00,0.00,0.01,0.00,0.00,0.02,9.41,46.10,0.30,14.30,0.00,0,0,0.01,0.02,0.11,0.02,0.08,0.42,0.08,0.57,0.01,0.85,-0.04,0.04,0.03,0.04,Nutriscore_C
38bb1b1f-2b48-596d-94a1-cb8be1942168,930ba8ac-adce-548e-9ede-aedda5ffc8d4,"Gnocchi, from semolina, cooked",25479,1.09,0.00,0.68,0.00,0.00,0.00,0.00,0.01,0.00,0.00,0.03,10.10,48.90,0.34,25.70,0.00,0,0,0.01,0.02,0.11,0.02,0.08,0.42,0.08,0.57,0.01,0.85,-0.04,0.04,0.03,0.04,Nutriscore_D
4af476ef-7720-55b6-bb40-e7582a47692d,930ba8ac-adce-548e-9ede-aedda5ffc8d4,"Gnocchi, from semolina, raw",26265,0.94,0.00,0.21,0.00,0.00,0.00,0.00,0.01,0.00,0.00,0.02,9.41,46.10,0.30,14.30,0.00,0,0,0.01,0.02,0.11,0.02,0.08,0.42,0.08,0.57,0.01,0.85,-0.04,0.04,0.03,0.04,Nutriscore_D
429a1a76-25ee-57f1-806e-5dc7ff0409f6,f42a9621-5ed5-5e53-823c-c74872e9a55b,"Dried egg pasta, cooked, unsalted",9822,1.51,0.00,0.66,0.01,0.00,0.00,0.00,0.02,0.00,0.01,0.06,24.30,109.00,0.57,27.60,0.00,1.549189178,0.086808347,0.01,0.02,0.11,0.02,0.08,0.42,0.08,0.57,0.01,0.85,-0.04,0.04,0.03,0.04,Nutriscore_A
c8963c60-280f-5723-8f75-711f21ef0617,f42a9621-5ed5-5e53-823c-c74872e9a55b,"Dried egg pasta, raw",9821,1.86,0.00,0.19,0.01,0.00,0.00,0.00,0.02,0.00,0.02,0.08,13.30,207.00,0.93,21.80,0.00,1.549189178,0.086808347,0.01,0.02,0.11,0.02,0.08,0.42,0.08,0.57,0.01,0.85,-0.04,0.04,0.03,0.04,Nutriscore_A
7c3ebe16-c3da-584e-999d-8f1898914794,f42a9621-5ed5-5e53-823c-c74872e9a55b,"Fresh egg pasta, cooked, unsalted",9816,1.51,0.00,0.66,0.01,0.00,0.00,0.00,0.02,0.00,0.01,0.06,24.30,109.00,0.57,27.60,0.00,1.549189178,0.086808347,0.01,0.02,0.11,0.02,0.08,0.42,0.08,0.57,0.01,0.85,-0.04,0.04,0.03,0.04,Nutriscore_A
eaf65403-cca3-5433-a5ea-32879dc390a3,f42a9621-5ed5-5e53-823c-c74872e9a55b,"Fresh egg pasta, raw",9815,1.05,0.00,0.16,0.00,0.00,0.00,0.00,0.01,0.00,0.01,0.06,22.60,105.00,0.44,11.30,0.00,1.549189178,0.086808347,0.01,0.02,0.11,0.02,0.08,0.42,0.08,0.57,0.01,0.85,-0.04,0.04,0.03,0.04,Nutriscore_A
47174f06-b305-5b3c-ad19-b29b654a88f8,77b09ead-e225-5bfc-9bfe-a1c0c8fc2bcd,"Dried pasta, cooked, unsalted",9811,1.02,0.00,0.24,0.00,0.00,0.00,0.00,0.01,0.00,0.01,0.04,6.54,97.10,0.46,15.30,0.00,0,0,0.01,0.02,0.11,0.02,0.08,0.42,0.08,0.57,0.01,0.85,-0.04,0.04,0.03,0.04,Nutriscore_A
d38b09e9-7666-5a4d-a443-f175b50b63b0,77b09ead-e225-5bfc-9bfe-a1c0c8fc2bcd,"Dried pasta, raw",9810,1.98,0.00,0.20,0.01,0.00,0.00,0.00,0.02,0.00,0.02,0.08,14.10,219.00,0.98,23.20,0.00,0,0,0.01,0.02,0.11,0.02,0.08,0.42,0.08,0.57,0.01,0.85,-0.04,0.04,0.03,0.04,Nutriscore_A
2676c7bc-6a20-5d94-bb0b-d698c67c79cb,29024fb8-4d7f-581e-a520-d33f8c4073b5,"Dried pasta, wholemeal, cooked, unsalted",9871,1.15,0.00,0.25,0.00,0.00,0.00,0.00,0.01,0.00,0.01,0.04,6.98,97.50,0.50,17.60,0.00,0,0,0.01,0.02,0.11,0.02,0.08,0.42,0.08,0.57,0.01,0.85,-0.04,0.04,0.03,0.04,Nutriscore_A
b9ef531c-365c-54a2-a249-bd684cc9e5fd,29024fb8-4d7f-581e-a520-d33f8c4073b5,"Dried pasta, wholemeal, raw",9870,1.87,0.00,0.19,0.01,0.00,0.00,0.00,0.02,0.00,0.02,0.08,13.30,207.00,0.93,22.10,0.00,0,0,0.01,0.02,0.11,0.02,0.08,0.42,0.08,0.57,0.01,0.85,-0.04,0.04,0.03,0.04,Nutriscore_A
72e73c8d-e993-5df6-a09e-3f36039afc01,c4ad80c6-56cf-5da4-9dd4-89b769235633,Baking powder or raising agent,11046,2.11,0.00,0.19,0.01,0.00,0.00,0.00,0.03,0.00,0.00,0.04,53.80,41.10,3.82,22.90,0.00,0,0,0.01,0.03,0.27,0.02,0.21,0.45,0.10,0.90,0.01,0.40,-0.05,0.03,0.03,0.04,0
f04059eb-0fbe-5dc0-9031-c1d04e074f77,14c71cbb-0a5a-5b1d-a3a1-276cbd827ce0,"Gelatine, dried",11007,2.62,0.00,0.51,0.01,0.00,0.00,0.00,0.04,0.00,0.01,0.16,72.60,137.00,0.85,22.90,0.00,0,0,0.01,0.03,0.27,0.02,0.21,0.45,0.10,0.90,0.01,0.40,-0.05,0.03,0.03,0.04,0
355f8b02-dc62-5baa-af05-30eb81bbcf30,46ec88bd-ac27-5a73-a70b-8ac8898dd4e9,Sodium bicarbonate,11507,1.61,0.00,0.15,0.01,0.00,0.00,0.00,0.02,0.00,0.00,0.05,88.20,19.40,2.04,18.20,0.00,0,0,0.01,0.03,0.27,0.02,0.21,0.45,0.10,0.90,0.01,0.40,-0.05,0.03,0.03,0.04,0
c8732a84-fb32-5e6f-8e0f-1ccc1090862d,856adeaa-7327-51cf-baeb-a3ab88734478,"Barbecue sauce, prepacked",11100,1.41,0.00,0.84,0.01,0.00,0.00,0.00,0.01,0.00,0.01,0.06,25.50,71.90,2.04,35.20,0.00,0,0,0.10,0.18,0.78,0.11,0.59,2.39,0.51,5.21,0.03,2.81,-0.28,0.39,0.28,0.24,Nutriscore_D
e455ef24-8255-512b-bae7-9534f4f44d73,df14bcae-ba9c-5119-9cf8-1e81b6a86c13,"Curry sauce, prepacked",11132,1.07,0.00,0.82,0.00,0.00,0.00,0.00,0.01,0.00,0.00,0.02,11.60,23.80,1.06,30.30,0.00,0,0,0.10,0.18,0.78,0.11,0.59,2.39,0.51,5.21,0.03,2.81,-0.28,0.39,0.28,0.24,Nutriscore_C
93ff4ec0-f2c4-568c-baf6-8d5d96fd8321,bd8a848b-1a5b-50a7-9870-ed1933f067c6,"Burger sauce, prepacked",11196,2.68,0.00,0.91,0.01,0.00,0.00,0.00,0.03,0.00,0.02,0.15,56.20,369.00,4.25,42.20,0.00,0.390064632,0.288376126,0.10,0.18,0.78,0.11,0.59,2.39,0.51,5.21,0.03,2.81,-0.28,0.39,0.28,0.24,Nutriscore_E
5f4e8dd8-0410-5f22-aed5-8b96691465aa,bd8a848b-1a5b-50a7-9870-ed1933f067c6,"Kebab sauce, prepacked",11203,2.24,0.00,1.04,0.01,0.00,0.00,0.00,0.02,0.00,0.01,0.09,27.90,117.00,1.10,37.70,0.00,0.390064632,0.288376126,0.10,0.18,0.78,0.11,0.59,2.39,0.51,5.21,0.03,2.81,-0.28,0.39,0.28,0.24,Nutriscore_D
10827a70-98a0-5762-80ce-ebe43e7eabc1,bd8a848b-1a5b-50a7-9870-ed1933f067c6,Miso,20916,1.21,0.00,0.53,0.00,0.00,0.00,0.00,0.01,0.00,0.01,0.03,19.00,-41.10,2.90,22.00,0.00,0,0,0.10,0.18,0.78,0.11,0.59,2.39,0.51,5.21,0.03,2.81,-0.28,0.39,0.28,0.24,Nutriscore_E
0e32c948-698b-57d6-b957-2c0183f20188,dce9f54c-4c50-56cc-ae63-caf82d4081f3,Mustard,11013,1.59,0.00,0.63,0.01,0.00,0.00,0.00,0.02,0.00,0.01,0.10,13.70,105.00,0.44,30.00,0.00,0,0,0.10,0.18,0.78,0.11,0.59,2.39,0.51,5.21,0.03,2.81,-0.28,0.39,0.28,0.24,Nutriscore_E
825305fd-bbbc-587f-bcba-672c0caada4c,dce9f54c-4c50-56cc-ae63-caf82d4081f3,"Mustard, with grains",11021,1.59,0.00,0.63,0.01,0.00,0.00,0.00,0.02,0.00,0.01,0.10,13.70,105.00,0.44,30.00,0.00,0,0,0.10,0.18,0.78,0.11,0.59,2.39,0.51,5.21,0.03,2.81,-0.28,0.39,0.28,0.24,Nutriscore_E
a1736d61-a2cb-5538-92f1-e5a82f838137,69f87abb-4daa-5f0b-ab4d-a61f62d62d12,"Soy sauce, prepacked",11104,1.00,0.00,0.73,0.00,0.00,0.00,0.00,0.00,0.00,0.00,0.02,9.21,31.20,0.30,27.20,0.00,0,0,0.10,0.18,0.78,0.11,0.59,2.39,0.51,5.21,0.03,2.81,-0.28,0.39,0.28,0.24,Nutriscore_E
2150d8ea-370d-55f6-b421-ca669a135f3a,215472b1-bab8-5a7f-a0e1-68b96c07538a,"Harissa (hot spicy sauce), prepacked",11112,1.36,0.00,1.07,0.01,0.00,0.00,0.00,0.02,0.00,0.01,0.06,26.00,180.00,6.47,40.60,0.00,0,0,0.10,0.18,0.78,0.11,0.59,2.39,0.51,5.21,0.03,2.81,-0.28,0.39,0.28,0.24,Nutriscore_D
f3ffd3df-7dcb-5c7f-9f56-0608020faba7,e3ccc8e9-0aa3-50e4-9f0f-c7411c2135a8,"Tartare sauce, prepacked",11051,2.02,0.00,1.03,0.01,0.00,0.00,0.00,0.02,0.00,0.01,0.07,17.60,63.80,0.39,37.00,0.00,0.358407779,0.020083272,0.10,0.18,0.78,0.11,0.59,2.39,0.51,5.21,0.03,2.81,-0.28,0.39,0.28,0.24,Nutriscore_E
c0ff88e7-6d51-5204-8154-5cbfd35b850a,403e4139-e245-584c-a63f-629e953d0d9a,Ketchup,11008,1.19,0.00,0.78,0.00,0.00,0.00,0.00,0.01,0.00,0.00,0.03,9.10,26.30,0.91,31.40,0.00,0,0,0.10,0.18,0.78,0.11,0.59,2.39,0.51,5.21,0.03,2.81,-0.28,0.39,0.28,0.24,Nutriscore_D
e8d9a2b2-2f9a-5bfd-94f4-dba834064061,f122d28a-72f5-5fe2-880f-a56a17ae390e,"Vinegar, cider",11090,0.84,0.00,0.21,0.00,0.00,0.00,0.00,0.00,0.00,0.00,0.01,17.60,20.60,0.69,13.60,0.00,0,0,0.10,0.18,0.78,0.11,0.59,2.39,0.51,5.21,0.03,2.81,-0.28,0.39,0.28,0.24,Nutriscore_A
9ff3ab50-85b0-5edc-88d4-6863debb2331,14787fbd-f35d-5a8b-820a-82ca257beb0c,Vinegar,11018,0.96,0.00,0.32,0.00,0.00,0.00,0.00,0.01,0.00,0.01,0.02,16.10,94.20,0.15,17.20,0.00,0,0,0.10,0.18,0.78,0.11,0.59,2.39,0.51,5.21,0.03,2.81,-0.28,0.39,0.28,0.24,Nutriscore_A
ee4fe96d-0ed2-59dd-8708-d69247bfe257,14787fbd-f35d-5a8b-820a-82ca257beb0c,"Vinegar, balsamic",11091,0.96,0.00,0.32,0.00,0.00,0.00,0.00,0.01,0.00,0.01,0.02,16.10,94.20,0.15,17.20,0.00,0,0,0.10,0.18,0.78,0.11,0.59,2.39,0.51,5.21,0.03,2.81,-0.28,0.39,0.28,0.24,Nutriscore_C
21ddd031-0a2e-50fc-af31-e679fd576a32,deb6735e-f283-5028-8350-e5744336669d,"Mayonnaise, reduced fat or light mayonnaise",11079,2.69,0.00,0.91,0.01,0.00,0.00,0.00,0.03,0.00,0.02,0.15,56.30,369.00,4.25,42.40,0.00,0.576823099,0.032322108,0.10,0.18,0.78,0.11,0.59,2.39,0.51,5.21,0.03,2.81,-0.28,0.39,0.28,0.24,Nutriscore_D
c6265d7b-6c1a-5f04-ac3d-b09a8b2405fe,70e4c75e-5da3-51a5-b9e4-0cc9e3dd8d10,Mayonnaise (70% fat and more),11054,2.69,0.00,0.91,0.01,0.00,0.00,0.00,0.03,0.00,0.02,0.15,56.30,369.00,4.25,42.40,0.00,0.576823099,0.032322108,0.10,0.18,0.78,0.11,0.59,2.39,0.51,5.21,0.03,2.81,-0.28,0.39,0.28,0.24,Nutriscore_E
b0632df4-18a3-5537-9783-d54cc84eb8e4,b05fcfa4-6559-5d53-8466-58050e7bb02c,"Mayonnaise flavoured with garlic, chilli pepper and fish broth, prepacked",11205,2.33,0.00,0.72,0.01,0.00,0.00,0.00,0.03,0.00,0.02,0.13,50.40,335.00,3.86,35.50,0.00,0.384548733,0.021548072,0.10,0.18,0.78,0.11,0.59,2.39,0.51,5.21,0.03,2.81,-0.28,0.39,0.28,0.24,Nutriscore_D
203a0b9f-db59-5da2-a7b8-12ef783e586e,a8044949-ddd3-576b-ba2a-edd584a52cb8,"Salad dressing, reduced fat, prepacked",11198,2.63,0.00,0.94,0.01,0.00,0.00,0.00,0.03,0.00,0.02,0.15,56.00,369.00,4.24,41.40,0.00,0,0,0.10,0.18,0.78,0.11,0.59,2.39,0.51,5.21,0.03,2.81,-0.28,0.39,0.28,0.24,Nutriscore_D
bb90f81d-c54d-5806-9a55-5a766c71eada,e0b8d0c1-0a4d-5b79-acb5-a60cdd0b05fd,"Salad dressing, (50-75% of oil), prepacked",11110,2.36,0.00,0.95,0.01,0.00,0.00,0.00,0.03,0.00,0.02,0.13,46.10,334.00,3.73,40.30,0.00,0,0,0.10,0.18,0.78,0.11,0.59,2.39,0.51,5.21,0.03,2.81,-0.28,0.39,0.28,0.24,Nutriscore_E
4fb70b5f-65fe-5fd1-8697-c6ac7dcf41dd,37fd5b7d-626c-506d-9c03-912c9b4bb6bc,"Salad dressing, prepacked",11187,2.63,0.00,0.94,0.01,0.00,0.00,0.00,0.03,0.00,0.02,0.15,56.00,369.00,4.24,41.40,0.00,0,0,0.10,0.18,0.78,0.11,0.59,2.39,0.51,5.21,0.03,2.81,-0.28,0.39,0.28,0.24,Nutriscore_D
2c6943a1-a87f-5ed3-a833-3494826f6475,3ff7edba-7e3c-5a9f-8f74-b9c11cee3aea,Yogurt sauce,11166,1.68,0.00,0.81,0.00,0.00,0.00,0.00,0.01,0.00,0.00,0.06,24.70,60.30,0.58,30.60,0.00,0.335573573,0.221517659,0.10,0.18,0.78,0.11,0.59,2.39,0.51,5.21,0.03,2.81,-0.28,0.39,0.28,0.24,Nutriscore_C
63ad7fdf-99ff-541a-ba01-88874c72e113,cf25104a-0651-5f93-9e18-6efdd055f2a5,"Vanilla, alcoholic extract",11065,4.38,0.00,0.56,0.02,0.00,0.00,0.00,0.02,0.00,0.10,0.04,39.00,997.00,0.68,55.50,0.00,0,0,0.12,0.08,0.95,0.03,0.36,0.61,0.50,1.32,0.02,0.95,-0.14,0.12,0.15,0.11,Nutriscore_C
c62a7054-188f-5590-9f51-5b69cf4c40e4,cf25104a-0651-5f93-9e18-6efdd055f2a5,"Vanilla, aqueous extract",11098,4.38,0.00,0.56,0.02,0.00,0.00,0.00,0.02,0.00,0.10,0.04,39.00,997.00,0.68,55.50,0.00,0,0,0.12,0.08,0.95,0.03,0.36,0.61,0.50,1.32,0.02,0.95,-0.14,0.12,0.15,0.11,Nutriscore_C
e6e3358c-8563-5613-8d40-067b3c9e5900,1ac07827-ac07-5327-b00a-f099c06183fc,"Curry, powder",11005,9.40,0.00,0.88,0.03,0.00,0.00,0.00,0.08,0.00,0.07,0.41,55.20,688.00,4.38,78.80,0.00,0,0,0.12,0.08,0.95,0.03,0.36,0.61,0.50,1.32,0.02,0.95,-0.14,0.12,0.15,0.11,Nutriscore_A
e9ef4627-f12b-53ba-a4ff-c332efccaf0b,0679b3a6-cda8-53fe-a4b7-d3693d9a3aa0,"Indian-style sauce, tandoori or garam masala type, prepacked",11202,1.58,0.00,0.92,0.01,0.00,0.00,0.00,0.01,0.00,0.01,0.05,19.50,67.10,1.06,34.50,0.00,0,0,0.12,0.08,0.95,0.03,0.36,0.61,0.50,1.32,0.02,0.95,-0.14,0.12,0.15,0.11,Nutriscore_D
eeafe8a7-4761-5904-b8c6-dd2e934cebb8,bd2aa4e3-0bf2-5b5e-8b01-9872301b04d4,"Provence herbs, dried",11060,2.58,0.00,0.32,0.01,0.00,0.00,0.00,0.03,0.00,0.02,0.13,31.70,143.00,20.40,35.40,0.00,0,0,0.12,0.08,0.95,0.03,0.36,0.61,0.50,1.32,0.02,0.95,-0.14,0.12,0.15,0.11,Nutriscore_A
9d2d718f-d649-5af4-983e-c9dc04ff902e,d70b79b9-5a60-5919-977c-c1f717b5d201,"Basil, dried",11032,2.58,0.00,0.32,0.01,0.00,0.00,0.00,0.03,0.00,0.02,0.12,31.50,142.00,20.20,35.40,0.00,0,0,0.12,0.08,0.95,0.03,0.36,0.61,0.50,1.32,0.02,0.95,-0.14,0.12,0.15,0.11,Nutriscore_A
9e306285-76ab-5021-9ce9-2e1ff33052c2,1f7e6496-9b12-55b8-8828-e410fbc7012f,"Basil, fresh",11033,0.88,0.00,0.09,0.00,0.00,0.00,0.00,0.01,0.00,0.00,0.03,5.84,35.10,5.16,12.40,0.00,0,0,0.12,0.08,0.95,0.03,0.36,0.61,0.50,1.32,0.02,0.95,-0.14,0.12,0.15,0.11,Nutriscore_A
bd724a31-ec37-51cf-b862-28a51da98ec6,f29fd94a-8959-52c1-b309-2e5de911245d,"Bay, leaves",11053,1.87,0.00,0.30,0.01,0.00,0.00,0.00,0.01,0.00,0.00,0.04,20.00,36.80,4.39,29.50,0.00,0,0,0.12,0.08,0.95,0.03,0.36,0.61,0.50,1.32,0.02,0.95,-0.14,0.12,0.15,0.11,Nutriscore_C
a40814cf-9b18-59bf-9211-fc3fc2168818,f29fd94a-8959-52c1-b309-2e5de911245d,Molokhia powder (dried jute leaves),51500,2.18,0.00,0.49,0.01,0.00,0.00,0.00,0.01,0.00,0.01,0.03,28.90,27.50,1.99,40.50,0.00,0,0,0.12,0.08,0.95,0.03,0.36,0.61,0.50,1.32,0.02,0.95,-0.14,0.12,0.15,0.11,Nutriscore_A
6a8b31f7-ed37-5c00-82ae-0ad83b95b42e,9c1c5be0-8977-5a21-a946-e28a7e6d7bb6,"Chervil, fresh",11002,0.88,0.00,0.09,0.00,0.00,0.00,0.00,0.01,0.00,0.00,0.03,5.84,35.10,5.16,12.40,0.00,0,0,0.12,0.08,0.95,0.03,0.36,0.61,0.50,1.32,0.02,0.95,-0.14,0.12,0.15,0.11,Nutriscore_A
399a5aec-b713-5a88-888f-72ce77a17f06,5c903b78-928e-50d6-8238-ac0a5acf25c6,"Chive or spring onion, fresh",11003,0.74,0.00,0.12,0.00,0.00,0.00,0.00,0.00,0.00,0.00,0.01,5.37,18.90,0.70,12.10,0.00,0,0,0.12,0.08,0.95,0.03,0.36,0.61,0.50,1.32,0.02,0.95,-0.14,0.12,0.15,0.11,Nutriscore_A
085974c1-e90b-587a-9453-0a73d8fb34ff,8d067964-2ea9-5493-a165-1cc836275193,"Coriander, fresh",11094,1.03,0.00,0.08,0.00,0.00,0.00,0.00,0.01,0.00,0.00,0.02,24.50,11.50,1.31,14.70,0.00,0,0,0.12,0.08,0.95,0.03,0.36,0.61,0.50,1.32,0.02,0.95,-0.14,0.12,0.15,0.11,Nutriscore_A
5b6ac023-b405-58d1-ab24-77d03023f528,f6afde37-c587-58fd-9f47-cbca83c1feb0,"Dill, fresh",11093,0.88,0.00,0.09,0.00,0.00,0.00,0.00,0.01,0.00,0.00,0.03,5.84,35.10,5.16,12.40,0.00,0,0,0.12,0.08,0.95,0.03,0.36,0.61,0.50,1.32,0.02,0.95,-0.14,0.12,0.15,0.11,Nutriscore_A
7a9c8c4c-a843-5d6e-88ac-53a70541a681,e8c87a6f-7702-545e-803a-8fe280b4c002,"Marjoram, dried",11034,2.58,0.00,0.32,0.01,0.00,0.00,0.00,0.03,0.00,0.02,0.12,31.50,142.00,20.20,35.40,0.00,0,0,0.12,0.08,0.95,0.03,0.36,0.61,0.50,1.32,0.02,0.95,-0.14,0.12,0.15,0.11,Nutriscore_A
73be356a-f1a8-5277-b8b5-0dd818cb53e5,a46ac95d-bbec-5663-ae8f-90b1c8366199,"Mint, fresh",11027,0.74,0.00,0.08,0.00,0.00,0.00,0.00,0.01,0.00,0.00,0.03,4.96,30.90,4.54,10.90,0.00,0,0,0.12,0.08,0.95,0.03,0.36,0.61,0.50,1.32,0.02,0.95,-0.14,0.12,0.15,0.11,Nutriscore_A
85a747b3-4ad3-5f3d-969b-44852ff935a4,2c335cd8-9f10-53e1-a26e-019b20186fe9,"Oregano, dried",11035,2.58,0.00,0.32,0.01,0.00,0.00,0.00,0.03,0.00,0.02,0.12,31.50,142.00,20.20,35.40,0.00,0,0,0.12,0.08,0.95,0.03,0.36,0.61,0.50,1.32,0.02,0.95,-0.14,0.12,0.15,0.11,Nutriscore_A
a3d41dec-92c4-50ef-b57c-6933ae769626,92922612-a634-5294-9a4a-2f7f394d5bbd,"Parsley, dried",11024,4.34,0.00,0.37,0.02,0.00,0.00,0.00,0.07,0.00,0.09,0.28,39.20,590.00,8.11,47.60,0.00,0,0,0.12,0.08,0.95,0.03,0.36,0.61,0.50,1.32,0.02,0.95,-0.14,0.12,0.15,0.11,Nutriscore_B
8fe775e9-6a31-5ca5-a625-d3ed62219a4b,3a195d01-0828-5797-a5dd-93e6756a78ad,"Parsley, fresh",11014,1.12,0.00,0.09,0.01,0.00,0.00,0.00,0.01,0.00,0.02,0.06,6.66,130.00,1.86,13.60,0.00,0,0,0.12,0.08,0.95,0.03,0.36,0.61,0.50,1.32,0.02,0.95,-0.14,0.12,0.15,0.11,Nutriscore_A
b1cb79ef-5c48-58eb-a303-b0c110cdfb81,0415c344-7dc0-5c5c-b5b9-37932969d7f4,"Rosemary, dried",11036,2.58,0.00,0.32,0.01,0.00,0.00,0.00,0.03,0.00,0.02,0.12,31.50,142.00,20.20,35.40,0.00,0,0,0.12,0.08,0.95,0.03,0.36,0.61,0.50,1.32,0.02,0.95,-0.14,0.12,0.15,0.11,Nutriscore_B
d28b0876-6801-5a69-9479-ce7c15370383,7dce2a2a-04af-58a2-8c85-da91c8abf5fa,"Rosemary, fresh",11068,0.88,0.00,0.09,0.00,0.00,0.00,0.00,0.01,0.00,0.00,0.03,5.84,35.10,5.16,12.40,0.00,0,0,0.12,0.08,0.95,0.03,0.36,0.61,0.50,1.32,0.02,0.95,-0.14,0.12,0.15,0.11,Nutriscore_A
ab9e78c9-6b35-5a7e-9bce-2063ec28dc05,c2ebecb5-c568-5b6c-b210-36b47fdae3e7,"Sage, dried",11037,2.58,0.00,0.32,0.01,0.00,0.00,0.00,0.03,0.00,0.02,0.12,31.50,142.00,20.20,35.40,0.00,0,0,0.12,0.08,0.95,0.03,0.36,0.61,0.50,1.32,0.02,0.95,-0.14,0.12,0.15,0.11,Nutriscore_A
a8c9d1fb-784a-5825-b5ce-c66d95c173ca,9b85bace-6c0a-567b-8412-64f57bfacb8e,"Sage, fresh",11069,0.88,0.00,0.09,0.00,0.00,0.00,0.00,0.01,0.00,0.00,0.03,5.84,35.10,5.16,12.40,0.00,0,0,0.12,0.08,0.95,0.03,0.36,0.61,0.50,1.32,0.02,0.95,-0.14,0.12,0.15,0.11,Nutriscore_A
503d5a7c-aa5a-5f73-8a02-659f9883741e,2eeaa26b-4464-58e3-b19a-ef9355cf9bbc,"Tarragon, fresh",11092,0.74,0.00,0.08,0.00,0.00,0.00,0.00,0.01,0.00,0.00,0.03,4.96,30.90,4.54,10.90,0.00,0,0,0.12,0.08,0.95,0.03,0.36,0.61,0.50,1.32,0.02,0.95,-0.14,0.12,0.15,0.11,Nutriscore_A
d283bfd8-44d0-52d7-aa81-4520787fe105,cae877c0-6bd5-50aa-b6f9-36548d18a88c,"Thyme, dried",11038,2.58,0.00,0.32,0.01,0.00,0.00,0.00,0.03,0.00,0.02,0.12,31.50,142.00,20.20,35.40,0.00,0,0,0.12,0.08,0.95,0.03,0.36,0.61,0.50,1.32,0.02,0.95,-0.14,0.12,0.15,0.11,Nutriscore_A
48647d64-4287-5508-8c67-ba219d55ad77,0a0645ca-d5cb-5671-b976-a00499939f01,"Thyme, fresh",11070,0.88,0.00,0.09,0.00,0.00,0.00,0.00,0.01,0.00,0.00,0.03,5.84,35.10,5.16,12.40,0.00,0,0,0.12,0.08,0.95,0.03,0.36,0.61,0.50,1.32,0.02,0.95,-0.14,0.12,0.15,0.11,Nutriscore_A
c70f194a-f661-5be7-90ff-0cda192f4446,32bf760d-16e1-55e7-8684-fc77bb2a3c4b,"Savory, dried",11062,2.58,0.00,0.32,0.01,0.00,0.00,0.00,0.03,0.00,0.02,0.12,31.50,142.00,20.20,35.40,0.00,0,0,0.12,0.08,0.95,0.03,0.36,0.61,0.50,1.32,0.02,0.95,-0.14,0.12,0.15,0.11,Nutriscore_A
86b92009-6214-5641-bbef-86a232346012,3201cfad-d892-5943-b5f8-068172b1d00a,"Grand veneur sauce (a reduction of red wine with garlic, shallots and red currant jelly), prepacked",11199,2.60,0.00,1.02,0.01,0.00,0.00,0.00,0.02,0.00,0.01,0.08,30.00,131.00,5.12,42.80,0.00,0.905539943,1.00450016,0.10,0.18,0.78,0.11,0.59,2.39,0.51,5.21,0.03,2.81,-0.28,0.39,0.28,0.24,Nutriscore_D
bf7541a9-ba75-5cd3-8feb-28770974a9d1,3201cfad-d892-5943-b5f8-068172b1d00a,"Hunter-style sauce (a garnish of mushrooms, shallots and tomatoes in white wine sauce), prepacked",11129,2.50,0.00,0.92,0.01,0.00,0.00,0.00,0.02,0.00,0.01,0.07,25.10,83.30,8.16,42.40,0.00,0.003182824,0.635110704,0.10,0.18,0.78,0.11,0.59,2.39,0.51,5.21,0.03,2.81,-0.28,0.39,0.28,0.24,Nutriscore_C
766356c2-319b-557a-9f76-489d943b6552,3201cfad-d892-5943-b5f8-068172b1d00a,"Madeira wine sauce, prepacked",11121,5.48,0.00,0.95,0.01,0.00,0.00,0.00,0.07,0.00,0.02,0.30,31.50,331.00,0.73,38.20,0.00,0.905539943,1.00450016,0.10,0.18,0.78,0.11,0.59,2.39,0.51,5.21,0.03,2.81,-0.28,0.39,0.28,0.24,Nutriscore_C
0d9e139a-154a-5554-b789-0306d4e158d8,3201cfad-d892-5943-b5f8-068172b1d00a,Red wine sauce,11164,1.64,0.00,1.04,0.01,0.00,0.00,0.00,0.01,0.00,0.01,0.05,27.20,112.00,0.52,37.80,0.00,0.905539943,1.00450016,0.10,0.18,0.78,0.11,0.59,2.39,0.51,5.21,0.03,2.81,-0.28,0.39,0.28,0.24,Nutriscore_C
21efe436-8c2c-557f-b87c-58a77919c5a5,7d11d991-1da1-50d7-9747-f0ebd3fc388d,"Burgundy-style sauce, prepacked",11120,2.59,0.00,0.95,0.01,0.00,0.00,0.00,0.02,0.00,0.01,0.08,29.90,131.00,5.12,41.30,0.00,43.66569136,16.75731022,0.10,0.18,0.78,0.11,0.59,2.39,0.51,5.21,0.03,2.81,-0.28,0.39,0.28,0.24,Nutriscore_E
2656e52d-2b9c-58c5-8883-a41b171f33c7,28339f51-25e9-57ea-974c-a343064f83be,"Sauce, butter, prepacked",11158,4.63,0.00,1.10,0.01,0.00,0.00,0.00,0.05,0.00,0.02,0.22,56.00,236.00,0.74,42.20,0.00,0.011919288,2.378412134,0.10,0.18,0.78,0.11,0.59,2.39,0.51,5.21,0.03,2.81,-0.28,0.39,0.28,0.24,Nutriscore_D
cdeaa290-11d9-5814-9ca0-7f9cfa2ebe09,28339f51-25e9-57ea-974c-a343064f83be,"White butter sauce, prepacked",11140,4.63,0.00,1.10,0.01,0.00,0.00,0.00,0.05,0.00,0.02,0.22,56.00,236.00,0.74,42.20,0.00,0.011919288,2.378412134,0.10,0.18,0.78,0.11,0.59,2.39,0.51,5.21,0.03,2.81,-0.28,0.39,0.28,0.24,Nutriscore_D
cb0e5ff1-6b33-5f28-b3da-29a6e624d684,664c20c4-f8c9-5594-b7e5-eef7de5cd4ca,"Celeriac in remoulade sauce, prepacked",25600,1.18,0.00,0.19,0.00,0.00,0.00,0.00,0.01,0.00,0.01,0.04,30.40,85.70,1.30,17.60,0.00,0.282339728,0.015820821,0.10,0.18,0.78,0.11,0.59,2.39,0.51,5.21,0.03,2.81,-0.28,0.39,0.28,0.24,Nutriscore_C
8176503d-1b0f-58e9-a8ea-803c65e3d82b,664c20c4-f8c9-5594-b7e5-eef7de5cd4ca,Cream sauce,11159,2.61,0.00,1.25,0.01,0.00,0.00,0.00,0.03,0.00,0.01,0.11,25.90,94.40,0.46,41.80,0.00,0.003881493,0.774525249,0.10,0.18,0.78,0.11,0.59,2.39,0.51,5.21,0.03,2.81,-0.28,0.39,0.28,0.24,Nutriscore_C
3aa90662-15cc-5917-945f-5957f74e3db4,664c20c4-f8c9-5594-b7e5-eef7de5cd4ca,cream sauce for pizza base,37000,2.36,0.00,0.97,0.00,0.00,0.00,0.00,0.02,0.00,0.01,0.10,24.40,95.40,0.37,32.10,0.00,0.003881493,0.774525249,0.10,0.18,0.78,0.11,0.59,2.39,0.51,5.21,0.03,2.81,-0.28,0.39,0.28,0.24,Nutriscore_D
b81ac3bb-a0c5-5661-af86-cc7690169aef,664c20c4-f8c9-5594-b7e5-eef7de5cd4ca,Cream sauce with herbs,11162,2.39,0.00,1.18,0.01,0.00,0.00,0.00,0.02,0.00,0.01,0.10,33.50,92.00,0.54,40.40,0.00,0.010876267,2.170284291,0.10,0.18,0.78,0.11,0.59,2.39,0.51,5.21,0.03,2.81,-0.28,0.39,0.28,0.24,Nutriscore_C
46b463cd-3508-507f-9f12-ee899c627d85,664c20c4-f8c9-5594-b7e5-eef7de5cd4ca,"Cream sauce with mushrooms, prepacked",11192,4.44,0.00,1.10,0.01,0.00,0.00,0.00,0.03,0.00,0.01,0.11,46.10,115.00,21.20,63.40,0.00,0.003881493,0.774525249,0.10,0.18,0.78,0.11,0.59,2.39,0.51,5.21,0.03,2.81,-0.28,0.39,0.28,0.24,Nutriscore_C
4dbeeaf5-b704-5c86-bdf4-27536ac57de9,664c20c4-f8c9-5594-b7e5-eef7de5cd4ca,"Cream sauce with shallots, prepacked",11122,2.37,0.00,1.19,0.01,0.00,0.00,0.00,0.02,0.00,0.01,0.09,23.30,84.40,0.52,40.10,0.00,0.282339728,0.015820821,0.10,0.18,0.78,0.11,0.59,2.39,0.51,5.21,0.03,2.81,-0.28,0.39,0.28,0.24,Nutriscore_D
65bacfda-0b16-5674-809c-0be0299613db,664c20c4-f8c9-5594-b7e5-eef7de5cd4ca,Cream sauce with spices,11161,2.39,0.00,1.18,0.01,0.00,0.00,0.00,0.02,0.00,0.01,0.10,33.50,92.00,0.54,40.40,0.00,0.282339728,0.015820821,0.10,0.18,0.78,0.11,0.59,2.39,0.51,5.21,0.03,2.81,-0.28,0.39,0.28,0.24,Nutriscore_C
6296149b-b967-5ea1-9d71-2bf260aedc22,79c88e49-8b61-5ce0-aa91-d1d79b52818d,"Bearnaise sauce, prepacked",11102,5.13,0.00,1.14,0.01,0.00,0.00,0.00,0.06,0.00,0.02,0.26,66.00,265.00,1.08,44.20,0.00,0.517622834,0.029004839,0.10,0.18,0.78,0.11,0.59,2.39,0.51,5.21,0.03,2.81,-0.28,0.39,0.28,0.24,Nutriscore_D
4e4575fd-7da0-571a-b117-78d56483d5a0,79c88e49-8b61-5ce0-aa91-d1d79b52818d,"Hollandaise sauce, prepacked",11105,6.29,0.00,1.16,0.01,0.00,0.00,0.00,0.08,0.00,0.02,0.33,89.00,308.00,1.00,46.40,0.00,2.75838902,5.960634732,0.10,0.18,0.78,0.11,0.59,2.39,0.51,5.21,0.03,2.81,-0.28,0.39,0.28,0.24,Nutriscore_D
adc501c1-5243-58d2-9f3f-ff2fb4534b92,e3677141-6a3a-575e-98a2-fe6161c815b5,"American-style sauce, prepacked",11167,3.90,0.00,0.89,0.01,0.00,0.00,0.00,0.04,0.00,0.01,0.17,38.90,145.00,0.87,43.60,0.00,2.141506077,1.707971365,0.10,0.18,0.78,0.11,0.59,2.39,0.51,5.21,0.03,2.81,-0.28,0.39,0.28,0.24,Nutriscore_E
e982ccb0-6195-5b33-a114-c6cb4ca35cec,e3677141-6a3a-575e-98a2-fe6161c815b5,"Armorican-style sauce, prepacked",11111,3.91,0.00,0.96,0.01,0.00,0.00,0.00,0.04,0.00,0.01,0.17,39.00,145.00,0.88,45.20,0.00,2.141506077,1.707971365,0.10,0.18,0.78,0.11,0.59,2.39,0.51,5.21,0.03,2.81,-0.28,0.39,0.28,0.24,Nutriscore_D
70a87774-5647-54c7-9613-717c0aaef369,e3677141-6a3a-575e-98a2-fe6161c815b5,"Nuoc mam sauce or fish sauce, prepacked",11194,1.06,0.00,0.87,0.00,0.00,0.00,0.00,0.01,0.00,0.00,0.03,8.47,35.80,0.56,31.50,0.00,0.125093266,0,0.10,0.18,0.78,0.11,0.59,2.39,0.51,5.21,0.03,2.81,-0.28,0.39,0.28,0.24,Nutriscore_E
22b639b8-195c-56a4-92e8-5fbd50b22d94,f5a034ea-4593-5e7b-aebd-665eb9c41328,"Carbonara sauce (cream sauce with lardoons), prepacked",11128,5.24,0.00,1.50,0.01,0.00,0.00,0.00,0.07,0.00,0.02,0.29,101.00,248.00,1.28,56.50,0.00,4.822768823,40.08573682,0.10,0.18,0.78,0.11,0.59,2.39,0.51,5.21,0.03,2.81,-0.28,0.39,0.28,0.24,Nutriscore_D
c0bd7a6f-606d-52a0-9d72-dd72b8fdc641,9d4f5699-4d1e-5c10-9d09-dc2394b0dc65,"Aioli sauce (garlic and olive oil mayonnaise), prepacked",11168,1.64,0.00,0.83,0.01,0.00,0.00,0.00,0.04,0.00,0.02,0.17,66.10,520.00,18.00,43.60,0.00,0.421815553,0.023636307,0.10,0.18,0.78,0.11,0.59,2.39,0.51,5.21,0.03,2.81,-0.28,0.39,0.28,0.24,Nutriscore_D
88fb15f9-1828-511e-915e-4a1c940f1561,9d4f5699-4d1e-5c10-9d09-dc2394b0dc65,"Sauce, pesto rosso, prepacked",11210,2.88,0.00,0.90,0.01,0.00,0.00,0.00,0.04,0.00,0.02,0.17,39.50,314.00,11.00,40.20,0.00,0.005023749,0.977043781,0.10,0.18,0.78,0.11,0.59,2.39,0.51,5.21,0.03,2.81,-0.28,0.39,0.28,0.24,Nutriscore_D
7b3fa4ee-0692-51e9-bc02-f937376398e3,9d4f5699-4d1e-5c10-9d09-dc2394b0dc65,"Sauce, pesto, prepacked",11179,2.88,0.00,0.90,0.01,0.00,0.00,0.00,0.04,0.00,0.02,0.17,39.50,314.00,11.00,40.20,0.00,0.003747227,0.732228565,0.10,0.18,0.78,0.11,0.59,2.39,0.51,5.21,0.03,2.81,-0.28,0.39,0.28,0.24,Nutriscore_E
1340c354-1003-56ae-abb8-83557dafcb3c,9d4f5699-4d1e-5c10-9d09-dc2394b0dc65,"Tapenade (a puree of capers, pitted black olives, anchovy and herbs, with olive oil and lemon juice",11043,1.62,0.00,0.78,0.01,0.00,0.00,0.00,0.02,0.00,0.01,0.08,37.40,215.00,7.62,37.50,0.00,0,0,0.10,0.18,0.78,0.11,0.59,2.39,0.51,5.21,0.03,2.81,-0.28,0.39,0.28,0.24,Nutriscore_D
968d542a-2750-57b7-a663-d35ad01ed681,0e17817b-90dd-5d7c-872c-088983801f3e,"Basque-style sauce or tomato sauce with sweet peppers, prepacked",11170,1.24,0.00,0.95,0.01,0.00,0.00,0.00,0.01,0.00,0.01,0.04,17.10,106.00,3.92,36.80,0.00,0,0,0.10,0.18,0.78,0.11,0.59,2.39,0.51,5.21,0.03,2.81,-0.28,0.39,0.28,0.24,Nutriscore_C
f8b86e3e-8417-5280-a786-7166af2132c0,0e17817b-90dd-5d7c-872c-088983801f3e,"Green pepper sauce, prepacked",11115,1.44,0.00,0.95,0.00,0.00,0.00,0.00,0.01,0.00,0.00,0.04,11.00,36.00,0.33,33.20,0.00,0,0,0.10,0.18,0.78,0.11,0.59,2.39,0.51,5.21,0.03,2.81,-0.28,0.39,0.28,0.24,Nutriscore_C
22d9bb4c-e70e-5897-b78b-1e683442395d,0e17817b-90dd-5d7c-872c-088983801f3e,"Guacamole, prepacked",25620,1.64,0.00,0.66,0.01,0.00,0.00,0.00,0.01,0.00,0.01,0.04,26.30,77.30,16.80,29.40,0.00,0,0,0.10,0.18,0.78,0.11,0.59,2.39,0.51,5.21,0.03,2.81,-0.28,0.39,0.28,0.24,Nutriscore_C
bd0d4f31-ca40-5c12-9f38-497eb399ddc3,0e17817b-90dd-5d7c-872c-088983801f3e,"Mushroom sauce, prepacked",11160,4.13,0.00,1.03,0.01,0.00,0.00,0.00,0.02,0.00,0.01,0.06,40.30,66.80,27.30,67.50,0.00,0.004050843,0.522504158,0.10,0.18,0.78,0.11,0.59,2.39,0.51,5.21,0.03,2.81,-0.28,0.39,0.28,0.24,Nutriscore_C
ecff0ac3-ef4a-583f-8661-c949a803c690,0e17817b-90dd-5d7c-872c-088983801f3e,Mustard sauce prepacked,11157,2.31,0.00,1.14,0.01,0.00,0.00,0.00,0.02,0.00,0.01,0.10,22.10,88.60,0.51,39.10,0.00,0.615266558,0.738761751,0.10,0.18,0.78,0.11,0.59,2.39,0.51,5.21,0.03,2.81,-0.28,0.39,0.28,0.24,Nutriscore_D
fe15a788-3e37-5827-abb0-c7e156235e27,0e17817b-90dd-5d7c-872c-088983801f3e,"Sauce, pepper, prepacked (1)",11182,2.03,0.00,1.10,0.01,0.00,0.00,0.00,0.02,0.00,0.01,0.07,17.70,63.90,0.40,38.50,0.00,0.006154592,1.228106598,0.10,0.18,0.78,0.11,0.59,2.39,0.51,5.21,0.03,2.81,-0.28,0.39,0.28,0.24,Nutriscore_C
a162eff9-7c26-5679-a1cf-0f91e329f58e,0e17817b-90dd-5d7c-872c-088983801f3e,"Sauce, pepper, prepacked (2)",11212,2.02,0.00,1.03,0.01,0.00,0.00,0.00,0.02,0.00,0.01,0.07,17.60,63.80,0.39,37.00,0.00,0.006154592,1.228106598,0.10,0.18,0.78,0.11,0.59,2.39,0.51,5.21,0.03,2.81,-0.28,0.39,0.28,0.24,Nutriscore_E
66ee88be-87c9-5add-bfd4-dadc1c1a35ce,0e17817b-90dd-5d7c-872c-088983801f3e,"Sweet and sour sauce, prepacked",11163,1.23,0.00,0.85,0.00,0.00,0.00,0.00,0.01,0.00,0.01,0.03,12.40,58.20,1.06,32.50,0.00,0,0,0.10,0.18,0.78,0.11,0.59,2.39,0.51,5.21,0.03,2.81,-0.28,0.39,0.28,0.24,Nutriscore_E
8589d099-7a6a-5d91-9172-0daa2a5cfc37,0e17817b-90dd-5d7c-872c-088983801f3e,Tomato sauce for pizza base,37002,0.98,0.00,0.59,0.00,0.00,0.00,0.00,0.01,0.00,0.00,0.03,11.90,67.40,2.48,24.60,0.00,0,0,0.10,0.18,0.78,0.11,0.59,2.39,0.51,5.21,0.03,2.81,-0.28,0.39,0.28,0.24,Nutriscore_C
6817131c-a193-5b93-a1b9-34054efc9291,0e17817b-90dd-5d7c-872c-088983801f3e,"Tomato sauce, w cheese, prepacked",11208,1.80,0.00,0.81,0.01,0.00,0.00,0.00,0.01,0.00,0.01,0.05,16.90,85.00,2.62,38.70,0.00,0,0,0.10,0.18,0.78,0.11,0.59,2.39,0.51,5.21,0.03,2.81,-0.28,0.39,0.28,0.24,Nutriscore_D
d7b3e117-d1e2-527d-842c-1ffbafe327b7,0e17817b-90dd-5d7c-872c-088983801f3e,"Tomato sauce, w mushrooms, prepacked",11177,1.77,0.00,0.79,0.01,0.00,0.00,0.00,0.01,0.00,0.01,0.04,15.90,69.50,5.66,41.40,0.00,0,0,0.10,0.18,0.78,0.11,0.59,2.39,0.51,5.21,0.03,2.81,-0.28,0.39,0.28,0.24,Nutriscore_C
74002e91-103d-58e8-b012-f1881a8fb039,0e17817b-90dd-5d7c-872c-088983801f3e,"Tomato sauce, w olives, prepacked",11178,1.46,0.00,0.78,0.01,0.00,0.00,0.00,0.01,0.00,0.00,0.04,13.40,74.20,2.84,37.60,0.00,0,0,0.10,0.18,0.78,0.11,0.59,2.39,0.51,5.21,0.03,2.81,-0.28,0.39,0.28,0.24,Nutriscore_C
7906c31c-e2dc-5de0-ae8e-57985eb1ecaf,0e17817b-90dd-5d7c-872c-088983801f3e,"Tomato sauce, w vegetables, prepacked",11207,1.50,0.00,0.79,0.01,0.00,0.00,0.00,0.01,0.00,0.01,0.04,16.90,106.00,3.92,38.40,0.00,0,0,0.10,0.18,0.78,0.11,0.59,2.39,0.51,5.21,0.03,2.81,-0.28,0.39,0.28,0.24,Nutriscore_C
3652d946-9571-5b00-b4bd-3b6ae08b8f2a,0e17817b-90dd-5d7c-872c-088983801f3e,"Tomato sauce, with meat or Bolognese sauce, prepacked",11114,13.20,0.00,1.24,0.02,0.00,0.00,0.00,0.17,0.00,0.04,0.77,70.50,826.00,2.43,60.10,0.00,0,0,0.10,0.18,0.78,0.11,0.59,2.39,0.51,5.21,0.03,2.81,-0.28,0.39,0.28,0.24,Nutriscore_C
78fa4fee-91a8-5287-9dfc-0b3612d8ead0,0e17817b-90dd-5d7c-872c-088983801f3e,"Tomato sauce, with onions, prepacked",11107,1.47,0.00,0.79,0.01,0.00,0.00,0.00,0.01,0.00,0.00,0.03,13.00,69.10,2.63,37.60,0.00,0,0,0.10,0.18,0.78,0.11,0.59,2.39,0.51,5.21,0.03,2.81,-0.28,0.39,0.28,0.24,Nutriscore_C
be38e739-fd44-52bc-810c-fb2aa8995585,0e17817b-90dd-5d7c-872c-088983801f3e,Topping sauce for pizza,25525,0.94,0.00,0.56,0.00,0.00,0.00,0.00,0.01,0.00,0.00,0.03,11.00,67.70,2.47,24.40,0.00,0,0,0.10,0.18,0.78,0.11,0.59,2.39,0.51,5.21,0.03,2.81,-0.28,0.39,0.28,0.24,Nutriscore_C
e450e00c-5d3c-5b89-ba09-0a76bc8e3313,0e17817b-90dd-5d7c-872c-088983801f3e,Vegetable Bolognese sauce,11219,1.20,0.00,1.55,0.00,0.00,0.00,0.00,0.01,0.00,0.01,0.03,20.50,65.00,1.54,46.90,0.00,0,0,0.10,0.18,0.78,0.11,0.59,2.39,0.51,5.21,0.03,2.81,-0.28,0.39,0.28,0.24,Nutriscore_C
1b9bd4b6-2239-5655-9e4d-e1f067ff8aa2,fe8196d1-2b86-565a-b54e-c06f36ce849d,"Bechamel sauce, home-made",11143,2.33,0.00,0.88,0.01,0.00,0.00,0.00,0.02,0.00,0.01,0.10,23.80,88.20,0.43,32.30,0.00,0.009190992,1.833999293,0.10,0.18,0.78,0.11,0.59,2.39,0.51,5.21,0.03,2.81,-0.28,0.39,0.28,0.24,Nutriscore_C
cd954bb7-95fb-54a7-bf01-ce4a4eab3ff0,fe8196d1-2b86-565a-b54e-c06f36ce849d,"Bechamel sauce, prepacked",11101,2.33,0.00,0.88,0.01,0.00,0.00,0.00,0.02,0.00,0.01,0.10,23.80,88.20,0.43,32.30,0.00,0.009190992,1.833999293,0.10,0.18,0.78,0.11,0.59,2.39,0.51,5.21,0.03,2.81,-0.28,0.39,0.28,0.24,Nutriscore_C
67bef0b3-df7c-5f1d-961f-9e2ef9bc0c90,fe8196d1-2b86-565a-b54e-c06f36ce849d,"Cheese sauce for risotto or pasta, prepacked",11189,4.17,0.00,1.02,0.01,0.00,0.00,0.00,0.05,0.00,0.01,0.20,46.00,175.00,0.62,39.50,0.00,0.011605744,2.315846558,0.10,0.18,0.78,0.11,0.59,2.39,0.51,5.21,0.03,2.81,-0.28,0.39,0.28,0.24,Nutriscore_D
5411222e-3b8c-5053-8f15-3ad67c97df91,fe8196d1-2b86-565a-b54e-c06f36ce849d,"Roquefort (blue cheese) sauce, prepacked",11191,4.63,0.00,1.10,0.01,0.00,0.00,0.00,0.05,0.00,0.02,0.22,56.00,236.00,0.74,42.20,0.00,0.009466362,1.778087818,0.10,0.18,0.78,0.11,0.59,2.39,0.51,5.21,0.03,2.81,-0.28,0.39,0.28,0.24,Nutriscore_D
5dba443d-a24c-5d30-b90a-07a2312e6d39,6f086b3e-c351-5638-8264-c53f0ebbc5a1,"Salt, white, for human consumption (sea, igneous or rock), no enrichment",11017,0.63,0.00,0.11,0.00,0.00,0.00,0.00,0.00,0.00,0.00,0.01,5.57,14.30,0.08,9.05,0.00,0,0,0.12,0.08,0.95,0.03,0.36,0.61,0.50,1.32,0.02,0.95,-0.14,0.12,0.15,0.11,Nutriscore_E
79b0a92a-17d2-5162-82a2-52a915a69a28,3d80e5a3-104c-5d27-95ef-c085993a234c,Celery salt,11044,0.63,0.00,0.11,0.00,0.00,0.00,0.00,0.00,0.00,0.00,0.01,5.57,14.30,0.08,9.05,0.00,0,0,0.12,0.08,0.95,0.03,0.36,0.61,0.50,1.32,0.02,0.95,-0.14,0.12,0.15,0.11,Nutriscore_E
0defa2bc-e9b4-54f2-a75d-6e9399121d76,0ca96b2a-2e69-5382-baff-2e4547a19a76,"Salt, white, for human consumption (sea, igneous or rock), iodine added, no other enrichment",11058,0.63,0.00,0.11,0.00,0.00,0.00,0.00,0.00,0.00,0.00,0.01,5.57,14.30,0.08,9.05,0.00,0,0,0.12,0.08,0.95,0.03,0.36,0.61,0.50,1.32,0.02,0.95,-0.14,0.12,0.15,0.11,Nutriscore_E
e3d95281-457a-568d-97f9-48d748939b44,c4aafe2a-ad01-5364-b32b-88159c758bc1,"Pure sea salt, no enrichment",11082,0.63,0.00,0.11,0.00,0.00,0.00,0.00,0.00,0.00,0.00,0.01,5.57,14.30,0.08,9.05,0.00,0,0,0.12,0.08,0.95,0.03,0.36,0.61,0.50,1.32,0.02,0.95,-0.14,0.12,0.15,0.11,Nutriscore_E
41c0799c-2d6f-5a69-94b2-73ec390c3273,c4aafe2a-ad01-5364-b32b-88159c758bc1,"Sea salt, grey, no enrichment",11083,0.63,0.00,0.11,0.00,0.00,0.00,0.00,0.00,0.00,0.00,0.01,5.57,14.30,0.08,9.05,0.00,0,0,0.12,0.08,0.95,0.03,0.36,0.61,0.50,1.32,0.02,0.95,-0.14,0.12,0.15,0.11,Nutriscore_E
a6ac6aaf-f9d1-5b53-9695-db24814b93b1,f2e9a720-1a3a-565f-bd75-274137d6e2f1,"Aromatic stock cube, for fish, dehydrated",11172,7.58,0.00,30.30,0.03,0.00,0.00,0.00,0.05,0.00,0.03,0.14,70.20,106.00,3.38,700.00,0.00,0.371126675,0.272359424,0.12,0.08,0.95,0.03,0.36,0.61,0.50,1.32,0.02,0.95,-0.14,0.12,0.15,0.11,Nutriscore_E
5bec5ce2-bcb9-5dcc-8aa3-02b169d1d1f0,95fca450-6630-524c-be2a-459f63e26a45,"Caraway, seed",11064,9.40,0.00,0.88,0.03,0.00,0.00,0.00,0.08,0.00,0.07,0.41,55.20,688.00,4.38,78.80,0.00,0,0,0.12,0.08,0.95,0.03,0.36,0.61,0.50,1.32,0.02,0.95,-0.14,0.12,0.15,0.11,Nutriscore_A
923bfd8e-df98-5c7f-ad48-136e19e0ea02,cf411f90-f3af-5bfe-b216-c15c618d866e,"Cardamom, powder",11075,9.40,0.00,0.88,0.03,0.00,0.00,0.00,0.08,0.00,0.07,0.41,55.20,688.00,4.38,78.80,0.00,0,0,0.12,0.08,0.95,0.03,0.36,0.61,0.50,1.32,0.02,0.95,-0.14,0.12,0.15,0.11,Nutriscore_A
3174b30a-35e4-5a9f-a3a3-9266a07906fb,cc96db3c-a46d-57cb-a625-bea007fd8f2e,Cayenne pepper,11088,9.40,0.00,0.88,0.03,0.00,0.00,0.00,0.08,0.00,0.07,0.41,55.20,688.00,4.38,78.80,0.00,0,0,0.12,0.08,0.95,0.03,0.36,0.61,0.50,1.32,0.02,0.95,-0.14,0.12,0.15,0.11,Nutriscore_B
bc30f1a7-511a-5faa-b1c3-3d1758a7d8db,be94749e-626a-5298-90d2-ff0c4b1a4d68,"Cinnamon, powder",11025,9.40,0.00,0.88,0.03,0.00,0.00,0.00,0.08,0.00,0.07,0.41,55.20,688.00,4.38,78.80,0.00,0,0,0.12,0.08,0.95,0.03,0.36,0.61,0.50,1.32,0.02,0.95,-0.14,0.12,0.15,0.11,Nutriscore_A
550eafea-faed-576c-9c02-db371ba5e634,9df07437-591f-5679-bce4-7d813856b5d5,Cloves,11052,9.39,0.00,0.88,0.03,0.00,0.00,0.00,0.08,0.00,0.07,0.41,55.10,688.00,4.37,78.70,0.00,0,0,0.12,0.08,0.95,0.03,0.36,0.61,0.50,1.32,0.02,0.95,-0.14,0.12,0.15,0.11,Nutriscore_C
91773f7c-ad60-56b2-93b7-b53b211a314e,c26cdd5c-4c07-5467-8aee-8bf79b5a3a4f,"Coriander, seed",11026,2.13,0.00,0.31,0.01,0.00,0.00,0.00,0.01,0.00,0.01,0.03,37.80,19.20,1.47,32.90,0.00,0,0,0.12,0.08,0.95,0.03,0.36,0.61,0.50,1.32,0.02,0.95,-0.14,0.12,0.15,0.11,Nutriscore_A
8c0c19aa-31ff-5ccf-80a3-117dd9173c15,317f4076-cbfc-5829-8af3-40f3cac5db60,"Cumin, seed",11042,9.40,0.00,0.88,0.03,0.00,0.00,0.00,0.08,0.00,0.07,0.41,55.20,688.00,4.38,78.80,0.00,0,0,0.12,0.08,0.95,0.03,0.36,0.61,0.50,1.32,0.02,0.95,-0.14,0.12,0.15,0.11,Nutriscore_A
184905fc-8e7a-54be-8615-a5b97c4d47e9,313026cf-e0ae-5c7a-af25-84e486258997,"Fennel, seed",11066,2.13,0.00,0.31,0.01,0.00,0.00,0.00,0.01,0.00,0.01,0.03,37.80,19.20,1.47,32.90,0.00,0,0,0.12,0.08,0.95,0.03,0.36,0.61,0.50,1.32,0.02,0.95,-0.14,0.12,0.15,0.11,Nutriscore_A
9d9e3088-47ad-5b3d-85c5-95c27432c358,dac96664-ecc6-51a3-866c-e76826f8cb9e,"Fenugreek, seed",11077,9.40,0.00,0.88,0.03,0.00,0.00,0.00,0.08,0.00,0.07,0.41,55.20,688.00,4.38,78.80,0.00,0,0,0.12,0.08,0.95,0.03,0.36,0.61,0.50,1.32,0.02,0.95,-0.14,0.12,0.15,0.11,Nutriscore_A
2e06404d-f62f-5c95-8b89-b26f3168af4c,1098a967-5f58-5189-836c-3e2e85572391,"Garlic, powder, dried",11023,1.77,0.00,0.33,0.01,0.00,0.00,0.00,0.01,0.00,0.00,0.02,19.80,24.00,0.83,29.40,0.00,0,0,0.12,0.08,0.95,0.03,0.36,0.61,0.50,1.32,0.02,0.95,-0.14,0.12,0.15,0.11,Nutriscore_A
3ec46fee-ccb8-5996-8d81-856eea8c0d16,209156be-927d-575f-bd12-94c4fbe0cbed,"Ginger, raw",11074,0.49,0.00,0.08,0.00,0.00,0.00,0.00,0.01,0.00,0.00,0.03,6.21,12.30,1.79,7.35,0.00,0,0,0.12,0.08,0.95,0.03,0.36,0.61,0.50,1.32,0.02,0.95,-0.14,0.12,0.15,0.11,Nutriscore_A
81db9318-61d9-55ff-a91e-d7c8e5be24d2,c50c0f16-d3c0-56e6-9a94-1ba320e70a5b,"Ginger, powder",11006,2.02,0.00,0.31,0.01,0.00,0.00,0.00,0.01,0.00,0.00,0.04,22.20,21.40,2.18,31.70,0.00,0,0,0.12,0.08,0.95,0.03,0.36,0.61,0.50,1.32,0.02,0.95,-0.14,0.12,0.15,0.11,Nutriscore_A
166f1386-c9c4-5345-b7bb-4ac433a23460,954e3215-5112-547f-b5fc-60ab00ab5bad,Nutmeg,11048,2.23,0.00,0.31,0.01,0.00,0.00,0.00,0.01,0.00,0.01,0.04,38.40,19.30,1.47,34.10,0.00,0,0,0.12,0.08,0.95,0.03,0.36,0.61,0.50,1.32,0.02,0.95,-0.14,0.12,0.15,0.11,Nutriscore_D
9728910b-0894-573a-a273-b7f4748d7d7e,1fc91430-f7d3-51c5-89dc-70d5bc6aeef9,Paprika,11049,9.40,0.00,0.88,0.03,0.00,0.00,0.00,0.08,0.00,0.07,0.41,55.20,688.00,4.38,78.80,0.00,0,0,0.12,0.08,0.95,0.03,0.36,0.61,0.50,1.32,0.02,0.95,-0.14,0.12,0.15,0.11,Nutriscore_A
8bc50aab-aad3-517d-8937-172457a927d7,e6de8a55-d85e-5a97-ad45-17a5eaabed09,"Black pepper, powder",11015,9.40,0.00,0.89,0.03,0.00,0.00,0.00,0.08,0.00,0.07,0.41,55.20,688.00,4.38,79.00,0.00,0,0,0.12,0.08,0.95,0.03,0.36,0.61,0.50,1.32,0.02,0.95,-0.14,0.12,0.15,0.11,Nutriscore_A
1509b720-6738-5c4d-a45e-576c6fbea0d4,e6de8a55-d85e-5a97-ad45-17a5eaabed09,"White pepper, powder",11019,9.40,0.00,0.88,0.03,0.00,0.00,0.00,0.08,0.00,0.07,0.41,55.20,688.00,4.38,78.80,0.00,0,0,0.12,0.08,0.95,0.03,0.36,0.61,0.50,1.32,0.02,0.95,-0.14,0.12,0.15,0.11,Nutriscore_A
784fb240-da4e-594e-9385-1bd149e58e8c,53e370ae-c44c-5b7f-8062-4bc82b4c52aa,Saffron,11039,9.40,0.00,0.88,0.03,0.00,0.00,0.00,0.08,0.00,0.07,0.41,55.20,688.00,4.38,78.80,0.00,0,0,0.12,0.08,0.95,0.03,0.36,0.61,0.50,1.32,0.02,0.95,-0.14,0.12,0.15,0.11,Nutriscore_D
2ee39a83-31cf-53c4-b0dc-9e36b543e91a,5c72522d-8eb9-5a75-949b-85b48e920344,Mix of 4 spices,11056,6.40,0.00,0.64,0.02,0.00,0.00,0.00,0.05,0.00,0.04,0.26,44.20,414.00,3.36,59.80,0.00,0,0,0.12,0.08,0.95,0.03,0.36,0.61,0.50,1.32,0.02,0.95,-0.14,0.12,0.15,0.11,Nutriscore_A
d692db25-2b31-559a-86f8-543832a77a91,8c4264f1-6ad3-5444-b2bf-3e956d638e98,"Tamarind, mature fruit, pulp, raw",13080,0.53,0.00,0.02,0.00,0.00,0.00,0.00,0.01,0.00,0.00,0.03,15.60,97.80,1.21,5.04,0.00,0,0,0.12,0.08,0.95,0.03,0.36,0.61,0.50,1.32,0.02,0.95,-0.14,0.12,0.15,0.11,Nutriscore_D
b042458d-a308-59e2-aa2f-9afd0ce390cc,615766bf-b35a-5e4e-ab40-a86db6ac3f60,"Turmeric, powder",11089,9.40,0.00,0.88,0.03,0.00,0.00,0.00,0.08,0.00,0.07,0.41,55.20,688.00,4.38,78.80,0.00,0,0,0.12,0.08,0.95,0.03,0.36,0.61,0.50,1.32,0.02,0.95,-0.14,0.12,0.15,0.11,Nutriscore_A
55e68872-4aa2-5851-b8c7-923fed64058b,f7e033bc-a4cd-5cc1-b619-e8a393d4e8a4,"Flageolet bean, canned, drained",20508,1.40,0.00,0.32,0.01,0.00,0.00,0.00,0.00,0.00,0.01,0.02,18.50,-162.00,0.27,20.60,0.00,0,0,1.80,0.88,10.47,0.19,1.14,25.26,6.41,7.27,0.13,53.93,-0.54,0.56,7.62,1.79,Nutriscore_A
7cc37ef7-5961-5eeb-a1f6-a1f5f61010d1,f7e033bc-a4cd-5cc1-b619-e8a393d4e8a4,"Flageolet bean, cooked",20513,0.59,0.00,0.30,0.00,0.00,0.00,0.00,0.00,0.00,0.00,0.01,7.46,-71.70,0.12,12.00,0.00,0,0,1.80,0.88,10.47,0.19,1.14,25.26,6.41,7.27,0.13,53.93,-0.54,0.56,7.62,1.79,Nutriscore_A
6d005824-2a92-5fce-a0f9-b7df469ae946,f7e033bc-a4cd-5cc1-b619-e8a393d4e8a4,"Flageolet bean, frozen",20537,0.44,0.00,0.35,0.00,0.00,0.00,0.00,0.00,0.00,0.00,0.01,7.22,-72.90,0.07,11.10,0.00,0,0,1.80,0.88,10.47,0.19,1.14,25.26,6.41,7.27,0.13,53.93,-0.54,0.56,7.62,1.79,Nutriscore_A
3b1f8423-ee84-5224-b377-94c7810f3a7e,f7e033bc-a4cd-5cc1-b619-e8a393d4e8a4,"Flageolet bean, green, cooked",20540,0.59,0.00,0.30,0.00,0.00,0.00,0.00,0.00,0.00,0.00,0.01,7.46,-71.70,0.12,12.00,0.00,0,0,1.80,0.88,10.47,0.19,1.14,25.26,6.41,7.27,0.13,53.93,-0.54,0.56,7.62,1.79,Nutriscore_A
1b8602a4-4d83-5282-b3cb-d224669c351d,f7e033bc-a4cd-5cc1-b619-e8a393d4e8a4,"Flageolet bean, green, dried",20539,0.86,0.00,0.32,0.00,0.00,0.00,0.00,0.00,0.00,0.01,0.01,15.80,-167.00,0.15,13.70,0.00,0,0,1.80,0.88,10.47,0.19,1.14,25.26,6.41,7.27,0.13,53.93,-0.54,0.56,7.62,1.79,Nutriscore_A
593e97f8-c39d-505c-a5a0-7c47e229807b,f7e033bc-a4cd-5cc1-b619-e8a393d4e8a4,"Haricot bean, canned, drained",20511,1.00,0.00,0.31,0.00,0.00,0.00,0.00,0.01,0.00,0.00,0.03,14.90,77.80,1.08,18.20,0.00,0,0,1.80,0.88,10.47,0.19,1.14,25.26,6.41,7.27,0.13,53.93,-0.54,0.56,7.62,1.79,Nutriscore_A
b1f1f959-1ea7-53bb-97af-5b35aff8944b,f7e033bc-a4cd-5cc1-b619-e8a393d4e8a4,"Haricot bean, cooked",20502,0.41,0.00,0.30,0.00,0.00,0.00,0.00,0.00,0.00,0.00,0.01,5.87,33.00,0.47,10.90,0.00,0,0,1.80,0.88,10.47,0.19,1.14,25.26,6.41,7.27,0.13,53.93,-0.54,0.56,7.62,1.79,Nutriscore_A
f1ce521e-776a-556e-8bd6-354a8add84a7,f7e033bc-a4cd-5cc1-b619-e8a393d4e8a4,"Haricot bean, dry",20501,0.45,0.00,0.31,0.00,0.00,0.00,0.00,0.01,0.00,0.00,0.02,12.10,77.40,0.97,11.30,0.00,0,0,1.80,0.88,10.47,0.19,1.14,25.26,6.41,7.27,0.13,53.93,-0.54,0.56,7.62,1.79,Nutriscore_A
79f89073-e915-5f0b-910c-aceee849bab1,f7e033bc-a4cd-5cc1-b619-e8a393d4e8a4,"lupin grain, raw",20534,1.10,0.00,0.33,0.01,0.00,0.00,0.00,0.01,0.00,0.01,0.03,17.30,-166.00,0.16,16.80,0.00,0,0,1.80,0.88,10.47,0.19,1.14,25.26,6.41,7.27,0.13,53.93,-0.54,0.56,7.62,1.79,Nutriscore_A
5655692f-a2ec-51e6-ad7c-02e4c85e52ce,f7e033bc-a4cd-5cc1-b619-e8a393d4e8a4,"Red kidney bean, canned, drained",20524,1.45,0.00,0.34,0.01,0.00,0.00,0.00,0.00,0.00,0.01,0.02,18.80,-162.00,0.29,21.50,0.00,0,0,1.80,0.88,10.47,0.19,1.14,25.26,6.41,7.27,0.13,53.93,-0.54,0.56,7.62,1.79,Nutriscore_A
e2b32fa5-f9ae-59dc-bfcf-98c587cc91a5,f7e033bc-a4cd-5cc1-b619-e8a393d4e8a4,"Red kidney bean, cooked",20503,0.59,0.00,0.30,0.00,0.00,0.00,0.00,0.00,0.00,0.00,0.01,7.46,-71.70,0.12,12.00,0.00,0,0,1.80,0.88,10.47,0.19,1.14,25.26,6.41,7.27,0.13,53.93,-0.54,0.56,7.62,1.79,Nutriscore_A
f28859cc-b874-5435-9a34-2ebaebeb3131,f7e033bc-a4cd-5cc1-b619-e8a393d4e8a4,"Red kidney bean, dried",20525,0.86,0.00,0.32,0.00,0.00,0.00,0.00,0.00,0.00,0.01,0.01,15.80,-167.00,0.15,13.70,0.00,0,0,1.80,0.88,10.47,0.19,1.14,25.26,6.41,7.27,0.13,53.93,-0.54,0.56,7.62,1.79,Nutriscore_A
e8d88f34-af5f-5a66-8e7a-3103ba02b001,1941b7db-279c-5b94-820c-f992d90a8451,"Mung bean, sprouted or soy spouts, canned, drained",20029,1.95,0.00,0.32,0.01,0.00,0.00,0.00,0.01,0.00,0.01,0.02,25.30,-203.00,0.34,25.50,0.00,0,0,0.03,0.04,0.27,0.03,0.09,0.21,0.21,1.28,0.01,0.79,-0.07,0.06,0.04,1.30,Nutriscore_A
c3003c7a-6fe0-55b8-958a-9f7a1b9cc9e2,1941b7db-279c-5b94-820c-f992d90a8451,"Mung bean, sprouted or soy spouts, raw",20183,0.82,0.00,0.08,0.00,0.00,0.00,0.00,0.00,0.00,0.01,0.01,16.30,-187.00,0.08,7.93,0.00,0,0,0.03,0.04,0.27,0.03,0.09,0.21,0.21,1.28,0.01,0.79,-0.07,0.06,0.04,1.30,Nutriscore_A
477338b3-c301-5041-86e0-14121c1402ee,2cc647f5-d80e-5281-a830-23fde42ed55f,"Broad bean, cooked",20500,0.59,0.00,0.30,0.00,0.00,0.00,0.00,0.00,0.00,0.00,0.01,7.46,-71.70,0.12,12.00,0.00,0,0,1.80,0.88,10.47,0.19,1.14,25.26,6.41,7.27,0.13,53.93,-0.54,0.56,7.62,1.79,Nutriscore_A
b4247f92-a6fc-54e7-93c5-de6388938298,2cc647f5-d80e-5281-a830-23fde42ed55f,"Broad bean, dried",20518,0.86,0.00,0.32,0.00,0.00,0.00,0.00,0.00,0.00,0.01,0.01,15.80,-167.00,0.15,13.70,0.00,0,0,1.80,0.88,10.47,0.19,1.14,25.26,6.41,7.27,0.13,53.93,-0.54,0.56,7.62,1.79,Nutriscore_A
6dd5a5c5-eb58-5446-abfb-d6de5c47b100,2cc647f5-d80e-5281-a830-23fde42ed55f,"Broad bean, fresh, frozen",20536,0.44,0.00,0.35,0.00,0.00,0.00,0.00,0.00,0.00,0.00,0.01,7.22,-72.90,0.07,11.10,0.00,0,0,1.80,0.88,10.47,0.19,1.14,25.26,6.41,7.27,0.13,53.93,-0.54,0.56,7.62,1.79,Nutriscore_A
85a323b5-4dc0-5e94-8253-b01fff441046,2cc647f5-d80e-5281-a830-23fde42ed55f,"Broad bean, frozen, water boiled",20543,0.57,0.00,0.44,0.00,0.00,0.00,0.00,0.00,0.00,0.00,0.01,7.42,-72.80,0.09,14.60,0.00,0,0,1.80,0.88,10.47,0.19,1.14,25.26,6.41,7.27,0.13,53.93,-0.54,0.56,7.62,1.79,Nutriscore_A
deb84154-bad9-5421-a59b-3bc0ace0306a,2cc647f5-d80e-5281-a830-23fde42ed55f,"Broad bean, peeled, frozen, raw",20541,1.01,0.00,0.66,0.00,0.00,0.00,0.00,0.00,0.00,0.01,0.01,16.60,-170.00,0.16,22.30,0.00,0,0,1.80,0.88,10.47,0.19,1.14,25.26,6.41,7.27,0.13,53.93,-0.54,0.56,7.62,1.79,Nutriscore_A
17cda490-40af-589d-9433-9584e2ff54fe,2cc647f5-d80e-5281-a830-23fde42ed55f,"Broad bean, to shell, fresh",20517,0.86,0.00,0.32,0.00,0.00,0.00,0.00,0.00,0.00,0.01,0.01,15.80,-167.00,0.15,13.70,0.00,0,0,1.80,0.88,10.47,0.19,1.14,25.26,6.41,7.27,0.13,53.93,-0.54,0.56,7.62,1.79,Nutriscore_A
c28c7796-4a37-575e-97a6-c43335b944a5,2cc647f5-d80e-5281-a830-23fde42ed55f,"Broad bean, without peal, frozen, water boiled",20542,0.57,0.00,0.44,0.00,0.00,0.00,0.00,0.00,0.00,0.00,0.01,7.42,-72.80,0.09,14.60,0.00,0,0,1.80,0.88,10.47,0.19,1.14,25.26,6.41,7.27,0.13,53.93,-0.54,0.56,7.62,1.79,Nutriscore_A
3af562cb-c7ab-5564-ae13-dcaa87b3a72d,3ab260f1-507c-5221-9d75-8dcd9160bcf4,"Chick pea, canned, drained",20532,2.20,0.00,0.28,0.01,0.00,0.00,0.00,0.01,0.00,0.02,0.04,51.00,302.00,0.53,24.70,0.00,0,0,1.80,0.88,10.47,0.19,1.14,25.26,6.41,7.27,0.13,53.93,-0.54,0.56,7.62,1.79,Nutriscore_A
f160b817-c1b8-5828-87b4-8fadd94cdc52,3ab260f1-507c-5221-9d75-8dcd9160bcf4,"Chick pea, cooked",20507,0.60,0.00,0.30,0.00,0.00,0.00,0.00,0.00,0.00,0.00,0.01,10.70,66.30,0.16,12.30,0.00,0,0,1.80,0.88,10.47,0.19,1.14,25.26,6.41,7.27,0.13,53.93,-0.54,0.56,7.62,1.79,Nutriscore_A
b932d659-15a6-5f9e-a0c8-f7fef451d598,3ab260f1-507c-5221-9d75-8dcd9160bcf4,"Chick pea, dried",20516,0.90,0.00,0.33,0.00,0.00,0.00,0.00,0.01,0.00,0.01,0.02,23.20,155.00,0.25,14.50,0.00,0,0,1.80,0.88,10.47,0.19,1.14,25.26,6.41,7.27,0.13,53.93,-0.54,0.56,7.62,1.79,Nutriscore_A
800720ce-d2f5-5375-85bc-b400cb792412,2f0e0f29-042d-5458-87f4-17e69f349535,Chick pea flour,9580,0.97,0.00,0.21,0.01,0.00,0.00,0.00,0.01,0.00,0.01,0.02,27.00,179.00,0.23,12.60,0.00,0,0,0.01,0.03,0.09,0.01,0.08,0.23,0.05,0.58,0.00,0.32,-0.03,0.02,0.02,0.03,Nutriscore_A
5dd8911e-c7ad-57e5-abb2-ee6799e3f851,fd935989-5587-5195-b118-801aa3a72371,"Green lentil, cooked",20587,0.47,0.00,0.30,0.00,0.00,0.00,0.00,0.00,0.00,0.00,0.01,60.40,133.00,0.11,11.70,0.00,0,0,1.80,0.88,10.47,0.19,1.14,25.26,6.41,7.27,0.13,53.93,-0.54,0.56,7.62,1.79,Nutriscore_A
84b0f19d-a894-5e35-9dc8-108fd690e059,fd935989-5587-5195-b118-801aa3a72371,"Lentil, blond, cooked",20588,0.47,0.00,0.30,0.00,0.00,0.00,0.00,0.00,0.00,0.00,0.01,60.40,133.00,0.11,11.70,0.00,0,0,1.80,0.88,10.47,0.19,1.14,25.26,6.41,7.27,0.13,53.93,-0.54,0.56,7.62,1.79,Nutriscore_A
82f0d1e9-1dde-5df5-9525-6389eb8c42fd,fd935989-5587-5195-b118-801aa3a72371,"Lentil, blond, dried",20586,0.58,0.00,0.32,0.00,0.00,0.00,0.00,0.00,0.00,0.00,0.01,139.00,309.00,0.13,13.10,0.00,0,0,1.80,0.88,10.47,0.19,1.14,25.26,6.41,7.27,0.13,53.93,-0.54,0.56,7.62,1.79,Nutriscore_A
7fbafafc-528a-59b4-aac9-b99624cea6ee,fd935989-5587-5195-b118-801aa3a72371,"Lentil, cooked",20505,0.47,0.00,0.30,0.00,0.00,0.00,0.00,0.00,0.00,0.00,0.01,60.40,133.00,0.11,11.70,0.00,0,0,1.80,0.88,10.47,0.19,1.14,25.26,6.41,7.27,0.13,53.93,-0.54,0.56,7.62,1.79,Nutriscore_A
959226bd-2c96-591b-8ff0-89e26e437c7c,fd935989-5587-5195-b118-801aa3a72371,"Lentil, dried",20504,0.58,0.00,0.32,0.00,0.00,0.00,0.00,0.00,0.00,0.00,0.01,139.00,309.00,0.13,13.10,0.00,0,0,1.80,0.88,10.47,0.19,1.14,25.26,6.41,7.27,0.13,53.93,-0.54,0.56,7.62,1.79,Nutriscore_A
9ab9e0d6-afc6-5790-a1da-34156c89442b,fd935989-5587-5195-b118-801aa3a72371,"Lentil, green, dried",20585,0.58,0.00,0.32,0.00,0.00,0.00,0.00,0.00,0.00,0.00,0.01,139.00,309.00,0.13,13.10,0.00,0,0,1.80,0.88,10.47,0.19,1.14,25.26,6.41,7.27,0.13,53.93,-0.54,0.56,7.62,1.79,Nutriscore_A
fb46920b-8e1a-5df9-acc7-6d08a960d675,fd935989-5587-5195-b118-801aa3a72371,"Lentil, pink or red, cooked",20589,0.47,0.00,0.30,0.00,0.00,0.00,0.00,0.00,0.00,0.00,0.01,60.40,133.00,0.11,11.70,0.00,0,0,1.80,0.88,10.47,0.19,1.14,25.26,6.41,7.27,0.13,53.93,-0.54,0.56,7.62,1.79,Nutriscore_A
c36a3827-8281-562e-8290-7cd051ee0184,fd935989-5587-5195-b118-801aa3a72371,"Lentil, pink or red, dried",20535,0.58,0.00,0.32,0.00,0.00,0.00,0.00,0.00,0.00,0.00,0.01,139.00,309.00,0.13,13.10,0.00,0,0,1.80,0.88,10.47,0.19,1.14,25.26,6.41,7.27,0.13,53.93,-0.54,0.56,7.62,1.79,Nutriscore_A
8b3d5789-54fc-521c-9224-2e7f6638c8e5,fd935989-5587-5195-b118-801aa3a72371,"Lentil, seasoned, canned, drained",20510,1.13,0.00,0.32,0.01,0.00,0.00,0.00,0.01,0.00,0.00,0.02,140.00,306.00,0.25,19.90,0.00,0,0,1.80,0.88,10.47,0.19,1.14,25.26,6.41,7.27,0.13,53.93,-0.54,0.56,7.62,1.79,Nutriscore_A
a4cc644e-b074-5e0a-86dc-e02f540ca9d3,fd935989-5587-5195-b118-801aa3a72371,"Lentils, sprouted",20521,0.58,0.00,0.32,0.00,0.00,0.00,0.00,0.00,0.00,0.00,0.01,139.00,309.00,0.13,13.10,0.00,0,0,1.80,0.88,10.47,0.19,1.14,25.26,6.41,7.27,0.13,53.93,-0.54,0.56,7.62,1.79,Nutriscore_A
acf2b55e-9d89-5cd2-914b-55dd9e7a9d9d,ca1a8816-8314-5c13-9ec7-dd4b2008ed75,"Butter bean or yellow bean, canned, drained",20063,1.41,0.00,0.36,0.01,0.00,0.00,0.00,0.01,0.00,0.00,0.04,20.50,97.40,1.34,23.30,0.00,0,0,0.03,0.04,0.27,0.03,0.09,0.21,0.21,1.28,0.01,0.79,-0.07,0.06,0.04,1.30,Nutriscore_A
6f59ac96-7c72-5eda-89fc-8c691fbd3bf2,ca1a8816-8314-5c13-9ec7-dd4b2008ed75,"Butter bean or yellow bean, frozen, raw",20203,0.69,0.00,0.59,0.00,0.00,0.00,0.00,0.01,0.00,0.00,0.03,16.20,90.30,1.20,19.30,0.00,0,0,0.03,0.04,0.27,0.03,0.09,0.21,0.21,1.28,0.01,0.79,-0.07,0.06,0.04,1.30,Nutriscore_A
0cf03039-dd72-551f-812d-ccba711bd6e7,ca1a8816-8314-5c13-9ec7-dd4b2008ed75,"Butter bean or yellow bean, raw",20195,0.54,0.00,0.09,0.00,0.00,0.00,0.00,0.01,0.00,0.00,0.03,15.70,97.90,1.22,6.67,0.00,0,0,0.03,0.04,0.27,0.03,0.09,0.21,0.21,1.28,0.01,0.79,-0.07,0.06,0.04,1.30,Nutriscore_A
9c24d66b-4dae-5fe1-a253-b1cee10f793d,ca1a8816-8314-5c13-9ec7-dd4b2008ed75,"Lima bean, raw",20126,0.82,0.00,0.08,0.00,0.00,0.00,0.00,0.00,0.00,0.01,0.01,16.30,-187.00,0.08,7.93,0.00,0,0,0.03,0.04,0.27,0.03,0.09,0.21,0.21,1.28,0.01,0.79,-0.07,0.06,0.04,1.30,Nutriscore_A
0a916147-079b-55b7-80ab-b792c91fe816,deb526db-cfd2-5eb6-9245-96eed843099d,"Mung bean, cooked",20531,0.59,0.00,0.30,0.00,0.00,0.00,0.00,0.00,0.00,0.00,0.01,7.46,-71.70,0.12,12.00,0.00,0,0,1.80,0.88,10.47,0.19,1.14,25.26,6.41,7.27,0.13,53.93,-0.54,0.56,7.62,1.79,Nutriscore_A
789794e5-f5ff-586c-839c-699a19bfdfa3,71fd69a8-e5d4-556f-9f8d-fd5d29673dcb,Coated peanuts,38406,3.28,0.00,0.56,0.01,0.00,0.00,0.00,0.05,0.00,0.03,0.20,34.10,356.00,10.60,30.70,0.00,0,0,0.01,0.03,0.09,0.01,0.08,0.23,0.05,0.58,0.00,0.32,-0.03,0.02,0.02,0.03,Nutriscore_E
aa82dd9f-b045-5ca2-9fc8-825180634706,71fd69a8-e5d4-556f-9f8d-fd5d29673dcb,Peanut,15001,4.18,0.00,0.14,0.01,0.00,0.00,0.00,0.06,0.00,0.04,0.28,25.40,535.00,14.60,21.20,0.00,0,0,1.80,0.88,10.47,0.19,1.14,25.26,6.41,7.27,0.13,53.93,-0.54,0.56,7.62,1.79,Nutriscore_C
80f0b456-c3da-563d-b4c6-1cfb65ed34c8,71fd69a8-e5d4-556f-9f8d-fd5d29673dcb,"Peanut, boiled/cooked in water, w salt",20581,4.20,0.00,0.21,0.01,0.00,0.00,0.00,0.06,0.00,0.04,0.28,25.50,535.00,14.60,22.70,0.00,0,0,1.80,0.88,10.47,0.19,1.14,25.26,6.41,7.27,0.13,53.93,-0.54,0.56,7.62,1.79,Nutriscore_D
b75b3841-ca95-5f69-bef5-2dd6b8e7acb4,71fd69a8-e5d4-556f-9f8d-fd5d29673dcb,"Peanut, grilled",15037,4.18,0.00,0.14,0.01,0.00,0.00,0.00,0.06,0.00,0.04,0.28,25.40,535.00,14.60,21.20,0.00,0,0,1.80,0.88,10.47,0.19,1.14,25.26,6.41,7.27,0.13,53.93,-0.54,0.56,7.62,1.79,Nutriscore_D
6a656ae3-01ac-5b78-a6a4-d09b2b03e037,71fd69a8-e5d4-556f-9f8d-fd5d29673dcb,"Peanut, grilled, salted",15002,4.18,0.00,0.14,0.01,0.00,0.00,0.00,0.06,0.00,0.04,0.28,25.40,535.00,14.60,21.20,0.00,0,0,1.80,0.88,10.47,0.19,1.14,25.26,6.41,7.27,0.13,53.93,-0.54,0.56,7.62,1.79,Nutriscore_D
6f4f0025-817b-58e0-87dd-68436e4968af,193db4c2-e017-5ab7-a4a4-e5ca5bda8c48,"Garden peas, canned, drained",20036,1.38,0.00,0.31,0.00,0.00,0.00,0.00,0.01,0.00,0.01,0.04,18.10,94.40,0.92,20.70,0.00,0,0,0.03,0.04,0.27,0.03,0.09,0.21,0.21,1.28,0.01,0.79,-0.07,0.06,0.04,1.30,Nutriscore_A
00536def-d632-5dbc-aa38-e3fc07ccce8c,193db4c2-e017-5ab7-a4a4-e5ca5bda8c48,"Garden peas, cooked",20037,1.44,0.00,0.25,0.00,0.00,0.00,0.00,0.00,0.00,0.01,0.01,29.40,195.00,0.43,20.10,0.00,0,0,0.03,0.04,0.27,0.03,0.09,0.21,0.21,1.28,0.01,0.79,-0.07,0.06,0.04,1.30,Nutriscore_A
56389783-93c5-559f-9e9d-2da76d52a8c1,193db4c2-e017-5ab7-a4a4-e5ca5bda8c48,"Garden peas, frozen, cooked",20124,1.09,0.00,0.79,0.00,0.00,0.00,0.00,0.01,0.00,0.01,0.03,15.40,87.70,0.81,27.70,0.00,0,0,0.03,0.04,0.27,0.03,0.09,0.21,0.21,1.28,0.01,0.79,-0.07,0.06,0.04,1.30,Nutriscore_A
dc41a700-b2c6-5bfa-8bdf-125e986152cd,193db4c2-e017-5ab7-a4a4-e5ca5bda8c48,"Garden peas, frozen, raw",20084,0.81,0.00,0.59,0.00,0.00,0.00,0.00,0.01,0.00,0.01,0.03,12.90,74.50,0.66,20.10,0.00,0,0,0.03,0.04,0.27,0.03,0.09,0.21,0.21,1.28,0.01,0.79,-0.07,0.06,0.04,1.30,Nutriscore_A
6b1937bb-84bb-52f4-af39-8c819b2a2528,193db4c2-e017-5ab7-a4a4-e5ca5bda8c48,"Garden peas, raw",20072,0.70,0.00,0.09,0.00,0.00,0.00,0.00,0.00,0.00,0.01,0.01,23.40,162.00,0.19,6.95,0.00,0,0,0.03,0.04,0.27,0.03,0.09,0.21,0.21,1.28,0.01,0.79,-0.07,0.06,0.04,1.30,Nutriscore_A
028edba7-588b-5767-a882-a5d19963ee69,d6bd88bb-f4a9-540c-a53d-bd1f90934e7d,"Split pea, cooked",20506,0.54,0.00,0.30,0.00,0.00,0.00,0.00,0.00,0.00,0.00,0.00,10.30,66.10,0.16,11.50,0.00,0,0,1.80,0.88,10.47,0.19,1.14,25.26,6.41,7.27,0.13,53.93,-0.54,0.56,7.62,1.79,Nutriscore_A
cff8c4ae-6c34-52e9-8f03-63797bafbd97,d6bd88bb-f4a9-540c-a53d-bd1f90934e7d,"Split pea, dried",20515,0.75,0.00,0.33,0.00,0.00,0.00,0.00,0.00,0.00,0.01,0.01,22.30,155.00,0.25,12.60,0.00,0,0,1.80,0.88,10.47,0.19,1.14,25.26,6.41,7.27,0.13,53.93,-0.54,0.56,7.62,1.79,Nutriscore_A
6295827e-1ae3-5920-9e41-749423a469c2,dec701d9-2b25-5917-8eac-4e2e733feb65,Soy lecithin,42200,5.40,0.00,0.21,0.02,0.00,0.00,0.00,0.02,0.00,0.03,0.06,238.00,44.40,0.67,38.20,0.00,0,0,1.80,0.88,10.47,0.19,1.14,25.26,6.41,7.27,0.13,53.93,-0.54,0.56,7.62,1.79,Nutriscore_D
de475daf-45e5-5299-a932-3f19e074bdff,dec701d9-2b25-5917-8eac-4e2e733feb65,Soya flour,20900,1.38,0.00,0.20,0.01,0.00,0.00,0.00,0.01,0.00,0.01,0.02,44.90,180.00,0.22,12.50,0.00,0,0,0.01,0.03,0.09,0.01,0.08,0.23,0.05,0.58,0.00,0.32,-0.03,0.02,0.02,0.03,Nutriscore_A
b7461308-a426-53eb-bd8e-417daa309324,10922744-79ac-5ed5-a66c-6614b5ff8c3e,"Soybean, whole grain",20901,1.25,0.00,0.12,0.00,0.00,0.00,0.00,0.01,0.00,0.01,0.02,37.20,150.00,0.28,11.00,0.00,0,0,1.80,0.88,10.47,0.19,1.14,25.26,6.41,7.27,0.13,53.93,-0.54,0.56,7.62,1.79,Nutriscore_A
b871a483-f7cb-5c0f-9010-b5ef9f09171a,10922744-79ac-5ed5-a66c-6614b5ff8c3e,Tempeh,20917,2.37,0.00,0.16,0.01,0.00,0.00,0.00,0.01,0.00,0.01,0.02,6.10,89.90,1.18,35.60,0.00,0,0,1.80,0.88,10.47,0.19,1.14,25.26,6.41,7.27,0.13,53.93,-0.54,0.56,7.62,1.79,Nutriscore_A
e6894c9a-a818-5e4d-9e10-f94fb4b38a0e,f437eccf-f351-5272-83dc-dda6be90b0a5,"Flat bean, raw",20269,0.54,0.00,0.09,0.00,0.00,0.00,0.00,0.01,0.00,0.00,0.03,15.70,97.90,1.22,6.67,0.00,0,0,0.03,0.04,0.27,0.03,0.09,0.21,0.21,1.28,0.01,0.79,-0.07,0.06,0.04,1.30,Nutriscore_A
75032c70-2647-5910-b710-73f9021fdc54,f437eccf-f351-5272-83dc-dda6be90b0a5,"French bean, canned, drained",20062,1.40,0.00,0.37,0.01,0.00,0.00,0.00,0.01,0.00,0.00,0.04,20.90,100.00,1.38,23.20,0.00,0,0,0.03,0.04,0.27,0.03,0.09,0.21,0.21,1.28,0.01,0.79,-0.07,0.06,0.04,1.30,Nutriscore_A
f5419929-8d53-5d44-8189-ea33307468c5,f437eccf-f351-5272-83dc-dda6be90b0a5,"French bean, cooked",20030,1.20,0.00,0.25,0.00,0.00,0.00,0.00,0.01,0.00,0.00,0.04,18.30,108.00,1.50,20.20,0.00,0,0,0.03,0.04,0.27,0.03,0.09,0.21,0.21,1.28,0.01,0.79,-0.07,0.06,0.04,1.30,Nutriscore_A
452b58f4-a5fd-511f-917b-10bb47c5fcf2,f437eccf-f351-5272-83dc-dda6be90b0a5,"French bean, frozen, cooked",20071,1.04,0.00,1.26,0.00,0.00,0.00,0.00,0.01,0.00,0.00,0.03,19.70,106.00,1.47,36.70,0.00,0,0,0.03,0.04,0.27,0.03,0.09,0.21,0.21,1.28,0.01,0.79,-0.07,0.06,0.04,1.30,Nutriscore_A
b872920a-e612-5944-9a96-620133207c9c,f437eccf-f351-5272-83dc-dda6be90b0a5,"French bean, frozen, raw",20070,0.77,0.00,1.01,0.00,0.00,0.00,0.00,0.01,0.00,0.00,0.03,16.50,90.50,1.23,28.40,0.00,0,0,0.03,0.04,0.27,0.03,0.09,0.21,0.21,1.28,0.01,0.79,-0.07,0.06,0.04,1.30,Nutriscore_A
3314495f-9f58-56c3-8a37-f6704c4128f7,f437eccf-f351-5272-83dc-dda6be90b0a5,"French bean, puree",20257,1.14,0.00,0.20,0.00,0.00,0.00,0.00,0.01,0.00,0.00,0.03,18.00,107.00,1.50,18.90,0.00,0,0,0.03,0.04,0.27,0.03,0.09,0.21,0.21,1.28,0.01,0.79,-0.07,0.06,0.04,1.30,Nutriscore_A
030e9466-41a2-597f-8158-b67f843dba55,f437eccf-f351-5272-83dc-dda6be90b0a5,"French bean, raw",20061_1,0.45,0.00,0.12,0.00,0.00,0.00,0.00,0.01,0.00,0.00,0.03,13.70,86.20,1.08,6.77,0.00,0,0,0.03,0.04,0.27,0.03,0.09,0.21,0.21,1.28,0.01,0.79,-0.07,0.06,0.04,1.30,Nutriscore_A
e6b354ff-c1e3-5ac5-8d0a-3ac18522314e,f437eccf-f351-5272-83dc-dda6be90b0a5,"French bean, raw (Kenya by plane)",20061_2,7.08,0.00,0.15,0.04,0.00,0.00,0.00,0.04,0.00,0.01,0.15,56.70,92.20,1.23,94.70,0.00,0,0,0.03,0.04,0.27,0.03,0.09,0.21,0.21,1.28,0.01,0.79,-0.07,0.06,0.04,1.30,Nutriscore_A
4cc67b5c-f8d7-5fa3-aaee-15bd1e59c4dd,f437eccf-f351-5272-83dc-dda6be90b0a5,"Green peas, puree",20284,1.37,0.00,0.14,0.00,0.00,0.00,0.00,0.00,0.00,0.01,0.01,29.00,194.00,0.42,17.20,0.00,0,0,0.03,0.04,0.27,0.03,0.09,0.21,0.21,1.28,0.01,0.79,-0.07,0.06,0.04,1.30,Nutriscore_A
d333816b-f35f-5808-9116-9ccd1f2b1961,31f4815b-58d8-5bac-ae36-6d504e5759da,Flaxseed,15034,3.52,0.00,0.25,0.01,0.00,0.00,0.00,0.05,0.00,0.04,0.23,39.00,628.00,2.23,29.00,0.00,0,0,0.01,0.02,0.11,0.01,0.08,0.21,0.05,0.55,0.00,0.24,-0.03,0.02,0.02,0.02,Nutriscore_A
816dcebf-3437-5843-b068-326b06846e29,31f4815b-58d8-5bac-ae36-6d504e5759da,"Flaxseed, brown",15052,3.52,0.00,0.25,0.01,0.00,0.00,0.00,0.05,0.00,0.04,0.23,39.00,628.00,2.23,29.00,0.00,0,0,0.01,0.02,0.11,0.01,0.08,0.21,0.05,0.55,0.00,0.24,-0.03,0.02,0.02,0.02,Nutriscore_A
e069fc5c-ce6e-54d7-942f-ea1979c879f8,2e0cd650-716f-5cdc-9f32-8fd3e1100d10,"Poppy, seed",11061,2.90,0.00,0.32,0.01,0.00,0.00,0.00,0.06,0.00,0.03,0.24,36.20,292.00,4.36,36.20,0.00,0,0,0.01,0.02,0.11,0.01,0.08,0.21,0.05,0.55,0.00,0.24,-0.03,0.02,0.02,0.02,Nutriscore_A
65445d0f-2b5f-5589-bfea-359f55900e5f,585156c8-b8da-51af-add8-9bd4eca684a7,"Cucurbitacea, seed",15028,3.49,0.00,0.25,0.02,0.00,0.00,0.00,0.11,0.00,0.06,0.46,42.80,572.00,8.25,31.10,0.00,0,0,0.01,0.02,0.11,0.01,0.08,0.21,0.05,0.55,0.00,0.24,-0.03,0.02,0.02,0.02,Nutriscore_A
4a49b472-d030-57a5-b4a7-614085df78a9,5a1c0bc4-c22d-59d2-bfe1-68f31bbba426,Sesame seed,15010,2.44,0.00,0.13,0.01,0.00,0.00,0.00,0.06,0.00,0.04,0.25,18.20,555.00,1.56,22.50,0.00,0,0,0.01,0.02,0.11,0.01,0.08,0.21,0.05,0.55,0.00,0.24,-0.03,0.02,0.02,0.02,Nutriscore_A
3ac87f8c-b609-564c-8be3-a06c25bda7ae,5a1c0bc4-c22d-59d2-bfe1-68f31bbba426,"Sesame seed, grilled, husked",15038,5.20,0.00,0.27,0.03,0.00,0.00,0.00,0.12,0.00,0.08,0.49,37.90,1110.00,3.13,45.20,0.00,0,0,0.01,0.02,0.11,0.01,0.08,0.21,0.05,0.55,0.00,0.24,-0.03,0.02,0.02,0.02,Nutriscore_A
b5870993-d822-51c7-abdc-83dc5a7b0bd6,5a1c0bc4-c22d-59d2-bfe1-68f31bbba426,"Sesame seed, husked",15035,5.20,0.00,0.27,0.03,0.00,0.00,0.00,0.12,0.00,0.08,0.49,37.90,1110.00,3.13,45.20,0.00,0,0,0.01,0.02,0.11,0.01,0.08,0.21,0.05,0.55,0.00,0.24,-0.03,0.02,0.02,0.02,Nutriscore_A
b2e66dfa-0d68-5c9d-b36d-ab30c13e0889,09e62449-5bcb-5955-9f3d-4f8e4c5ce396,Sunflower seed,15011,2.91,0.00,0.27,0.01,0.00,0.00,0.00,0.02,0.00,0.03,0.09,66.10,540.00,1.04,23.80,0.00,0,0,0.01,0.02,0.11,0.01,0.08,0.21,0.05,0.55,0.00,0.24,-0.03,0.02,0.02,0.02,Nutriscore_A
d4abc12c-99a9-5f5e-9778-f32abc6ffbb9,09e62449-5bcb-5955-9f3d-4f8e4c5ce396,"Sunflower seed, grilled, salted",15045,2.91,0.00,0.27,0.01,0.00,0.00,0.00,0.02,0.00,0.03,0.09,66.10,540.00,1.04,23.80,0.00,0,0,0.01,0.02,0.11,0.01,0.08,0.21,0.05,0.55,0.00,0.24,-0.03,0.02,0.02,0.02,Nutriscore_C
25d7b03a-c607-523a-87e7-51ca2deb139a,b6149632-5840-52e6-a5b0-1264c20c8c35,"Seeds, chia, dried",15047,3.49,0.00,0.25,0.02,0.00,0.00,0.00,0.11,0.00,0.06,0.46,42.80,572.00,8.25,31.10,0.00,0,0,0.01,0.02,0.11,0.01,0.08,0.21,0.05,0.55,0.00,0.24,-0.03,0.02,0.02,0.02,Nutriscore_A
8a8c6319-57ce-5a30-9e37-bc1f211e35ab,7b1bd7a6-3993-5b75-b757-7af53752e83d,"Almond, grilled, salted",15042,2.63,0.00,0.14,0.02,0.00,0.00,0.00,0.06,0.00,0.03,0.24,266.00,378.00,30.90,25.30,0.00,0,0,0.27,0.20,2.23,0.09,0.59,1.55,1.20,6.21,0.02,3.38,-0.20,0.34,0.42,3.65,Nutriscore_B
1d0210c3-d573-59e5-b98d-e8fdc4088c74,effcbf32-b153-5e74-971e-a4461e5523b7,"Almond, (with peel)",15000,2.63,0.00,0.14,0.02,0.00,0.00,0.00,0.06,0.00,0.03,0.24,266.00,378.00,30.90,25.30,0.00,0,0,0.27,0.20,2.23,0.09,0.59,1.55,1.20,6.21,0.02,3.38,-0.20,0.34,0.42,3.65,Nutriscore_A
a26efb22-6b06-5a0a-94a2-bc136e1fd956,effcbf32-b153-5e74-971e-a4461e5523b7,"Almond, peeled, unpeeled or blanched",15041,2.63,0.00,0.14,0.02,0.00,0.00,0.00,0.06,0.00,0.03,0.24,266.00,378.00,30.90,25.30,0.00,0,0,0.27,0.20,2.23,0.09,0.59,1.55,1.20,6.21,0.02,3.38,-0.20,0.34,0.42,3.65,Nutriscore_A
d0aae708-f260-55d9-b5ce-85101ce933cd,d8a3ce43-41ef-5321-9685-49a73bff4ef0,Brazil nut,15008,7.39,0.00,0.14,0.02,0.00,0.00,0.00,0.02,0.00,0.03,0.09,24.10,502.00,17.50,22.80,0.00,0,0,8.25,3.81,74.21,0.27,33.60,5.37,50.86,84.14,0.61,83.02,-1.94,38.41,51.90,2.89,Nutriscore_B
49979c14-a87f-588c-80b9-109ed4e87a8c,00f36fcf-7b4e-519d-9cf2-4c99e5ad19cf,"Cashew nut, grilled, salted",15019,3.56,0.00,0.14,0.02,0.00,0.00,0.00,0.08,0.00,0.05,0.32,27.90,584.00,14.90,26.40,0.00,0,0,8.25,3.81,74.21,0.27,33.60,5.37,50.86,84.14,0.61,83.02,-1.94,38.41,51.90,2.89,Nutriscore_D
c2facb23-37f9-517b-a479-17597c3a3d60,a252490f-522d-5b7d-80d4-59ea9f3ff59a,Chestnut flour,9570,2.39,0.00,0.35,0.01,0.00,0.00,0.00,0.03,0.00,0.01,0.11,29.70,433.00,5.87,30.00,0.00,0,0,8.25,3.81,74.21,0.27,33.60,5.37,50.86,84.14,0.61,83.02,-1.94,38.41,51.90,2.89,Nutriscore_A
1bff9461-8d7c-553e-9071-97a275afdfa5,a252490f-522d-5b7d-80d4-59ea9f3ff59a,"Chestnut, boiled/cooked in water",15020,2.28,0.00,0.33,0.01,0.00,0.00,0.00,0.02,0.00,0.01,0.09,27.90,330.00,4.56,29.30,0.00,0,0,8.25,3.81,74.21,0.27,33.60,5.37,50.86,84.14,0.61,83.02,-1.94,38.41,51.90,2.89,Nutriscore_A
f802225a-50cb-5995-abeb-e6efc57a2338,a252490f-522d-5b7d-80d4-59ea9f3ff59a,"Chestnut, canned",15039,1.94,0.00,1.00,0.01,0.00,0.00,0.00,0.02,0.00,0.01,0.06,22.30,228.00,3.19,40.40,0.00,0,0,8.25,3.81,74.21,0.27,33.60,5.37,50.86,84.14,0.61,83.02,-1.94,38.41,51.90,2.89,Nutriscore_B
e7b7db17-c596-5aaa-81a8-fb8279f32cec,a252490f-522d-5b7d-80d4-59ea9f3ff59a,"Chestnut, grilled",15021,1.90,0.00,0.24,0.01,0.00,0.00,0.00,0.02,0.00,0.01,0.08,21.60,327.00,4.54,24.00,0.00,0,0,8.25,3.81,74.21,0.27,33.60,5.37,50.86,84.14,0.61,83.02,-1.94,38.41,51.90,2.89,Nutriscore_A
c2bc6ed5-c3cf-5d84-90dc-2d416b20203b,a252490f-522d-5b7d-80d4-59ea9f3ff59a,"Chestnut, raw",15024,1.94,0.00,0.27,0.01,0.00,0.00,0.00,0.02,0.00,0.01,0.09,23.90,363.00,4.92,23.60,0.00,0,0,8.25,3.81,74.21,0.27,33.60,5.37,50.86,84.14,0.61,83.02,-1.94,38.41,51.90,2.89,Nutriscore_A
bf8ad38b-25eb-5f4a-8299-05d9baaba880,36d8b655-7bb3-56b9-9145-b70601074207,"Coconut, immature kernel, fresh",15014,2.42,0.00,0.23,0.01,0.00,0.00,0.00,0.03,0.00,0.02,0.11,103.00,182.00,12.40,24.00,0.00,0,0,8.25,3.81,74.21,0.27,33.60,5.37,50.86,84.14,0.61,83.02,-1.94,38.41,51.90,2.89,Nutriscore_C
3d3941e9-b7b3-53db-8948-2fa5db222d7a,36d8b655-7bb3-56b9-9145-b70601074207,"Coconut, kernel, dried",15007,2.42,0.00,0.23,0.01,0.00,0.00,0.00,0.03,0.00,0.02,0.11,103.00,182.00,12.40,24.00,0.00,0,0,8.25,3.81,74.21,0.27,33.60,5.37,50.86,84.14,0.61,83.02,-1.94,38.41,51.90,2.89,Nutriscore_D
13477e63-9c3f-5947-a74f-a610fb71dc2a,36d8b655-7bb3-56b9-9145-b70601074207,"Coconut, ripe kernel, fresh",15006,2.42,0.00,0.23,0.01,0.00,0.00,0.00,0.03,0.00,0.02,0.11,103.00,182.00,12.40,24.00,0.00,0,0,8.25,3.81,74.21,0.27,33.60,5.37,50.86,84.14,0.61,83.02,-1.94,38.41,51.90,2.89,Nutriscore_C
4c1eaae6-c81c-52b3-8259-323f2589c47c,f8792a78-8cf7-55d5-9907-4b652533ff3c,Hazelnut,15004,4.81,0.00,0.21,0.03,0.00,0.00,0.00,0.07,0.00,0.07,0.35,118.00,819.00,11.70,34.20,0.00,0,0,8.25,3.81,74.21,0.27,33.60,5.37,50.86,84.14,0.61,83.02,-1.94,38.41,51.90,2.89,Nutriscore_A
d8bc2ecd-27c8-5806-b19c-d40fbd4306c5,f8792a78-8cf7-55d5-9907-4b652533ff3c,"Hazelnut, grilled",15033,5.01,0.00,0.21,0.03,0.00,0.00,0.00,0.07,0.00,0.07,0.35,118.00,819.00,11.80,37.10,0.00,0,0,8.25,3.81,74.21,0.27,33.60,5.37,50.86,84.14,0.61,83.02,-1.94,38.41,51.90,2.89,Nutriscore_A
0d5aa55d-b196-53aa-b005-60b53ff13aed,f8792a78-8cf7-55d5-9907-4b652533ff3c,"Hazelnut, grilled, salted",15050,5.01,0.00,0.21,0.03,0.00,0.00,0.00,0.07,0.00,0.07,0.35,118.00,819.00,11.80,37.10,0.00,0,0,8.25,3.81,74.21,0.27,33.60,5.37,50.86,84.14,0.61,83.02,-1.94,38.41,51.90,2.89,Nutriscore_B
20ae37b6-7a3d-5061-9fab-824bdfa197cf,6751d1d1-2038-547e-a4ed-3d8568a81f34,Macadamia nut,15027,3.66,0.00,0.38,0.01,0.00,0.00,0.00,0.04,0.00,0.01,0.17,46.40,652.00,8.95,41.60,0.00,0,0,8.25,3.81,74.21,0.27,33.60,5.37,50.86,84.14,0.61,83.02,-1.94,38.41,51.90,2.89,Nutriscore_B
5f004e06-aa87-55dd-bd2a-b39647918277,6751d1d1-2038-547e-a4ed-3d8568a81f34,"Macadamia nut, grilled, salted",15043,3.66,0.00,0.38,0.01,0.00,0.00,0.00,0.04,0.00,0.01,0.17,46.40,652.00,8.95,41.60,0.00,0,0,8.25,3.81,74.21,0.27,33.60,5.37,50.86,84.14,0.61,83.02,-1.94,38.41,51.90,2.89,Nutriscore_C
6f55661a-2f5a-5f25-8390-83e40914cf4d,019fefb1-3ee7-591d-8a58-33a03f4203db,Mix of salted grains/nuts and raisins,15018,2.62,0.00,0.17,0.01,0.00,0.00,0.00,0.04,0.00,0.03,0.18,89.80,380.00,20.70,23.90,0.00,0,0,8.25,3.81,74.21,0.27,33.60,5.37,50.86,84.14,0.61,83.02,-1.94,38.41,51.90,2.89,Nutriscore_C
a2b28b1c-3cb3-5f7d-995d-6755d369fe85,019fefb1-3ee7-591d-8a58-33a03f4203db,Mix of unsalted grains/nuts and dried fruit,15048,2.62,0.00,0.17,0.01,0.00,0.00,0.00,0.04,0.00,0.03,0.18,89.80,380.00,20.70,23.90,0.00,0,0,8.25,3.81,74.21,0.27,33.60,5.37,50.86,84.14,0.61,83.02,-1.94,38.41,51.90,2.89,Nutriscore_B
bf858987-92f0-5ab7-af1b-484ec9797ea5,019fefb1-3ee7-591d-8a58-33a03f4203db,Mix of unsalted grains/nuts and raisins,15049,2.62,0.00,0.17,0.01,0.00,0.00,0.00,0.04,0.00,0.03,0.18,89.80,380.00,20.70,23.90,0.00,0,0,8.25,3.81,74.21,0.27,33.60,5.37,50.86,84.14,0.61,83.02,-1.94,38.41,51.90,2.89,Nutriscore_C
96b1a941-f227-5cae-9f99-71a77943881c,d879fd24-3a31-5dca-90d1-3439a7741824,Pecan nut,15026,3.66,0.00,0.38,0.01,0.00,0.00,0.00,0.04,0.00,0.01,0.17,46.40,652.00,8.95,41.60,0.00,0,0,8.25,3.81,74.21,0.27,33.60,5.37,50.86,84.14,0.61,83.02,-1.94,38.41,51.90,2.89,Nutriscore_A
793c7b71-5032-54b0-a33e-d2e8bae0cf24,d879fd24-3a31-5dca-90d1-3439a7741824,"Pecan nut, salted",15046,3.66,0.00,0.38,0.01,0.00,0.00,0.00,0.04,0.00,0.01,0.17,46.40,652.00,8.95,41.60,0.00,0,0,8.25,3.81,74.21,0.27,33.60,5.37,50.86,84.14,0.61,83.02,-1.94,38.41,51.90,2.89,Nutriscore_C
d54f78d0-b357-5935-893e-e29d0de3e744,70d054ec-5e44-535e-85a2-8e8d8a67c157,Pine nuts,15025,4.18,0.00,0.14,0.01,0.00,0.00,0.00,0.06,0.00,0.04,0.28,25.40,535.00,14.60,21.20,0.00,0,0,8.25,3.81,74.21,0.27,33.60,5.37,50.86,84.14,0.61,83.02,-1.94,38.41,51.90,2.89,Nutriscore_A
79f70cd1-3c3b-5432-ac3f-3cb0f8587611,99dff6d2-119d-5d4a-a087-b5beee61c568,"Pistachio nut, grilled",15044,7.22,0.00,0.25,0.02,0.00,0.00,0.00,0.04,0.00,0.04,0.16,23.80,609.00,15.10,29.70,0.00,0,0,8.25,3.81,74.21,0.27,33.60,5.37,50.86,84.14,0.61,83.02,-1.94,38.41,51.90,2.89,Nutriscore_A
45862f73-f229-5742-b839-fd3c7815b13f,99dff6d2-119d-5d4a-a087-b5beee61c568,"Pistachio nut, grilled, salted",15009,7.22,0.00,0.25,0.02,0.00,0.00,0.00,0.04,0.00,0.04,0.16,23.80,609.00,15.10,29.70,0.00,0,0,8.25,3.81,74.21,0.27,33.60,5.37,50.86,84.14,0.61,83.02,-1.94,38.41,51.90,2.89,Nutriscore_C
e75ec6a0-f787-5eb5-933b-55897efee574,97151b9e-8ff6-5da8-a79a-d72a52fa3f98,"Walnut, dried, husked",15005,4.11,0.00,0.48,0.01,0.00,0.00,0.00,0.04,0.00,0.02,0.17,44.70,653.00,9.09,48.00,0.00,0,0,8.25,3.81,74.21,0.27,33.60,5.37,50.86,84.14,0.61,83.02,-1.94,38.41,51.90,2.89,Nutriscore_A
414c1081-ecd6-5ab4-a28d-06ccd302895e,97151b9e-8ff6-5da8-a79a-d72a52fa3f98,"Walnut, fresh",15023,4.11,0.00,0.48,0.01,0.00,0.00,0.00,0.04,0.00,0.02,0.17,44.70,653.00,9.09,48.00,0.00,0,0,8.25,3.81,74.21,0.27,33.60,5.37,50.86,84.14,0.61,83.02,-1.94,38.41,51.90,2.89,Nutriscore_A
410ddffb-d382-5e73-acd3-d4b03b93b309,b721146e-5dd7-5cfa-b565-9cb4620aabef,"Kidney, beef, cooked",40403,31.50,0.00,1.55,0.05,0.00,0.00,0.00,0.44,0.00,0.09,1.94,159.00,2050.00,2.65,80.70,0.00,0.376855243,9.200666633,0.01,0.03,0.18,0.02,0.13,0.44,0.10,0.82,0.01,0.31,-0.05,0.03,0.03,0.05,Nutriscore_C
f6101043-e258-57f9-b55c-dacb8ca2ee92,b721146e-5dd7-5cfa-b565-9cb4620aabef,"Kidney, beef, raw",40402,22.90,0.00,0.74,0.03,0.00,0.00,0.00,0.32,0.00,0.07,1.41,115.00,1490.00,1.91,50.20,0.00,0.376855243,9.200666633,0.01,0.03,0.18,0.02,0.13,0.44,0.10,0.82,0.01,0.31,-0.05,0.03,0.03,0.05,Nutriscore_B
42da3a6c-2805-5dfe-83e9-3155961cc864,9cb15550-7853-5e7f-b726-800d16d0fce2,"Brain, calf, cooked",40007,31.00,0.00,2.52,0.05,0.00,0.00,0.00,0.36,0.00,0.10,1.54,414.00,1410.00,4.23,158.00,0.00,4.149682376,37.80720507,0.01,0.03,0.18,0.02,0.13,0.44,0.10,0.82,0.01,0.31,-0.05,0.03,0.03,0.05,Nutriscore_B
ea08fb31-8ee5-5c09-8cb8-41be7fe66c54,9cb15550-7853-5e7f-b726-800d16d0fce2,"Brain, calf, raw",40006,22.60,0.00,1.44,0.04,0.00,0.00,0.00,0.26,0.00,0.07,1.12,301.00,1030.00,3.06,106.00,0.00,4.149682376,37.80720507,0.01,0.03,0.18,0.02,0.13,0.44,0.10,0.82,0.01,0.31,-0.05,0.03,0.03,0.05,Nutriscore_B
cf204380-8b64-553b-9033-e96c176dbc1f,9cb15550-7853-5e7f-b726-800d16d0fce2,"Brain, lamb, cooked",40003,29.70,0.00,1.45,0.05,0.00,0.00,0.00,0.61,0.00,0.12,2.70,151.00,3150.00,5.03,82.10,0.00,4.149682376,37.80720507,0.01,0.03,0.18,0.02,0.13,0.44,0.10,0.82,0.01,0.31,-0.05,0.03,0.03,0.05,Nutriscore_B
656b69f0-ec69-50a8-9374-4213807e97d1,9cb15550-7853-5e7f-b726-800d16d0fce2,"Brain, lamb, raw",40002,21.60,0.00,0.67,0.04,0.00,0.00,0.00,0.44,0.00,0.08,1.97,109.00,2300.00,3.64,51.20,0.00,4.149682376,37.80720507,0.01,0.03,0.18,0.02,0.13,0.44,0.10,0.82,0.01,0.31,-0.05,0.03,0.03,0.05,Nutriscore_B
919eed2c-a295-537e-aac8-14309d97b9b4,9cb15550-7853-5e7f-b726-800d16d0fce2,"Brain, pork, braised",40004,3.91,0.00,1.38,0.01,0.00,0.00,0.00,0.05,0.00,0.02,0.23,101.00,184.00,1.26,49.80,0.00,4.149682376,37.80720507,0.01,0.03,0.18,0.02,0.13,0.44,0.10,0.82,0.01,0.31,-0.05,0.03,0.03,0.05,Nutriscore_C
eb28478e-05ae-5672-b39d-2caa23d708ac,9cb15550-7853-5e7f-b726-800d16d0fce2,"Brain, pork, raw",40005,2.79,0.00,0.62,0.01,0.00,0.00,0.00,0.04,0.00,0.01,0.17,72.80,134.00,0.90,27.60,0.00,4.149682376,37.80720507,0.01,0.03,0.18,0.02,0.13,0.44,0.10,0.82,0.01,0.31,-0.05,0.03,0.03,0.05,Nutriscore_B
872e72f3-58e8-5eaa-b7dd-4937b4ebdb7d,50ee4421-9a35-5cd9-b83e-7303b1b78c8f,"Liver, chicken, cooked",40116,2.14,0.00,0.90,0.01,0.00,0.00,0.00,0.05,0.00,0.01,0.19,51.00,99.90,0.87,37.20,0.00,90.48689578,34.71515837,0.01,0.03,0.18,0.02,0.13,0.44,0.10,0.82,0.01,0.31,-0.05,0.03,0.03,0.05,Nutriscore_A
5bf0c710-bde8-5e07-be38-6da10566e973,50ee4421-9a35-5cd9-b83e-7303b1b78c8f,"Liver, chicken, raw",40111,1.50,0.00,0.26,0.01,0.00,0.00,0.00,0.03,0.00,0.01,0.14,36.70,72.50,0.61,18.50,0.00,90.48689578,34.71515837,0.01,0.03,0.18,0.02,0.13,0.44,0.10,0.82,0.01,0.31,-0.05,0.03,0.03,0.05,Nutriscore_A
918a6f95-4720-54cd-bac8-db97f30829a2,50ee4421-9a35-5cd9-b83e-7303b1b78c8f,"Liver, poultry, raw",40108,1.50,0.00,0.26,0.01,0.00,0.00,0.00,0.03,0.00,0.01,0.14,36.70,72.50,0.61,18.50,0.00,90.48689578,34.71515837,0.01,0.03,0.18,0.02,0.13,0.44,0.10,0.82,0.01,0.31,-0.05,0.03,0.03,0.05,Nutriscore_A
bee33b78-9dd8-5d83-a4d9-1b8a468ed086,b18e3423-6298-5e4c-bf11-4dce72ec47c6,"Block duck foie gras, pasteurized",8331,24.70,0.00,13.00,0.06,0.00,0.00,0.00,0.49,0.00,0.11,2.11,433.00,1190.00,8.54,439.00,0.00,91.23007072,31.54138387,0.01,0.03,0.18,0.02,0.13,0.44,0.10,0.82,0.01,0.31,-0.05,0.03,0.03,0.05,Nutriscore_E
bae69bee-2259-5acc-80ea-1fdc3f1c9821,b18e3423-6298-5e4c-bf11-4dce72ec47c6,"Liver, duck, raw",40121,24.00,0.00,12.00,0.06,0.00,0.00,0.00,0.53,0.00,0.12,2.31,469.00,1280.00,9.01,414.00,0.00,91.23007072,31.54138387,0.01,0.03,0.18,0.02,0.13,0.44,0.10,0.82,0.01,0.31,-0.05,0.03,0.03,0.05,Nutriscore_A
b2eac4e5-ab0a-5bb4-ae5e-930e74d9c409,b18e3423-6298-5e4c-bf11-4dce72ec47c6,"Whole duck foie gras, pasteurized",8321,28.90,0.00,14.00,0.08,0.00,0.00,0.00,0.56,0.01,0.13,2.41,512.00,1350.00,9.90,495.00,0.00,91.23007072,31.54138387,0.01,0.03,0.18,0.02,0.13,0.44,0.10,0.82,0.01,0.31,-0.05,0.03,0.03,0.05,Nutriscore_E
85a7445a-5a20-58e0-be9a-415f2455ae82,4ad861ef-660c-5772-8175-e8e3a04ef298,"Gizzard, chicken, raw",40700,1.50,0.00,0.26,0.01,0.00,0.00,0.00,0.03,0.00,0.01,0.14,36.70,72.50,0.61,18.50,0.00,90.71135526,34.01490512,0.01,0.03,0.18,0.02,0.13,0.44,0.10,0.82,0.01,0.31,-0.05,0.03,0.03,0.05,Nutriscore_A
2dcfed36-0c74-5312-ad0b-b0ff8763efbb,4ad861ef-660c-5772-8175-e8e3a04ef298,"Heart, chicken, cooked",40056,2.14,0.00,0.90,0.01,0.00,0.00,0.00,0.05,0.00,0.01,0.19,51.00,99.90,0.87,37.20,0.00,90.71135526,34.01490512,0.01,0.03,0.18,0.02,0.13,0.44,0.10,0.82,0.01,0.31,-0.05,0.03,0.03,0.05,Nutriscore_A
244b3e6e-1262-536a-9ec3-28b150a0c806,4ad861ef-660c-5772-8175-e8e3a04ef298,"Heart, chicken, raw",40054,1.50,0.00,0.26,0.01,0.00,0.00,0.00,0.03,0.00,0.01,0.14,36.70,72.50,0.61,18.50,0.00,90.71135526,34.01490512,0.01,0.03,0.18,0.02,0.13,0.44,0.10,0.82,0.01,0.31,-0.05,0.03,0.03,0.05,Nutriscore_A
42507ebb-8ec4-5e38-b687-1330659312cf,44519e21-71ff-51ec-913e-701086af75a9,"Liver, goose, raw",40120,1.50,0.00,0.26,0.01,0.00,0.00,0.00,0.03,0.00,0.01,0.14,36.70,72.50,0.61,18.50,0.00,91.11310069,64.07851937,0.01,0.03,0.18,0.02,0.13,0.44,0.10,0.82,0.01,0.31,-0.05,0.03,0.03,0.05,Nutriscore_A
cf5d3830-2550-5f89-8cde-79b7a1e65eb1,b174480e-66b2-5baf-930a-f5139bc427eb,"Heart, beef, cooked",40053,31.50,0.00,1.55,0.05,0.00,0.00,0.00,0.44,0.00,0.09,1.94,159.00,2050.00,2.65,80.70,0.00,1.109684428,23.4428933,0.01,0.03,0.18,0.02,0.13,0.44,0.10,0.82,0.01,0.31,-0.05,0.03,0.03,0.05,Nutriscore_A
0c6ab624-ca80-5e39-964b-f6a8de81200d,b174480e-66b2-5baf-930a-f5139bc427eb,"Heart, beef, raw",40052,22.90,0.00,0.74,0.03,0.00,0.00,0.00,0.32,0.00,0.07,1.41,115.00,1490.00,1.91,50.20,0.00,1.109684428,23.4428933,0.01,0.03,0.18,0.02,0.13,0.44,0.10,0.82,0.01,0.31,-0.05,0.03,0.03,0.05,Nutriscore_A
e9599840-4147-57d6-a782-a7e3759212b8,b174480e-66b2-5baf-930a-f5139bc427eb,"Heart, lamb, cooked",40059,29.70,0.00,1.45,0.05,0.00,0.00,0.00,0.61,0.00,0.12,2.70,151.00,3150.00,5.03,82.10,0.00,1.109684428,23.4428933,0.01,0.03,0.18,0.02,0.13,0.44,0.10,0.82,0.01,0.31,-0.05,0.03,0.03,0.05,Nutriscore_C
194db2d9-34c2-5717-bc32-be79138a6613,b174480e-66b2-5baf-930a-f5139bc427eb,"Heart, lamb, raw",40058,21.60,0.00,0.67,0.04,0.00,0.00,0.00,0.44,0.00,0.08,1.97,109.00,2300.00,3.64,51.20,0.00,1.109684428,23.4428933,0.01,0.03,0.18,0.02,0.13,0.44,0.10,0.82,0.01,0.31,-0.05,0.03,0.03,0.05,Nutriscore_B
23c6a0e9-a001-5933-a923-b608675f548a,b174480e-66b2-5baf-930a-f5139bc427eb,"Heart, pork, raw",40060,2.79,0.00,0.62,0.01,0.00,0.00,0.00,0.04,0.00,0.01,0.17,72.80,134.00,0.90,27.60,0.00,1.109684428,23.4428933,0.01,0.03,0.18,0.02,0.13,0.44,0.10,0.82,0.01,0.31,-0.05,0.03,0.03,0.05,Nutriscore_A
cf266237-1afd-5d0c-af78-08bd37b9028e,b174480e-66b2-5baf-930a-f5139bc427eb,"Heart, veal, raw",40062,22.60,0.00,1.44,0.04,0.00,0.00,0.00,0.26,0.00,0.07,1.12,301.00,1030.00,3.06,106.00,0.00,1.109684428,23.4428933,0.01,0.03,0.18,0.02,0.13,0.44,0.10,0.82,0.01,0.31,-0.05,0.03,0.03,0.05,Nutriscore_A
7288dcca-1f65-57d1-9fad-36453d49b01b,c9a7c124-b387-5419-b074-a48395e1ca9b,"Kidney, lamb, braised",40406,29.70,0.00,1.45,0.05,0.00,0.00,0.00,0.61,0.00,0.12,2.70,151.00,3150.00,5.03,82.10,0.00,4.951749252,25.98798549,0.01,0.03,0.18,0.02,0.13,0.44,0.10,0.82,0.01,0.31,-0.05,0.03,0.03,0.05,Nutriscore_B
6782df0f-e22f-584b-943d-5b2f0f74c748,c9a7c124-b387-5419-b074-a48395e1ca9b,"Kidney, lamb, raw",40407,21.60,0.00,0.67,0.04,0.00,0.00,0.00,0.44,0.00,0.08,1.97,109.00,2300.00,3.64,51.20,0.00,4.951749252,25.98798549,0.01,0.03,0.18,0.02,0.13,0.44,0.10,0.82,0.01,0.31,-0.05,0.03,0.03,0.05,Nutriscore_B
2a33ca13-5920-5cef-aae6-54602fa584d0,f0946b8d-f774-5742-ab87-a804ae6c92bd,"Liver, lamb, cooked",40103,29.70,0.00,1.45,0.05,0.00,0.00,0.00,0.61,0.00,0.12,2.70,151.00,3150.00,5.03,82.10,0.00,4.951749252,25.98798549,0.01,0.03,0.18,0.02,0.13,0.44,0.10,0.82,0.01,0.31,-0.05,0.03,0.03,0.05,Nutriscore_B
0ab9ca4e-0281-597a-a9f7-433c393d3632,f0946b8d-f774-5742-ab87-a804ae6c92bd,"Liver, lamb, raw",40102,21.60,0.00,0.67,0.04,0.00,0.00,0.00,0.44,0.00,0.08,1.97,109.00,2300.00,3.64,51.20,0.00,4.951749252,25.98798549,0.01,0.03,0.18,0.02,0.13,0.44,0.10,0.82,0.01,0.31,-0.05,0.03,0.03,0.05,Nutriscore_A
51c85462-d4a1-56bd-9aa4-ba80b656e7b1,96aa54e4-ca65-5c40-9269-f62d8cf80210,"Kidney, pork, cooked",40405,3.91,0.00,1.38,0.01,0.00,0.00,0.00,0.05,0.00,0.02,0.23,101.00,184.00,1.26,49.80,0.00,4.448128493,88.32414812,0.01,0.03,0.18,0.02,0.13,0.44,0.10,0.82,0.01,0.31,-0.05,0.03,0.03,0.05,Nutriscore_A
f77ba21c-8d7a-5f16-9074-0c2fe73b60dc,96aa54e4-ca65-5c40-9269-f62d8cf80210,"Kidney, pork, raw",40404,2.79,0.00,0.62,0.01,0.00,0.00,0.00,0.04,0.00,0.01,0.17,72.80,134.00,0.90,27.60,0.00,4.448128493,88.32414812,0.01,0.03,0.18,0.02,0.13,0.44,0.10,0.82,0.01,0.31,-0.05,0.03,0.03,0.05,Nutriscore_B
79e89040-f8d3-58bc-ad84-4afe94b0bbad,9e2550f6-81e6-55c1-84ea-465734c7d7c1,"Liver, pork, cooked",40113,3.91,0.00,1.38,0.01,0.00,0.00,0.00,0.05,0.00,0.02,0.23,101.00,184.00,1.26,49.80,0.00,4.448128493,88.32414812,0.01,0.03,0.18,0.02,0.13,0.44,0.10,0.82,0.01,0.31,-0.05,0.03,0.03,0.05,Nutriscore_A
7475bd67-2058-5a45-a04d-f4f9f64aaf92,9e2550f6-81e6-55c1-84ea-465734c7d7c1,"Liver, pork, raw",40119,2.79,0.00,0.62,0.01,0.00,0.00,0.00,0.04,0.00,0.01,0.17,72.80,134.00,0.90,27.60,0.00,4.448128493,88.32414812,0.01,0.03,0.18,0.02,0.13,0.44,0.10,0.82,0.01,0.31,-0.05,0.03,0.03,0.05,Nutriscore_B
01633dd8-b5dd-5caa-96a6-c3c36e31632e,5d1e5c36-f2ec-5dd2-af58-4bac35823126,Chitterling sausage,8500,11.90,0.00,2.04,0.02,0.00,0.00,0.00,0.18,0.00,0.05,0.77,228.00,699.00,2.72,79.40,0.00,0.376855243,9.200666633,0.01,0.03,0.18,0.02,0.13,0.44,0.10,0.82,0.01,0.31,-0.05,0.03,0.03,0.05,Nutriscore_E
55267a22-e005-5602-a7a2-42a8ce33b822,5d1e5c36-f2ec-5dd2-af58-4bac35823126,Chitterling sausage from Guéméné,8501,11.90,0.00,2.04,0.02,0.00,0.00,0.00,0.18,0.00,0.05,0.77,228.00,699.00,2.72,79.40,0.00,0.376855243,9.200666633,0.01,0.03,0.18,0.02,0.13,0.44,0.10,0.82,0.01,0.31,-0.05,0.03,0.03,0.05,Nutriscore_D
ada07999-b3ae-5bc9-81c4-af4b69ed1201,5d1e5c36-f2ec-5dd2-af58-4bac35823126,"Chitterling sausage from Troyes, raw",8552,11.80,0.00,1.50,0.02,0.00,0.00,0.00,0.18,0.00,0.05,0.77,228.00,699.00,2.68,67.40,0.00,0.376855243,9.200666633,0.01,0.03,0.18,0.02,0.13,0.44,0.10,0.82,0.01,0.31,-0.05,0.03,0.03,0.05,Nutriscore_E
4ea94b00-6999-5b37-b3bc-c82709344a95,5d1e5c36-f2ec-5dd2-af58-4bac35823126,Chitterling sausage from Vire,8512,11.90,0.00,2.04,0.02,0.00,0.00,0.00,0.18,0.00,0.05,0.77,228.00,699.00,2.72,79.40,0.00,0.376855243,9.200666633,0.01,0.03,0.18,0.02,0.13,0.44,0.10,0.82,0.01,0.31,-0.05,0.03,0.03,0.05,Nutriscore_D
0f06db78-cf57-5b22-8ec5-b41470b2e988,5d1e5c36-f2ec-5dd2-af58-4bac35823126,"Chitterling sausage, pan-reheated",8504,11.90,0.00,2.04,0.02,0.00,0.00,0.00,0.18,0.00,0.05,0.77,228.00,699.00,2.72,79.40,0.00,0.376855243,9.200666633,0.01,0.03,0.18,0.02,0.13,0.44,0.10,0.82,0.01,0.31,-0.05,0.03,0.03,0.05,Nutriscore_E
1b338f9f-840b-5932-bbc8-6e5b7336b570,5d1e5c36-f2ec-5dd2-af58-4bac35823126,"Chitterling sausage, raw",8550,11.80,0.00,1.50,0.02,0.00,0.00,0.00,0.18,0.00,0.05,0.77,228.00,699.00,2.68,67.40,0.00,0.376855243,9.200666633,0.01,0.03,0.18,0.02,0.13,0.44,0.10,0.82,0.01,0.31,-0.05,0.03,0.03,0.05,Nutriscore_D
00790294-e2b7-5a61-83e9-cb737906ad6f,5d1e5c36-f2ec-5dd2-af58-4bac35823126,"Chitterling sausage, sautéed/pan-fried",8551,11.90,0.00,2.04,0.02,0.00,0.00,0.00,0.18,0.00,0.05,0.77,228.00,699.00,2.72,79.40,0.00,0.376855243,9.200666633,0.01,0.03,0.18,0.02,0.13,0.44,0.10,0.82,0.01,0.31,-0.05,0.03,0.03,0.05,Nutriscore_E
f49e060e-4ea9-5601-b078-05c492836999,5d1e5c36-f2ec-5dd2-af58-4bac35823126,"Tripe, beef, raw",40502,28.70,0.00,0.93,0.04,0.00,0.00,0.00,0.40,0.00,0.08,1.76,145.00,1870.00,2.39,62.80,0.00,0.376855243,9.200666633,0.01,0.03,0.18,0.02,0.13,0.44,0.10,0.82,0.01,0.31,-0.05,0.03,0.03,0.05,Nutriscore_B
2909f555-a43a-52c9-826f-00727f72af9a,2d7f44c7-cf27-5583-a9b0-a61e8082fc8f,"Sweetbread, calf, raw",40304,28.30,0.00,1.80,0.05,0.00,0.00,0.00,0.33,0.00,0.09,1.40,377.00,1290.00,3.83,133.00,0.00,0.376855243,9.200666633,0.01,0.03,0.18,0.02,0.13,0.44,0.10,0.82,0.01,0.31,-0.05,0.03,0.03,0.05,Nutriscore_A
372c8102-0078-53bb-b1ce-94270c81501d,2d7f44c7-cf27-5583-a9b0-a61e8082fc8f,"Sweetbread, calf, sautéed/pan-fried",40305,38.90,0.00,2.61,0.07,0.00,0.00,0.00,0.45,0.00,0.12,1.93,518.00,1770.00,5.26,187.00,0.00,0.376855243,9.200666633,0.01,0.03,0.18,0.02,0.13,0.44,0.10,0.82,0.01,0.31,-0.05,0.03,0.03,0.05,Nutriscore_B
021b7714-6610-5167-af79-6a1e58153f9e,2d7f44c7-cf27-5583-a9b0-a61e8082fc8f,"Sweetbread, lamb, cooked",40303,37.20,0.00,1.68,0.06,0.00,0.00,0.00,0.76,0.00,0.14,3.38,189.00,3930.00,6.28,99.70,0.00,0.376855243,9.200666633,0.01,0.03,0.18,0.02,0.13,0.44,0.10,0.82,0.01,0.31,-0.05,0.03,0.03,0.05,Nutriscore_C
f8bd095b-e955-57f8-99ad-83b9d21cd5e4,2d7f44c7-cf27-5583-a9b0-a61e8082fc8f,"Sweetbread, lamb, raw",40302,27.10,0.00,0.84,0.05,0.00,0.00,0.00,0.56,0.00,0.11,2.46,137.00,2870.00,4.56,64.00,0.00,0.376855243,9.200666633,0.01,0.03,0.18,0.02,0.13,0.44,0.10,0.82,0.01,0.31,-0.05,0.03,0.03,0.05,Nutriscore_C
9f7d5f54-3d05-515a-91b5-e180c3d876f8,52898d9e-18cc-5919-adea-3bae98e9e029,"Tongue, beef, cooked",40203,31.50,0.00,1.55,0.05,0.00,0.00,0.00,0.44,0.00,0.09,1.94,159.00,2050.00,2.65,80.70,0.00,1.109684428,23.4428933,0.01,0.03,0.18,0.02,0.13,0.44,0.10,0.82,0.01,0.31,-0.05,0.03,0.03,0.05,Nutriscore_C
a6488e14-8afa-5350-bd8a-4604991893c8,52898d9e-18cc-5919-adea-3bae98e9e029,"Tongue, beef, raw",40202,22.90,0.00,0.74,0.03,0.00,0.00,0.00,0.32,0.00,0.07,1.41,115.00,1490.00,1.91,50.20,0.00,1.109684428,23.4428933,0.01,0.03,0.18,0.02,0.13,0.44,0.10,0.82,0.01,0.31,-0.05,0.03,0.03,0.05,Nutriscore_C
b6d3867a-3b08-5387-9c52-d1f0b67dfbef,52898d9e-18cc-5919-adea-3bae98e9e029,"Tongue, calf, cooked",40201,31.00,0.00,2.52,0.05,0.00,0.00,0.00,0.36,0.00,0.10,1.54,414.00,1410.00,4.23,158.00,0.00,1.109684428,23.4428933,0.01,0.03,0.18,0.02,0.13,0.44,0.10,0.82,0.01,0.31,-0.05,0.03,0.03,0.05,Nutriscore_C
9ebcc794-0d32-59f7-8f94-130d9b88ad57,52898d9e-18cc-5919-adea-3bae98e9e029,"Tongue, calf, raw",40204,22.60,0.00,1.44,0.04,0.00,0.00,0.00,0.26,0.00,0.07,1.12,301.00,1030.00,3.06,106.00,0.00,1.109684428,23.4428933,0.01,0.03,0.18,0.02,0.13,0.44,0.10,0.82,0.01,0.31,-0.05,0.03,0.03,0.05,Nutriscore_C
e876550a-5308-5504-9485-dac09ec3833e,52898d9e-18cc-5919-adea-3bae98e9e029,"Tongue, pork, raw",40205,2.79,0.00,0.62,0.01,0.00,0.00,0.00,0.04,0.00,0.01,0.17,72.80,134.00,0.90,27.60,0.00,1.109684428,23.4428933,0.01,0.03,0.18,0.02,0.13,0.44,0.10,0.82,0.01,0.31,-0.05,0.03,0.03,0.05,Nutriscore_C
fa134f90-d3d0-594c-af0c-baac0c71db56,13cdd237-3cb4-50d6-ba16-9663b93fdd8e,"Calf, foot, raw",6580,23.30,0.00,1.52,0.04,0.00,0.00,0.00,0.27,0.00,0.07,1.15,310.00,1060.00,3.17,111.00,0.00,4.448128493,88.32414812,0.01,0.03,0.18,0.02,0.13,0.44,0.10,0.82,0.01,0.31,-0.05,0.03,0.03,0.05,Nutriscore_C
1716a08c-020a-5ac1-9bb6-d0d67aa98faa,13cdd237-3cb4-50d6-ba16-9663b93fdd8e,"Calf, head, boiled/cooked in water",6582,29.70,0.00,2.18,0.05,0.00,0.00,0.00,0.34,0.00,0.09,1.46,392.00,1340.00,4.02,149.00,0.00,4.448128493,88.32414812,0.01,0.03,0.18,0.02,0.13,0.44,0.10,0.82,0.01,0.31,-0.05,0.03,0.03,0.05,Nutriscore_C
ca240eb6-3280-5816-b3ce-9184f0af825f,13cdd237-3cb4-50d6-ba16-9663b93fdd8e,Pork ear sat-cured,28530,3.61,0.00,1.32,0.01,0.00,0.00,0.00,0.05,0.00,0.01,0.21,92.70,170.00,1.17,46.80,0.00,4.448128493,88.32414812,0.01,0.03,0.18,0.02,0.13,0.44,0.10,0.82,0.01,0.31,-0.05,0.03,0.03,0.05,Nutriscore_C
a4f5b5b7-c50e-5260-a29b-224f60f4e8ca,13cdd237-3cb4-50d6-ba16-9663b93fdd8e,Pork trotters salt-cured,28540,4.60,0.00,1.51,0.01,0.00,0.00,0.00,0.06,0.00,0.02,0.26,116.00,212.00,1.45,55.60,0.00,4.448128493,88.32414812,0.01,0.03,0.18,0.02,0.13,0.44,0.10,0.82,0.01,0.31,-0.05,0.03,0.03,0.05,Nutriscore_D
951bce0c-93d6-5052-aee0-5f038176ac0a,6ad698fb-7736-5961-9c69-7b7850c8e21a,"Heart, turkey, cooked",40057,2.14,0.00,0.90,0.01,0.00,0.00,0.00,0.05,0.00,0.01,0.19,51.00,99.90,0.87,37.20,0.00,90.97485117,33.19286871,0.01,0.03,0.18,0.02,0.13,0.44,0.10,0.82,0.01,0.31,-0.05,0.03,0.03,0.05,Nutriscore_A
14152762-81ba-5568-a771-5f007441c532,6ad698fb-7736-5961-9c69-7b7850c8e21a,"Heart, turkey, raw",40055,1.50,0.00,0.26,0.01,0.00,0.00,0.00,0.03,0.00,0.01,0.14,36.70,72.50,0.61,18.50,0.00,90.97485117,33.19286871,0.01,0.03,0.18,0.02,0.13,0.44,0.10,0.82,0.01,0.31,-0.05,0.03,0.03,0.05,Nutriscore_A
f9aa13a9-80fa-50ff-96d9-cd12142ea562,6ad698fb-7736-5961-9c69-7b7850c8e21a,"Liver, turkey, cooked",40118,2.14,0.00,0.90,0.01,0.00,0.00,0.00,0.05,0.00,0.01,0.19,51.00,99.90,0.87,37.20,0.00,90.97485117,33.19286871,0.01,0.03,0.18,0.02,0.13,0.44,0.10,0.82,0.01,0.31,-0.05,0.03,0.03,0.05,Nutriscore_A
d2aa8f70-ea85-5e44-b64b-378f5219cf1c,6ad698fb-7736-5961-9c69-7b7850c8e21a,"Liver, turkey, raw",40115,1.50,0.00,0.26,0.01,0.00,0.00,0.00,0.03,0.00,0.01,0.14,36.70,72.50,0.61,18.50,0.00,90.97485117,33.19286871,0.01,0.03,0.18,0.02,0.13,0.44,0.10,0.82,0.01,0.31,-0.05,0.03,0.03,0.05,Nutriscore_A
e7d089e3-d40b-5035-bcb5-19dc1f545ab1,0fa75a03-9c60-5412-88c7-4f7be89ab067,"Kidney, calf, raw",40409,22.60,0.00,1.44,0.04,0.00,0.00,0.00,0.26,0.00,0.07,1.12,301.00,1030.00,3.06,106.00,0.00,0.376855243,9.200666633,0.01,0.03,0.18,0.02,0.13,0.44,0.10,0.82,0.01,0.31,-0.05,0.03,0.03,0.05,Nutriscore_B
ffb75de0-de53-5553-b20c-4cb59e5b3c22,0fa75a03-9c60-5412-88c7-4f7be89ab067,"Kidney, veal, sautéed/pan-fried",40408,31.10,0.00,2.11,0.05,0.00,0.00,0.00,0.36,0.00,0.10,1.54,414.00,1420.00,4.21,150.00,0.00,0.376855243,9.200666633,0.01,0.03,0.18,0.02,0.13,0.44,0.10,0.82,0.01,0.31,-0.05,0.03,0.03,0.05,Nutriscore_C
ade2afaa-10b3-5e9b-a9ad-617f1a52e7b8,492f4e28-fd10-5c56-b888-077720b7027f,"Liver, calf, cooked",40107,31.00,0.00,2.52,0.05,0.00,0.00,0.00,0.36,0.00,0.10,1.54,414.00,1410.00,4.23,158.00,0.00,0.376855243,9.200666633,0.01,0.03,0.18,0.02,0.13,0.44,0.10,0.82,0.01,0.31,-0.05,0.03,0.03,0.05,Nutriscore_A
32c54971-d70b-5c8e-bf82-1606a04192a2,492f4e28-fd10-5c56-b888-077720b7027f,"Liver, calf, raw",40106,22.60,0.00,1.44,0.04,0.00,0.00,0.00,0.26,0.00,0.07,1.12,301.00,1030.00,3.06,106.00,0.00,0.376855243,9.200666633,0.01,0.03,0.18,0.02,0.13,0.44,0.10,0.82,0.01,0.31,-0.05,0.03,0.03,0.05,Nutriscore_A
3eacc8ad-743b-52ed-84f1-86f9467cc1af,492f4e28-fd10-5c56-b888-077720b7027f,"Liver, young cow, cooked",40105,31.50,0.00,1.55,0.05,0.00,0.00,0.00,0.44,0.00,0.09,1.94,159.00,2050.00,2.65,80.70,0.00,0.376855243,9.200666633,0.01,0.03,0.18,0.02,0.13,0.44,0.10,0.82,0.01,0.31,-0.05,0.03,0.03,0.05,Nutriscore_B
4b74522b-970b-54b6-aaa9-539428e5a594,492f4e28-fd10-5c56-b888-077720b7027f,"Liver, young cow, raw",40104,22.90,0.00,0.74,0.03,0.00,0.00,0.00,0.32,0.00,0.07,1.41,115.00,1490.00,1.91,50.20,0.00,0.376855243,9.200666633,0.01,0.03,0.18,0.02,0.13,0.44,0.10,0.82,0.01,0.31,-0.05,0.03,0.03,0.05,Nutriscore_A
c6263c88-d96a-525c-af50-9a1f6e143d76,131442a9-76a0-55ab-8f63-99edf382e27e,"Liver, rabbit, raw",40110,1.50,0.00,0.26,0.01,0.00,0.00,0.00,0.03,0.00,0.01,0.14,36.70,72.50,0.61,18.50,0.00,0,0,0.01,0.03,0.18,0.02,0.13,0.44,0.10,0.82,0.01,0.31,-0.05,0.03,0.03,0.05,Nutriscore_B
3bcdfab6-e202-5bf1-864a-dfaed4442008,162bb59b-c69e-5f08-b4c2-433c393353a3,"Pheasant, meat, roasted/baked",36402,7.75,0.00,1.29,0.03,0.00,0.00,0.00,0.20,0.00,0.04,0.85,221.00,445.00,3.40,86.10,0.00,0,0,0.01,0.04,0.36,0.03,0.26,0.63,0.13,1.50,0.01,0.70,-0.08,0.05,0.05,0.06,Nutriscore_A
e75b9d90-44c2-5d02-82b9-6454a96530d5,4093e6cb-923a-5d65-81a6-2bf1c6c7e6c2,"Quail, meat and skin, cooked",36102,7.75,0.00,1.29,0.03,0.00,0.00,0.00,0.20,0.00,0.04,0.85,221.00,445.00,3.40,86.10,0.00,0,0,0.01,0.04,0.36,0.03,0.26,0.63,0.13,1.50,0.01,0.70,-0.08,0.05,0.05,0.06,Nutriscore_A
a07f7eab-97fd-5bca-a6d7-df42d62ab09e,d70e4369-b63e-5d13-bd60-3d6f3881152e,"Rabbit, wild, meat, cooked",34004,7.75,0.00,1.29,0.03,0.00,0.00,0.00,0.20,0.00,0.04,0.85,221.00,445.00,3.40,86.10,0.00,143.5141596,955.5686911,0.01,0.04,0.36,0.03,0.26,0.63,0.13,1.50,0.01,0.70,-0.08,0.05,0.05,0.06,Nutriscore_A
2ea55dbc-42d3-537f-9b38-48706da18754,d70e4369-b63e-5d13-bd60-3d6f3881152e,"Rabbit, wild, meat, raw",34003,5.78,0.00,0.57,0.02,0.00,0.00,0.00,0.15,0.00,0.03,0.64,166.00,336.00,2.54,56.00,0.00,143.5141596,955.5686911,0.01,0.04,0.36,0.03,0.26,0.63,0.13,1.50,0.01,0.70,-0.08,0.05,0.05,0.06,Nutriscore_A
062cf3b3-062c-5749-afb9-b15e219089f6,771d8a1f-53f4-5128-ac7e-8253d02b420f,Beef on skewer,25505,37.00,0.00,1.68,0.06,0.00,0.00,0.00,0.51,0.00,0.11,2.26,187.00,2390.00,3.19,96.20,0.00,0.376855243,9.200666633,0.02,0.03,0.59,0.06,0.43,1.43,0.29,2.07,0.01,1.47,-0.17,0.06,0.13,0.18,Nutriscore_C
077a4e12-4cd8-5b48-af2c-4bf2fe2b207c,771d8a1f-53f4-5128-ac7e-8253d02b420f,"Beef, bolar-blade, grilled/pan-fried",6208,36.70,0.00,1.25,0.05,0.00,0.00,0.00,0.51,0.00,0.11,2.26,186.00,2390.00,3.03,81.50,0.00,0.376855243,9.200666633,0.02,0.03,0.59,0.06,0.43,1.43,0.29,2.07,0.01,1.47,-0.17,0.06,0.13,0.18,Nutriscore_A
5adaa8e5-b827-5972-b29f-b2cd7d8fa2f4,771d8a1f-53f4-5128-ac7e-8253d02b420f,"Beef, bolar-blade, raw",6202,28.90,0.00,0.90,0.04,0.00,0.00,0.00,0.40,0.00,0.09,1.79,147.00,1890.00,2.39,61.20,0.00,0.376855243,9.200666633,0.02,0.03,0.59,0.06,0.43,1.43,0.29,2.07,0.01,1.47,-0.17,0.06,0.13,0.18,Nutriscore_A
1c91532a-e22e-5759-a086-5ad8dd480131,771d8a1f-53f4-5128-ac7e-8253d02b420f,"Beef, bolar-blade, roasted/baked",6214,36.60,0.00,1.67,0.05,0.00,0.00,0.00,0.51,0.00,0.11,2.26,186.00,2390.00,3.05,89.30,0.00,0.376855243,9.200666633,0.02,0.03,0.59,0.06,0.43,1.43,0.29,2.07,0.01,1.47,-0.17,0.06,0.13,0.18,Nutriscore_A
c67d94c9-a4cf-56a5-bb3d-60d00ae7962e,771d8a1f-53f4-5128-ac7e-8253d02b420f,"Beef, braised",6101,36.60,0.00,1.66,0.05,0.00,0.00,0.00,0.51,0.00,0.11,2.26,186.00,2390.00,3.05,89.00,0.00,0.376855243,9.200666633,0.02,0.03,0.59,0.06,0.43,1.43,0.29,2.07,0.01,1.47,-0.17,0.06,0.13,0.18,Nutriscore_C
74b9f68e-4c6c-5940-9277-da18e261f074,771d8a1f-53f4-5128-ac7e-8253d02b420f,"Beef, cheek, braised or boiled",6141,29.50,0.00,1.16,0.04,0.00,0.00,0.00,0.41,0.00,0.09,1.81,148.00,1910.00,2.46,71.10,0.00,0.376855243,9.200666633,0.02,0.03,0.59,0.06,0.43,1.43,0.29,2.07,0.01,1.47,-0.17,0.06,0.13,0.18,Nutriscore_C
ccac7233-71b8-5e97-980e-b1c699a83e93,771d8a1f-53f4-5128-ac7e-8253d02b420f,"Beef, cheek, raw",6140,28.90,0.00,0.89,0.04,0.00,0.00,0.00,0.40,0.00,0.09,1.79,147.00,1890.00,2.39,61.00,0.00,0.376855243,9.200666633,0.02,0.03,0.59,0.06,0.43,1.43,0.29,2.07,0.01,1.47,-0.17,0.06,0.13,0.18,Nutriscore_A
0146b754-3b85-5c43-9db0-dcae83821292,771d8a1f-53f4-5128-ac7e-8253d02b420f,"Beef, chuck, braised or boiled",6271,46.00,0.00,1.65,0.07,0.00,0.00,0.00,0.64,0.00,0.14,2.82,233.00,2980.00,3.79,105.00,0.00,0.376855243,9.200666633,0.02,0.03,0.59,0.06,0.43,1.43,0.29,2.07,0.01,1.47,-0.17,0.06,0.13,0.18,Nutriscore_C
3da4d7fd-5600-51bb-8f25-90e3449d414b,771d8a1f-53f4-5128-ac7e-8253d02b420f,"Beef, chuck, raw",6270,36.20,0.00,1.11,0.05,0.00,0.00,0.00,0.50,0.00,0.11,2.23,184.00,2360.00,2.99,76.30,0.00,0.376855243,9.200666633,0.02,0.03,0.59,0.06,0.43,1.43,0.29,2.07,0.01,1.47,-0.17,0.06,0.13,0.18,Nutriscore_B
5cf982fb-d818-5fbb-ab3f-8b80640fcf6a,771d8a1f-53f4-5128-ac7e-8253d02b420f,"Beef, flank steak, grilled/pan-fried",6211,36.70,0.00,1.24,0.05,0.00,0.00,0.00,0.51,0.00,0.11,2.26,186.00,2390.00,3.03,81.20,0.00,0.376855243,9.200666633,0.02,0.03,0.59,0.06,0.43,1.43,0.29,2.07,0.01,1.47,-0.17,0.06,0.13,0.18,Nutriscore_B
232504ac-aa67-580d-9808-41704b33956d,771d8a1f-53f4-5128-ac7e-8253d02b420f,"Beef, flank steak, raw",6212,28.90,0.00,0.89,0.04,0.00,0.00,0.00,0.40,0.00,0.09,1.79,147.00,1890.00,2.39,61.00,0.00,0.376855243,9.200666633,0.02,0.03,0.59,0.06,0.43,1.43,0.29,2.07,0.01,1.47,-0.17,0.06,0.13,0.18,Nutriscore_B
b2f3143e-56e0-564d-8902-853c57718a90,771d8a1f-53f4-5128-ac7e-8253d02b420f,"Beef, hanger steak, grilled",6205,36.60,0.00,1.66,0.05,0.00,0.00,0.00,0.51,0.00,0.11,2.26,186.00,2390.00,3.05,89.00,0.00,0.376855243,9.200666633,0.02,0.03,0.59,0.06,0.43,1.43,0.29,2.07,0.01,1.47,-0.17,0.06,0.13,0.18,Nutriscore_B
cb4411bc-f151-503d-8678-2c891adf4417,771d8a1f-53f4-5128-ac7e-8253d02b420f,"Beef, hanger steak, raw",6204,28.90,0.00,0.89,0.04,0.00,0.00,0.00,0.40,0.00,0.09,1.79,147.00,1890.00,2.39,61.00,0.00,0.376855243,9.200666633,0.02,0.03,0.59,0.06,0.43,1.43,0.29,2.07,0.01,1.47,-0.17,0.06,0.13,0.18,Nutriscore_B
5c645307-f6e3-58fc-9b07-9a336d9abce2,771d8a1f-53f4-5128-ac7e-8253d02b420f,"Beef, knuckle, boiled/cooked in water",6151,37.00,0.00,1.44,0.06,0.00,0.00,0.00,0.51,0.00,0.11,2.26,185.00,2390.00,3.08,88.50,0.00,0.376855243,9.200666633,0.02,0.03,0.59,0.06,0.43,1.43,0.29,2.07,0.01,1.47,-0.17,0.06,0.13,0.18,Nutriscore_B
894d8ce4-2f21-5768-8b6a-cf7fcc7eab04,771d8a1f-53f4-5128-ac7e-8253d02b420f,"Beef, knuckle, raw",6150,29.10,0.00,0.93,0.04,0.00,0.00,0.00,0.40,0.00,0.09,1.79,146.00,1890.00,2.42,63.40,0.00,0.376855243,9.200666633,0.02,0.03,0.59,0.06,0.43,1.43,0.29,2.07,0.01,1.47,-0.17,0.06,0.13,0.18,Nutriscore_B
a00bf96d-14ed-5f25-b87f-cdad8d347b5e,771d8a1f-53f4-5128-ac7e-8253d02b420f,"Beef, minced steak, 10% fat, cooked",6253,45.20,0.00,2.21,0.07,0.00,0.00,0.00,0.63,0.00,0.13,2.77,229.00,2940.00,3.77,118.00,0.00,0.376855243,9.200666633,0.02,0.03,0.59,0.06,0.43,1.43,0.29,2.07,0.01,1.47,-0.17,0.06,0.13,0.18,Nutriscore_C
0f1060df-3632-58cf-97d1-53d35a956caa,771d8a1f-53f4-5128-ac7e-8253d02b420f,"Beef, minced steak, 10% fat, raw",6252,35.70,0.00,1.65,0.05,0.00,0.00,0.00,0.50,0.00,0.11,2.19,180.00,2320.00,2.98,89.80,0.00,0.376855243,9.200666633,0.02,0.03,0.59,0.06,0.43,1.43,0.29,2.07,0.01,1.47,-0.17,0.06,0.13,0.18,Nutriscore_C
02b007f6-d2bb-5037-b2c7-127f184187a4,771d8a1f-53f4-5128-ac7e-8253d02b420f,"Beef, minced steak, 15% fat, cooked",6255,45.20,0.00,2.21,0.07,0.00,0.00,0.00,0.63,0.00,0.13,2.77,229.00,2940.00,3.77,118.00,0.00,0.376855243,9.200666633,0.02,0.03,0.59,0.06,0.43,1.43,0.29,2.07,0.01,1.47,-0.17,0.06,0.13,0.18,Nutriscore_C
1b476825-5f16-5006-af57-8a465da3ee18,771d8a1f-53f4-5128-ac7e-8253d02b420f,"Beef, minced steak, 15% fat, raw",6254,35.70,0.00,1.65,0.05,0.00,0.00,0.00,0.50,0.00,0.11,2.19,180.00,2320.00,2.98,89.80,0.00,0.376855243,9.200666633,0.02,0.03,0.59,0.06,0.43,1.43,0.29,2.07,0.01,1.47,-0.17,0.06,0.13,0.18,Nutriscore_C
b438b132-3595-5acc-a83d-3551b3e4aade,771d8a1f-53f4-5128-ac7e-8253d02b420f,"Beef, minced steak, 20% fat, cooked",6257,45.20,0.00,2.21,0.07,0.00,0.00,0.00,0.63,0.00,0.13,2.77,229.00,2940.00,3.77,118.00,0.00,0.376855243,9.200666633,0.02,0.03,0.59,0.06,0.43,1.43,0.29,2.07,0.01,1.47,-0.17,0.06,0.13,0.18,Nutriscore_D
46e156e6-64a0-503c-a78b-c0bcc13e9b38,771d8a1f-53f4-5128-ac7e-8253d02b420f,"Beef, minced steak, 20% fat, raw",6256,35.70,0.00,1.65,0.05,0.00,0.00,0.00,0.50,0.00,0.11,2.19,180.00,2320.00,2.98,89.80,0.00,0.376855243,9.200666633,0.02,0.03,0.59,0.06,0.43,1.43,0.29,2.07,0.01,1.47,-0.17,0.06,0.13,0.18,Nutriscore_C
57806962-d94d-5f63-a80e-660e3f48281f,771d8a1f-53f4-5128-ac7e-8253d02b420f,"Beef, minced steak, 5% fat, cooked",6251,45.20,0.00,2.21,0.07,0.00,0.00,0.00,0.63,0.00,0.13,2.77,229.00,2940.00,3.77,118.00,0.00,0.376855243,9.200666633,0.02,0.03,0.59,0.06,0.43,1.43,0.29,2.07,0.01,1.47,-0.17,0.06,0.13,0.18,Nutriscore_B
e025a090-98de-5be6-bff9-7441786568f7,771d8a1f-53f4-5128-ac7e-8253d02b420f,"Beef, minced steak, 5% fat, raw",6250,35.70,0.00,1.65,0.05,0.00,0.00,0.00,0.50,0.00,0.11,2.19,180.00,2320.00,2.98,89.80,0.00,0.376855243,9.200666633,0.02,0.03,0.59,0.06,0.43,1.43,0.29,2.07,0.01,1.47,-0.17,0.06,0.13,0.18,Nutriscore_A
fb57a5fa-24a5-5127-aa39-462f68b12251,771d8a1f-53f4-5128-ac7e-8253d02b420f,"Beef, neck, braised",6241,45.90,0.00,1.93,0.07,0.00,0.00,0.00,0.64,0.00,0.14,2.82,233.00,2980.00,3.80,108.00,0.00,0.376855243,9.200666633,0.02,0.03,0.59,0.06,0.43,1.43,0.29,2.07,0.01,1.47,-0.17,0.06,0.13,0.18,Nutriscore_B
011c6b31-55dd-581d-9d03-784bfc7e7a12,771d8a1f-53f4-5128-ac7e-8253d02b420f,"Beef, oxtail, boiled/cooked in water",6310,37.00,0.00,1.44,0.06,0.00,0.00,0.00,0.51,0.00,0.11,2.26,185.00,2390.00,3.08,88.50,0.00,0.376855243,9.200666633,0.02,0.03,0.59,0.06,0.43,1.43,0.29,2.07,0.01,1.47,-0.17,0.06,0.13,0.18,Nutriscore_C
334abb7e-45c2-522a-ac13-a7186d623373,771d8a1f-53f4-5128-ac7e-8253d02b420f,"Beef, rib steak, lean, grilled/pan-fried",6100,36.90,0.00,1.30,0.06,0.00,0.00,0.00,0.51,0.00,0.11,2.26,186.00,2390.00,3.07,84.20,0.00,0.376855243,9.200666633,0.02,0.03,0.59,0.06,0.43,1.43,0.29,2.07,0.01,1.47,-0.17,0.06,0.13,0.18,Nutriscore_C
44ed3949-8eeb-5d2c-ac9d-bcc9fac6a15b,771d8a1f-53f4-5128-ac7e-8253d02b420f,"Beef, rib steak, raw",6103,29.10,0.00,0.93,0.04,0.00,0.00,0.00,0.40,0.00,0.09,1.79,146.00,1890.00,2.42,63.40,0.00,0.376855243,9.200666633,0.02,0.03,0.59,0.06,0.43,1.43,0.29,2.07,0.01,1.47,-0.17,0.06,0.13,0.18,Nutriscore_C
af1e913e-7d9e-5eaa-91fc-ba35274dc23c,771d8a1f-53f4-5128-ac7e-8253d02b420f,"Beef, rib, raw",6001,29.10,0.00,0.93,0.04,0.00,0.00,0.00,0.40,0.00,0.09,1.79,146.00,1890.00,2.42,63.40,0.00,0.376855243,9.200666633,0.02,0.03,0.59,0.06,0.43,1.43,0.29,2.07,0.01,1.47,-0.17,0.06,0.13,0.18,Nutriscore_C
482d7d90-cf18-5a41-8beb-0b4bd5962d8c,771d8a1f-53f4-5128-ac7e-8253d02b420f,"Beef, roast beef, roasted/baked",6210,36.60,0.00,1.66,0.05,0.00,0.00,0.00,0.51,0.00,0.11,2.26,186.00,2390.00,3.05,89.00,0.00,0.376855243,9.200666633,0.02,0.03,0.59,0.06,0.43,1.43,0.29,2.07,0.01,1.47,-0.17,0.06,0.13,0.18,Nutriscore_A
fb651291-0b47-5e95-9061-e3a7b3a61e20,771d8a1f-53f4-5128-ac7e-8253d02b420f,"Beef, round, cooked",6104,36.60,0.00,1.66,0.05,0.00,0.00,0.00,0.51,0.00,0.11,2.26,186.00,2390.00,3.05,89.00,0.00,0.376855243,9.200666633,0.02,0.03,0.59,0.06,0.43,1.43,0.29,2.07,0.01,1.47,-0.17,0.06,0.13,0.18,Nutriscore_A
588d8952-cc87-5675-b9a1-e5fc8061b6b9,771d8a1f-53f4-5128-ac7e-8253d02b420f,"Beef, round, raw",6102,28.90,0.00,0.89,0.04,0.00,0.00,0.00,0.40,0.00,0.09,1.79,147.00,1890.00,2.39,61.00,0.00,0.376855243,9.200666633,0.02,0.03,0.59,0.06,0.43,1.43,0.29,2.07,0.01,1.47,-0.17,0.06,0.13,0.18,Nutriscore_C
dbf95154-6ab0-5149-9b1a-8f545872ae1f,771d8a1f-53f4-5128-ac7e-8253d02b420f,"Beef, rump steak, grilled",6207,36.60,0.00,1.66,0.05,0.00,0.00,0.00,0.51,0.00,0.11,2.26,186.00,2390.00,3.05,89.00,0.00,0.376855243,9.200666633,0.02,0.03,0.59,0.06,0.43,1.43,0.29,2.07,0.01,1.47,-0.17,0.06,0.13,0.18,Nutriscore_A
aa021c73-5508-5570-8263-49b4be59fd90,771d8a1f-53f4-5128-ac7e-8253d02b420f,"Beef, rump steak, raw",6206,28.90,0.00,0.89,0.04,0.00,0.00,0.00,0.40,0.00,0.09,1.79,147.00,1890.00,2.39,61.00,0.00,0.376855243,9.200666633,0.02,0.03,0.59,0.06,0.43,1.43,0.29,2.07,0.01,1.47,-0.17,0.06,0.13,0.18,Nutriscore_A
520ac983-443c-50d5-a5a5-681161de67dd,771d8a1f-53f4-5128-ac7e-8253d02b420f,"Beef, short ribs, braised",6123,36.80,0.00,1.72,0.06,0.00,0.00,0.00,0.51,0.00,0.11,2.26,186.00,2390.00,3.09,92.00,0.00,0.376855243,9.200666633,0.02,0.03,0.59,0.06,0.43,1.43,0.29,2.07,0.01,1.47,-0.17,0.06,0.13,0.18,Nutriscore_C
509201b1-19ca-547f-98a3-e53761ed44ab,771d8a1f-53f4-5128-ac7e-8253d02b420f,"Beef, short ribs, raw",6122,29.10,0.00,0.93,0.04,0.00,0.00,0.00,0.40,0.00,0.09,1.79,146.00,1890.00,2.42,63.40,0.00,0.376855243,9.200666633,0.02,0.03,0.59,0.06,0.43,1.43,0.29,2.07,0.01,1.47,-0.17,0.06,0.13,0.18,Nutriscore_D
c01241ec-03d5-50e9-ada2-645bc94b99e3,771d8a1f-53f4-5128-ac7e-8253d02b420f,"Beef, shoulder, raw",6002,28.90,0.00,0.89,0.04,0.00,0.00,0.00,0.40,0.00,0.09,1.79,147.00,1890.00,2.39,61.00,0.00,0.376855243,9.200666633,0.02,0.03,0.59,0.06,0.43,1.43,0.29,2.07,0.01,1.47,-0.17,0.06,0.13,0.18,Nutriscore_A
c271932f-e76f-5d45-80b9-a06a9b77f326,771d8a1f-53f4-5128-ac7e-8253d02b420f,"Beef, sirloin steak, grilled/pan-fried",6110,36.70,0.00,1.24,0.05,0.00,0.00,0.00,0.51,0.00,0.11,2.26,186.00,2390.00,3.03,81.20,0.00,0.376855243,9.200666633,0.02,0.03,0.59,0.06,0.43,1.43,0.29,2.07,0.01,1.47,-0.17,0.06,0.13,0.18,Nutriscore_C
7cb24287-e507-5103-975b-90d965e37c93,771d8a1f-53f4-5128-ac7e-8253d02b420f,"Beef, sirloin steak, raw",6111,28.90,0.00,0.89,0.04,0.00,0.00,0.00,0.40,0.00,0.09,1.79,147.00,1890.00,2.39,61.00,0.00,0.376855243,9.200666633,0.02,0.03,0.59,0.06,0.43,1.43,0.29,2.07,0.01,1.47,-0.17,0.06,0.13,0.18,Nutriscore_B
bb04dc0a-c16a-5f20-933c-036ddfaeb74a,771d8a1f-53f4-5128-ac7e-8253d02b420f,"Beef, sirloin steak, roasted/baked",6105,36.60,0.00,1.66,0.05,0.00,0.00,0.00,0.51,0.00,0.11,2.26,186.00,2390.00,3.05,89.00,0.00,0.376855243,9.200666633,0.02,0.03,0.59,0.06,0.43,1.43,0.29,2.07,0.01,1.47,-0.17,0.06,0.13,0.18,Nutriscore_C
5eff9042-a34a-5cdb-8174-4d28cc06ad39,771d8a1f-53f4-5128-ac7e-8253d02b420f,"Beef, steak or beef steak, grilled",6200,36.60,0.00,1.66,0.05,0.00,0.00,0.00,0.51,0.00,0.11,2.26,186.00,2390.00,3.05,89.00,0.00,0.376855243,9.200666633,0.02,0.03,0.59,0.06,0.43,1.43,0.29,2.07,0.01,1.47,-0.17,0.06,0.13,0.18,Nutriscore_A
14163788-bab8-5cc5-9a22-ec79f7df56af,771d8a1f-53f4-5128-ac7e-8253d02b420f,"Beef, steak or beef steak, raw",6201,28.90,0.00,0.89,0.04,0.00,0.00,0.00,0.40,0.00,0.09,1.79,147.00,1890.00,2.39,61.00,0.00,0.376855243,9.200666633,0.02,0.03,0.59,0.06,0.43,1.43,0.29,2.07,0.01,1.47,-0.17,0.06,0.13,0.18,Nutriscore_C
28ab7e8a-2a25-59b7-9b7a-7ecc229eaa0f,771d8a1f-53f4-5128-ac7e-8253d02b420f,"Beef, stewing meat, cooked",6230,36.60,0.00,1.66,0.05,0.00,0.00,0.00,0.51,0.00,0.11,2.26,186.00,2390.00,3.05,89.00,0.00,0.376855243,9.200666633,0.02,0.03,0.59,0.06,0.43,1.43,0.29,2.07,0.01,1.47,-0.17,0.06,0.13,0.18,Nutriscore_B
acc2f921-2977-58e7-bf27-cd1bbd35cb92,771d8a1f-53f4-5128-ac7e-8253d02b420f,"Beef, stewing meat, raw",6231,28.90,0.00,0.89,0.04,0.00,0.00,0.00,0.40,0.00,0.09,1.79,147.00,1890.00,2.39,61.00,0.00,0.376855243,9.200666633,0.02,0.03,0.59,0.06,0.43,1.43,0.29,2.07,0.01,1.47,-0.17,0.06,0.13,0.18,Nutriscore_B
aa07b2ed-3b34-564c-8cef-de17cd573295,771d8a1f-53f4-5128-ac7e-8253d02b420f,"Beef, thin flank, grilled/pan-fried",6131,36.70,0.00,1.24,0.05,0.00,0.00,0.00,0.51,0.00,0.11,2.26,186.00,2390.00,3.03,81.20,0.00,0.376855243,9.200666633,0.02,0.03,0.59,0.06,0.43,1.43,0.29,2.07,0.01,1.47,-0.17,0.06,0.13,0.18,Nutriscore_C
e3f04a04-1ec1-5d09-82cc-f8c53dd852ec,771d8a1f-53f4-5128-ac7e-8253d02b420f,"Beef, thin flank, raw",6130,28.90,0.00,0.89,0.04,0.00,0.00,0.00,0.40,0.00,0.09,1.79,147.00,1890.00,2.39,61.00,0.00,0.376855243,9.200666633,0.02,0.03,0.59,0.06,0.43,1.43,0.29,2.07,0.01,1.47,-0.17,0.06,0.13,0.18,Nutriscore_B
2c78f518-72e9-52fe-a9c8-bcf19af83c21,771d8a1f-53f4-5128-ac7e-8253d02b420f,"Beef, topside, grilled/pan-fried",6161,36.70,0.00,1.24,0.05,0.00,0.00,0.00,0.51,0.00,0.11,2.26,186.00,2390.00,3.03,81.20,0.00,0.376855243,9.200666633,0.02,0.03,0.59,0.06,0.43,1.43,0.29,2.07,0.01,1.47,-0.17,0.06,0.13,0.18,Nutriscore_A
299bbf43-ea80-5282-b081-3b2f2ddda939,771d8a1f-53f4-5128-ac7e-8253d02b420f,"Beef, topside, raw",6160,28.90,0.00,0.89,0.04,0.00,0.00,0.00,0.40,0.00,0.09,1.79,147.00,1890.00,2.39,61.00,0.00,0.376855243,9.200666633,0.02,0.03,0.59,0.06,0.43,1.43,0.29,2.07,0.01,1.47,-0.17,0.06,0.13,0.18,Nutriscore_A
61f6e02a-c4e5-5168-9259-05be5f6f1a65,771d8a1f-53f4-5128-ac7e-8253d02b420f,"Beef, topside, roasted/baked",6162,36.60,0.00,1.66,0.05,0.00,0.00,0.00,0.51,0.00,0.11,2.26,186.00,2390.00,3.05,89.00,0.00,0.376855243,9.200666633,0.02,0.03,0.59,0.06,0.43,1.43,0.29,2.07,0.01,1.47,-0.17,0.06,0.13,0.18,Nutriscore_A
53fe719e-7d6b-50fc-a824-23679069592f,43e8820a-5120-50f6-acc3-91cce409e9e4,"Young goat, cooked",21801,52.40,0.00,1.58,0.09,0.00,0.00,0.00,1.08,0.00,0.20,4.79,265.00,5580.00,8.77,120.00,0.00,5.401161749,24.20080349,0.02,0.03,0.59,0.06,0.43,1.43,0.29,2.07,0.01,1.47,-0.17,0.06,0.13,0.18,Nutriscore_A
69bbe22a-797a-5d4d-b1de-5583c5151101,43e8820a-5120-50f6-acc3-91cce409e9e4,"Young goat, raw",21800,41.30,0.00,1.15,0.07,0.00,0.00,0.00,0.85,0.00,0.16,3.79,209.00,4420.00,6.93,91.90,0.00,5.401161749,24.20080349,0.02,0.03,0.59,0.06,0.43,1.43,0.29,2.07,0.01,1.47,-0.17,0.06,0.13,0.18,Nutriscore_A
8d202d2f-2ec9-5e13-9a49-5f50a2bd1fd2,01205157-ded5-58fe-8918-d6f0888bb48c,"Lamb cutlet, grilled",21501,52.40,0.00,1.57,0.09,0.00,0.00,0.00,1.08,0.00,0.20,4.79,265.00,5580.00,8.77,120.00,0.00,4.951749252,25.98798549,0.02,0.03,0.59,0.06,0.43,1.43,0.29,2.07,0.01,1.47,-0.17,0.06,0.13,0.18,Nutriscore_C
b11ce532-386f-5f90-87cf-62cc997078c6,01205157-ded5-58fe-8918-d6f0888bb48c,Lamb on skewer,25541,52.50,0.00,1.96,0.09,0.00,0.00,0.00,1.08,0.00,0.20,4.79,267.00,5580.00,8.89,132.00,0.00,4.951749252,25.98798549,0.02,0.03,0.59,0.06,0.43,1.43,0.29,2.07,0.01,1.47,-0.17,0.06,0.13,0.18,Nutriscore_C
3dbfa4a6-ee16-5441-b984-09fa009de05b,01205157-ded5-58fe-8918-d6f0888bb48c,"Lamb, chop fillet, grilled/pan-fried",21509,52.40,0.00,1.58,0.09,0.00,0.00,0.00,1.08,0.00,0.20,4.79,265.00,5580.00,8.77,120.00,0.00,4.951749252,25.98798549,0.02,0.03,0.59,0.06,0.43,1.43,0.29,2.07,0.01,1.47,-0.17,0.06,0.13,0.18,Nutriscore_B
c7dd9fae-e153-5049-adb6-1067ceb9b834,01205157-ded5-58fe-8918-d6f0888bb48c,"Lamb, chop fillet, raw",21516,41.30,0.00,1.15,0.07,0.00,0.00,0.00,0.85,0.00,0.16,3.79,209.00,4420.00,6.93,91.90,0.00,4.951749252,25.98798549,0.02,0.03,0.59,0.06,0.43,1.43,0.29,2.07,0.01,1.47,-0.17,0.06,0.13,0.18,Nutriscore_C
82b1808f-fe7a-5b15-b43d-4438e3d027c7,01205157-ded5-58fe-8918-d6f0888bb48c,"Lamb, cutlet, raw",21500,41.30,0.00,1.14,0.07,0.00,0.00,0.00,0.85,0.00,0.16,3.79,209.00,4420.00,6.93,91.70,0.00,4.951749252,25.98798549,0.02,0.03,0.59,0.06,0.43,1.43,0.29,2.07,0.01,1.47,-0.17,0.06,0.13,0.18,Nutriscore_D
b3fdc171-22c5-542c-875f-55e4bee7060e,01205157-ded5-58fe-8918-d6f0888bb48c,"Lamb, leg, braised",21519,52.30,0.00,2.00,0.09,0.00,0.00,0.00,1.08,0.00,0.20,4.79,265.00,5580.00,8.79,128.00,0.00,4.951749252,25.98798549,0.02,0.03,0.59,0.06,0.43,1.43,0.29,2.07,0.01,1.47,-0.17,0.06,0.13,0.18,Nutriscore_C
73177f96-76e7-5134-9a0c-ef1839a523ed,01205157-ded5-58fe-8918-d6f0888bb48c,"Lamb, leg, grilled/pan-fried",21518,52.40,0.00,1.58,0.09,0.00,0.00,0.00,1.08,0.00,0.20,4.79,265.00,5580.00,8.77,120.00,0.00,4.951749252,25.98798549,0.02,0.03,0.59,0.06,0.43,1.43,0.29,2.07,0.01,1.47,-0.17,0.06,0.13,0.18,Nutriscore_B
fe376bc2-cafc-5a71-b88b-bd0e82e05693,01205157-ded5-58fe-8918-d6f0888bb48c,"Lamb, leg, raw",21502,41.30,0.00,1.15,0.07,0.00,0.00,0.00,0.85,0.00,0.16,3.79,209.00,4420.00,6.93,91.90,0.00,4.951749252,25.98798549,0.02,0.03,0.59,0.06,0.43,1.43,0.29,2.07,0.01,1.47,-0.17,0.06,0.13,0.18,Nutriscore_A
fb127568-e1bd-532f-b967-bf5ff35857b0,01205157-ded5-58fe-8918-d6f0888bb48c,"Lamb, leg, roasted/baked",21503,52.30,0.00,2.00,0.09,0.00,0.00,0.00,1.08,0.00,0.20,4.79,265.00,5580.00,8.79,128.00,0.00,4.951749252,25.98798549,0.02,0.03,0.59,0.06,0.43,1.43,0.29,2.07,0.01,1.47,-0.17,0.06,0.13,0.18,Nutriscore_B
8ee0dff4-cfc9-50f2-9a5e-fc758e7d26c3,01205157-ded5-58fe-8918-d6f0888bb48c,"Lamb, neck, braised or boiled",21508,52.30,0.00,2.00,0.09,0.00,0.00,0.00,1.08,0.00,0.20,4.79,265.00,5580.00,8.79,128.00,0.00,4.951749252,25.98798549,0.02,0.03,0.59,0.06,0.43,1.43,0.29,2.07,0.01,1.47,-0.17,0.06,0.13,0.18,Nutriscore_C
e2c9f9da-9f65-5cd9-9b61-f7c3862b6806,01205157-ded5-58fe-8918-d6f0888bb48c,"Lamb, neck, raw",21514,41.30,0.00,1.15,0.07,0.00,0.00,0.00,0.85,0.00,0.16,3.79,209.00,4420.00,6.93,91.90,0.00,4.951749252,25.98798549,0.02,0.03,0.59,0.06,0.43,1.43,0.29,2.07,0.01,1.47,-0.17,0.06,0.13,0.18,Nutriscore_C
0ebbc433-2bab-5092-8af5-c2e86040ed42,01205157-ded5-58fe-8918-d6f0888bb48c,"Lamb, rib chop, grilled/pan-fried",21512,52.40,0.00,1.58,0.09,0.00,0.00,0.00,1.08,0.00,0.20,4.79,265.00,5580.00,8.77,120.00,0.00,4.951749252,25.98798549,0.02,0.03,0.59,0.06,0.43,1.43,0.29,2.07,0.01,1.47,-0.17,0.06,0.13,0.18,Nutriscore_C
8572776d-4d0a-52a5-8b76-c99a7f05f06d,01205157-ded5-58fe-8918-d6f0888bb48c,"Lamb, rib chop, raw",21517,41.30,0.00,1.15,0.07,0.00,0.00,0.00,0.85,0.00,0.16,3.79,209.00,4420.00,6.93,91.90,0.00,4.951749252,25.98798549,0.02,0.03,0.59,0.06,0.43,1.43,0.29,2.07,0.01,1.47,-0.17,0.06,0.13,0.18,Nutriscore_D
b5741e18-ad63-52e4-8714-d8510ee7ddb8,01205157-ded5-58fe-8918-d6f0888bb48c,"Lamb, saddle, grilled/pan-fried",21520,52.40,0.00,1.58,0.09,0.00,0.00,0.00,1.08,0.00,0.20,4.79,265.00,5580.00,8.77,120.00,0.00,4.951749252,25.98798549,0.02,0.03,0.59,0.06,0.43,1.43,0.29,2.07,0.01,1.47,-0.17,0.06,0.13,0.18,Nutriscore_B
dfb1fad8-eca5-5c08-bbd7-87b8a3f77e6a,01205157-ded5-58fe-8918-d6f0888bb48c,"Lamb, saddle, lean, roasted/baked",21513,52.30,0.00,2.00,0.09,0.00,0.00,0.00,1.08,0.00,0.20,4.79,265.00,5580.00,8.79,128.00,0.00,4.951749252,25.98798549,0.02,0.03,0.59,0.06,0.43,1.43,0.29,2.07,0.01,1.47,-0.17,0.06,0.13,0.18,Nutriscore_B
c609e726-7306-52d9-8363-0f179b29a240,01205157-ded5-58fe-8918-d6f0888bb48c,"Lamb, saddle, raw",21515,41.30,0.00,1.15,0.07,0.00,0.00,0.00,0.85,0.00,0.16,3.79,209.00,4420.00,6.93,91.90,0.00,4.951749252,25.98798549,0.02,0.03,0.59,0.06,0.43,1.43,0.29,2.07,0.01,1.47,-0.17,0.06,0.13,0.18,Nutriscore_C
4ea6c5cf-5b58-5607-be2e-b394bb6b2074,01205157-ded5-58fe-8918-d6f0888bb48c,"Lamb, shoulder, lean, raw",21505,33.00,0.00,0.92,0.05,0.00,0.00,0.00,0.68,0.00,0.13,3.03,167.00,3530.00,5.54,73.50,0.00,4.951749252,25.98798549,0.02,0.03,0.59,0.06,0.43,1.43,0.29,2.07,0.01,1.47,-0.17,0.06,0.13,0.18,Nutriscore_B
e62c77ba-1ea2-523f-b142-539609fda077,01205157-ded5-58fe-8918-d6f0888bb48c,"Lamb, shoulder, lean, roasted/baked",21507,41.80,0.00,1.70,0.07,0.00,0.00,0.00,0.86,0.00,0.16,3.83,212.00,4470.00,7.04,105.00,0.00,4.951749252,25.98798549,0.02,0.03,0.59,0.06,0.43,1.43,0.29,2.07,0.01,1.47,-0.17,0.06,0.13,0.18,Nutriscore_C
37bc4d4c-d3b9-56ac-bf59-468c797b942a,01205157-ded5-58fe-8918-d6f0888bb48c,"Lamb, shoulder, raw",21504,33.00,0.00,0.92,0.05,0.00,0.00,0.00,0.68,0.00,0.13,3.03,167.00,3530.00,5.54,73.50,0.00,4.951749252,25.98798549,0.02,0.03,0.59,0.06,0.43,1.43,0.29,2.07,0.01,1.47,-0.17,0.06,0.13,0.18,Nutriscore_C
11fd82e8-4d5f-5bd6-8502-881a2a5bb397,01205157-ded5-58fe-8918-d6f0888bb48c,"Lamb, shoulder, roasted/baked",21506,41.80,0.00,1.70,0.07,0.00,0.00,0.00,0.86,0.00,0.16,3.83,212.00,4470.00,7.04,105.00,0.00,4.951749252,25.98798549,0.02,0.03,0.59,0.06,0.43,1.43,0.29,2.07,0.01,1.47,-0.17,0.06,0.13,0.18,Nutriscore_C
880a66da-73b6-552c-a4ff-c9abcfe59d92,01205157-ded5-58fe-8918-d6f0888bb48c,"Mutton, leg, raw",21006,41.30,0.00,1.15,0.07,0.00,0.00,0.00,0.85,0.00,0.16,3.79,209.00,4420.00,6.93,91.90,0.00,4.951749252,25.98798549,0.02,0.03,0.59,0.06,0.43,1.43,0.29,2.07,0.01,1.47,-0.17,0.06,0.13,0.18,Nutriscore_C
87bb563d-125f-550d-b0ae-389f2c5abe3c,01205157-ded5-58fe-8918-d6f0888bb48c,"Mutton, meat, raw",21001,33.00,0.00,0.92,0.05,0.00,0.00,0.00,0.68,0.00,0.13,3.03,167.00,3530.00,5.54,73.50,0.00,4.951749252,25.98798549,0.02,0.03,0.59,0.06,0.43,1.43,0.29,2.07,0.01,1.47,-0.17,0.06,0.13,0.18,Nutriscore_C
8f718be0-f916-5fc0-8887-f59ed9f891ae,01205157-ded5-58fe-8918-d6f0888bb48c,"Mutton, shoulder, raw",21003,33.00,0.00,0.92,0.05,0.00,0.00,0.00,0.68,0.00,0.13,3.03,167.00,3530.00,5.54,73.50,0.00,4.951749252,25.98798549,0.02,0.03,0.59,0.06,0.43,1.43,0.29,2.07,0.01,1.47,-0.17,0.06,0.13,0.18,Nutriscore_D
69af7386-f371-54ef-99ad-b756627520f4,01205157-ded5-58fe-8918-d6f0888bb48c,"Sheep, foot, raw",21004,27.10,0.00,0.84,0.05,0.00,0.00,0.00,0.56,0.00,0.11,2.46,137.00,2870.00,4.56,64.00,0.00,4.951749252,25.98798549,0.02,0.03,0.59,0.06,0.43,1.43,0.29,2.07,0.01,1.47,-0.17,0.06,0.13,0.18,Nutriscore_C
484f28c1-4e88-58ea-9c8a-8527279a0c55,01205157-ded5-58fe-8918-d6f0888bb48c,"Sheep, head, raw",21005,27.10,0.00,0.84,0.05,0.00,0.00,0.00,0.56,0.00,0.11,2.46,137.00,2870.00,4.56,64.00,0.00,4.951749252,25.98798549,0.02,0.03,0.59,0.06,0.43,1.43,0.29,2.07,0.01,1.47,-0.17,0.06,0.13,0.18,Nutriscore_C
7dacc146-9d3f-5269-a2cd-7aa35d1c0cff,8a51f395-e389-5d6a-b1bd-31a5afa131ce,"Cooked sausage, pure pork",30701,9.64,0.00,3.30,0.02,0.00,0.00,0.00,0.14,0.00,0.04,0.59,261.00,485.00,3.12,113.00,0.00,4.448128493,88.32414812,0.02,0.03,0.59,0.06,0.43,1.43,0.29,2.07,0.01,1.47,-0.17,0.06,0.13,0.18,Nutriscore_E
8f57db71-d6ba-5595-a211-8e6069f3869b,8a51f395-e389-5d6a-b1bd-31a5afa131ce,Garlic sausage,30700,9.42,0.00,2.02,0.02,0.00,0.00,0.00,0.14,0.00,0.04,0.59,156.00,563.00,1.94,71.20,0.00,4.448128493,88.32414812,0.02,0.03,0.59,0.06,0.43,1.43,0.29,2.07,0.01,1.47,-0.17,0.06,0.13,0.18,Nutriscore_E
5d8824d6-9e35-5a04-9844-f6a494d84fdd,8a51f395-e389-5d6a-b1bd-31a5afa131ce,Pork belly salt-cured,28550,8.40,0.00,2.18,0.02,0.00,0.00,0.00,0.13,0.00,0.04,0.54,238.00,441.00,2.77,83.30,0.00,4.448128493,88.32414812,0.02,0.03,0.59,0.06,0.43,1.43,0.29,2.07,0.01,1.47,-0.17,0.06,0.13,0.18,Nutriscore_E
1e9e11ca-1cca-5785-b94e-64b2e81fb813,8a51f395-e389-5d6a-b1bd-31a5afa131ce,"Pork belly, smoked, raw",28502,6.58,0.00,1.30,0.02,0.00,0.00,0.00,0.10,0.00,0.03,0.43,188.00,349.00,2.16,56.50,0.00,4.448128493,88.32414812,0.02,0.03,0.59,0.06,0.43,1.43,0.29,2.07,0.01,1.47,-0.17,0.06,0.13,0.18,Nutriscore_E
ea12d3a5-4a72-59be-af76-7fc7b5692ced,8a51f395-e389-5d6a-b1bd-31a5afa131ce,"Pork filet mignon, cooked",28203,8.40,0.00,2.18,0.02,0.00,0.00,0.00,0.13,0.00,0.04,0.54,238.00,441.00,2.77,83.30,0.00,4.448128493,88.32414812,0.02,0.03,0.59,0.06,0.43,1.43,0.29,2.07,0.01,1.47,-0.17,0.06,0.13,0.18,Nutriscore_B
51554483-882f-5225-8944-8379b2ccaacb,8a51f395-e389-5d6a-b1bd-31a5afa131ce,"Pork filet mignon, raw",28204,6.58,0.00,1.30,0.02,0.00,0.00,0.00,0.10,0.00,0.03,0.43,188.00,349.00,2.16,56.50,0.00,4.448128493,88.32414812,0.02,0.03,0.59,0.06,0.43,1.43,0.29,2.07,0.01,1.47,-0.17,0.06,0.13,0.18,Nutriscore_A
576aee12-6cc8-5f50-ac51-76928b3ca2c9,8a51f395-e389-5d6a-b1bd-31a5afa131ce,"Pork loin, cooked",28007,8.40,0.00,2.18,0.02,0.00,0.00,0.00,0.13,0.00,0.04,0.54,238.00,441.00,2.77,83.30,0.00,4.448128493,88.32414812,0.02,0.03,0.59,0.06,0.43,1.43,0.29,2.07,0.01,1.47,-0.17,0.06,0.13,0.18,Nutriscore_C
3e50595c-5ebd-511a-a2d6-b4f9dd54013d,8a51f395-e389-5d6a-b1bd-31a5afa131ce,"Pork loin, raw",28003,6.58,0.00,1.30,0.02,0.00,0.00,0.00,0.10,0.00,0.03,0.43,188.00,349.00,2.16,56.50,0.00,4.448128493,88.32414812,0.02,0.03,0.59,0.06,0.43,1.43,0.29,2.07,0.01,1.47,-0.17,0.06,0.13,0.18,Nutriscore_C
9ca9be22-e0c7-5e82-8849-e5cac1653e7d,8a51f395-e389-5d6a-b1bd-31a5afa131ce,"Pork on skewer, raw",25566,4.65,0.00,1.03,0.01,0.00,0.00,0.00,0.07,0.00,0.02,0.28,123.00,264.00,3.26,49.50,0.00,4.448128493,88.32414812,0.02,0.03,0.59,0.06,0.43,1.43,0.29,2.07,0.01,1.47,-0.17,0.06,0.13,0.18,Nutriscore_C
81f33ae3-ac75-500f-af4f-42aab5be3cae,8a51f395-e389-5d6a-b1bd-31a5afa131ce,"Pork tenderloin roast, cooked",28202,8.40,0.00,2.18,0.02,0.00,0.00,0.00,0.13,0.00,0.04,0.54,238.00,441.00,2.77,83.30,0.00,4.448128493,88.32414812,0.02,0.03,0.59,0.06,0.43,1.43,0.29,2.07,0.01,1.47,-0.17,0.06,0.13,0.18,Nutriscore_C
b846c9ea-dc00-5943-a245-fc6bee37a1bc,8a51f395-e389-5d6a-b1bd-31a5afa131ce,"Pork tenderloin, lean, raw",28201,6.58,0.00,1.30,0.02,0.00,0.00,0.00,0.10,0.00,0.03,0.43,188.00,349.00,2.16,56.50,0.00,4.448128493,88.32414812,0.02,0.03,0.59,0.06,0.43,1.43,0.29,2.07,0.01,1.47,-0.17,0.06,0.13,0.18,Nutriscore_C
9d9e5452-4893-502a-a09e-175375f87105,8a51f395-e389-5d6a-b1bd-31a5afa131ce,"Pork, 80/20 trimming, raw",28476,6.58,0.00,1.30,0.02,0.00,0.00,0.00,0.10,0.00,0.03,0.43,188.00,349.00,2.16,56.50,0.00,4.448128493,88.32414812,0.02,0.03,0.59,0.06,0.43,1.43,0.29,2.07,0.01,1.47,-0.17,0.06,0.13,0.18,Nutriscore_D
797ea2af-aa64-5df9-ac4b-68ebfab3692a,8a51f395-e389-5d6a-b1bd-31a5afa131ce,"Pork, 90/10 trimming, raw",28475,6.58,0.00,1.30,0.02,0.00,0.00,0.00,0.10,0.00,0.03,0.43,188.00,349.00,2.16,56.50,0.00,4.448128493,88.32414812,0.02,0.03,0.59,0.06,0.43,1.43,0.29,2.07,0.01,1.47,-0.17,0.06,0.13,0.18,Nutriscore_C
3d3af6b6-8e6a-5997-81f8-02e4ec10e57a,8a51f395-e389-5d6a-b1bd-31a5afa131ce,"Pork, back fat, rindless, raw",28470,1.73,0.00,0.43,0.00,0.00,0.00,0.00,0.02,0.00,0.01,0.09,40.40,73.50,0.54,19.50,0.00,4.448128493,88.32414812,0.02,0.03,0.59,0.06,0.43,1.43,0.29,2.07,0.01,1.47,-0.17,0.06,0.13,0.18,Nutriscore_E
f17c14a5-7271-5185-9716-f1d3e11eea75,8a51f395-e389-5d6a-b1bd-31a5afa131ce,"Pork, belly, flank removed, raw",28479,6.58,0.00,1.30,0.02,0.00,0.00,0.00,0.10,0.00,0.03,0.43,188.00,349.00,2.16,56.50,0.00,4.448128493,88.32414812,0.02,0.03,0.59,0.06,0.43,1.43,0.29,2.07,0.01,1.47,-0.17,0.06,0.13,0.18,Nutriscore_D
9babf3e8-7c31-5fd8-b457-6c91973bc4c7,8a51f395-e389-5d6a-b1bd-31a5afa131ce,"Pork, belly, raw",28002,6.58,0.00,1.30,0.02,0.00,0.00,0.00,0.10,0.00,0.03,0.43,188.00,349.00,2.16,56.50,0.00,4.448128493,88.32414812,0.02,0.03,0.59,0.06,0.43,1.43,0.29,2.07,0.01,1.47,-0.17,0.06,0.13,0.18,Nutriscore_C
e75d7545-4e32-52ae-97a2-ec9db135f422,8a51f395-e389-5d6a-b1bd-31a5afa131ce,"Pork, chop, grilled",28101,8.65,0.00,2.24,0.02,0.00,0.00,0.00,0.13,0.00,0.04,0.54,240.00,442.00,2.81,86.50,0.00,4.448128493,88.32414812,0.02,0.03,0.59,0.06,0.43,1.43,0.29,2.07,0.01,1.47,-0.17,0.06,0.13,0.18,Nutriscore_C
43f2ce88-5c9e-5a40-920f-db3d18b9c5e9,8a51f395-e389-5d6a-b1bd-31a5afa131ce,"Pork, chop, raw",28100,6.78,0.00,1.35,0.02,0.00,0.00,0.00,0.10,0.00,0.03,0.43,189.00,350.00,2.20,59.10,0.00,4.448128493,88.32414812,0.02,0.03,0.59,0.06,0.43,1.43,0.29,2.07,0.01,1.47,-0.17,0.06,0.13,0.18,Nutriscore_C
6a7f3ca8-c29d-5e7f-a121-49e6343d1b20,8a51f395-e389-5d6a-b1bd-31a5afa131ce,"Pork, ham escalope, cooked",28461,8.40,0.00,2.18,0.02,0.00,0.00,0.00,0.13,0.00,0.04,0.54,238.00,441.00,2.77,83.30,0.00,4.448128493,88.32414812,0.02,0.03,0.59,0.06,0.43,1.43,0.29,2.07,0.01,1.47,-0.17,0.06,0.13,0.18,Nutriscore_B
362c4853-2206-5a89-afa0-8cf53f36d011,8a51f395-e389-5d6a-b1bd-31a5afa131ce,"Pork, ham escalope, raw",28460,6.58,0.00,1.30,0.02,0.00,0.00,0.00,0.10,0.00,0.03,0.43,188.00,349.00,2.16,56.50,0.00,4.448128493,88.32414812,0.02,0.03,0.59,0.06,0.43,1.43,0.29,2.07,0.01,1.47,-0.17,0.06,0.13,0.18,Nutriscore_A
089296ce-7dbb-5919-ab99-041dd2e8096f,8a51f395-e389-5d6a-b1bd-31a5afa131ce,"Pork, jowl, rindless, raw",28471,6.58,0.00,1.30,0.02,0.00,0.00,0.00,0.10,0.00,0.03,0.43,188.00,349.00,2.16,56.50,0.00,4.448128493,88.32414812,0.02,0.03,0.59,0.06,0.43,1.43,0.29,2.07,0.01,1.47,-0.17,0.06,0.13,0.18,Nutriscore_D
f0d2a72d-4f6e-514d-8381-5df1e9a15534,8a51f395-e389-5d6a-b1bd-31a5afa131ce,"Pork, knuckle oh ham, without rind, fat and bone, raw",28474,6.78,0.00,1.35,0.02,0.00,0.00,0.00,0.10,0.00,0.03,0.43,189.00,350.00,2.20,59.10,0.00,4.448128493,88.32414812,0.02,0.03,0.59,0.06,0.43,1.43,0.29,2.07,0.01,1.47,-0.17,0.06,0.13,0.18,Nutriscore_B
5ad50c75-deea-547e-af65-a12eab4feaa0,8a51f395-e389-5d6a-b1bd-31a5afa131ce,"Pork, knuckle or shank, raw",28004,6.78,0.00,1.35,0.02,0.00,0.00,0.00,0.10,0.00,0.03,0.43,189.00,350.00,2.20,59.10,0.00,4.448128493,88.32414812,0.02,0.03,0.59,0.06,0.43,1.43,0.29,2.07,0.01,1.47,-0.17,0.06,0.13,0.18,Nutriscore_B
a5013afd-93b4-597d-97f1-5997370c8a64,8a51f395-e389-5d6a-b1bd-31a5afa131ce,"Pork, loin, raw",28302,6.58,0.00,1.30,0.02,0.00,0.00,0.00,0.10,0.00,0.03,0.43,188.00,349.00,2.16,56.50,0.00,4.448128493,88.32414812,0.02,0.03,0.59,0.06,0.43,1.43,0.29,2.07,0.01,1.47,-0.17,0.06,0.13,0.18,Nutriscore_C
6cf2e675-5eb3-511d-b650-12872c3e251b,8a51f395-e389-5d6a-b1bd-31a5afa131ce,"Pork, loin, roasted/baked",28451,8.40,0.00,2.18,0.02,0.00,0.00,0.00,0.13,0.00,0.04,0.54,238.00,441.00,2.77,83.30,0.00,4.448128493,88.32414812,0.02,0.03,0.59,0.06,0.43,1.43,0.29,2.07,0.01,1.47,-0.17,0.06,0.13,0.18,Nutriscore_C
ddf9f93b-49ef-50e0-85e2-f2dba56b5686,8a51f395-e389-5d6a-b1bd-31a5afa131ce,"Pork, rack, cooked",28105,8.65,0.00,2.24,0.02,0.00,0.00,0.00,0.13,0.00,0.04,0.54,240.00,442.00,2.81,86.50,0.00,4.448128493,88.32414812,0.02,0.03,0.59,0.06,0.43,1.43,0.29,2.07,0.01,1.47,-0.17,0.06,0.13,0.18,Nutriscore_C
4c4f1715-293b-51f6-b148-0cd73093d33d,8a51f395-e389-5d6a-b1bd-31a5afa131ce,"Pork, rack, raw",28104,6.78,0.00,1.35,0.02,0.00,0.00,0.00,0.10,0.00,0.03,0.43,189.00,350.00,2.20,59.10,0.00,4.448128493,88.32414812,0.02,0.03,0.59,0.06,0.43,1.43,0.29,2.07,0.01,1.47,-0.17,0.06,0.13,0.18,Nutriscore_B
f9fbe8bd-9318-5e10-8632-d390b8bcd5de,8a51f395-e389-5d6a-b1bd-31a5afa131ce,"Pork, roast, cooked",28301,8.40,0.00,2.18,0.02,0.00,0.00,0.00,0.13,0.00,0.04,0.54,238.00,441.00,2.77,83.30,0.00,4.448128493,88.32414812,0.02,0.03,0.59,0.06,0.43,1.43,0.29,2.07,0.01,1.47,-0.17,0.06,0.13,0.18,Nutriscore_B
76055b40-ce34-5251-9472-8e271d8a1089,8a51f395-e389-5d6a-b1bd-31a5afa131ce,"Pork, roast, raw",28300,6.58,0.00,1.30,0.02,0.00,0.00,0.00,0.10,0.00,0.03,0.43,188.00,349.00,2.16,56.50,0.00,4.448128493,88.32414812,0.02,0.03,0.59,0.06,0.43,1.43,0.29,2.07,0.01,1.47,-0.17,0.06,0.13,0.18,Nutriscore_B
c840ff7f-17b1-5a3c-bccf-a88828b18afd,8a51f395-e389-5d6a-b1bd-31a5afa131ce,"Pork, round steak, cooked",28103,8.40,0.00,2.18,0.02,0.00,0.00,0.00,0.13,0.00,0.04,0.54,238.00,441.00,2.77,83.30,0.00,4.448128493,88.32414812,0.02,0.03,0.59,0.06,0.43,1.43,0.29,2.07,0.01,1.47,-0.17,0.06,0.13,0.18,Nutriscore_C
70514a57-933d-598b-9781-66a7385bbcea,8a51f395-e389-5d6a-b1bd-31a5afa131ce,"Pork, round steak, raw",28102,6.58,0.00,1.30,0.02,0.00,0.00,0.00,0.10,0.00,0.03,0.43,188.00,349.00,2.16,56.50,0.00,4.448128493,88.32414812,0.02,0.03,0.59,0.06,0.43,1.43,0.29,2.07,0.01,1.47,-0.17,0.06,0.13,0.18,Nutriscore_B
4b31ee2d-9a0e-591a-a75c-5eefb102c205,8a51f395-e389-5d6a-b1bd-31a5afa131ce,"Pork, shoulder lower half, without rind, fat and bone, raw",28472,6.58,0.00,1.30,0.02,0.00,0.00,0.00,0.10,0.00,0.03,0.43,188.00,349.00,2.16,56.50,0.00,4.448128493,88.32414812,0.02,0.03,0.59,0.06,0.43,1.43,0.29,2.07,0.01,1.47,-0.17,0.06,0.13,0.18,Nutriscore_C
72341816-0649-5cbb-a39b-f5958a160c27,8a51f395-e389-5d6a-b1bd-31a5afa131ce,"Pork, shoulder upper half, without rind, fat and bone, raw",28477,6.58,0.00,1.30,0.02,0.00,0.00,0.00,0.10,0.00,0.03,0.43,188.00,349.00,2.16,56.50,0.00,4.448128493,88.32414812,0.02,0.03,0.59,0.06,0.43,1.43,0.29,2.07,0.01,1.47,-0.17,0.06,0.13,0.18,Nutriscore_C
e63fb395-1beb-541b-8a00-edea8a1ba5b3,8a51f395-e389-5d6a-b1bd-31a5afa131ce,"Pork, shoulder, cooked",28010,8.65,0.00,2.23,0.02,0.00,0.00,0.00,0.13,0.00,0.04,0.54,240.00,442.00,2.81,86.20,0.00,4.448128493,88.32414812,0.02,0.03,0.59,0.06,0.43,1.43,0.29,2.07,0.01,1.47,-0.17,0.06,0.13,0.18,Nutriscore_C
1babcce2-9618-5df8-add3-fe35d29c9dae,8a51f395-e389-5d6a-b1bd-31a5afa131ce,"Pork, shoulder, raw",28001,6.78,0.00,1.34,0.02,0.00,0.00,0.00,0.10,0.00,0.03,0.43,189.00,350.00,2.20,58.80,0.00,4.448128493,88.32414812,0.02,0.03,0.59,0.06,0.43,1.43,0.29,2.07,0.01,1.47,-0.17,0.06,0.13,0.18,Nutriscore_C
9176e30e-ea5a-5cc1-a9f6-686c35530e57,8a51f395-e389-5d6a-b1bd-31a5afa131ce,"Pork, spare-ribs, braised",28401,8.65,0.00,2.24,0.02,0.00,0.00,0.00,0.13,0.00,0.04,0.54,240.00,442.00,2.81,86.50,0.00,4.448128493,88.32414812,0.02,0.03,0.59,0.06,0.43,1.43,0.29,2.07,0.01,1.47,-0.17,0.06,0.13,0.18,Nutriscore_D
b80e7464-6948-55b2-bbad-93a8fd641878,8a51f395-e389-5d6a-b1bd-31a5afa131ce,"Pork, spare-ribs, raw",28400,6.78,0.00,1.35,0.02,0.00,0.00,0.00,0.10,0.00,0.03,0.43,189.00,350.00,2.20,59.10,0.00,4.448128493,88.32414812,0.02,0.03,0.59,0.06,0.43,1.43,0.29,2.07,0.01,1.47,-0.17,0.06,0.13,0.18,Nutriscore_C
43ea47d0-6388-53af-aaa4-c98fc475d7da,8a51f395-e389-5d6a-b1bd-31a5afa131ce,"Pork, way leg, without rind, fat and bone, raw",28473,8.30,0.00,1.62,0.02,0.00,0.00,0.00,0.13,0.00,0.04,0.53,235.00,436.00,2.71,70.60,0.00,4.448128493,88.32414812,0.02,0.03,0.59,0.06,0.43,1.43,0.29,2.07,0.01,1.47,-0.17,0.06,0.13,0.18,Nutriscore_B
72e0c95d-f129-56d1-849c-a6f8ddf398a6,8a51f395-e389-5d6a-b1bd-31a5afa131ce,"Prok, eye of shortloin, raw",28480,6.58,0.00,1.30,0.02,0.00,0.00,0.00,0.10,0.00,0.03,0.43,188.00,349.00,2.16,56.50,0.00,4.448128493,88.32414812,0.02,0.03,0.59,0.06,0.43,1.43,0.29,2.07,0.01,1.47,-0.17,0.06,0.13,0.18,Nutriscore_B
d388fc5c-672f-5a23-a106-5578feeb3821,8a51f395-e389-5d6a-b1bd-31a5afa131ce,Rolled escalope of pork with pistachios,8373,7.36,0.00,1.92,0.02,0.00,0.00,0.00,0.10,0.00,0.03,0.44,194.00,361.00,2.42,79.00,0.00,4.448128493,88.32414812,0.02,0.03,0.59,0.06,0.43,1.43,0.29,2.07,0.01,1.47,-0.17,0.06,0.13,0.18,Nutriscore_E
551041dd-12ca-5d75-9941-9cdb2aa18441,8a51f395-e389-5d6a-b1bd-31a5afa131ce,"Sausage in a brioche crust, cooked",30707,4.88,0.00,2.10,0.01,0.00,0.00,0.00,0.07,0.00,0.02,0.29,115.00,261.00,1.40,66.20,0.00,4.448128493,88.32414812,0.02,0.03,0.59,0.06,0.43,1.43,0.29,2.07,0.01,1.47,-0.17,0.06,0.13,0.18,Nutriscore_D
45f1bf15-4249-5471-b21c-8099c4b09957,8a51f395-e389-5d6a-b1bd-31a5afa131ce,Smoked Alsatian sausage or Landjäger,30125,5.37,0.00,1.98,0.01,0.00,0.00,0.00,0.08,0.00,0.02,0.33,146.00,271.00,1.77,67.60,0.00,4.448128493,88.32414812,0.02,0.03,0.59,0.06,0.43,1.43,0.29,2.07,0.01,1.47,-0.17,0.06,0.13,0.18,Nutriscore_E
403eba07-d15e-5239-9b00-026bd6e52502,8a51f395-e389-5d6a-b1bd-31a5afa131ce,Strasbourg sausage,30742,12.40,0.00,1.68,0.02,0.00,0.00,0.00,0.17,0.00,0.04,0.76,106.00,771.00,1.55,62.30,0.00,4.448128493,88.32414812,0.02,0.03,0.59,0.06,0.43,1.43,0.29,2.07,0.01,1.47,-0.17,0.06,0.13,0.18,Nutriscore_E
99e49061-3cbd-573c-8043-769f503de8cc,000ef319-9c05-53cd-b273-042a36942fb3,"Rabbit, meat, braised",34000,7.75,0.00,1.29,0.03,0.00,0.00,0.00,0.20,0.00,0.04,0.85,221.00,445.00,3.40,86.10,0.00,143.5141596,955.5686911,0.02,0.03,0.59,0.06,0.43,1.43,0.29,2.07,0.01,1.47,-0.17,0.06,0.13,0.18,Nutriscore_A
0a0c8583-1ce4-5939-a4bf-6690745ce882,000ef319-9c05-53cd-b273-042a36942fb3,"Rabbit, meat, cooked",34002,7.75,0.00,1.29,0.03,0.00,0.00,0.00,0.20,0.00,0.04,0.85,221.00,445.00,3.40,86.10,0.00,143.5141596,955.5686911,0.02,0.03,0.59,0.06,0.43,1.43,0.29,2.07,0.01,1.47,-0.17,0.06,0.13,0.18,Nutriscore_A
f8009d7f-8081-56da-bfc7-0b40bc5698a2,000ef319-9c05-53cd-b273-042a36942fb3,"Rabbit, meat, raw",34001,5.78,0.00,0.57,0.02,0.00,0.00,0.00,0.15,0.00,0.03,0.64,166.00,336.00,2.54,56.00,0.00,143.5141596,955.5686911,0.02,0.03,0.59,0.06,0.43,1.43,0.29,2.07,0.01,1.47,-0.17,0.06,0.13,0.18,Nutriscore_A
0ed281ab-df9a-5728-ac0e-744a6e53f21e,5f896a06-f162-572f-88a2-c74ba2bef8da,"Veal fillet, raw",6530,23.20,0.00,1.48,0.04,0.00,0.00,0.00,0.27,0.00,0.07,1.15,310.00,1060.00,3.13,109.00,0.00,0.376855243,9.200666633,0.02,0.03,0.59,0.06,0.43,1.43,0.29,2.07,0.01,1.47,-0.17,0.06,0.13,0.18,Nutriscore_A
70b2c514-c0c4-5db2-8373-aeb2eb87b150,5f896a06-f162-572f-88a2-c74ba2bef8da,"Veal fillet, roasted/baked",6531,29.40,0.00,2.40,0.05,0.00,0.00,0.00,0.34,0.00,0.09,1.46,392.00,1340.00,3.99,150.00,0.00,0.376855243,9.200666633,0.02,0.03,0.59,0.06,0.43,1.43,0.29,2.07,0.01,1.47,-0.17,0.06,0.13,0.18,Nutriscore_C
ab1690b6-8aa2-55dc-909c-fd3abb7dd2cc,5f896a06-f162-572f-88a2-c74ba2bef8da,"Veal, breast, raw",6540,18.60,0.00,1.22,0.03,0.00,0.00,0.00,0.21,0.00,0.06,0.92,247.00,846.00,2.53,89.10,0.00,0.376855243,9.200666633,0.02,0.03,0.59,0.06,0.43,1.43,0.29,2.07,0.01,1.47,-0.17,0.06,0.13,0.18,Nutriscore_C
5aabdcaf-71e0-571c-bb17-bc8bb92f9e79,5f896a06-f162-572f-88a2-c74ba2bef8da,"Veal, chop, grilled/pan-fried",6511,29.60,0.00,2.05,0.05,0.00,0.00,0.00,0.34,0.00,0.09,1.46,392.00,1340.00,4.01,145.00,0.00,0.376855243,9.200666633,0.02,0.03,0.59,0.06,0.43,1.43,0.29,2.07,0.01,1.47,-0.17,0.06,0.13,0.18,Nutriscore_B
653c8ec8-ef73-508d-aaed-874e684b42d5,5f896a06-f162-572f-88a2-c74ba2bef8da,"Veal, chop, raw",6510,23.30,0.00,1.52,0.04,0.00,0.00,0.00,0.27,0.00,0.07,1.15,310.00,1060.00,3.17,111.00,0.00,0.376855243,9.200666633,0.02,0.03,0.59,0.06,0.43,1.43,0.29,2.07,0.01,1.47,-0.17,0.06,0.13,0.18,Nutriscore_C
67a4de9e-5b83-5663-8f07-94d393a3c85f,5f896a06-f162-572f-88a2-c74ba2bef8da,"Veal, escalope, cooked",6520,29.40,0.00,2.40,0.05,0.00,0.00,0.00,0.34,0.00,0.09,1.46,392.00,1340.00,3.99,150.00,0.00,0.376855243,9.200666633,0.02,0.03,0.59,0.06,0.43,1.43,0.29,2.07,0.01,1.47,-0.17,0.06,0.13,0.18,Nutriscore_A
dc926d92-f85e-5828-a269-0b870cb5679e,5f896a06-f162-572f-88a2-c74ba2bef8da,"Veal, escalope, raw",6521,23.20,0.00,1.48,0.04,0.00,0.00,0.00,0.27,0.00,0.07,1.15,310.00,1060.00,3.13,109.00,0.00,0.376855243,9.200666633,0.02,0.03,0.59,0.06,0.43,1.43,0.29,2.07,0.01,1.47,-0.17,0.06,0.13,0.18,Nutriscore_A
ef027585-b428-5024-8c6e-ebd72a4860c7,5f896a06-f162-572f-88a2-c74ba2bef8da,"Veal, knuckle or shank, braised or boiled",6581,29.70,0.00,2.18,0.05,0.00,0.00,0.00,0.34,0.00,0.09,1.46,392.00,1340.00,4.02,149.00,0.00,0.376855243,9.200666633,0.02,0.03,0.59,0.06,0.43,1.43,0.29,2.07,0.01,1.47,-0.17,0.06,0.13,0.18,Nutriscore_B
56c91dc2-89e0-5264-9d00-6833ab70cdb0,5f896a06-f162-572f-88a2-c74ba2bef8da,"Veal, knuckle or shank, raw",6583,23.30,0.00,1.52,0.04,0.00,0.00,0.00,0.27,0.00,0.07,1.15,310.00,1060.00,3.17,111.00,0.00,0.376855243,9.200666633,0.02,0.03,0.59,0.06,0.43,1.43,0.29,2.07,0.01,1.47,-0.17,0.06,0.13,0.18,Nutriscore_B
86d10fc1-5a2e-56a3-9c10-685e97125d94,5f896a06-f162-572f-88a2-c74ba2bef8da,"Veal, loin, raw",6513,18.60,0.00,1.22,0.03,0.00,0.00,0.00,0.21,0.00,0.06,0.92,247.00,846.00,2.53,89.10,0.00,0.376855243,9.200666633,0.02,0.03,0.59,0.06,0.43,1.43,0.29,2.07,0.01,1.47,-0.17,0.06,0.13,0.18,Nutriscore_B
514c1b4f-7f14-5023-890d-ce2307ef1d8f,5f896a06-f162-572f-88a2-c74ba2bef8da,"Veal, loin, sautéed/pan-fried",6512,23.60,0.00,1.66,0.04,0.00,0.00,0.00,0.27,0.00,0.07,1.17,313.00,1070.00,3.21,117.00,0.00,0.376855243,9.200666633,0.02,0.03,0.59,0.06,0.43,1.43,0.29,2.07,0.01,1.47,-0.17,0.06,0.13,0.18,Nutriscore_C
9d68f883-cc81-5f47-b068-2c7bb493536a,5f896a06-f162-572f-88a2-c74ba2bef8da,"Veal, minced steak, 15% fat, raw",6536,28.60,0.00,2.38,0.05,0.00,0.00,0.00,0.33,0.00,0.09,1.42,381.00,1300.00,3.89,149.00,0.00,0.376855243,9.200666633,0.02,0.03,0.59,0.06,0.43,1.43,0.29,2.07,0.01,1.47,-0.17,0.06,0.13,0.18,Nutriscore_C
9f2a2c97-0416-5160-b49f-4cc0ce374449,5f896a06-f162-572f-88a2-c74ba2bef8da,"Veal, minced steak, 20% fat, raw",6535,28.60,0.00,2.38,0.05,0.00,0.00,0.00,0.33,0.00,0.09,1.42,381.00,1300.00,3.89,149.00,0.00,0.376855243,9.200666633,0.02,0.03,0.59,0.06,0.43,1.43,0.29,2.07,0.01,1.47,-0.17,0.06,0.13,0.18,Nutriscore_D
36e9593e-1332-5b44-ae74-21df95f1808f,5f896a06-f162-572f-88a2-c74ba2bef8da,"Veal, neck, braised or boiled",6591,29.70,0.00,2.18,0.05,0.00,0.00,0.00,0.34,0.00,0.09,1.46,392.00,1340.00,4.02,149.00,0.00,0.376855243,9.200666633,0.02,0.03,0.59,0.06,0.43,1.43,0.29,2.07,0.01,1.47,-0.17,0.06,0.13,0.18,Nutriscore_C
a4ffd757-4278-5ccb-a4d8-bfece0b7f3cd,5f896a06-f162-572f-88a2-c74ba2bef8da,"Veal, neck, raw",6590,23.30,0.00,1.52,0.04,0.00,0.00,0.00,0.27,0.00,0.07,1.15,310.00,1060.00,3.17,111.00,0.00,0.376855243,9.200666633,0.02,0.03,0.59,0.06,0.43,1.43,0.29,2.07,0.01,1.47,-0.17,0.06,0.13,0.18,Nutriscore_A
5f9448d5-2e06-5659-a645-6c58152b8aca,5f896a06-f162-572f-88a2-c74ba2bef8da,"Veal, roast, cooked",6551,36.80,0.00,2.87,0.06,0.00,0.00,0.00,0.42,0.00,0.11,1.82,491.00,1670.00,4.98,184.00,0.00,0.376855243,9.200666633,0.02,0.03,0.59,0.06,0.43,1.43,0.29,2.07,0.01,1.47,-0.17,0.06,0.13,0.18,Nutriscore_A
550bdf29-b9f5-54f6-9178-b1a5e95b1e62,5f896a06-f162-572f-88a2-c74ba2bef8da,"Veal, roast, raw",6550,29.00,0.00,1.84,0.05,0.00,0.00,0.00,0.33,0.00,0.09,1.44,388.00,1320.00,3.92,136.00,0.00,0.376855243,9.200666633,0.02,0.03,0.59,0.06,0.43,1.43,0.29,2.07,0.01,1.47,-0.17,0.06,0.13,0.18,Nutriscore_B
e3cbc718-90d3-583c-9d93-93420dfc1084,5f896a06-f162-572f-88a2-c74ba2bef8da,"Veal, shoulder, braised/boiled",6563,23.70,0.00,1.76,0.04,0.00,0.00,0.00,0.27,0.00,0.07,1.17,313.00,1070.00,3.22,120.00,0.00,0.376855243,9.200666633,0.02,0.03,0.59,0.06,0.43,1.43,0.29,2.07,0.01,1.47,-0.17,0.06,0.13,0.18,Nutriscore_C
bc524228-9c5a-5f1d-b391-b2d4dc02a62a,5f896a06-f162-572f-88a2-c74ba2bef8da,"Veal, shoulder, grilled/pan-fried",6562,23.60,0.00,1.66,0.04,0.00,0.00,0.00,0.27,0.00,0.07,1.17,313.00,1070.00,3.21,117.00,0.00,0.376855243,9.200666633,0.02,0.03,0.59,0.06,0.43,1.43,0.29,2.07,0.01,1.47,-0.17,0.06,0.13,0.18,Nutriscore_C
8ae8a1a0-a8cf-511e-8cab-52ea2865f1a8,5f896a06-f162-572f-88a2-c74ba2bef8da,"Veal, shoulder, raw",6560,18.60,0.00,1.22,0.03,0.00,0.00,0.00,0.21,0.00,0.06,0.92,247.00,846.00,2.53,89.10,0.00,0.376855243,9.200666633,0.02,0.03,0.59,0.06,0.43,1.43,0.29,2.07,0.01,1.47,-0.17,0.06,0.13,0.18,Nutriscore_A
e2f8bd9c-8a9b-5c8b-9bf7-7ed30a99d619,5f896a06-f162-572f-88a2-c74ba2bef8da,"Veal, tenderloin, grilled/pan-fried",6523,29.40,0.00,1.99,0.05,0.00,0.00,0.00,0.34,0.00,0.09,1.46,392.00,1340.00,3.97,142.00,0.00,0.376855243,9.200666633,0.02,0.03,0.59,0.06,0.43,1.43,0.29,2.07,0.01,1.47,-0.17,0.06,0.13,0.18,Nutriscore_B
e2aed723-2d8d-581d-b55b-97d3f2713960,5f896a06-f162-572f-88a2-c74ba2bef8da,"Veal, tenderloin, raw",6522,23.20,0.00,1.48,0.04,0.00,0.00,0.00,0.27,0.00,0.07,1.15,310.00,1060.00,3.13,109.00,0.00,0.376855243,9.200666633,0.02,0.03,0.59,0.06,0.43,1.43,0.29,2.07,0.01,1.47,-0.17,0.06,0.13,0.18,Nutriscore_A
bca90519-9b4e-5e9c-adc1-c228ec45ddd8,5f896a06-f162-572f-88a2-c74ba2bef8da,"Veal, tenderloin, roasted",6524,29.40,0.00,2.40,0.05,0.00,0.00,0.00,0.34,0.00,0.09,1.46,392.00,1340.00,3.99,150.00,0.00,0.376855243,9.200666633,0.02,0.03,0.59,0.06,0.43,1.43,0.29,2.07,0.01,1.47,-0.17,0.06,0.13,0.18,Nutriscore_B
6bf6172c-5d4c-525f-a1fb-cc0d958220a2,9035598d-4a28-56b6-b0d0-3e7e46735d37,Seitan,25598,1.82,0.00,0.95,0.01,0.00,0.00,0.00,0.01,0.00,0.01,0.05,17.50,87.50,0.46,37.90,0.00,0,0,0.01,0.03,0.09,0.01,0.08,0.23,0.05,0.58,0.00,0.32,-0.03,0.02,0.02,0.03,Nutriscore_A
56f57b89-968e-573e-963c-529d000a0037,61b36156-3226-591a-833a-a2c95baa6a78,"Plant-based ham, prepacked",1030,2.17,0.00,1.36,0.01,0.00,0.00,0.00,0.01,0.00,0.01,0.05,26.00,134.00,0.58,50.70,0.00,0,0,0.01,0.03,0.09,0.01,0.08,0.23,0.05,0.58,0.00,0.32,-0.03,0.02,0.02,0.03,Nutriscore_C
a7a6eb18-428d-5209-8d77-d453e8880713,61b36156-3226-591a-833a-a2c95baa6a78,"Plant-based pate, prepacked",1031,3.93,0.00,0.78,0.01,0.00,0.00,0.00,0.02,0.00,0.02,0.08,50.10,152.00,18.30,58.70,0.00,0,0,0.01,0.03,0.09,0.01,0.08,0.23,0.05,0.58,0.00,0.32,-0.03,0.02,0.02,0.03,Nutriscore_C
9e3168c3-1baa-5888-afd1-7143be7d7ece,61b36156-3226-591a-833a-a2c95baa6a78,"Soy protein, textured, dehydrated, from soy flour",20591_2,1.31,0.00,0.25,0.00,0.00,0.00,0.00,0.00,0.00,0.01,0.02,71.90,116.00,0.31,17.20,0.00,0,0,0.01,0.03,0.09,0.01,0.08,0.23,0.05,0.58,0.00,0.32,-0.03,0.02,0.02,0.03,Nutriscore_A
a8aad05e-61a4-5501-a5e5-6bda565d2b15,61b36156-3226-591a-833a-a2c95baa6a78,"Soy protein, textured, rehydrated, from soy flour",20591_1,0.54,0.00,0.17,0.00,0.00,0.00,0.00,0.00,0.00,0.00,0.01,29.20,46.80,0.13,8.48,0.00,0,0,0.01,0.03,0.09,0.01,0.08,0.23,0.05,0.58,0.00,0.32,-0.03,0.02,0.02,0.03,Nutriscore_A
48b63ecd-4fdb-514e-9cc6-c42c4f2837fe,61b36156-3226-591a-833a-a2c95baa6a78,"Soy-based minced, prepacked",30181,2.05,0.00,3.12,0.01,0.00,0.00,0.00,0.01,0.00,0.01,0.03,46.00,106.00,0.72,85.90,0.00,0,0,0.01,0.03,0.09,0.01,0.08,0.23,0.05,0.58,0.00,0.32,-0.03,0.02,0.02,0.03,Nutriscore_A
4a36454c-f8bf-5189-ad1a-b596ae0db278,61b36156-3226-591a-833a-a2c95baa6a78,Soy-based sliced,25224,1.91,0.00,3.58,0.01,0.00,0.00,0.00,0.01,0.00,0.01,0.03,52.90,101.00,0.54,91.40,0.00,0,0,0.01,0.03,0.09,0.01,0.08,0.23,0.05,0.58,0.00,0.32,-0.03,0.02,0.02,0.03,Nutriscore_A
01776a8c-6448-56b6-96b3-fd26723726ac,61b36156-3226-591a-833a-a2c95baa6a78,Soybean and wheat-based nuggets (not vegan),25226,1.92,0.00,1.47,0.01,0.00,0.00,0.00,0.02,0.00,0.01,0.06,38.10,146.00,0.62,48.60,0.00,0,0,0.01,0.03,0.09,0.01,0.08,0.23,0.05,0.58,0.00,0.32,-0.03,0.02,0.02,0.03,Nutriscore_A
20d38912-39f3-5d1a-b429-4502f32ddc1c,61b36156-3226-591a-833a-a2c95baa6a78,Soybean and wheat-based nuggets (vegan),25227_1,1.83,0.00,1.61,0.01,0.00,0.00,0.00,0.01,0.00,0.01,0.04,36.10,136.00,0.52,51.30,0.00,0,0,0.01,0.03,0.09,0.01,0.08,0.23,0.05,0.58,0.00,0.32,-0.03,0.02,0.02,0.03,Nutriscore_A
f0786022-129a-5772-8f64-6ce3b49f70f8,61b36156-3226-591a-833a-a2c95baa6a78,Soybean-based nuggets,25227_2,1.77,0.00,1.65,0.01,0.00,0.00,0.00,0.01,0.00,0.01,0.04,37.80,146.00,0.56,51.40,0.00,0,0,0.01,0.03,0.09,0.01,0.08,0.23,0.05,0.58,0.00,0.32,-0.03,0.02,0.02,0.03,Nutriscore_A
6af480a9-1d6b-5faf-afdd-5f0f503d6c16,61b36156-3226-591a-833a-a2c95baa6a78,Veggie burger,25415_2,2.71,0.00,2.06,0.01,0.00,0.00,0.00,0.02,0.00,0.01,0.09,30.80,115.00,0.85,65.30,0.00,0,0,0.01,0.03,0.09,0.01,0.08,0.23,0.05,0.58,0.00,0.32,-0.03,0.02,0.02,0.03,Nutriscore_D
5b229b30-3797-5620-8199-f14f3f354ed8,bd615fb8-3785-5fde-99fa-2c1d2c888c94,Head-cheese pâté or brawn,8400,5.51,0.00,1.08,0.01,0.00,0.00,0.00,0.07,0.00,0.02,0.30,140.00,245.00,1.66,53.70,0.00,4.562954457,90.63853991,0.01,0.03,0.18,0.02,0.13,0.44,0.10,0.82,0.01,0.31,-0.05,0.03,0.03,0.05,Nutriscore_D
5cdfcb93-7174-58e7-89a9-125dabc1c838,92b478ab-33ee-54b8-8a90-7ab6d5eec8f7,Ox muzzle in salad dressing sauce,25610,23.20,0.00,0.75,0.03,0.00,0.00,0.00,0.32,0.00,0.07,1.43,117.00,1510.00,1.93,50.70,0.00,70.85123939,27.181969,0.01,0.03,0.18,0.02,0.13,0.44,0.10,0.82,0.01,0.31,-0.05,0.03,0.03,0.05,Nutriscore_D
4fee5b2d-75ea-5deb-b500-9c99689c615f,92b478ab-33ee-54b8-8a90-7ab6d5eec8f7,Pork snout in salad dressing sauce,8406,2.91,0.00,1.16,0.01,0.00,0.00,0.00,0.04,0.00,0.01,0.17,74.30,136.00,0.94,39.80,0.00,70.85123939,27.181969,0.01,0.03,0.18,0.02,0.13,0.44,0.10,0.82,0.01,0.31,-0.05,0.03,0.03,0.05,Nutriscore_D
10c3b080-3128-5592-b68b-352ca0d3206e,52ae9756-92b5-5c7f-a6bb-99a356f39622,"Sausage meat, pure pork, raw",30051,5.39,0.00,1.18,0.01,0.00,0.00,0.00,0.08,0.00,0.02,0.34,148.00,275.00,1.78,50.40,0.00,5.946892241,118.5978806,0.01,0.03,0.18,0.02,0.13,0.44,0.10,0.82,0.01,0.31,-0.05,0.03,0.03,0.05,Nutriscore_C
6e611bc4-29fe-51c6-85c1-712b158f43a7,52ae9756-92b5-5c7f-a6bb-99a356f39622,"Sausage meat, raw",30050,6.23,0.00,1.22,0.01,0.00,0.00,0.00,0.09,0.00,0.03,0.40,174.00,324.00,2.06,54.40,0.00,5.946892241,118.5978806,0.01,0.03,0.18,0.02,0.13,0.44,0.10,0.82,0.01,0.31,-0.05,0.03,0.03,0.05,Nutriscore_D
082c8200-2150-553a-b96b-2f8154cef0d0,bb2fb52c-e4e8-50b2-ad8d-047797269855,"Merguez sausage, beef and mutton, cooked",30155,40.50,0.00,1.67,0.06,0.00,0.00,0.00,0.70,0.00,0.14,3.09,206.00,3470.00,5.12,98.30,0.00,2.664302248,17.59432606,0.01,0.03,0.18,0.02,0.13,0.44,0.10,0.82,0.01,0.31,-0.05,0.03,0.03,0.05,Nutriscore_E
bfbf74d6-6f87-53b3-8da1-ebb51d3d582a,bb2fb52c-e4e8-50b2-ad8d-047797269855,"Merguez sausage, beef and mutton, raw",30156,40.50,0.00,1.13,0.06,0.00,0.00,0.00,0.70,0.00,0.14,3.09,205.00,3470.00,5.09,86.40,0.00,2.664302248,17.59432606,0.01,0.03,0.18,0.02,0.13,0.44,0.10,0.82,0.01,0.31,-0.05,0.03,0.03,0.05,Nutriscore_E
25b27565-f72a-573a-8144-5ae906e50537,bb2fb52c-e4e8-50b2-ad8d-047797269855,"Merguez sausage, beef, mutton and pork, raw",30154,32.30,0.00,1.18,0.05,0.00,0.00,0.00,0.52,0.00,0.11,2.30,200.00,2500.00,3.97,78.60,0.00,2.664302248,17.59432606,0.01,0.03,0.18,0.02,0.13,0.44,0.10,0.82,0.01,0.31,-0.05,0.03,0.03,0.05,Nutriscore_E
c664baea-3678-5e46-a6af-6b143a2e898f,bb2fb52c-e4e8-50b2-ad8d-047797269855,"Merguez sausage, raw",30150,23.90,0.00,1.22,0.04,0.00,0.00,0.00,0.34,0.00,0.08,1.49,195.00,1530.00,2.83,70.60,0.00,2.664302248,17.59432606,0.01,0.03,0.18,0.02,0.13,0.44,0.10,0.82,0.01,0.31,-0.05,0.03,0.03,0.05,Nutriscore_E
33cfefb3-fdde-530b-a1e1-e0f7f639c575,31482334-bd16-51c7-9e66-022930e5ea48,"Diot (sausage from Savoy), raw",30177,5.27,0.00,1.17,0.01,0.00,0.00,0.00,0.08,0.00,0.02,0.34,148.00,274.00,1.75,49.10,0.00,2.412491868,48.76240738,0.01,0.03,0.18,0.02,0.13,0.44,0.10,0.82,0.01,0.31,-0.05,0.03,0.03,0.05,Nutriscore_E
d4093191-fd7f-5999-9318-5b9ff01b2d0f,31482334-bd16-51c7-9e66-022930e5ea48,"Merguez sausage, pork and beef, raw",30153,23.90,0.00,1.22,0.04,0.00,0.00,0.00,0.34,0.00,0.08,1.49,195.00,1530.00,2.83,70.60,0.00,2.412491868,48.76240738,0.01,0.03,0.18,0.02,0.13,0.44,0.10,0.82,0.01,0.31,-0.05,0.03,0.03,0.05,Nutriscore_E
94049c23-fa77-52d9-aa68-5df2f5be2745,31482334-bd16-51c7-9e66-022930e5ea48,Mixed meat on skewer,25506,4.74,0.00,1.57,0.01,0.00,0.00,0.00,0.07,0.00,0.02,0.28,124.00,265.00,3.29,61.40,0.00,2.412491868,48.76240738,0.01,0.03,0.18,0.02,0.13,0.44,0.10,0.82,0.01,0.31,-0.05,0.03,0.03,0.05,Nutriscore_C
099d4e22-4359-5dec-aa77-11393fd17d75,31482334-bd16-51c7-9e66-022930e5ea48,"Sausage meat, pork and beef, raw",30052,5.39,0.00,1.18,0.01,0.00,0.00,0.00,0.08,0.00,0.02,0.34,148.00,275.00,1.78,50.40,0.00,2.412491868,48.76240738,0.01,0.03,0.18,0.02,0.13,0.44,0.10,0.82,0.01,0.31,-0.05,0.03,0.03,0.05,Nutriscore_D
d1acdb54-f60a-5b2c-b951-7371f20e04cf,299a19ab-eb52-5b78-8b40-e6a1c0197e91,Rillettes from Mans,8015,7.58,0.00,1.76,0.02,0.00,0.00,0.00,0.11,0.00,0.03,0.47,207.00,389.00,2.53,75.70,0.00,4.294689978,85.48115594,0.01,0.03,0.18,0.02,0.13,0.44,0.10,0.82,0.01,0.31,-0.05,0.03,0.03,0.05,Nutriscore_E
647d029e-fa2b-5cb0-b6ab-265cc6517212,299a19ab-eb52-5b78-8b40-e6a1c0197e91,Rillettes from Tours,8010,7.87,0.00,1.81,0.02,0.00,0.00,0.00,0.12,0.00,0.03,0.49,215.00,407.00,2.63,78.00,0.00,4.294689978,85.48115594,0.01,0.03,0.18,0.02,0.13,0.44,0.10,0.82,0.01,0.31,-0.05,0.03,0.03,0.05,Nutriscore_E
3ff2d2fa-be46-5ba2-a524-0e7c17d12bf1,299a19ab-eb52-5b78-8b40-e6a1c0197e91,"Rillettes, duck",8026,6.51,0.00,3.05,0.01,0.00,0.00,0.00,0.05,0.00,0.01,0.21,65.20,133.00,1.20,101.00,0.00,36.98082426,13.93011031,0.01,0.03,0.18,0.02,0.13,0.44,0.10,0.82,0.01,0.31,-0.05,0.03,0.03,0.05,Nutriscore_E
f3b0a3ff-5014-50d2-b0ce-6cd6e65a4e5e,299a19ab-eb52-5b78-8b40-e6a1c0197e91,"Rillettes, goose",8030,3.49,0.00,1.53,0.01,0.00,0.00,0.00,0.05,0.00,0.01,0.23,65.20,153.00,1.23,59.60,0.00,36.98082426,13.93011031,0.01,0.03,0.18,0.02,0.13,0.44,0.10,0.82,0.01,0.31,-0.05,0.03,0.03,0.05,Nutriscore_E
6b4da0e4-52f3-5057-b053-5dfcd4fca925,299a19ab-eb52-5b78-8b40-e6a1c0197e91,"Rillettes, pork",8000,7.42,0.00,1.73,0.02,0.00,0.00,0.00,0.11,0.00,0.03,0.46,202.00,380.00,2.48,74.50,0.00,4.294689978,85.48115594,0.01,0.03,0.18,0.02,0.13,0.44,0.10,0.82,0.01,0.31,-0.05,0.03,0.03,0.05,Nutriscore_D
8e4c3b0b-d5db-5199-a376-34399315b404,299a19ab-eb52-5b78-8b40-e6a1c0197e91,"Rillettes, poultry",8040,5.68,0.00,0.91,0.02,0.00,0.00,0.00,0.14,0.00,0.03,0.62,159.00,327.00,2.56,65.60,0.00,36.98082426,13.93011031,0.01,0.03,0.18,0.02,0.13,0.44,0.10,0.82,0.01,0.31,-0.05,0.03,0.03,0.05,Nutriscore_E
9a7f17d9-9e32-5415-9bdd-3ba4b6e2933d,299a19ab-eb52-5b78-8b40-e6a1c0197e91,"Rillettes, pure goose",8025,3.49,0.00,1.53,0.01,0.00,0.00,0.00,0.05,0.00,0.01,0.23,65.20,153.00,1.23,59.60,0.00,36.98082426,13.93011031,0.01,0.03,0.18,0.02,0.13,0.44,0.10,0.82,0.01,0.31,-0.05,0.03,0.03,0.05,Nutriscore_E
445d5d4b-4211-566d-b525-e2a4c1354f6e,299a19ab-eb52-5b78-8b40-e6a1c0197e91,"Rillettes, pure pork",8001,7.42,0.00,1.73,0.02,0.00,0.00,0.00,0.11,0.00,0.03,0.46,202.00,380.00,2.48,74.50,0.00,4.294689978,85.48115594,0.01,0.03,0.18,0.02,0.13,0.44,0.10,0.82,0.01,0.31,-0.05,0.03,0.03,0.05,Nutriscore_E
4d6d8397-5043-5122-a5a7-b4257cc9ceb6,5c80fd6e-09e2-5798-a048-51f7805bd2aa,Poultry liver pâté,8316,2.40,0.00,0.80,0.01,0.00,0.00,0.00,0.03,0.00,0.01,0.11,44.80,75.40,0.77,37.20,0.00,84.79075381,33.06849733,0.01,0.03,0.18,0.02,0.13,0.44,0.10,0.82,0.01,0.31,-0.05,0.03,0.03,0.05,Nutriscore_E
82244390-57a7-52f7-8393-56931d6a26ca,5c80fd6e-09e2-5798-a048-51f7805bd2aa,Preserved poultry liver,8125,2.42,0.00,0.40,0.01,0.00,0.00,0.00,0.04,0.00,0.01,0.15,49.30,80.90,0.77,31.00,0.00,84.79075381,33.06849733,0.01,0.03,0.18,0.02,0.13,0.44,0.10,0.82,0.01,0.31,-0.05,0.03,0.03,0.05,Nutriscore_E
177ac153-ecdc-58e8-9a20-8291da56258b,9e7a6dac-2f23-5e90-9e52-54abd7a054ce,Goose liver pâté,8326,2.49,0.00,0.88,0.01,0.00,0.00,0.00,0.03,0.00,0.01,0.12,45.10,80.00,0.81,40.00,0.00,87.62394674,61.76416374,0.01,0.03,0.18,0.02,0.13,0.44,0.10,0.82,0.01,0.31,-0.05,0.03,0.03,0.05,Nutriscore_E
83db3b7f-b803-5444-88ed-1fed6f1c5af3,efb7e4a3-14e7-5f63-b64c-82124ec7922f,Pork liver mousse,8313,2.99,0.00,0.98,0.01,0.00,0.00,0.00,0.03,0.00,0.01,0.12,58.10,97.90,0.87,43.30,0.00,5.490017799,85.23480261,0.01,0.03,0.18,0.02,0.13,0.44,0.10,0.82,0.01,0.31,-0.05,0.03,0.03,0.05,Nutriscore_E
2c0d569d-4126-5436-980e-174e7672f038,efb7e4a3-14e7-5f63-b64c-82124ec7922f,"Pork liver mousse, superior quality",8312,2.99,0.00,0.98,0.01,0.00,0.00,0.00,0.03,0.00,0.01,0.12,58.10,97.90,0.87,43.30,0.00,5.490017799,85.23480261,0.01,0.03,0.18,0.02,0.13,0.44,0.10,0.82,0.01,0.31,-0.05,0.03,0.03,0.05,Nutriscore_E
3f365438-741a-5d22-814a-9099245888a5,efb7e4a3-14e7-5f63-b64c-82124ec7922f,Pork liver pâté,8305,2.81,0.00,0.91,0.01,0.00,0.00,0.00,0.03,0.00,0.01,0.11,56.30,95.10,0.86,40.00,0.00,5.490017799,85.23480261,0.01,0.03,0.18,0.02,0.13,0.44,0.10,0.82,0.01,0.31,-0.05,0.03,0.03,0.05,Nutriscore_E
0262140e-8554-5296-afef-ad725b3ea9c3,efb7e4a3-14e7-5f63-b64c-82124ec7922f,"Pork liver pâté, superior quality",8300,2.82,0.00,0.91,0.01,0.00,0.00,0.00,0.03,0.00,0.01,0.11,57.00,97.60,0.87,40.10,0.00,5.490017799,85.23480261,0.01,0.03,0.18,0.02,0.13,0.44,0.10,0.82,0.01,0.31,-0.05,0.03,0.03,0.05,Nutriscore_E
e6ef65a8-6876-5e3f-9090-754f4749bea7,efb7e4a3-14e7-5f63-b64c-82124ec7922f,Preserved pork liver,8120,3.73,0.00,0.76,0.01,0.00,0.00,0.00,0.04,0.00,0.01,0.18,85.80,143.00,1.06,40.30,0.00,5.490017799,85.23480261,0.01,0.03,0.18,0.02,0.13,0.44,0.10,0.82,0.01,0.31,-0.05,0.03,0.03,0.05,Nutriscore_E
62bfa038-5e0a-5eca-a185-e5208e133e4d,78fb5511-80be-51f5-bc75-7000217cda4f,Breton pâté,8214,4.73,0.00,1.26,0.01,0.00,0.00,0.00,0.06,0.00,0.02,0.25,116.00,206.00,1.66,54.90,0.00,4.234618325,84.08458901,0.01,0.03,0.18,0.02,0.13,0.44,0.10,0.82,0.01,0.31,-0.05,0.03,0.03,0.05,Nutriscore_E
33f7e0c4-5c09-5dec-b76b-0cda1c7cb80d,78fb5511-80be-51f5-bc75-7000217cda4f,Country-style pâté or terrine,8211,4.73,0.00,1.26,0.01,0.00,0.00,0.00,0.06,0.00,0.02,0.25,116.00,206.00,1.66,54.90,0.00,4.234618325,84.08458901,0.01,0.03,0.18,0.02,0.13,0.44,0.10,0.82,0.01,0.31,-0.05,0.03,0.03,0.05,Nutriscore_E
f8dbc168-e4d6-50ea-9f17-47d931a74889,78fb5511-80be-51f5-bc75-7000217cda4f,Country-style pâté with mushrooms,8250,4.08,0.00,0.91,0.01,0.00,0.00,0.00,0.03,0.00,0.01,0.13,60.30,121.00,13.20,55.50,0.00,4.234618325,84.08458901,0.01,0.03,0.18,0.02,0.13,0.44,0.10,0.82,0.01,0.31,-0.05,0.03,0.03,0.05,Nutriscore_E
4999f617-549d-5de4-94f7-33d6367dad6f,78fb5511-80be-51f5-bc75-7000217cda4f,Duck mousse,8315,7.45,0.00,3.45,0.02,0.00,0.00,0.00,0.14,0.00,0.03,0.58,138.00,338.00,2.59,127.00,0.00,72.91045282,51.12258097,0.01,0.03,0.18,0.02,0.13,0.44,0.10,0.82,0.01,0.31,-0.05,0.03,0.03,0.05,Nutriscore_E
ac34f718-0694-5954-939c-4146baeb91c2,78fb5511-80be-51f5-bc75-7000217cda4f,Duck terrine,8232,6.10,0.00,1.62,0.01,0.00,0.00,0.00,0.06,0.00,0.02,0.24,96.90,175.00,1.54,65.80,0.00,72.91045282,51.12258097,0.01,0.03,0.18,0.02,0.13,0.44,0.10,0.82,0.01,0.31,-0.05,0.03,0.03,0.05,Nutriscore_D
6451368f-e112-5d7a-b992-7c3b375978ba,78fb5511-80be-51f5-bc75-7000217cda4f,Game pâté,8245,4.73,0.00,1.26,0.01,0.00,0.00,0.00,0.06,0.00,0.02,0.25,116.00,206.00,1.66,54.90,0.00,53.42213275,333.9570456,0.01,0.03,0.18,0.02,0.13,0.44,0.10,0.82,0.01,0.31,-0.05,0.03,0.03,0.05,Nutriscore_E
331b6451-667e-5afc-8852-4c3adaf7990b,78fb5511-80be-51f5-bc75-7000217cda4f,Pâté in crust,8391,11.30,0.00,1.54,0.02,0.00,0.00,0.00,0.19,0.00,0.04,0.82,171.00,855.00,2.60,72.30,0.00,4.234618325,84.08458901,0.01,0.03,0.18,0.02,0.13,0.44,0.10,0.82,0.01,0.31,-0.05,0.03,0.03,0.05,Nutriscore_E
15febb0c-e582-5a27-aeaf-468aa3fe958e,78fb5511-80be-51f5-bc75-7000217cda4f,Pâté w green pepper,8201,4.82,0.00,1.27,0.01,0.00,0.00,0.00,0.06,0.00,0.02,0.25,117.00,215.00,1.70,55.60,0.00,4.234618325,84.08458901,0.01,0.03,0.18,0.02,0.13,0.44,0.10,0.82,0.01,0.31,-0.05,0.03,0.03,0.05,Nutriscore_E
0f65f707-dbaf-52cd-8aee-326da7b7f6ba,78fb5511-80be-51f5-bc75-7000217cda4f,Rabbit pâté,8240,5.63,0.00,1.17,0.02,0.00,0.00,0.00,0.10,0.00,0.03,0.44,150.00,280.00,2.06,63.20,0.00,53.42213275,333.9570456,0.01,0.03,0.18,0.02,0.13,0.44,0.10,0.82,0.01,0.31,-0.05,0.03,0.03,0.05,Nutriscore_E
a1565ea1-b560-513f-b5fa-7a3df7366468,78fb5511-80be-51f5-bc75-7000217cda4f,Rabbit terrine,8242,5.80,0.00,1.25,0.02,0.00,0.00,0.00,0.11,0.00,0.03,0.45,151.00,280.00,2.07,66.30,0.00,53.42213275,333.9570456,0.01,0.03,0.18,0.02,0.13,0.44,0.10,0.82,0.01,0.31,-0.05,0.03,0.03,0.05,Nutriscore_D
bda4e7b6-88f8-5708-9457-d35779f6d48a,8889a615-4d8a-5be8-9da7-273bff3b05d5,"Capon, meat and skin, raw",36050,5.78,0.00,0.57,0.02,0.00,0.00,0.00,0.15,0.00,0.03,0.64,166.00,336.00,2.54,56.00,0.00,90.48689578,34.71515837,0.01,0.04,0.36,0.03,0.26,0.63,0.13,1.50,0.01,0.70,-0.08,0.05,0.05,0.06,Nutriscore_A
a5c7704d-6a81-5eb8-b503-a06fad52b87d,8889a615-4d8a-5be8-9da7-273bff3b05d5,"Capon, meat and skin, roasted/baked",36051,7.75,0.00,1.29,0.03,0.00,0.00,0.00,0.20,0.00,0.04,0.85,221.00,445.00,3.40,86.10,0.00,90.48689578,34.71515837,0.01,0.04,0.36,0.03,0.26,0.63,0.13,1.50,0.01,0.70,-0.08,0.05,0.05,0.06,Nutriscore_A
e8465ad2-bed9-5cca-a745-2015115b7b3b,8889a615-4d8a-5be8-9da7-273bff3b05d5,"Chicken high leg, meat, raw",36019,5.78,0.00,0.57,0.02,0.00,0.00,0.00,0.15,0.00,0.03,0.64,166.00,336.00,2.54,56.00,0.00,90.48689578,34.71515837,0.01,0.04,0.36,0.03,0.26,0.63,0.13,1.50,0.01,0.70,-0.08,0.05,0.05,0.06,Nutriscore_A
829bc392-5bf7-5d52-ad0a-8c9adeae9ba4,8889a615-4d8a-5be8-9da7-273bff3b05d5,"Chicken leg, meat, boiled/cooked in water",36030,7.75,0.00,1.29,0.03,0.00,0.00,0.00,0.20,0.00,0.04,0.85,221.00,445.00,3.40,86.10,0.00,90.48689578,34.71515837,0.01,0.04,0.36,0.03,0.26,0.63,0.13,1.50,0.01,0.70,-0.08,0.05,0.05,0.06,Nutriscore_A
e0db2925-fa73-56ba-bec6-ed70538d9630,8889a615-4d8a-5be8-9da7-273bff3b05d5,"Chicken leg, meat, roasted/baked",36006,7.75,0.00,1.29,0.03,0.00,0.00,0.00,0.20,0.00,0.04,0.85,221.00,445.00,3.40,86.10,0.00,90.48689578,34.71515837,0.01,0.04,0.36,0.03,0.26,0.63,0.13,1.50,0.01,0.70,-0.08,0.05,0.05,0.06,Nutriscore_A
c925a43c-447f-558d-b563-17e25280ec46,8889a615-4d8a-5be8-9da7-273bff3b05d5,"Chicken, breast, meat and skin, raw",36029,5.58,0.00,0.52,0.02,0.00,0.00,0.00,0.15,0.00,0.03,0.64,166.00,335.00,2.49,52.90,0.00,90.48689578,34.71515837,0.01,0.04,0.36,0.03,0.26,0.63,0.13,1.50,0.01,0.70,-0.08,0.05,0.05,0.06,Nutriscore_A
66cff90b-b526-5df5-a377-7e55e035f194,8889a615-4d8a-5be8-9da7-273bff3b05d5,"Chicken, breast, meat and skin, roasted/baked",36032,7.48,0.00,1.22,0.03,0.00,0.00,0.00,0.20,0.00,0.04,0.85,221.00,444.00,3.34,82.00,0.00,90.48689578,34.71515837,0.01,0.04,0.36,0.03,0.26,0.63,0.13,1.50,0.01,0.70,-0.08,0.05,0.05,0.06,Nutriscore_A
80040d59-e760-508a-b2f1-6c5e3f168522,8889a615-4d8a-5be8-9da7-273bff3b05d5,"Chicken, breast, without skin, cooked",36018,7.48,0.00,1.22,0.03,0.00,0.00,0.00,0.20,0.00,0.04,0.85,221.00,444.00,3.34,82.00,0.00,90.48689578,34.71515837,0.01,0.04,0.36,0.03,0.26,0.63,0.13,1.50,0.01,0.70,-0.08,0.05,0.05,0.06,Nutriscore_A
5596285b-ed66-5db6-9d65-e865abc4af94,8889a615-4d8a-5be8-9da7-273bff3b05d5,"Chicken, breast, without skin, raw",36017,5.58,0.00,0.52,0.02,0.00,0.00,0.00,0.15,0.00,0.03,0.64,166.00,335.00,2.49,52.90,0.00,90.48689578,34.71515837,0.01,0.04,0.36,0.03,0.26,0.63,0.13,1.50,0.01,0.70,-0.08,0.05,0.05,0.06,Nutriscore_A
31c6f1ed-b8e6-5b50-9ebe-e7e39e2d8de6,8889a615-4d8a-5be8-9da7-273bff3b05d5,"Chicken, drumstick, raw",36022,5.78,0.00,0.57,0.02,0.00,0.00,0.00,0.15,0.00,0.03,0.64,166.00,336.00,2.54,56.00,0.00,90.48689578,34.71515837,0.01,0.04,0.36,0.03,0.26,0.63,0.13,1.50,0.01,0.70,-0.08,0.05,0.05,0.06,Nutriscore_A
4710433f-6255-5ccf-a23d-33b525624852,8889a615-4d8a-5be8-9da7-273bff3b05d5,"Chicken, eviscerated without offal, raw",36020,5.31,0.00,0.55,0.02,0.00,0.00,0.00,0.15,0.00,0.03,0.64,165.00,333.00,2.38,49.60,0.00,90.48689578,34.71515837,0.01,0.04,0.36,0.03,0.26,0.63,0.13,1.50,0.01,0.70,-0.08,0.05,0.05,0.06,Nutriscore_A
107d7dd1-b45b-519a-a08a-befe5e206db7,8889a615-4d8a-5be8-9da7-273bff3b05d5,"Chicken, free-range, meat and skin, raw",36008,5.78,0.00,0.57,0.02,0.00,0.00,0.00,0.15,0.00,0.03,0.64,166.00,336.00,2.54,56.00,0.00,90.48689578,34.71515837,0.01,0.04,0.36,0.03,0.26,0.63,0.13,1.50,0.01,0.70,-0.08,0.05,0.05,0.06,Nutriscore_A
9f8a4daa-da0c-50db-83fd-66b9ef36005e,8889a615-4d8a-5be8-9da7-273bff3b05d5,"Chicken, leg, meat and skin, boiled/cooked in water",36031,7.75,0.00,1.29,0.03,0.00,0.00,0.00,0.20,0.00,0.04,0.85,221.00,445.00,3.40,86.10,0.00,90.48689578,34.71515837,0.01,0.04,0.36,0.03,0.26,0.63,0.13,1.50,0.01,0.70,-0.08,0.05,0.05,0.06,Nutriscore_A
f32d67d5-a479-56d2-9838-2b49072be8d1,8889a615-4d8a-5be8-9da7-273bff3b05d5,"Chicken, leg, meat and skin, raw",36002,5.78,0.00,0.57,0.02,0.00,0.00,0.00,0.15,0.00,0.03,0.64,166.00,336.00,2.54,56.00,0.00,90.48689578,34.71515837,0.01,0.04,0.36,0.03,0.26,0.63,0.13,1.50,0.01,0.70,-0.08,0.05,0.05,0.06,Nutriscore_A
35bd869a-d9ad-5fb5-83d3-67fbdd509a2b,8889a615-4d8a-5be8-9da7-273bff3b05d5,"Chicken, leg, meat and skin, roasted/baked",36004,7.75,0.00,1.29,0.03,0.00,0.00,0.00,0.20,0.00,0.04,0.85,221.00,445.00,3.40,86.10,0.00,90.48689578,34.71515837,0.01,0.04,0.36,0.03,0.26,0.63,0.13,1.50,0.01,0.70,-0.08,0.05,0.05,0.06,Nutriscore_A
d7d7c15c-773d-51f3-8d6c-f3132cf93606,8889a615-4d8a-5be8-9da7-273bff3b05d5,"Chicken, leg, meat, raw",36024,5.78,0.00,0.57,0.02,0.00,0.00,0.00,0.15,0.00,0.03,0.64,166.00,336.00,2.54,56.00,0.00,90.48689578,34.71515837,0.01,0.04,0.36,0.03,0.26,0.63,0.13,1.50,0.01,0.70,-0.08,0.05,0.05,0.06,Nutriscore_A
4858a704-05c3-501f-a738-6d52651ee734,8889a615-4d8a-5be8-9da7-273bff3b05d5,"Chicken, marinated wing, roasted/baked",36035,7.80,0.00,1.28,0.03,0.00,0.00,0.00,0.20,0.00,0.04,0.86,223.00,450.00,3.43,86.40,0.00,90.48689578,34.71515837,0.01,0.04,0.36,0.03,0.26,0.63,0.13,1.50,0.01,0.70,-0.08,0.05,0.05,0.06,Nutriscore_D
d74fc5f1-d3d2-574e-8c7d-7d688165f816,8889a615-4d8a-5be8-9da7-273bff3b05d5,"Chicken, meat and skin, raw",36016,4.18,0.00,0.44,0.02,0.00,0.00,0.00,0.12,0.00,0.03,0.51,132.00,267.00,1.90,39.60,0.00,90.48689578,34.71515837,0.01,0.04,0.36,0.03,0.26,0.63,0.13,1.50,0.01,0.70,-0.08,0.05,0.05,0.06,Nutriscore_A
2f237eff-f663-5a93-b288-0411e91ca3af,8889a615-4d8a-5be8-9da7-273bff3b05d5,"Chicken, meat and skin, roasted/baked",36005,6.13,0.00,1.14,0.02,0.00,0.00,0.00,0.16,0.00,0.03,0.68,177.00,356.00,2.72,71.20,0.00,90.48689578,34.71515837,0.01,0.04,0.36,0.03,0.26,0.63,0.13,1.50,0.01,0.70,-0.08,0.05,0.05,0.06,Nutriscore_A
f60781db-040c-52ba-8ce2-44b09f4d0e78,8889a615-4d8a-5be8-9da7-273bff3b05d5,"Chicken, meat, raw",36003,4.56,0.00,0.46,0.02,0.00,0.00,0.00,0.12,0.00,0.03,0.51,133.00,269.00,2.03,44.80,0.00,90.48689578,34.71515837,0.01,0.04,0.36,0.03,0.26,0.63,0.13,1.50,0.01,0.70,-0.08,0.05,0.05,0.06,Nutriscore_A
806cfa5e-a0cf-5913-95a9-86709a1e1986,8889a615-4d8a-5be8-9da7-273bff3b05d5,"Chicken, stewing, leg, raw",36014,5.78,0.00,0.57,0.02,0.00,0.00,0.00,0.15,0.00,0.03,0.64,166.00,336.00,2.54,56.00,0.00,90.48689578,34.71515837,0.01,0.04,0.36,0.03,0.26,0.63,0.13,1.50,0.01,0.70,-0.08,0.05,0.05,0.06,Nutriscore_A
a69508ba-3495-528b-b5b7-0750d26c4b03,8889a615-4d8a-5be8-9da7-273bff3b05d5,"Chicken, white race, meat and skin, raw",36007,5.78,0.00,0.57,0.02,0.00,0.00,0.00,0.15,0.00,0.03,0.64,166.00,336.00,2.54,56.00,0.00,90.48689578,34.71515837,0.01,0.04,0.36,0.03,0.26,0.63,0.13,1.50,0.01,0.70,-0.08,0.05,0.05,0.06,Nutriscore_A
6a1a8965-7229-5b3c-88b5-8908c251930c,8889a615-4d8a-5be8-9da7-273bff3b05d5,"Chicken, wing, meat and skin, raw",36023,5.78,0.00,0.57,0.02,0.00,0.00,0.00,0.15,0.00,0.03,0.64,166.00,336.00,2.54,56.00,0.00,90.48689578,34.71515837,0.01,0.04,0.36,0.03,0.26,0.63,0.13,1.50,0.01,0.70,-0.08,0.05,0.05,0.06,Nutriscore_A
5da709e7-cc2f-5b79-9a6e-5de7381e10c2,8889a615-4d8a-5be8-9da7-273bff3b05d5,"Chicken, wing, meat and skin, roasted/baked",36033,7.75,0.00,1.29,0.03,0.00,0.00,0.00,0.20,0.00,0.04,0.85,221.00,445.00,3.40,86.10,0.00,90.48689578,34.71515837,0.01,0.04,0.36,0.03,0.26,0.63,0.13,1.50,0.01,0.70,-0.08,0.05,0.05,0.06,Nutriscore_B
5d1e855b-ca4c-5d5f-9a42-2b676d5b014f,8889a615-4d8a-5be8-9da7-273bff3b05d5,"Hen, meat and skin, raw",36000,5.78,0.00,0.57,0.02,0.00,0.00,0.00,0.15,0.00,0.03,0.64,166.00,336.00,2.54,56.00,0.00,90.48689578,34.71515837,0.01,0.04,0.36,0.03,0.26,0.63,0.13,1.50,0.01,0.70,-0.08,0.05,0.05,0.06,Nutriscore_B
54d8b6f4-d32b-5141-826f-9648d3129488,8889a615-4d8a-5be8-9da7-273bff3b05d5,"Hen, meat only, raw",36001,5.78,0.00,0.57,0.02,0.00,0.00,0.00,0.15,0.00,0.03,0.64,166.00,336.00,2.54,56.00,0.00,90.48689578,34.71515837,0.01,0.04,0.36,0.03,0.26,0.63,0.13,1.50,0.01,0.70,-0.08,0.05,0.05,0.06,Nutriscore_A
4bca9181-2019-5752-b195-aa74b7e573c1,8889a615-4d8a-5be8-9da7-273bff3b05d5,Poultry on skewer,25504,7.61,0.00,1.23,0.03,0.00,0.00,0.00,0.20,0.00,0.04,0.85,221.00,445.00,3.41,85.90,0.00,90.48689578,34.71515837,0.01,0.04,0.36,0.03,0.26,0.63,0.13,1.50,0.01,0.70,-0.08,0.05,0.05,0.06,Nutriscore_A
898dc264-6277-5063-8f27-26480fa121a9,8889a615-4d8a-5be8-9da7-273bff3b05d5,Poultry sausage,30131,15.10,0.00,2.02,0.03,0.00,0.00,0.00,0.21,0.00,0.05,0.93,128.00,943.00,1.86,73.90,0.00,90.48689578,34.71515837,0.01,0.04,0.36,0.03,0.26,0.63,0.13,1.50,0.01,0.70,-0.08,0.05,0.05,0.06,Nutriscore_D
e3b03c9b-fb68-53d8-85db-dab2b833cd6d,8889a615-4d8a-5be8-9da7-273bff3b05d5,"Poultry sausage, delicatessen style",30130,12.50,0.00,1.62,0.03,0.00,0.00,0.00,0.25,0.00,0.05,1.07,203.00,784.00,3.12,86.80,0.00,90.48689578,34.71515837,0.01,0.04,0.36,0.03,0.26,0.63,0.13,1.50,0.01,0.70,-0.08,0.05,0.05,0.06,Nutriscore_D
690d2247-bcbb-5415-aa91-57cdb5beae33,8889a615-4d8a-5be8-9da7-273bff3b05d5,"Poultry, minced meat",28927,7.47,0.00,1.23,0.03,0.00,0.00,0.00,0.20,0.00,0.04,0.85,221.00,446.00,3.36,83.40,0.00,90.48689578,34.71515837,0.01,0.04,0.36,0.03,0.26,0.63,0.13,1.50,0.01,0.70,-0.08,0.05,0.05,0.06,Nutriscore_B
6f979135-a25b-52db-bf93-056ba60c92b7,8889a615-4d8a-5be8-9da7-273bff3b05d5,"Salt curing roast poultry, cooked",28976,7.89,0.00,1.29,0.03,0.00,0.00,0.00,0.20,0.00,0.04,0.86,224.00,450.00,3.48,89.70,0.00,90.48689578,34.71515837,0.01,0.04,0.36,0.03,0.26,0.63,0.13,1.50,0.01,0.70,-0.08,0.05,0.05,0.06,Nutriscore_C
7e09ac92-b6e6-5e17-bf73-750ee8448d43,9703c1fc-146a-57ac-b197-b2e7a7e340ce,"Duck breast fillet, smoked",8111,16.10,0.00,8.35,0.04,0.00,0.00,0.00,0.29,0.00,0.07,1.23,258.00,708.00,5.34,281.00,0.00,91.23007072,31.54138387,0.01,0.04,0.36,0.03,0.26,0.63,0.13,1.50,0.01,0.70,-0.08,0.05,0.05,0.06,Nutriscore_E
3c4c555d-6698-5079-8e3c-2a13eee12719,9703c1fc-146a-57ac-b197-b2e7a7e340ce,"Duck confit (conserved in rendered fat), meat (leg) without skin, reheated",8109,7.76,0.00,1.76,0.03,0.00,0.00,0.00,0.20,0.00,0.05,0.88,227.00,458.00,3.40,94.30,0.00,91.23007072,31.54138387,0.01,0.04,0.36,0.03,0.26,0.63,0.13,1.50,0.01,0.70,-0.08,0.05,0.05,0.06,Nutriscore_D
e13f682f-d0b7-52f2-a4a3-07a94e79758c,9703c1fc-146a-57ac-b197-b2e7a7e340ce,"Duck, breast fillet",36206,14.60,0.00,7.79,0.04,0.00,0.00,0.00,0.32,0.00,0.07,1.38,281.00,764.00,5.46,263.00,0.00,91.23007072,31.54138387,0.01,0.04,0.36,0.03,0.26,0.63,0.13,1.50,0.01,0.70,-0.08,0.05,0.05,0.06,Nutriscore_D
c75291ea-7484-5d33-b47b-f658dae5d6b2,9703c1fc-146a-57ac-b197-b2e7a7e340ce,"Duck, leg, meat and skin, raw",36203,4.68,0.00,2.14,0.01,0.00,0.00,0.00,0.09,0.00,0.02,0.38,78.30,208.00,1.64,80.20,0.00,91.23007072,31.54138387,0.01,0.04,0.36,0.03,0.26,0.63,0.13,1.50,0.01,0.70,-0.08,0.05,0.05,0.06,Nutriscore_A
a072ccdd-d740-51f3-b651-1ff7039c9f39,9703c1fc-146a-57ac-b197-b2e7a7e340ce,"Duck, magret, cooked in pan",36205,14.60,0.00,7.79,0.04,0.00,0.00,0.00,0.32,0.00,0.07,1.38,281.00,764.00,5.46,263.00,0.00,91.23007072,31.54138387,0.01,0.04,0.36,0.03,0.26,0.63,0.13,1.50,0.01,0.70,-0.08,0.05,0.05,0.06,Nutriscore_C
d04ddb64-6f2e-5fc9-aa55-ba2dec2ea027,9703c1fc-146a-57ac-b197-b2e7a7e340ce,"Duck, meat and skin, raw",36204,7.59,0.00,0.67,0.02,0.00,0.00,0.00,0.15,0.00,0.04,0.62,276.00,429.00,3.24,60.60,0.00,91.23007072,31.54138387,0.01,0.04,0.36,0.03,0.26,0.63,0.13,1.50,0.01,0.70,-0.08,0.05,0.05,0.06,Nutriscore_C
c7c03cbd-9a37-5f8a-9b17-a9c21cb5728a,9703c1fc-146a-57ac-b197-b2e7a7e340ce,"Duck, meat and skin, roasted/baked",36200,10.80,0.00,1.45,0.03,0.00,0.00,0.00,0.20,0.00,0.05,0.82,368.00,571.00,4.53,101.00,0.00,91.23007072,31.54138387,0.01,0.04,0.36,0.03,0.26,0.63,0.13,1.50,0.01,0.70,-0.08,0.05,0.05,0.06,Nutriscore_D
9315837e-c0be-56bf-8a81-ac3b3a016e94,9703c1fc-146a-57ac-b197-b2e7a7e340ce,"Duck, meat, raw",36201,8.06,0.00,0.69,0.03,0.00,0.00,0.00,0.15,0.00,0.04,0.62,277.00,431.00,3.40,67.10,0.00,91.23007072,31.54138387,0.01,0.04,0.36,0.03,0.26,0.63,0.13,1.50,0.01,0.70,-0.08,0.05,0.05,0.06,Nutriscore_A
5884ca78-689f-5160-acaa-1bea1ff1b470,9703c1fc-146a-57ac-b197-b2e7a7e340ce,"Duck, meat, roasted/baked",36202,10.80,0.00,1.45,0.03,0.00,0.00,0.00,0.20,0.00,0.05,0.82,368.00,571.00,4.53,101.00,0.00,91.23007072,31.54138387,0.01,0.04,0.36,0.03,0.26,0.63,0.13,1.50,0.01,0.70,-0.08,0.05,0.05,0.06,Nutriscore_A
0e343593-c8c0-5c71-a312-52463c10e232,9703c1fc-146a-57ac-b197-b2e7a7e340ce,Preserved duck,8110,6.33,0.00,3.49,0.01,0.00,0.00,0.00,0.08,0.00,0.02,0.35,74.80,203.00,1.56,113.00,0.00,91.23007072,31.54138387,0.01,0.04,0.36,0.03,0.26,0.63,0.13,1.50,0.01,0.70,-0.08,0.05,0.05,0.06,Nutriscore_D
52479989-9a91-5c26-85db-183124dadc7b,dcfd0471-541e-58bc-8916-cdf34102c409,"Goose, meat and skin, raw",36501,5.31,0.00,0.55,0.02,0.00,0.00,0.00,0.15,0.00,0.03,0.64,165.00,333.00,2.38,49.60,0.00,91.11310069,64.07851937,0.01,0.04,0.36,0.03,0.26,0.63,0.13,1.50,0.01,0.70,-0.08,0.05,0.05,0.06,Nutriscore_D
8c80b57e-54d3-556e-abaa-8450fe8be46d,dcfd0471-541e-58bc-8916-cdf34102c409,"Goose, meat and skin, roasted/baked",36503,7.75,0.00,1.29,0.03,0.00,0.00,0.00,0.20,0.00,0.04,0.85,221.00,445.00,3.40,86.10,0.00,91.11310069,64.07851937,0.01,0.04,0.36,0.03,0.26,0.63,0.13,1.50,0.01,0.70,-0.08,0.05,0.05,0.06,Nutriscore_B
a908caa7-9836-5f6d-9f18-f4409017caeb,dcfd0471-541e-58bc-8916-cdf34102c409,"Goose, meat, raw",36500,5.31,0.00,0.55,0.02,0.00,0.00,0.00,0.15,0.00,0.03,0.64,165.00,333.00,2.38,49.60,0.00,91.11310069,64.07851937,0.01,0.04,0.36,0.03,0.26,0.63,0.13,1.50,0.01,0.70,-0.08,0.05,0.05,0.06,Nutriscore_A
6a1e2bc7-6863-5407-a87d-2581958dcb5e,dcfd0471-541e-58bc-8916-cdf34102c409,"Goose, meat, roasted/baked",36502,7.75,0.00,1.29,0.03,0.00,0.00,0.00,0.20,0.00,0.04,0.85,221.00,445.00,3.40,86.10,0.00,91.11310069,64.07851937,0.01,0.04,0.36,0.03,0.26,0.63,0.13,1.50,0.01,0.70,-0.08,0.05,0.05,0.06,Nutriscore_A
8c067104-4941-534c-9eef-42bcc2fa56de,c2af3725-783f-5c38-ad4d-5506ed1a40a7,"Guinea fowl, breast, raw",36702,5.58,0.00,0.52,0.02,0.00,0.00,0.00,0.15,0.00,0.03,0.64,166.00,335.00,2.49,52.90,0.00,90.48689578,34.71515837,0.01,0.04,0.36,0.03,0.26,0.63,0.13,1.50,0.01,0.70,-0.08,0.05,0.05,0.06,Nutriscore_A
bf805739-93ba-50f6-92f5-fc39f6b6a85f,c2af3725-783f-5c38-ad4d-5506ed1a40a7,"Guinea fowl, leg, raw",36703,5.78,0.00,0.57,0.02,0.00,0.00,0.00,0.15,0.00,0.03,0.64,166.00,336.00,2.54,56.00,0.00,90.48689578,34.71515837,0.01,0.04,0.36,0.03,0.26,0.63,0.13,1.50,0.01,0.70,-0.08,0.05,0.05,0.06,Nutriscore_A
4fa4b16b-737f-5066-892f-cdfd1bead3a2,c2af3725-783f-5c38-ad4d-5506ed1a40a7,"Guinea fowl, raw",36700,5.78,0.00,0.57,0.02,0.00,0.00,0.00,0.15,0.00,0.03,0.64,166.00,336.00,2.54,56.00,0.00,90.48689578,34.71515837,0.01,0.04,0.36,0.03,0.26,0.63,0.13,1.50,0.01,0.70,-0.08,0.05,0.05,0.06,Nutriscore_A
4c115bbc-df2b-5e32-a111-210fcc334510,7f6e6c1c-da5a-5448-a89a-d181725c79c4,"Pigeon, meat, roasted/baked",36602,7.75,0.00,1.29,0.03,0.00,0.00,0.00,0.20,0.00,0.04,0.85,221.00,445.00,3.40,86.10,0.00,86.51935845,57.68866889,0.01,0.04,0.36,0.03,0.26,0.63,0.13,1.50,0.01,0.70,-0.08,0.05,0.05,0.06,Nutriscore_A
6a0779e7-db47-563a-9454-f0a3dc29ad7c,5f3ee5f8-c552-5546-8dcf-800ebbfac6d5,"Turkey, escalope, raw",36304,5.58,0.00,0.52,0.02,0.00,0.00,0.00,0.15,0.00,0.03,0.64,166.00,335.00,2.49,52.90,0.00,90.97485117,33.19286871,0.01,0.04,0.36,0.03,0.26,0.63,0.13,1.50,0.01,0.70,-0.08,0.05,0.05,0.06,Nutriscore_A
f812f94e-cf9e-5fa8-b177-fb878355b713,5f3ee5f8-c552-5546-8dcf-800ebbfac6d5,"Turkey, escalope, roasted/baked",36308,7.48,0.00,1.22,0.03,0.00,0.00,0.00,0.20,0.00,0.04,0.85,221.00,444.00,3.34,82.00,0.00,90.97485117,33.19286871,0.01,0.04,0.36,0.03,0.26,0.63,0.13,1.50,0.01,0.70,-0.08,0.05,0.05,0.06,Nutriscore_A
3a251821-1153-5834-a0ea-33b45b4b607e,5f3ee5f8-c552-5546-8dcf-800ebbfac6d5,"Turkey, escalope, sautéed/pan-fried, with salt",36306,7.53,0.00,0.82,0.03,0.00,0.00,0.00,0.20,0.00,0.04,0.85,221.00,447.00,3.32,74.40,0.00,90.97485117,33.19286871,0.01,0.04,0.36,0.03,0.26,0.63,0.13,1.50,0.01,0.70,-0.08,0.05,0.05,0.06,Nutriscore_A
cfef0340-aa78-5018-ab14-8211e28bdff7,5f3ee5f8-c552-5546-8dcf-800ebbfac6d5,"Turkey, leg, meat and skin, raw",36305,5.78,0.00,0.57,0.02,0.00,0.00,0.00,0.15,0.00,0.03,0.64,166.00,336.00,2.54,56.00,0.00,90.97485117,33.19286871,0.01,0.04,0.36,0.03,0.26,0.63,0.13,1.50,0.01,0.70,-0.08,0.05,0.05,0.06,Nutriscore_A
428d5ded-5a31-5c93-aeff-49ed3354a5c3,5f3ee5f8-c552-5546-8dcf-800ebbfac6d5,"Turkey, leg, meat only, raw",36307,5.78,0.00,0.56,0.02,0.00,0.00,0.00,0.15,0.00,0.03,0.64,166.00,336.00,2.54,55.80,0.00,90.97485117,33.19286871,0.01,0.04,0.36,0.03,0.26,0.63,0.13,1.50,0.01,0.70,-0.08,0.05,0.05,0.06,Nutriscore_A
b34873a6-3bdc-5b69-b27e-6809ca0500a3,5f3ee5f8-c552-5546-8dcf-800ebbfac6d5,"Turkey, meat and skin, raw",36300,4.56,0.00,0.46,0.02,0.00,0.00,0.00,0.12,0.00,0.03,0.51,133.00,269.00,2.03,44.80,0.00,90.97485117,33.19286871,0.01,0.04,0.36,0.03,0.26,0.63,0.13,1.50,0.01,0.70,-0.08,0.05,0.05,0.06,Nutriscore_A
a8ce2b47-7dd5-5265-9efe-9ae2417feef1,5f3ee5f8-c552-5546-8dcf-800ebbfac6d5,"Turkey, meat, raw",36301,4.56,0.00,0.46,0.02,0.00,0.00,0.00,0.12,0.00,0.03,0.51,133.00,269.00,2.03,44.80,0.00,90.97485117,33.19286871,0.01,0.04,0.36,0.03,0.26,0.63,0.13,1.50,0.01,0.70,-0.08,0.05,0.05,0.06,Nutriscore_A
d2530285-f9cc-51b3-bb47-ff1a82de8387,5f3ee5f8-c552-5546-8dcf-800ebbfac6d5,"Turkey, meat, roasted/baked",36302,6.13,0.00,1.14,0.02,0.00,0.00,0.00,0.16,0.00,0.03,0.68,177.00,356.00,2.72,71.20,0.00,90.97485117,33.19286871,0.01,0.04,0.36,0.03,0.26,0.63,0.13,1.50,0.01,0.70,-0.08,0.05,0.05,0.06,Nutriscore_A
83267655-fac5-5a10-9cf4-f9062c36645c,5f3ee5f8-c552-5546-8dcf-800ebbfac6d5,"Turkey, wing, raw",36310,5.78,0.00,0.57,0.02,0.00,0.00,0.00,0.15,0.00,0.03,0.64,166.00,336.00,2.54,56.00,0.00,90.97485117,33.19286871,0.01,0.04,0.36,0.03,0.26,0.63,0.13,1.50,0.01,0.70,-0.08,0.05,0.05,0.06,Nutriscore_A
3e49c954-7a37-5d3e-90be-93c139ff2f8f,5c900a39-26aa-59cb-8aa1-9ee5afc910ca,"Bacon, back",28727,8.36,0.00,1.54,0.02,0.00,0.00,0.00,0.12,0.00,0.03,0.49,217.00,404.00,2.74,78.30,0.00,5.609090029,111.3767508,0.01,0.03,0.18,0.02,0.13,0.44,0.10,0.82,0.01,0.31,-0.05,0.03,0.03,0.05,Nutriscore_D
409b2d29-bbd9-5e3b-a3d6-678a0696118d,5c900a39-26aa-59cb-8aa1-9ee5afc910ca,"Lardoons, cooked",28504,9.08,0.00,2.25,0.02,0.00,0.00,0.00,0.13,0.00,0.04,0.55,242.00,448.00,2.96,94.50,0.00,5.609090029,111.3767508,0.01,0.03,0.18,0.02,0.13,0.44,0.10,0.82,0.01,0.31,-0.05,0.03,0.03,0.05,Nutriscore_E
6e7bf830-e794-5196-80e4-0bad4c0c131e,5c900a39-26aa-59cb-8aa1-9ee5afc910ca,"Lardoons, raw",28501,7.12,0.00,1.36,0.02,0.00,0.00,0.00,0.10,0.00,0.03,0.43,191.00,354.00,2.32,65.40,0.00,5.609090029,111.3767508,0.01,0.03,0.18,0.02,0.13,0.44,0.10,0.82,0.01,0.31,-0.05,0.03,0.03,0.05,Nutriscore_E
5b5842a9-05e9-5859-91d3-0ca381160074,5c900a39-26aa-59cb-8aa1-9ee5afc910ca,"Smoked lardoons, cooked",28725,9.08,0.00,2.25,0.02,0.00,0.00,0.00,0.13,0.00,0.04,0.55,242.00,448.00,2.96,94.50,0.00,5.609090029,111.3767508,0.01,0.03,0.18,0.02,0.13,0.44,0.10,0.82,0.01,0.31,-0.05,0.03,0.03,0.05,Nutriscore_E
ad24fcb2-a192-5b65-b63e-9f38a3b7c41f,5c900a39-26aa-59cb-8aa1-9ee5afc910ca,"Smoked lardoons, raw",28720,7.12,0.00,1.36,0.02,0.00,0.00,0.00,0.10,0.00,0.03,0.43,191.00,354.00,2.32,65.40,0.00,5.609090029,111.3767508,0.01,0.03,0.18,0.02,0.13,0.44,0.10,0.82,0.01,0.31,-0.05,0.03,0.03,0.05,Nutriscore_E
8473cb39-2710-5554-908e-b014ba38f7bd,0f1cf5c1-5f76-5ee8-809b-be791d7cb5a4,Bresaola,28503,13.60,0.00,5.85,0.03,0.00,0.00,0.00,0.18,0.00,0.05,0.77,341.00,626.00,4.24,198.00,0.00,0.817775877,19.96544659,0.01,0.03,0.18,0.02,0.13,0.44,0.10,0.82,0.01,0.31,-0.05,0.03,0.03,0.05,Nutriscore_E
83cf78d4-ea7f-5c11-a548-2f46317183cc,d770e472-fd29-5b5d-93b6-46052ac0628f,"Cooked ham, choice",28910,7.65,0.00,1.78,0.02,0.00,0.00,0.00,0.11,0.00,0.03,0.46,201.00,374.00,2.48,77.40,0.00,6.507611985,129.2182287,0.01,0.03,0.18,0.02,0.13,0.44,0.10,0.82,0.01,0.31,-0.05,0.03,0.03,0.05,Nutriscore_D
f9124e0f-b8d6-5110-aeec-2d3a41f0c612,d770e472-fd29-5b5d-93b6-46052ac0628f,"Cooked ham, choice, rind less and fatless",28913,7.65,0.00,1.78,0.02,0.00,0.00,0.00,0.11,0.00,0.03,0.46,201.00,374.00,2.48,77.40,0.00,6.507611985,129.2182287,0.01,0.03,0.18,0.02,0.13,0.44,0.10,0.82,0.01,0.31,-0.05,0.03,0.03,0.05,Nutriscore_D
22142b3c-a48e-599a-a980-dfb5909f86d5,d770e472-fd29-5b5d-93b6-46052ac0628f,"Cooked ham, choice, w rind",28912,7.65,0.00,1.78,0.02,0.00,0.00,0.00,0.11,0.00,0.03,0.46,201.00,374.00,2.48,77.40,0.00,6.507611985,129.2182287,0.01,0.03,0.18,0.02,0.13,0.44,0.10,0.82,0.01,0.31,-0.05,0.03,0.03,0.05,Nutriscore_D
3d37184a-ea60-557c-a143-f83122173017,d770e472-fd29-5b5d-93b6-46052ac0628f,"Cooked ham, Parisian-style, rind less and fatless",28925,7.65,0.00,1.78,0.02,0.00,0.00,0.00,0.11,0.00,0.03,0.46,201.00,374.00,2.48,77.40,0.00,6.507611985,129.2182287,0.01,0.03,0.18,0.02,0.13,0.44,0.10,0.82,0.01,0.31,-0.05,0.03,0.03,0.05,Nutriscore_D
34f8d987-0e35-5dd1-8f2d-d1ad680537e5,d770e472-fd29-5b5d-93b6-46052ac0628f,"Cooked ham, smoked",28803,7.65,0.00,1.78,0.02,0.00,0.00,0.00,0.11,0.00,0.03,0.46,201.00,374.00,2.48,77.40,0.00,6.507611985,129.2182287,0.01,0.03,0.18,0.02,0.13,0.44,0.10,0.82,0.01,0.31,-0.05,0.03,0.03,0.05,Nutriscore_D
137ba400-f17f-514e-bbdd-09cbe99f09d3,d770e472-fd29-5b5d-93b6-46052ac0628f,"Cooked ham, superior quality",28900,7.65,0.00,1.78,0.02,0.00,0.00,0.00,0.11,0.00,0.03,0.46,201.00,374.00,2.48,77.40,0.00,6.507611985,129.2182287,0.01,0.03,0.18,0.02,0.13,0.44,0.10,0.82,0.01,0.31,-0.05,0.03,0.03,0.05,Nutriscore_D
3a799f35-22cd-5d9a-b431-2cad4425749a,d770e472-fd29-5b5d-93b6-46052ac0628f,"Cooked ham, superior quality, reduced salt",28907,7.65,0.00,1.78,0.02,0.00,0.00,0.00,0.11,0.00,0.03,0.46,201.00,374.00,2.48,77.40,0.00,6.507611985,129.2182287,0.01,0.03,0.18,0.02,0.13,0.44,0.10,0.82,0.01,0.31,-0.05,0.03,0.03,0.05,Nutriscore_C
063a7983-ed6f-56e6-9df9-a3730190e0cc,d770e472-fd29-5b5d-93b6-46052ac0628f,"Cooked ham, superior quality, rind less",28902,7.65,0.00,1.78,0.02,0.00,0.00,0.00,0.11,0.00,0.03,0.46,201.00,374.00,2.48,77.40,0.00,6.507611985,129.2182287,0.01,0.03,0.18,0.02,0.13,0.44,0.10,0.82,0.01,0.31,-0.05,0.03,0.03,0.05,Nutriscore_D
003127b2-0121-59cb-a1d6-eb24575c8d2e,d770e472-fd29-5b5d-93b6-46052ac0628f,"Cooked ham, superior quality, rind less and fatless",28906,7.65,0.00,1.78,0.02,0.00,0.00,0.00,0.11,0.00,0.03,0.46,201.00,374.00,2.48,77.40,0.00,6.507611985,129.2182287,0.01,0.03,0.18,0.02,0.13,0.44,0.10,0.82,0.01,0.31,-0.05,0.03,0.03,0.05,Nutriscore_D
1e8cb907-c062-5ebf-8f47-dd94d84e8608,d770e472-fd29-5b5d-93b6-46052ac0628f,"Cooked ham, superior quality, with rind",28901,7.65,0.00,1.78,0.02,0.00,0.00,0.00,0.11,0.00,0.03,0.46,201.00,374.00,2.48,77.40,0.00,6.507611985,129.2182287,0.01,0.03,0.18,0.02,0.13,0.44,0.10,0.82,0.01,0.31,-0.05,0.03,0.03,0.05,Nutriscore_D
89bb2409-bb02-5485-b757-1a834c32b44f,d770e472-fd29-5b5d-93b6-46052ac0628f,"Cooked pork shoulder, choice",28911,7.65,0.00,1.78,0.02,0.00,0.00,0.00,0.11,0.00,0.03,0.46,201.00,374.00,2.48,77.40,0.00,6.507611985,129.2182287,0.01,0.03,0.18,0.02,0.13,0.44,0.10,0.82,0.01,0.31,-0.05,0.03,0.03,0.05,Nutriscore_D
00761d09-6977-51ce-a354-26b326a6c608,d770e472-fd29-5b5d-93b6-46052ac0628f,"Cooked pork shoulder, standard, rind less and fatless",28924,7.65,0.00,1.78,0.02,0.00,0.00,0.00,0.11,0.00,0.03,0.46,201.00,374.00,2.48,77.40,0.00,6.507611985,129.2182287,0.01,0.03,0.18,0.02,0.13,0.44,0.10,0.82,0.01,0.31,-0.05,0.03,0.03,0.05,Nutriscore_D
6610af46-38b3-510a-9078-dc641e180830,d770e472-fd29-5b5d-93b6-46052ac0628f,"Ham in cube, grated or minced",28922,7.66,0.00,1.79,0.02,0.00,0.00,0.00,0.11,0.00,0.03,0.46,201.00,373.00,2.47,77.70,0.00,6.507611985,129.2182287,0.01,0.03,0.18,0.02,0.13,0.44,0.10,0.82,0.01,0.31,-0.05,0.03,0.03,0.05,Nutriscore_D
8dc92955-70f4-5c72-b489-cd82af1e445d,d770e472-fd29-5b5d-93b6-46052ac0628f,Ham sausage,30764,5.54,0.00,1.73,0.01,0.00,0.00,0.00,0.08,0.00,0.02,0.34,150.00,279.00,1.83,62.80,0.00,6.507611985,129.2182287,0.01,0.03,0.18,0.02,0.13,0.44,0.10,0.82,0.01,0.31,-0.05,0.03,0.03,0.05,Nutriscore_D
cad0a9a9-9b5f-5358-b7ac-5757326fa692,d770e472-fd29-5b5d-93b6-46052ac0628f,"Ham, in a pastry crusty",8395,5.89,0.00,1.98,0.01,0.00,0.00,0.00,0.09,0.00,0.03,0.36,147.00,328.00,2.00,67.10,0.00,6.507611985,129.2182287,0.01,0.03,0.18,0.02,0.13,0.44,0.10,0.82,0.01,0.31,-0.05,0.03,0.03,0.05,Nutriscore_D
6a78f4b5-2b17-5d33-a618-f4531956f597,d770e472-fd29-5b5d-93b6-46052ac0628f,"Knuckle of ham, cooked",28960,7.65,0.00,1.78,0.02,0.00,0.00,0.00,0.11,0.00,0.03,0.46,201.00,374.00,2.48,77.40,0.00,6.507611985,129.2182287,0.01,0.03,0.18,0.02,0.13,0.44,0.10,0.82,0.01,0.31,-0.05,0.03,0.03,0.05,Nutriscore_D
bbbdb901-f51f-56b5-8a20-212ed0036321,d770e472-fd29-5b5d-93b6-46052ac0628f,"Pork ham, intended to be cooked or pork ham, intended to be roast/bake",28700,7.12,0.00,1.73,0.02,0.00,0.00,0.00,0.11,0.00,0.03,0.45,199.00,368.00,2.31,68.80,0.00,6.507611985,129.2182287,0.01,0.03,0.18,0.02,0.13,0.44,0.10,0.82,0.01,0.31,-0.05,0.03,0.03,0.05,Nutriscore_D
c3fe2021-0b3a-5f22-88b1-e5338572ec19,d770e472-fd29-5b5d-93b6-46052ac0628f,"Round of ham, cooked",28917,7.65,0.00,1.78,0.02,0.00,0.00,0.00,0.11,0.00,0.03,0.46,201.00,374.00,2.48,77.40,0.00,6.507611985,129.2182287,0.01,0.03,0.18,0.02,0.13,0.44,0.10,0.82,0.01,0.31,-0.05,0.03,0.03,0.05,Nutriscore_D
08fa058a-a7f3-504b-876f-80b13f0e8b87,b04b2a1a-2221-5971-8cf4-f14ad8ec84ba,"Bayonne Cured ham, raw, smoked",28811,13.60,0.00,5.85,0.03,0.00,0.00,0.00,0.18,0.00,0.05,0.77,341.00,626.00,4.24,198.00,0.00,5.493438688,109.0803229,0.01,0.03,0.18,0.02,0.13,0.44,0.10,0.82,0.01,0.31,-0.05,0.03,0.03,0.05,Nutriscore_E
a3e2df13-1bf9-5e79-b308-985ad3e1bdef,b04b2a1a-2221-5971-8cf4-f14ad8ec84ba,Braised ham on the bone,28905,9.66,0.00,2.24,0.02,0.00,0.00,0.00,0.14,0.00,0.04,0.58,254.00,472.00,3.13,97.50,0.00,5.493438688,109.0803229,0.01,0.03,0.18,0.02,0.13,0.44,0.10,0.82,0.01,0.31,-0.05,0.03,0.03,0.05,Nutriscore_E
ef18712b-2279-5db6-a3a1-16accf710765,b04b2a1a-2221-5971-8cf4-f14ad8ec84ba,Coppa,28850,13.60,0.00,5.85,0.03,0.00,0.00,0.00,0.18,0.00,0.05,0.77,341.00,626.00,4.24,198.00,0.00,5.493438688,109.0803229,0.01,0.03,0.18,0.02,0.13,0.44,0.10,0.82,0.01,0.31,-0.05,0.03,0.03,0.05,Nutriscore_E
97924b35-697c-5785-b449-b562d24c276d,b04b2a1a-2221-5971-8cf4-f14ad8ec84ba,"Cured ham, raw",28800,13.60,0.00,5.85,0.03,0.00,0.00,0.00,0.18,0.00,0.05,0.77,341.00,626.00,4.24,198.00,0.00,5.493438688,109.0803229,0.01,0.03,0.18,0.02,0.13,0.44,0.10,0.82,0.01,0.31,-0.05,0.03,0.03,0.05,Nutriscore_E
20f9ac71-12d6-5066-a3e1-0004c38cc6b5,b04b2a1a-2221-5971-8cf4-f14ad8ec84ba,"Cured ham, raw, smoked",28801,13.60,0.00,5.85,0.03,0.00,0.00,0.00,0.18,0.00,0.05,0.77,341.00,626.00,4.24,198.00,0.00,5.493438688,109.0803229,0.01,0.03,0.18,0.02,0.13,0.44,0.10,0.82,0.01,0.31,-0.05,0.03,0.03,0.05,Nutriscore_E
8b36a586-9504-5a92-b0ac-1103e1ad93d4,b04b2a1a-2221-5971-8cf4-f14ad8ec84ba,"Cured ham, raw, smoked, reduced fat",28804,13.60,0.00,5.85,0.03,0.00,0.00,0.00,0.18,0.00,0.05,0.77,341.00,626.00,4.24,198.00,0.00,5.493438688,109.0803229,0.01,0.03,0.18,0.02,0.13,0.44,0.10,0.82,0.01,0.31,-0.05,0.03,0.03,0.05,Nutriscore_E
14059709-ef17-5825-a776-e2f1bc7158d7,b04b2a1a-2221-5971-8cf4-f14ad8ec84ba,Dry-cured ham,28812,13.60,0.00,5.85,0.03,0.00,0.00,0.00,0.18,0.00,0.05,0.77,341.00,626.00,4.24,198.00,0.00,5.493438688,109.0803229,0.01,0.03,0.18,0.02,0.13,0.44,0.10,0.82,0.01,0.31,-0.05,0.03,0.03,0.05,Nutriscore_E
78d049f1-7f7b-5dde-9dae-facac4087959,b04b2a1a-2221-5971-8cf4-f14ad8ec84ba,"Dry-cured ham, fat and rind removed",28802,13.60,0.00,5.85,0.03,0.00,0.00,0.00,0.18,0.00,0.05,0.77,341.00,626.00,4.24,198.00,0.00,5.493438688,109.0803229,0.01,0.03,0.18,0.02,0.13,0.44,0.10,0.82,0.01,0.31,-0.05,0.03,0.03,0.05,Nutriscore_E
d9cd5fa5-e5d4-5c08-a282-63c4a253727a,b04b2a1a-2221-5971-8cf4-f14ad8ec84ba,"Pancetta, dried",28858,13.60,0.00,5.85,0.03,0.00,0.00,0.00,0.18,0.00,0.05,0.77,341.00,626.00,4.24,198.00,0.00,5.493438688,109.0803229,0.01,0.03,0.18,0.02,0.13,0.44,0.10,0.82,0.01,0.31,-0.05,0.03,0.03,0.05,Nutriscore_E
471c8a41-5270-558d-9bd5-19804ab77d91,b04b2a1a-2221-5971-8cf4-f14ad8ec84ba,Parma dry-cured ham,28844,13.60,0.00,5.85,0.03,0.00,0.00,0.00,0.18,0.00,0.05,0.77,341.00,626.00,4.24,198.00,0.00,5.493438688,109.0803229,0.01,0.03,0.18,0.02,0.13,0.44,0.10,0.82,0.01,0.31,-0.05,0.03,0.03,0.05,Nutriscore_E
0f31377e-b341-544c-8cbe-8634a0eb0fa4,b04b2a1a-2221-5971-8cf4-f14ad8ec84ba,Serrano dry-cured ham,28845,13.60,0.00,5.85,0.03,0.00,0.00,0.00,0.18,0.00,0.05,0.77,341.00,626.00,4.24,198.00,0.00,5.493438688,109.0803229,0.01,0.03,0.18,0.02,0.13,0.44,0.10,0.82,0.01,0.31,-0.05,0.03,0.03,0.05,Nutriscore_E
5737eb5a-ef49-5988-896c-0ba2e278e818,921515f9-80fd-5210-97b2-0bc18bf1e9a6,"Turkey cooked ham, in slices",28964,5.90,0.00,0.57,0.02,0.00,0.00,0.00,0.15,0.00,0.03,0.65,168.00,339.00,2.60,58.80,0.00,112.3539412,40.99319285,0.01,0.03,0.18,0.02,0.13,0.44,0.10,0.82,0.01,0.31,-0.05,0.03,0.03,0.05,Nutriscore_C
c9eee762-07d1-5ac5-83e8-2e8dea873e71,e16e68da-aa4d-5d4c-bb61-d5eb5bb905c5,"Chicken cooked ham, in slices",28963,5.90,0.00,0.57,0.02,0.00,0.00,0.00,0.15,0.00,0.03,0.65,168.00,339.00,2.60,58.80,0.00,123.3794705,46.36540342,0.01,0.03,0.18,0.02,0.13,0.44,0.10,0.82,0.01,0.31,-0.05,0.03,0.03,0.05,Nutriscore_C
9c30f5a1-1a18-52a3-9984-e19b4d47d7a9,e16e68da-aa4d-5d4c-bb61-d5eb5bb905c5,"Poultry ham in cube, grated or minced",28929,5.91,0.00,0.57,0.02,0.00,0.00,0.00,0.15,0.00,0.03,0.65,168.00,338.00,2.59,59.10,0.00,123.3794705,46.36540342,0.01,0.03,0.18,0.02,0.13,0.44,0.10,0.82,0.01,0.31,-0.05,0.03,0.03,0.05,Nutriscore_D
0b645824-ef01-5fa3-8ed2-41a7f83cfab3,a281c45a-89b6-52dc-ad50-c2a12def68ef,"Black pudding (blood sausage), refrigerated",8703,2.11,0.00,1.33,0.01,0.00,0.00,0.00,0.02,0.00,0.01,0.09,35.20,97.40,0.63,43.90,0.00,4.363614051,86.64598931,0.01,0.03,0.18,0.02,0.13,0.44,0.10,0.82,0.01,0.31,-0.05,0.03,0.03,0.05,Nutriscore_D
e7cd5c8b-325c-5d2d-b8d1-35cc46df7ff4,a281c45a-89b6-52dc-ad50-c2a12def68ef,"Black pudding (blood sausage), sautéed/pan-fried",8704,2.11,0.00,1.33,0.01,0.00,0.00,0.00,0.02,0.00,0.01,0.09,35.20,97.40,0.63,43.90,0.00,4.363614051,86.64598931,0.01,0.03,0.18,0.02,0.13,0.44,0.10,0.82,0.01,0.31,-0.05,0.03,0.03,0.05,Nutriscore_D
2643b62a-9c2e-5857-b77f-b9e882ce8195,a281c45a-89b6-52dc-ad50-c2a12def68ef,"Blood, beef, raw",40600,28.70,0.00,0.93,0.04,0.00,0.00,0.00,0.40,0.00,0.08,1.76,145.00,1870.00,2.39,62.80,0.00,1.566649329,32.28815753,0.01,0.03,0.18,0.02,0.13,0.44,0.10,0.82,0.01,0.31,-0.05,0.03,0.03,0.05,Nutriscore_B
911a812e-bac9-5ab3-92dd-9f215e965c22,a281c45a-89b6-52dc-ad50-c2a12def68ef,Liver sausage,30176,11.80,0.00,1.68,0.02,0.00,0.00,0.00,0.16,0.00,0.04,0.71,104.00,719.00,1.57,63.20,0.00,5.490017799,85.23480261,0.01,0.03,0.18,0.02,0.13,0.44,0.10,0.82,0.01,0.31,-0.05,0.03,0.03,0.05,Nutriscore_E
cac4bfe1-5831-5641-9c8c-7264ac9b51ab,af33b13b-1e0c-5af9-8dc7-618d266ef691,Frankfurter sausage,30134,5.38,0.00,1.72,0.01,0.00,0.00,0.00,0.08,0.00,0.02,0.34,150.00,278.00,1.78,60.90,0.00,2.241669493,45.97457493,0.01,0.03,0.18,0.02,0.13,0.44,0.10,0.82,0.01,0.31,-0.05,0.03,0.03,0.05,Nutriscore_E
c94fd876-6054-5caa-87c7-1d2c3f73e70d,af33b13b-1e0c-5af9-8dc7-618d266ef691,Montbeliard sausage,30105,5.37,0.00,1.98,0.01,0.00,0.00,0.00,0.08,0.00,0.02,0.33,146.00,271.00,1.77,67.60,0.00,3.018731339,61.14006076,0.01,0.03,0.18,0.02,0.13,0.44,0.10,0.82,0.01,0.31,-0.05,0.03,0.03,0.05,Nutriscore_E
cfda96c3-9bd0-5f8a-a886-53884da7e4cd,af33b13b-1e0c-5af9-8dc7-618d266ef691,Morteaux sausage,30104,5.37,0.00,1.98,0.01,0.00,0.00,0.00,0.08,0.00,0.02,0.33,146.00,271.00,1.77,67.60,0.00,3.018731339,61.14006076,0.01,0.03,0.18,0.02,0.13,0.44,0.10,0.82,0.01,0.31,-0.05,0.03,0.03,0.05,Nutriscore_E
8b6e6d2a-0572-58d1-87a0-53cbd0fc789e,af33b13b-1e0c-5af9-8dc7-618d266ef691,"Morteaux sausage, boiled/cooked in water",30108,5.37,0.00,1.98,0.01,0.00,0.00,0.00,0.08,0.00,0.02,0.33,146.00,271.00,1.77,67.60,0.00,3.018731339,61.14006076,0.01,0.03,0.18,0.02,0.13,0.44,0.10,0.82,0.01,0.31,-0.05,0.03,0.03,0.05,Nutriscore_E
0277baf8-041e-5762-8461-9fdfba25ab5a,af33b13b-1e0c-5af9-8dc7-618d266ef691,Sausage from Paris,30705,8.15,0.00,2.78,0.02,0.00,0.00,0.00,0.11,0.00,0.03,0.47,209.00,390.00,2.63,100.00,0.00,2.120612923,43.81177025,0.01,0.03,0.18,0.02,0.13,0.44,0.10,0.82,0.01,0.31,-0.05,0.03,0.03,0.05,Nutriscore_D
ab01fcf3-427d-5098-a4f3-e94bcfef7fbd,af33b13b-1e0c-5af9-8dc7-618d266ef691,"Sausage from Paris, smoked",30706,8.15,0.00,2.78,0.02,0.00,0.00,0.00,0.11,0.00,0.03,0.47,209.00,390.00,2.63,100.00,0.00,3.018731339,61.14006076,0.01,0.03,0.18,0.02,0.13,0.44,0.10,0.82,0.01,0.31,-0.05,0.03,0.03,0.05,Nutriscore_D
ed77cadb-6bf7-531f-b172-c0e3f20bc567,7a1772ca-8dcc-5a9f-86ec-eddd82a76657,Beer sausage,30766,5.54,0.00,1.73,0.01,0.00,0.00,0.00,0.08,0.00,0.02,0.34,150.00,279.00,1.83,62.80,0.00,0.283771998,6.928101974,0.01,0.03,0.18,0.02,0.13,0.44,0.10,0.82,0.01,0.31,-0.05,0.03,0.03,0.05,Nutriscore_E
d70af227-747e-5a09-a77d-c28ed3f4b5e0,7a1772ca-8dcc-5a9f-86ec-eddd82a76657,Dry sausage,30300,7.33,0.00,2.18,0.02,0.00,0.00,0.00,0.11,0.00,0.03,0.47,206.00,383.00,2.34,77.00,0.00,4.132416037,82.52932807,0.01,0.03,0.18,0.02,0.13,0.44,0.10,0.82,0.01,0.31,-0.05,0.03,0.03,0.05,Nutriscore_E
78487632-8757-5797-83f0-23a5ccbbdc6f,7a1772ca-8dcc-5a9f-86ec-eddd82a76657,Dry sausage w walnuts and/or hazelnuts,30311,7.41,0.00,2.20,0.02,0.00,0.00,0.00,0.11,0.00,0.03,0.47,208.00,387.00,2.37,77.80,0.00,4.132416037,82.52932807,0.01,0.03,0.18,0.02,0.13,0.44,0.10,0.82,0.01,0.31,-0.05,0.03,0.03,0.05,Nutriscore_E
f012b0c4-e6f7-5e32-a535-6241087fdca6,7a1772ca-8dcc-5a9f-86ec-eddd82a76657,"Dry sausage, pure pork",30301,7.33,0.00,2.18,0.02,0.00,0.00,0.00,0.11,0.00,0.03,0.47,206.00,383.00,2.34,77.00,0.00,4.132416037,82.52932807,0.01,0.03,0.18,0.02,0.13,0.44,0.10,0.82,0.01,0.31,-0.05,0.03,0.03,0.05,Nutriscore_E
1093c8f7-a49d-5069-b7ee-936bd17ac671,7a1772ca-8dcc-5a9f-86ec-eddd82a76657,"Dry sausage, pure pork, superior quality",30302,7.33,0.00,2.18,0.02,0.00,0.00,0.00,0.11,0.00,0.03,0.47,206.00,383.00,2.34,77.00,0.00,4.132416037,82.52932807,0.01,0.03,0.18,0.02,0.13,0.44,0.10,0.82,0.01,0.31,-0.05,0.03,0.03,0.05,Nutriscore_E
725852ff-2693-59ca-b3b2-b5a340aae188,7a1772ca-8dcc-5a9f-86ec-eddd82a76657,Dry spicy pork sausage with red pepper,30316,7.33,0.00,2.18,0.02,0.00,0.00,0.00,0.11,0.00,0.03,0.47,206.00,383.00,2.34,77.00,0.00,5.169325806,102.6445839,0.01,0.03,0.18,0.02,0.13,0.44,0.10,0.82,0.01,0.31,-0.05,0.03,0.03,0.05,Nutriscore_E
abf38f7c-05a0-5b2d-8fd2-26227c9566c3,7a1772ca-8dcc-5a9f-86ec-eddd82a76657,Rosette dry sausage,30304,8.25,0.00,2.27,0.02,0.00,0.00,0.00,0.11,0.00,0.03,0.47,210.00,391.00,2.65,91.60,0.00,6.153629919,122.189393,0.01,0.03,0.18,0.02,0.13,0.44,0.10,0.82,0.01,0.31,-0.05,0.03,0.03,0.05,Nutriscore_E
0711284b-7a2e-5f40-be23-b5077831a9ae,7a1772ca-8dcc-5a9f-86ec-eddd82a76657,Salami,30350,8.25,0.00,2.27,0.02,0.00,0.00,0.00,0.11,0.00,0.03,0.47,210.00,391.00,2.65,91.60,0.00,5.322630554,105.6886756,0.01,0.03,0.18,0.02,0.13,0.44,0.10,0.82,0.01,0.31,-0.05,0.03,0.03,0.05,Nutriscore_E
6103df70-4e63-54fe-b796-e835ba4ae23e,7a1772ca-8dcc-5a9f-86ec-eddd82a76657,"Salami, Danish-style",30366,8.25,0.00,2.27,0.02,0.00,0.00,0.00,0.11,0.00,0.03,0.47,210.00,391.00,2.65,91.60,0.00,5.322630554,105.6886756,0.01,0.03,0.18,0.02,0.13,0.44,0.10,0.82,0.01,0.31,-0.05,0.03,0.03,0.05,Nutriscore_E
73e5b029-9713-5acc-8c54-011ce1c1bed0,7a1772ca-8dcc-5a9f-86ec-eddd82a76657,"Salami, pork and beef",30352,8.34,0.00,2.29,0.02,0.00,0.00,0.00,0.11,0.00,0.03,0.48,212.00,395.00,2.68,92.50,0.00,6.153629919,122.189393,0.01,0.03,0.18,0.02,0.13,0.44,0.10,0.82,0.01,0.31,-0.05,0.03,0.03,0.05,Nutriscore_E
1a94be7d-b9db-5df5-b64c-88153486775e,7a1772ca-8dcc-5a9f-86ec-eddd82a76657,"Salami, pure pork",30351,8.25,0.00,2.27,0.02,0.00,0.00,0.00,0.11,0.00,0.03,0.47,210.00,391.00,2.65,91.60,0.00,3.732721908,75.19588584,0.01,0.03,0.18,0.02,0.13,0.44,0.10,0.82,0.01,0.31,-0.05,0.03,0.03,0.05,Nutriscore_E
dd37bc91-cef4-5f11-a496-37871e2304ba,7a1772ca-8dcc-5a9f-86ec-eddd82a76657,"Sausage, dried",30309,7.41,0.00,2.20,0.02,0.00,0.00,0.00,0.11,0.00,0.03,0.47,208.00,387.00,2.37,77.80,0.00,4.132416037,82.52932807,0.01,0.03,0.18,0.02,0.13,0.44,0.10,0.82,0.01,0.31,-0.05,0.03,0.03,0.05,Nutriscore_E
e783bfc5-f6c2-53f6-b0da-ea43ccdcfafc,7a1772ca-8dcc-5a9f-86ec-eddd82a76657,"Spicy pork sausage with red pepper, in large slices",30317,7.42,0.00,2.71,0.02,0.00,0.00,0.00,0.11,0.00,0.03,0.47,206.00,383.00,2.38,89.00,0.00,5.169325806,102.6445839,0.01,0.03,0.18,0.02,0.13,0.44,0.10,0.82,0.01,0.31,-0.05,0.03,0.03,0.05,Nutriscore_E
1d0a33ae-8222-5405-9c6b-bb7c2c2bc83c,7a1772ca-8dcc-5a9f-86ec-eddd82a76657,"Spicy pork sausage with red pepper, no precision",30315,7.42,0.00,2.71,0.02,0.00,0.00,0.00,0.11,0.00,0.03,0.47,206.00,383.00,2.38,89.00,0.00,5.169325806,102.6445839,0.01,0.03,0.18,0.02,0.13,0.44,0.10,0.82,0.01,0.31,-0.05,0.03,0.03,0.05,Nutriscore_E
2260c4fa-b123-5a34-8aea-31ede9a800ed,647db420-bcff-516e-a9cb-3802bac66d0a,"Chipolata sausage, cooked",30005,7.23,0.00,2.10,0.02,0.00,0.00,0.00,0.11,0.00,0.03,0.45,197.00,365.00,2.39,78.60,0.00,4.185688911,83.11302339,0.01,0.03,0.18,0.02,0.13,0.44,0.10,0.82,0.01,0.31,-0.05,0.03,0.03,0.05,Nutriscore_E
14b2674e-f59a-54cd-bd4e-ac7ca13f0b7f,647db420-bcff-516e-a9cb-3802bac66d0a,"Chipolata slim sausage, raw",30115,5.39,0.00,1.18,0.01,0.00,0.00,0.00,0.08,0.00,0.02,0.34,148.00,275.00,1.78,50.40,0.00,4.185688911,83.11302339,0.01,0.03,0.18,0.02,0.13,0.44,0.10,0.82,0.01,0.31,-0.05,0.03,0.03,0.05,Nutriscore_D
fbbc7c1c-2aab-59fe-ada3-48a88973291e,647db420-bcff-516e-a9cb-3802bac66d0a,"Merguez sausage, pure beef, raw",30152,31.60,0.00,0.97,0.05,0.00,0.00,0.00,0.44,0.00,0.09,1.95,164.00,2070.00,2.71,68.20,0.00,0.356128204,8.694629968,0.01,0.03,0.18,0.02,0.13,0.44,0.10,0.82,0.01,0.31,-0.05,0.03,0.03,0.05,Nutriscore_E
566355ac-0ab7-534e-9d34-016db2c910d7,647db420-bcff-516e-a9cb-3802bac66d0a,"Toulouse sausage, cooked",30011,12.30,0.00,2.45,0.03,0.00,0.00,0.00,0.18,0.00,0.05,0.77,229.00,703.00,2.84,92.30,0.00,3.102633102,54.17788755,0.01,0.03,0.18,0.02,0.13,0.44,0.10,0.82,0.01,0.31,-0.05,0.03,0.03,0.05,Nutriscore_E
6b46a8f3-3df7-50ad-a3fb-f7332231c287,647db420-bcff-516e-a9cb-3802bac66d0a,"Toulouse sausage, raw",30110,12.00,0.00,1.51,0.02,0.00,0.00,0.00,0.18,0.00,0.05,0.77,228.00,700.00,2.77,70.50,0.00,3.102633102,54.17788755,0.01,0.03,0.18,0.02,0.13,0.44,0.10,0.82,0.01,0.31,-0.05,0.03,0.03,0.05,Nutriscore_E
af072cea-be06-5fe7-8300-1df522171923,647db420-bcff-516e-a9cb-3802bac66d0a,"White pudding, truffled, raw",8803,12.10,0.00,1.53,0.02,0.00,0.00,0.00,0.18,0.00,0.05,0.77,229.00,704.00,2.79,72.60,0.00,3.130896565,54.75741639,0.01,0.03,0.18,0.02,0.13,0.44,0.10,0.82,0.01,0.31,-0.05,0.03,0.03,0.05,Nutriscore_D
de039c77-ea6e-529a-9847-ee7a9736e0e3,131a49ba-6808-5412-898d-56ce02b4ac82,Cocktail sausage,30746,12.30,0.00,1.68,0.02,0.00,0.00,0.00,0.17,0.00,0.04,0.76,106.00,770.00,1.51,60.90,0.00,1.48441274,31.07108915,0.01,0.03,0.18,0.02,0.13,0.44,0.10,0.82,0.01,0.31,-0.05,0.03,0.03,0.05,Nutriscore_E
01fa45c5-04ed-52ca-95dd-bfe68f4b17ad,131a49ba-6808-5412-898d-56ce02b4ac82,Mortadella,30789,6.91,0.00,2.21,0.02,0.00,0.00,0.00,0.09,0.00,0.03,0.40,176.00,330.00,2.26,84.40,0.00,4.25810886,85.17061902,0.01,0.03,0.18,0.02,0.13,0.44,0.10,0.82,0.01,0.31,-0.05,0.03,0.03,0.05,Nutriscore_E
bcfe80c6-1122-5d26-85e1-6ee180fd7e3d,131a49ba-6808-5412-898d-56ce02b4ac82,"Mortadella with pistachios, pure pork",30797,6.91,0.00,2.21,0.02,0.00,0.00,0.00,0.09,0.00,0.03,0.40,176.00,330.00,2.26,84.40,0.00,4.25810886,85.17061902,0.01,0.03,0.18,0.02,0.13,0.44,0.10,0.82,0.01,0.31,-0.05,0.03,0.03,0.05,Nutriscore_E
abebe3a5-49de-5586-ae18-b1273be74086,131a49ba-6808-5412-898d-56ce02b4ac82,"Mortadella, pure pork",30790,6.91,0.00,2.21,0.02,0.00,0.00,0.00,0.09,0.00,0.03,0.40,176.00,330.00,2.26,84.40,0.00,4.25810886,85.17061902,0.01,0.03,0.18,0.02,0.13,0.44,0.10,0.82,0.01,0.31,-0.05,0.03,0.03,0.05,Nutriscore_E
5d87b3a7-57c1-5e9f-8495-247eec5e3cc1,131a49ba-6808-5412-898d-56ce02b4ac82,Pork and beef mortadella,30791,6.91,0.00,2.21,0.02,0.00,0.00,0.00,0.09,0.00,0.03,0.40,176.00,330.00,2.26,84.40,0.00,4.25810886,85.17061902,0.01,0.03,0.18,0.02,0.13,0.44,0.10,0.82,0.01,0.31,-0.05,0.03,0.03,0.05,Nutriscore_E
52a8758a-7209-5945-9660-7c3504ba3c86,131a49ba-6808-5412-898d-56ce02b4ac82,Saveloy or cervelat,30730,7.16,0.00,2.14,0.02,0.00,0.00,0.00,0.11,0.00,0.03,0.46,203.00,376.00,2.34,76.70,0.00,3.956539747,79.66729219,0.01,0.03,0.18,0.02,0.13,0.44,0.10,0.82,0.01,0.31,-0.05,0.03,0.03,0.05,Nutriscore_E
8082e016-0ab9-568f-bf13-d2de887ed2d2,131a49ba-6808-5412-898d-56ce02b4ac82,Saveloy or cervelat (from Obernai Alsace),30731,5.30,0.00,1.72,0.01,0.00,0.00,0.00,0.08,0.00,0.02,0.34,150.00,277.00,1.73,59.60,0.00,3.956539747,79.66729219,0.01,0.03,0.18,0.02,0.13,0.44,0.10,0.82,0.01,0.31,-0.05,0.03,0.03,0.05,Nutriscore_E
4e019321-4683-5f80-b94d-892268a0ec9d,131a49ba-6808-5412-898d-56ce02b4ac82,"Saveloy or cervelat, pure pork with garlic",30732,5.30,0.00,1.72,0.01,0.00,0.00,0.00,0.08,0.00,0.02,0.34,150.00,277.00,1.73,59.60,0.00,3.956539747,79.66729219,0.01,0.03,0.18,0.02,0.13,0.44,0.10,0.82,0.01,0.31,-0.05,0.03,0.03,0.05,Nutriscore_E
f6a41d09-0c8e-5bb7-976b-feaf50417870,131a49ba-6808-5412-898d-56ce02b4ac82,"Viennese sausage, pork and veal, raw",30750,11.90,0.00,1.51,0.02,0.00,0.00,0.00,0.18,0.00,0.05,0.77,228.00,699.00,2.72,68.60,0.00,1.48441274,31.07108915,0.01,0.03,0.18,0.02,0.13,0.44,0.10,0.82,0.01,0.31,-0.05,0.03,0.03,0.05,Nutriscore_E
d662b11a-e0ae-5570-9f08-85fc57467906,829ca036-4324-558e-aa09-b4ea391afe31,"Asiago cheese, from cow's milk",12761,6.05,0.00,0.63,0.01,0.00,0.00,0.00,0.07,0.00,0.02,0.31,70.10,274.00,0.78,32.80,0.00,0.077095121,15.38380187,0.01,0.05,0.31,0.05,0.28,0.81,0.18,1.60,0.01,0.75,-0.10,0.06,0.05,0.11,Nutriscore_D
c0da882b-c8f6-521d-b87f-fbfe0aeb526d,535174f8-ff2a-5874-ba63-325b187c1ffd,"Abondance cheese, from cow's milk",12112,6.13,0.00,0.63,0.01,0.00,0.00,0.00,0.07,0.00,0.02,0.31,71.40,279.00,0.79,32.70,0.00,0.077095121,15.38380187,0.01,0.05,0.31,0.05,0.28,0.81,0.18,1.60,0.01,0.75,-0.10,0.06,0.05,0.11,Nutriscore_D
0990e591-5cdb-59b1-b772-43bcc13690f8,535174f8-ff2a-5874-ba63-325b187c1ffd,"Beaufort cheese, from cow's milk",12105,6.25,0.00,0.62,0.01,0.00,0.00,0.00,0.07,0.00,0.02,0.32,73.00,286.00,0.80,32.70,0.00,0.077095121,15.38380187,0.01,0.05,0.31,0.05,0.28,0.81,0.18,1.60,0.01,0.75,-0.10,0.06,0.05,0.11,Nutriscore_D
da5a0401-a6bb-5bae-a551-e7cdf64af1dc,dcedeb3a-a61a-5581-b46c-c9af6d0d0226,"Auvergne blue cheese, from cow's milk",12521,5.94,0.00,0.56,0.01,0.00,0.00,0.00,0.07,0.00,0.02,0.29,67.50,257.00,0.78,35.10,0.00,0.07242269,14.45145024,0.01,0.05,0.31,0.05,0.28,0.81,0.18,1.60,0.01,0.75,-0.10,0.06,0.05,0.11,Nutriscore_E
21323bb9-2946-530e-92a7-5251297800d0,dcedeb3a-a61a-5581-b46c-c9af6d0d0226,"Bresse blue cheese, from cow's milk",12527,5.29,0.00,0.53,0.01,0.00,0.00,0.00,0.06,0.00,0.02,0.28,64.80,251.00,0.58,25.70,0.00,0.07242269,14.45145024,0.01,0.05,0.31,0.05,0.28,0.81,0.18,1.60,0.01,0.75,-0.10,0.06,0.05,0.11,Nutriscore_D
33ebc72e-4ecc-517e-b2b3-4b705b0c7877,dcedeb3a-a61a-5581-b46c-c9af6d0d0226,"Bresse blue cheese, from cow's milk, reduced fat, around 15% fat",12528,5.03,0.00,0.54,0.01,0.00,0.00,0.00,0.06,0.00,0.02,0.26,61.20,236.00,0.55,25.60,0.00,0.07242269,14.45145024,0.01,0.05,0.31,0.05,0.28,0.81,0.18,1.60,0.01,0.75,-0.10,0.06,0.05,0.11,Nutriscore_D
a40ad91a-26aa-5912-9b2b-adea203c3d7b,dcedeb3a-a61a-5581-b46c-c9af6d0d0226,"Causses blue cheese, from cow's milk",12523,5.95,0.00,0.56,0.01,0.00,0.00,0.00,0.07,0.00,0.02,0.29,67.70,258.00,0.78,35.10,0.00,0.07242269,14.45145024,0.01,0.05,0.31,0.05,0.28,0.81,0.18,1.60,0.01,0.75,-0.10,0.06,0.05,0.11,Nutriscore_E
de348586-9768-5f4a-927f-76f4a8292380,f1c331f7-4860-507c-8353-2904f8571e3e,"Blue cheese, from cow's milk",12520,5.81,0.00,0.56,0.01,0.00,0.00,0.00,0.07,0.00,0.02,0.28,65.80,250.00,0.77,35.10,0.00,0.060741611,12.12057117,0.01,0.05,0.31,0.05,0.28,0.81,0.18,1.60,0.01,0.75,-0.10,0.06,0.05,0.11,Nutriscore_D
cac14837-49fa-5e3f-a99a-e52723888b56,ec66118f-3fa0-5a42-acdc-99cb1d5f495a,"Brie cheese, from cow's milk",12020,5.23,0.00,0.54,0.01,0.00,0.00,0.00,0.06,0.00,0.02,0.27,63.90,248.00,0.58,26.00,0.00,0.067750258,13.51909861,0.01,0.05,0.31,0.05,0.28,0.81,0.18,1.60,0.01,0.75,-0.10,0.06,0.05,0.11,Nutriscore_D
93a4ec1b-3688-58c4-a3df-6f620d5860b5,ec66118f-3fa0-5a42-acdc-99cb1d5f495a,"Brie de Meaux cheese, from cow's milk",12021,4.97,0.00,0.52,0.01,0.00,0.00,0.00,0.06,0.00,0.02,0.26,60.80,234.00,0.54,24.60,0.00,0.067750258,13.51909861,0.01,0.05,0.31,0.05,0.28,0.81,0.18,1.60,0.01,0.75,-0.10,0.06,0.05,0.11,Nutriscore_D
63c54e6d-e0dc-58b8-9fd2-892e9db7f791,ec66118f-3fa0-5a42-acdc-99cb1d5f495a,"Brie de Melun cheese, from cow's milk",12022,5.02,0.00,0.52,0.01,0.00,0.00,0.00,0.06,0.00,0.02,0.26,61.50,237.00,0.54,24.60,0.00,0.067750258,13.51909861,0.01,0.05,0.31,0.05,0.28,0.81,0.18,1.60,0.01,0.75,-0.10,0.06,0.05,0.11,Nutriscore_D
4fa1b2ca-3f36-5199-ac45-fc6a21b6f8cf,ec66118f-3fa0-5a42-acdc-99cb1d5f495a,"Carré de l'Est cheese, from cow's milk",12025,4.94,0.00,0.52,0.01,0.00,0.00,0.00,0.06,0.00,0.02,0.26,60.30,232.00,0.54,24.90,0.00,0.067750258,13.51909861,0.01,0.05,0.31,0.05,0.28,0.81,0.18,1.60,0.01,0.75,-0.10,0.06,0.05,0.11,Nutriscore_D
c5457e32-1f12-5f5c-99f5-d477f8358dfe,ec66118f-3fa0-5a42-acdc-99cb1d5f495a,"Neufchâtel cheese, from cow's milk",12031,4.78,0.00,0.52,0.01,0.00,0.00,0.00,0.06,0.00,0.02,0.25,58.30,223.00,0.51,24.60,0.00,0.067750258,13.51909861,0.01,0.05,0.31,0.05,0.28,0.81,0.18,1.60,0.01,0.75,-0.10,0.06,0.05,0.11,Nutriscore_D
bca024a8-8da9-5d08-9f31-1fadc0fd3662,3039e667-9a0a-5964-a1fc-031b4118b387,"Cheese, buche, from goat's milk",12812,5.91,0.00,0.76,0.01,0.00,0.00,0.00,0.14,0.00,0.03,0.60,50.60,402.00,2.07,37.30,0.00,0.05703397,9.607911264,0.01,0.05,0.31,0.05,0.28,0.81,0.18,1.60,0.01,0.75,-0.10,0.06,0.05,0.11,Nutriscore_D
a77691f3-4839-5946-80fa-a845c388b776,3039e667-9a0a-5964-a1fc-031b4118b387,"Cheese, buche, from goat's milk, light",12813,6.46,0.00,0.80,0.01,0.00,0.00,0.00,0.15,0.00,0.03,0.67,55.50,444.00,2.28,39.40,0.00,0.05703397,9.607911264,0.01,0.05,0.31,0.05,0.28,0.81,0.18,1.60,0.01,0.75,-0.10,0.06,0.05,0.11,Nutriscore_C
5d06ce19-6e0e-5c83-9401-c122bd5778de,3039e667-9a0a-5964-a1fc-031b4118b387,"Pélardon cheese, from goat's milk",12831,8.54,0.00,0.90,0.02,0.00,0.00,0.00,0.19,0.00,0.04,0.83,71.10,550.00,3.07,54.00,0.00,0.05703397,9.607911264,0.01,0.05,0.31,0.05,0.28,0.81,0.18,1.60,0.01,0.75,-0.10,0.06,0.05,0.11,Nutriscore_D
aad62b4c-ecb1-5286-aca1-ffb61c8b2c33,3039e667-9a0a-5964-a1fc-031b4118b387,"Rocamadour cheese, from goat's milk",12847,7.04,0.00,0.79,0.01,0.00,0.00,0.00,0.15,0.00,0.03,0.65,57.80,436.00,2.49,48.00,0.00,0.05703397,9.607911264,0.01,0.05,0.31,0.05,0.28,0.81,0.18,1.60,0.01,0.75,-0.10,0.06,0.05,0.11,Nutriscore_D
ac59a912-6ef5-5465-9ff0-96f23dd2f564,3039e667-9a0a-5964-a1fc-031b4118b387,"Sainte Maure cheese, from goat's milk",12842,6.46,0.00,0.80,0.01,0.00,0.00,0.00,0.15,0.00,0.03,0.67,55.50,444.00,2.28,39.40,0.00,0.05703397,9.607911264,0.01,0.05,0.31,0.05,0.28,0.81,0.18,1.60,0.01,0.75,-0.10,0.06,0.05,0.11,Nutriscore_D
51a9102b-01b4-587d-9b43-856b7eeb4c89,3039e667-9a0a-5964-a1fc-031b4118b387,"Selles-sur-Cher cheese, from goat's milk",12845,7.29,0.00,0.87,0.01,0.00,0.00,0.00,0.16,0.00,0.03,0.71,60.30,474.00,2.55,48.40,0.00,0.05703397,9.607911264,0.01,0.05,0.31,0.05,0.28,0.81,0.18,1.60,0.01,0.75,-0.10,0.06,0.05,0.11,Nutriscore_D
fa20b0af-3557-54dc-aa6a-2fc9855d1a30,3039e667-9a0a-5964-a1fc-031b4118b387,"Valençay cheese, from goat's milk",12848,7.44,0.00,0.88,0.01,0.00,0.00,0.00,0.17,0.00,0.03,0.73,61.70,486.00,2.61,49.10,0.00,0.05703397,9.607911264,0.01,0.05,0.31,0.05,0.28,0.81,0.18,1.60,0.01,0.75,-0.10,0.06,0.05,0.11,Nutriscore_D
53df9cd5-63d8-58df-a861-41978515d149,e02c763d-35c0-54d1-8801-35be51d736f5,"Camembert cheese, from cow's milk",12001,5.20,0.00,0.54,0.01,0.00,0.00,0.00,0.06,0.00,0.02,0.27,63.40,246.00,0.58,26.00,0.00,0.053732963,10.72204373,0.01,0.05,0.31,0.05,0.28,0.81,0.18,1.60,0.01,0.75,-0.10,0.06,0.05,0.11,Nutriscore_D
845a099e-8a40-5fc8-89d6-7843cba01ca9,e02c763d-35c0-54d1-8801-35be51d736f5,"Camembert cheese, from cow's milk, from raw milk",12006,5.20,0.00,0.54,0.01,0.00,0.00,0.00,0.06,0.00,0.02,0.27,63.40,246.00,0.58,26.00,0.00,0.053732963,10.72204373,0.01,0.05,0.31,0.05,0.28,0.81,0.18,1.60,0.01,0.75,-0.10,0.06,0.05,0.11,Nutriscore_D
6b0225e1-bbfc-5c07-9e4b-350ad4d9e489,e02c763d-35c0-54d1-8801-35be51d736f5,"Soft ripened cheese with bloomy rind, from ewe's milk, Camembert-type cheese",12824,5.92,0.00,0.61,0.01,0.00,0.00,0.00,0.12,0.00,0.03,0.55,24.30,598.00,0.42,29.90,0.00,0.053732963,10.72204373,0.01,0.05,0.31,0.05,0.28,0.81,0.18,1.60,0.01,0.75,-0.10,0.06,0.05,0.11,Nutriscore_D
f22547d9-8fd2-5417-860c-19360a7d028b,65eaeb43-2f73-5cd8-9540-03e9cb7011fd,"Cantal cheese, half matured, from cow's milk",12722,6.00,0.00,0.63,0.01,0.00,0.00,0.00,0.07,0.00,0.02,0.30,69.40,271.00,0.78,32.80,0.00,0.070086474,13.98527442,0.01,0.05,0.31,0.05,0.28,0.81,0.18,1.60,0.01,0.75,-0.10,0.06,0.05,0.11,Nutriscore_D
8c2f1570-9c82-5160-b191-60c2c8a62fe8,65eaeb43-2f73-5cd8-9540-03e9cb7011fd,"Cantal, Salers or Laguiole cheese, from cow's milk",12723,6.07,0.00,0.63,0.01,0.00,0.00,0.00,0.07,0.00,0.02,0.31,70.40,275.00,0.78,32.80,0.00,0.070086474,13.98527442,0.01,0.05,0.31,0.05,0.28,0.81,0.18,1.60,0.01,0.75,-0.10,0.06,0.05,0.11,Nutriscore_D
3a3dc50e-65b8-578f-bcd8-591a76609de1,65eaeb43-2f73-5cd8-9540-03e9cb7011fd,"Salers cheese, from cow's milk",12725,6.07,0.00,0.63,0.01,0.00,0.00,0.00,0.07,0.00,0.02,0.31,70.40,275.00,0.78,32.80,0.00,0.070086474,13.98527442,0.01,0.05,0.31,0.05,0.28,0.81,0.18,1.60,0.01,0.75,-0.10,0.06,0.05,0.11,Nutriscore_D
c343d0d2-3efc-5478-bb9a-1034c35c8111,7856b90d-121e-51e7-ad89-4119e3b25dab,"Cheese, from goat's milk",12803,6.97,0.00,0.85,0.01,0.00,0.00,0.00,0.16,0.00,0.03,0.67,57.50,450.00,2.43,47.20,0.00,0.061596687,10.37654417,0.01,0.05,0.31,0.05,0.28,0.81,0.18,1.60,0.01,0.75,-0.10,0.06,0.05,0.11,Nutriscore_D
957bb4c9-7eb8-5156-b3e8-dcc9daf8987e,7856b90d-121e-51e7-ad89-4119e3b25dab,"Cheese, from goat's milk, fresh",12805,6.54,0.00,0.79,0.01,0.00,0.00,0.00,0.14,0.00,0.03,0.62,52.50,410.00,2.30,45.70,0.00,0.061596687,10.37654417,0.01,0.05,0.31,0.05,0.28,0.81,0.18,1.60,0.01,0.75,-0.10,0.06,0.05,0.11,Nutriscore_D
7d883845-ad9a-596a-a3ef-c6237fcbdadf,7856b90d-121e-51e7-ad89-4119e3b25dab,"Cheese, from goat's milk, fresh, from pasteurised milk",12800,7.01,0.00,0.83,0.01,0.00,0.00,0.00,0.16,0.00,0.03,0.67,56.70,446.00,2.48,47.50,0.00,0.061596687,10.37654417,0.01,0.05,0.31,0.05,0.28,0.81,0.18,1.60,0.01,0.75,-0.10,0.06,0.05,0.11,Nutriscore_D
d4788044-895d-5e98-81ce-9d27b37b624c,7856b90d-121e-51e7-ad89-4119e3b25dab,"Cheese, from goat's milk, fresh, from raw milk",12804,5.91,0.00,0.75,0.01,0.00,0.00,0.00,0.13,0.00,0.02,0.54,47.00,362.00,2.06,43.20,0.00,0.061596687,10.37654417,0.01,0.05,0.31,0.05,0.28,0.81,0.18,1.60,0.01,0.75,-0.10,0.06,0.05,0.11,Nutriscore_D
05c92cbc-5286-5af3-b07c-a24920a6a7a3,7856b90d-121e-51e7-ad89-4119e3b25dab,"Cheese, from goat's milk, from pasteurised milk",12802,6.97,0.00,0.85,0.01,0.00,0.00,0.00,0.16,0.00,0.03,0.67,57.50,450.00,2.43,47.20,0.00,0.061596687,10.37654417,0.01,0.05,0.31,0.05,0.28,0.81,0.18,1.60,0.01,0.75,-0.10,0.06,0.05,0.11,Nutriscore_D
deff499b-6531-51d9-8b2b-90e6d54cebe0,7856b90d-121e-51e7-ad89-4119e3b25dab,"Cheese, from goat's milk, from raw milk",12801,7.21,0.00,0.87,0.01,0.00,0.00,0.00,0.16,0.00,0.03,0.70,59.60,468.00,2.52,48.10,0.00,0.061596687,10.37654417,0.01,0.05,0.31,0.05,0.28,0.81,0.18,1.60,0.01,0.75,-0.10,0.06,0.05,0.11,Nutriscore_D
71224d58-6c3a-5723-b8b6-3f44e4917ff1,7856b90d-121e-51e7-ad89-4119e3b25dab,"Cheese, semi-dry, from goat's milk",12810,6.79,0.00,0.89,0.01,0.00,0.00,0.00,0.15,0.00,0.03,0.64,54.60,430.00,2.38,48.70,0.00,0.061596687,10.37654417,0.01,0.05,0.31,0.05,0.28,0.81,0.18,1.60,0.01,0.75,-0.10,0.06,0.05,0.11,Nutriscore_D
5dd9848b-1ef0-5cc3-8a54-d334e23a504a,7856b90d-121e-51e7-ad89-4119e3b25dab,"Crottin cheese, from goat's milk",12833,8.78,0.00,0.98,0.02,0.00,0.00,0.00,0.20,0.00,0.04,0.88,73.60,589.00,3.12,54.40,0.00,0.061596687,10.37654417,0.01,0.05,0.31,0.05,0.28,0.81,0.18,1.60,0.01,0.75,-0.10,0.06,0.05,0.11,Nutriscore_D
4e791f80-ff62-5517-ae4c-ba768b52b023,7856b90d-121e-51e7-ad89-4119e3b25dab,"Crottin cheese, from goat's milk, from raw milk",12832,8.78,0.00,0.98,0.02,0.00,0.00,0.00,0.20,0.00,0.04,0.88,73.60,589.00,3.12,54.40,0.00,0.061596687,10.37654417,0.01,0.05,0.31,0.05,0.28,0.81,0.18,1.60,0.01,0.75,-0.10,0.06,0.05,0.11,Nutriscore_D
b5d563e3-4518-5fe3-8227-f51f4c47c8b8,7856b90d-121e-51e7-ad89-4119e3b25dab,"Crottin de Chavignol cheese, from goat's milk",12834,7.68,0.00,0.90,0.02,0.00,0.00,0.00,0.17,0.00,0.03,0.75,63.80,504.00,2.70,50.00,0.00,0.061596687,10.37654417,0.01,0.05,0.31,0.05,0.28,0.81,0.18,1.60,0.01,0.75,-0.10,0.06,0.05,0.11,Nutriscore_D
2bcd5d76-a705-529d-b245-d310214fc071,7856b90d-121e-51e7-ad89-4119e3b25dab,"Picodon cheese, from goat's milk",12836,7.91,0.00,0.85,0.02,0.00,0.00,0.00,0.17,0.00,0.03,0.75,65.50,502.00,2.82,51.50,0.00,0.061596687,10.37654417,0.01,0.05,0.31,0.05,0.28,0.81,0.18,1.60,0.01,0.75,-0.10,0.06,0.05,0.11,Nutriscore_D
f726de38-5dd3-5fdc-b300-1247bc0aee85,83423b20-8136-5d69-8a98-d14ea9f3833b,"Chaource cheese, from cow's milk",12028,4.95,0.00,0.55,0.01,0.00,0.00,0.00,0.06,0.00,0.02,0.25,60.00,231.00,0.55,26.30,0.00,0.0443881,8.857340469,0.01,0.05,0.31,0.05,0.28,0.81,0.18,1.60,0.01,0.75,-0.10,0.06,0.05,0.11,Nutriscore_D
d21663cc-99e7-5b4a-ace9-1a9dbe163313,33b6fcaa-4d6d-50e8-98f6-13c0761a2f11,"Cheddar cheese, from cow's milk",12726,6.65,0.00,0.66,0.01,0.00,0.00,0.00,0.08,0.00,0.02,0.33,76.10,299.00,0.89,37.60,0.00,0.070086474,13.98527442,0.01,0.05,0.31,0.05,0.28,0.81,0.18,1.60,0.01,0.75,-0.10,0.06,0.05,0.11,Nutriscore_D
cf6d3530-2014-55e2-927a-7b5ae713984c,5dab999e-5ecd-5eff-8a87-05150eef434b,"Chabichou cheese, from goat's milk",12830,7.68,0.00,0.90,0.02,0.00,0.00,0.00,0.17,0.00,0.03,0.75,63.80,504.00,2.70,50.00,0.00,0.050189893,8.454961913,0.01,0.05,0.31,0.05,0.28,0.81,0.18,1.60,0.01,0.75,-0.10,0.06,0.05,0.11,Nutriscore_D
63a094d0-14c0-5b20-8e15-ae31782399ba,5dab999e-5ecd-5eff-8a87-05150eef434b,"Cheese, dry, from goat's milk",12815,6.48,0.00,0.81,0.01,0.00,0.00,0.00,0.14,0.00,0.03,0.62,52.40,414.00,2.29,45.20,0.00,0.050189893,8.454961913,0.01,0.05,0.31,0.05,0.28,0.81,0.18,1.60,0.01,0.75,-0.10,0.06,0.05,0.11,Nutriscore_D
80c70ee7-64ff-5a44-9419-f1bfed8c83f0,5dab999e-5ecd-5eff-8a87-05150eef434b,"Chevrot cheese, from goat's milk",12846,7.05,0.00,0.86,0.01,0.00,0.00,0.00,0.16,0.00,0.03,0.68,58.20,456.00,2.46,47.50,0.00,0.050189893,8.454961913,0.01,0.05,0.31,0.05,0.28,0.81,0.18,1.60,0.01,0.75,-0.10,0.06,0.05,0.11,Nutriscore_D
34f9801e-f9cc-5663-b54f-410132af57c0,5dab999e-5ecd-5eff-8a87-05150eef434b,Goat cheese from raw milk,12807,7.21,0.00,0.87,0.01,0.00,0.00,0.00,0.16,0.00,0.03,0.70,59.60,468.00,2.52,48.10,0.00,0.050189893,8.454961913,0.01,0.05,0.31,0.05,0.28,0.81,0.18,1.60,0.01,0.75,-0.10,0.06,0.05,0.11,Nutriscore_D
a9f49459-ee9d-5a16-91d6-5b4cf44d74da,117aa4dc-a362-517f-a312-0ba8486e79f1,"Comté cheese, from cow's milk",12110,6.38,0.00,0.62,0.01,0.00,0.00,0.00,0.08,0.00,0.02,0.33,74.80,293.00,0.81,32.60,0.00,0.07242269,14.45145024,0.01,0.05,0.31,0.05,0.28,0.81,0.18,1.60,0.01,0.75,-0.10,0.06,0.05,0.11,Nutriscore_D
23b39eef-2527-5043-ba19-56551ac73a97,77f37c86-c94a-5bfb-bea3-8f9cc1c6b248,"Coulommiers cheese, from cow's milk",12010,5.43,0.00,0.53,0.01,0.00,0.00,0.00,0.07,0.00,0.02,0.28,66.60,260.00,0.60,26.10,0.00,0.065414042,13.0529228,0.01,0.05,0.31,0.05,0.28,0.81,0.18,1.60,0.01,0.75,-0.10,0.06,0.05,0.11,Nutriscore_D
b1b5ee9f-8697-58ea-939a-8255da0fce0a,77f37c86-c94a-5bfb-bea3-8f9cc1c6b248,"Soft-ripened round cheese with bloomy rind, around 11% fat, Coulommiers-type cheese, reduced fat",12012,4.99,0.00,0.54,0.01,0.00,0.00,0.00,0.06,0.00,0.02,0.26,60.60,235.00,0.55,25.80,0.00,0.065414042,13.0529228,0.01,0.05,0.31,0.05,0.28,0.81,0.18,1.60,0.01,0.75,-0.10,0.06,0.05,0.11,Nutriscore_D
0777e762-d292-5463-b973-3385fb755529,612d515d-1fe6-5107-ad4e-17b6accf6423,"Edam cheese, from cow's milk",12729,6.35,0.00,0.67,0.01,0.00,0.00,0.00,0.07,0.00,0.02,0.31,71.80,281.00,0.86,37.70,0.00,0.051396747,10.25586791,0.01,0.05,0.31,0.05,0.28,0.81,0.18,1.60,0.01,0.75,-0.10,0.06,0.05,0.11,Nutriscore_D
5ccd079c-94f7-5437-b93e-1545d519a824,4a103228-6d54-5705-8a29-f5626febf7c9,"Emmental cheese, from cow's milk",12115,6.28,0.00,0.62,0.01,0.00,0.00,0.00,0.07,0.00,0.02,0.32,73.40,288.00,0.80,32.70,0.00,0.063077826,12.58674698,0.01,0.05,0.31,0.05,0.28,0.81,0.18,1.60,0.01,0.75,-0.10,0.06,0.05,0.11,Nutriscore_C
6b604785-f79b-5ed7-94ac-5438b384e03c,4a103228-6d54-5705-8a29-f5626febf7c9,"Emmental cheese, grated, from cow's milk",12118,6.31,0.00,0.62,0.01,0.00,0.00,0.00,0.07,0.00,0.02,0.32,73.90,289.00,0.81,32.60,0.00,0.063077826,12.58674698,0.01,0.05,0.31,0.05,0.28,0.81,0.18,1.60,0.01,0.75,-0.10,0.06,0.05,0.11,Nutriscore_C
077a0632-4bd7-5f77-ad34-626f4c1fe4fc,4a103228-6d54-5705-8a29-f5626febf7c9,"Hard cheese, emmental-type cheese, reduced fat",12116,6.31,0.00,0.62,0.01,0.00,0.00,0.00,0.07,0.00,0.02,0.32,73.90,289.00,0.81,32.60,0.00,0.063077826,12.58674698,0.01,0.05,0.31,0.05,0.28,0.81,0.18,1.60,0.01,0.75,-0.10,0.06,0.05,0.11,Nutriscore_D
bc5a03d6-9dce-55cc-bf76-8dbef60e7718,1a388634-660f-5e39-be80-6f2253dd1b45,"Époisses cheese, from cow's milk",12038,5.01,0.00,0.54,0.01,0.00,0.00,0.00,0.06,0.00,0.02,0.26,60.90,236.00,0.56,25.90,0.00,0.060741611,12.12057117,0.01,0.05,0.31,0.05,0.28,0.81,0.18,1.60,0.01,0.75,-0.10,0.06,0.05,0.11,Nutriscore_D
8937d1ad-e2de-5d88-a657-84a7ea49b4b0,e3ca80b4-2522-5e8a-adf0-045eca2ab7d1,"Feta cheese, from ewe's milk",12061,6.37,0.00,0.62,0.01,0.00,0.00,0.00,0.13,0.00,0.03,0.55,24.70,595.00,0.59,36.70,0.00,0.031781688,5.353925725,0.01,0.05,0.31,0.05,0.28,0.81,0.18,1.60,0.01,0.75,-0.10,0.06,0.05,0.11,Nutriscore_E
7209443d-e788-5408-a00d-6de6c7db6791,e3ca80b4-2522-5e8a-adf0-045eca2ab7d1,Feta-type cheese from cow's milk,12060,5.56,0.00,0.55,0.01,0.00,0.00,0.00,0.06,0.00,0.02,0.27,62.70,238.00,0.74,32.80,0.00,0.031781688,5.353925725,0.01,0.05,0.31,0.05,0.28,0.81,0.18,1.60,0.01,0.75,-0.10,0.06,0.05,0.11,Nutriscore_E
e62c648f-7f88-55c6-b0cf-1e9292c3fcd9,e3ca80b4-2522-5e8a-adf0-045eca2ab7d1,"Feta-type cheese from cow's milk, in oil and spices",12063,5.56,0.00,0.55,0.01,0.00,0.00,0.00,0.06,0.00,0.02,0.27,62.70,238.00,0.74,32.80,0.00,0.031781688,5.353925725,0.01,0.05,0.31,0.05,0.28,0.81,0.18,1.60,0.01,0.75,-0.10,0.06,0.05,0.11,Nutriscore_D
1de65a44-7eda-591d-b6a1-5900c1d7f60d,ef1a5758-8aab-5d57-9ee1-86b9134b99ed,"Fontina cheese, from cow's milk",12121,5.40,0.00,0.53,0.01,0.00,0.00,0.00,0.06,0.00,0.02,0.27,63.20,240.00,0.65,29.00,0.00,0.067750258,13.51909861,0.01,0.05,0.31,0.05,0.28,0.81,0.18,1.60,0.01,0.75,-0.10,0.06,0.05,0.11,Nutriscore_D
e99f12c7-9a9e-52fb-861a-432a41c88b6f,67490e63-34f3-5adf-bf91-836dcc20e6fe,"Fourme d'Ambert cheese, from cow's milk",12522,5.35,0.00,0.52,0.01,0.00,0.00,0.00,0.07,0.00,0.02,0.28,65.90,255.00,0.58,24.90,0.00,0.067750258,13.51909861,0.01,0.05,0.31,0.05,0.28,0.81,0.18,1.60,0.01,0.75,-0.10,0.06,0.05,0.11,Nutriscore_D
f2f6358b-ac97-5cab-92a9-01132afb94d9,67490e63-34f3-5adf-bf91-836dcc20e6fe,Fourme de Montbrison cheese,12519,5.45,0.00,0.52,0.01,0.00,0.00,0.00,0.07,0.00,0.02,0.29,67.30,261.00,0.60,24.90,0.00,0.067750258,13.51909861,0.01,0.05,0.31,0.05,0.28,0.81,0.18,1.60,0.01,0.75,-0.10,0.06,0.05,0.11,Nutriscore_D
6c4ea7aa-dadb-5c2b-953e-fe2749eaa745,c1e58399-340a-5140-8a88-dc5502f73418,"Gorgonzola cheese, from cow's milk",12524,5.71,0.00,0.56,0.01,0.00,0.00,0.00,0.06,0.00,0.02,0.27,64.40,245.00,0.76,35.00,0.00,0.070086474,13.98527442,0.01,0.05,0.31,0.05,0.28,0.81,0.18,1.60,0.01,0.75,-0.10,0.06,0.05,0.11,Nutriscore_D
47aefbdf-bc3b-5509-b983-154cc1700c55,063cc6ba-776a-50a4-b506-1e6dd5c10ce3,"Gouda cheese, from cow's milk",12736,6.37,0.00,0.67,0.01,0.00,0.00,0.00,0.07,0.00,0.02,0.31,72.10,282.00,0.86,37.70,0.00,0.065414042,13.0529228,0.01,0.05,0.31,0.05,0.28,0.81,0.18,1.60,0.01,0.75,-0.10,0.06,0.05,0.11,Nutriscore_D
d4b69245-f2b6-5f58-bb8e-44d73296176c,de7d678f-ce5c-5b34-a11d-e950caabc747,"Grana Padano cheese, from cow's milk",12123,6.24,0.00,0.62,0.01,0.00,0.00,0.00,0.07,0.00,0.02,0.32,72.80,285.00,0.80,32.70,0.00,0.065414042,13.0529228,0.01,0.05,0.31,0.05,0.28,0.81,0.18,1.60,0.01,0.75,-0.10,0.06,0.05,0.11,Nutriscore_D
8bbcc5b6-62c2-5c97-a295-79528636e292,ab757884-0f1a-51ac-80ca-b12981e6221b,"Gruyere cheese, France, Protected Geographical Indication, from cow's milk",12113,6.27,0.00,0.62,0.01,0.00,0.00,0.00,0.07,0.00,0.02,0.32,73.30,287.00,0.80,32.70,0.00,0.074758905,14.91762605,0.01,0.05,0.31,0.05,0.28,0.81,0.18,1.60,0.01,0.75,-0.10,0.06,0.05,0.11,Nutriscore_D
33899070-abbc-506a-8363-cd930bacf93d,ab757884-0f1a-51ac-80ca-b12981e6221b,"Gruyere cheese, from cow's milk",12114,6.34,0.00,0.62,0.01,0.00,0.00,0.00,0.08,0.00,0.02,0.32,74.30,291.00,0.81,32.60,0.00,0.074758905,14.91762605,0.01,0.05,0.31,0.05,0.28,0.81,0.18,1.60,0.01,0.75,-0.10,0.06,0.05,0.11,Nutriscore_D
6983593b-8ded-59ac-8359-e1c21daf77d0,4f4c2fb9-0c27-5fef-86c7-044a26c63c96,"Langres cheese, from cow's milk",12040,4.96,0.00,0.45,0.01,0.00,0.00,0.00,0.06,0.00,0.02,0.26,60.50,260.00,0.52,24.30,0.00,0.060741611,12.12057117,0.01,0.05,0.31,0.05,0.28,0.81,0.18,1.60,0.01,0.75,-0.10,0.06,0.05,0.11,Nutriscore_D
32fcac49-0aa4-55c9-aded-23958badc561,737f7f61-9843-55db-86cb-ff1ef30a2cb4,"Livarot cheese, from cow's milk",12037,5.31,0.00,0.54,0.01,0.00,0.00,0.00,0.06,0.00,0.02,0.28,64.90,252.00,0.59,26.00,0.00,0.051396747,10.25586791,0.01,0.05,0.31,0.05,0.28,0.81,0.18,1.60,0.01,0.75,-0.10,0.06,0.05,0.11,Nutriscore_D
11b0c758-e812-51f0-bd58-1ab593acd8f1,4ec331a9-18d4-5755-bea7-ff130684212a,"Firm cheese, around 14% fat, Maasdam-type cheese, reduced fat",12705,5.90,0.00,0.69,0.01,0.00,0.00,0.00,0.07,0.00,0.02,0.28,65.30,254.00,0.82,38.00,0.00,0.065414042,13.0529228,0.01,0.05,0.31,0.05,0.28,0.81,0.18,1.60,0.01,0.75,-0.10,0.06,0.05,0.11,Nutriscore_D
37f1e1b5-e4f9-52b5-88e7-5c98e952156c,4ec331a9-18d4-5755-bea7-ff130684212a,"Firm cheese, around 27% fat, Maasdam-type cheese",12741,6.23,0.00,0.68,0.01,0.00,0.00,0.00,0.07,0.00,0.02,0.30,70.10,274.00,0.85,37.80,0.00,0.065414042,13.0529228,0.01,0.05,0.31,0.05,0.28,0.81,0.18,1.60,0.01,0.75,-0.10,0.06,0.05,0.11,Nutriscore_D
1ba4c961-1dbe-51f6-a1aa-ac76fbf46cd4,24bae5d9-ca1a-56b3-bb1c-4bd371798d4b,"Corsica soft ripened cheese, from ewe's milk",12762,9.02,0.00,0.71,0.01,0.00,0.00,0.00,0.20,0.00,0.04,0.86,34.60,935.00,0.67,38.80,0.00,0.045312506,7.633319846,0.01,0.05,0.31,0.05,0.28,0.81,0.18,1.60,0.01,0.75,-0.10,0.06,0.05,0.11,Nutriscore_D
221f62e3-adc4-56b1-a3b1-46fac601b51d,24bae5d9-ca1a-56b3-bb1c-4bd371798d4b,"Ossau-Iraty cheese, from ewe's milk",12119,5.78,0.00,0.59,0.01,0.00,0.00,0.00,0.12,0.00,0.02,0.52,21.90,562.00,0.53,31.50,0.00,0.045312506,7.633319846,0.01,0.05,0.31,0.05,0.28,0.81,0.18,1.60,0.01,0.75,-0.10,0.06,0.05,0.11,Nutriscore_D
ad2b135e-b5ce-5994-ad37-f9d4983c2eac,24bae5d9-ca1a-56b3-bb1c-4bd371798d4b,"Semi-hard cheese, from ewe's milk",12827,5.58,0.00,0.66,0.01,0.00,0.00,0.00,0.11,0.00,0.02,0.46,21.80,503.00,0.59,36.90,0.00,0.045312506,7.633319846,0.01,0.05,0.31,0.05,0.28,0.81,0.18,1.60,0.01,0.75,-0.10,0.06,0.05,0.11,Nutriscore_E
113a6676-8e90-52d8-a006-81b352455ed5,536b7e51-46f0-51c9-9428-4845a5980030,"Mimolette cheese, extra old, from cow's milk",12742,6.66,0.00,0.66,0.01,0.00,0.00,0.00,0.08,0.00,0.02,0.33,76.20,299.00,0.89,37.60,0.00,0.056069179,11.18821954,0.01,0.05,0.31,0.05,0.28,0.81,0.18,1.60,0.01,0.75,-0.10,0.06,0.05,0.11,Nutriscore_E
8d540996-894f-5676-ad4e-cb8c4f959e08,536b7e51-46f0-51c9-9428-4845a5980030,"Mimolette cheese, from cow's milk",12740,6.18,0.00,0.68,0.01,0.00,0.00,0.00,0.07,0.00,0.02,0.30,69.40,271.00,0.84,37.80,0.00,0.056069179,11.18821954,0.01,0.05,0.31,0.05,0.28,0.81,0.18,1.60,0.01,0.75,-0.10,0.06,0.05,0.11,Nutriscore_D
96c34caa-1a74-5785-ac8d-7e59c9696fcc,536b7e51-46f0-51c9-9428-4845a5980030,"Mimolette cheese, half-old, from cow's milk",12737,6.56,0.00,0.67,0.01,0.00,0.00,0.00,0.08,0.00,0.02,0.32,74.90,294.00,0.88,37.60,0.00,0.056069179,11.18821954,0.01,0.05,0.31,0.05,0.28,0.81,0.18,1.60,0.01,0.75,-0.10,0.06,0.05,0.11,Nutriscore_E
839cc555-38c6-5a9e-9deb-a63f9ca9dae0,536b7e51-46f0-51c9-9428-4845a5980030,"Mimolette cheese, old, from cow's milk",12738,6.74,0.00,0.66,0.01,0.00,0.00,0.00,0.08,0.00,0.02,0.33,77.40,304.00,0.90,37.50,0.00,0.056069179,11.18821954,0.01,0.05,0.31,0.05,0.28,0.81,0.18,1.60,0.01,0.75,-0.10,0.06,0.05,0.11,Nutriscore_E
d4142122-8159-58a4-8708-21d2a078f864,536b7e51-46f0-51c9-9428-4845a5980030,"Mimolette cheese, young, from cow's milk",12735,6.46,0.00,0.67,0.01,0.00,0.00,0.00,0.07,0.00,0.02,0.31,73.40,288.00,0.87,37.70,0.00,0.056069179,11.18821954,0.01,0.05,0.31,0.05,0.28,0.81,0.18,1.60,0.01,0.75,-0.10,0.06,0.05,0.11,Nutriscore_E
f74dc464-1f29-55bc-ab16-9c53173edbd7,36c8d0ce-24b8-594d-a3b0-5ad03d98784b,"Morbier cheese, from cow's milk",12743,6.35,0.00,0.67,0.01,0.00,0.00,0.00,0.07,0.00,0.02,0.31,71.80,281.00,0.86,37.70,0.00,0.065414042,13.0529228,0.01,0.05,0.31,0.05,0.28,0.81,0.18,1.60,0.01,0.75,-0.10,0.06,0.05,0.11,Nutriscore_D
f8a1310c-3321-5850-a002-51b83c8c09ee,e7bca7ca-5f16-59af-8038-784b8191cbad,"Mozzarella cheese, from cow's milk",19590,4.77,0.00,0.53,0.01,0.00,0.00,0.00,0.05,0.00,0.02,0.23,55.40,211.00,0.59,27.50,0.00,0.0443881,8.857340469,0.01,0.05,0.31,0.05,0.28,0.81,0.18,1.60,0.01,0.75,-0.10,0.06,0.05,0.11,Nutriscore_C
9847119c-4e1c-523a-9b52-45aaf6e01d13,0028c7f7-0817-5792-bb2d-615c5d907fcf,"Maroilles ""fermier"" cheese",12030,5.45,0.00,0.54,0.01,0.00,0.00,0.00,0.07,0.00,0.02,0.28,66.90,260.00,0.61,26.20,0.00,0.067750258,13.51909861,0.01,0.05,0.31,0.05,0.28,0.81,0.18,1.60,0.01,0.75,-0.10,0.06,0.05,0.11,Nutriscore_D
927de5c2-0399-5fae-b8d7-d392d0fe4d80,0028c7f7-0817-5792-bb2d-615c5d907fcf,"Maroilles ""laitier"" cheese",12029,5.34,0.00,0.54,0.01,0.00,0.00,0.00,0.06,0.00,0.02,0.28,65.40,254.00,0.59,26.20,0.00,0.067750258,13.51909861,0.01,0.05,0.31,0.05,0.28,0.81,0.18,1.60,0.01,0.75,-0.10,0.06,0.05,0.11,Nutriscore_D
48523a77-3e7c-5315-955e-80db7543e344,0028c7f7-0817-5792-bb2d-615c5d907fcf,"Maroilles cheese, from cow's milk",12036,5.44,0.00,0.54,0.01,0.00,0.00,0.00,0.07,0.00,0.02,0.28,66.70,260.00,0.61,26.20,0.00,0.067750258,13.51909861,0.01,0.05,0.31,0.05,0.28,0.81,0.18,1.60,0.01,0.75,-0.10,0.06,0.05,0.11,Nutriscore_D
0edae634-8824-53d0-bdb5-d464e172cc2b,0028c7f7-0817-5792-bb2d-615c5d907fcf,"Munster cheese, from cow's milk",12039,5.18,0.00,0.52,0.01,0.00,0.00,0.00,0.06,0.00,0.02,0.27,63.80,246.00,0.56,24.80,0.00,0.067750258,13.51909861,0.01,0.05,0.31,0.05,0.28,0.81,0.18,1.60,0.01,0.75,-0.10,0.06,0.05,0.11,Nutriscore_D
72d7f905-dc3a-5e62-815b-0b93f0b8d10a,db006d39-387c-5677-9ad8-a75d13831160,"Parmesan cheese, from cow's milk",12120,6.27,0.00,0.62,0.01,0.00,0.00,0.00,0.07,0.00,0.02,0.32,73.40,287.00,0.80,32.70,0.00,0.067750258,13.51909861,0.01,0.05,0.31,0.05,0.28,0.81,0.18,1.60,0.01,0.75,-0.10,0.06,0.05,0.11,Nutriscore_D
9f83d197-60bc-5229-82b8-081fd9315b95,702b7d24-29ea-5da5-8eb6-806e9b330b1d,"Pont l'Evêque cheese, from cow's milk",12042,5.35,0.00,0.54,0.01,0.00,0.00,0.00,0.06,0.00,0.02,0.28,65.50,255.00,0.59,26.10,0.00,0.053732963,10.72204373,0.01,0.05,0.31,0.05,0.28,0.81,0.18,1.60,0.01,0.75,-0.10,0.06,0.05,0.11,Nutriscore_D
fd06af04-2f8d-5b4a-b5f1-24206f68357b,2f57847c-bfe1-538a-b5c6-4f65b3bb4d2e,"Pouligny Saint-Pierre cheese, from goat's milk",12839,7.29,0.00,0.87,0.01,0.00,0.00,0.00,0.16,0.00,0.03,0.71,60.30,474.00,2.55,48.40,0.00,0.061596687,10.37654417,0.01,0.05,0.31,0.05,0.28,0.81,0.18,1.60,0.01,0.75,-0.10,0.06,0.05,0.11,Nutriscore_D
427887a5-a6ab-51fa-8460-723fc9063e35,b036f25c-e553-5854-bbdf-429b4876da79,"Processed cheese snack w breadsticks, for children",12356,5.66,0.00,1.03,0.01,0.00,0.00,0.00,0.06,0.00,0.02,0.27,69.50,266.00,0.85,43.80,0.00,0.058405395,11.65439535,0.01,0.05,0.31,0.05,0.28,0.81,0.18,1.60,0.01,0.75,-0.10,0.06,0.05,0.11,Nutriscore_D
aa92e902-90e1-5a26-ab37-9313a9739990,b036f25c-e553-5854-bbdf-429b4876da79,"Processed cheese, double cream, around 31% fat",12320,5.68,0.00,0.61,0.01,0.00,0.00,0.00,0.06,0.00,0.02,0.27,67.80,254.00,0.71,32.90,0.00,0.058405395,11.65439535,0.01,0.05,0.31,0.05,0.28,0.81,0.18,1.60,0.01,0.75,-0.10,0.06,0.05,0.11,Nutriscore_D
13cdc886-408f-5807-89b2-3c77a09ead15,358973ab-c716-5c21-992d-a780b15b8363,"Processed cheese, in slices",12300,5.27,0.00,0.53,0.01,0.00,0.00,0.00,0.06,0.00,0.02,0.27,63.10,240.00,0.60,27.90,0.00,0.053732963,10.72204373,0.01,0.05,0.31,0.05,0.28,0.81,0.18,1.60,0.01,0.75,-0.10,0.06,0.05,0.11,Nutriscore_E
74d4dbbb-97ce-5bd2-9dca-b5102cb77fa4,091915f2-fc4e-5e8b-9c60-d8ae27eade6b,"Processed cheese, around 20% fat, in wedges or cubes",12310,5.70,0.00,0.62,0.01,0.00,0.00,0.00,0.06,0.00,0.02,0.27,66.60,248.00,0.68,33.80,0.00,0.056653233,11.30476349,0.01,0.05,0.31,0.05,0.28,0.81,0.18,1.60,0.01,0.75,-0.10,0.06,0.05,0.11,Nutriscore_E
004cbd0f-15c5-5f6f-82dd-163d23f162d7,02b88666-2dee-540f-bdd9-ec018d04ccca,Processed cheese with fresh cream cheese and walnuts,12355,5.83,0.00,1.05,0.01,0.00,0.00,0.00,0.07,0.00,0.02,0.28,71.90,300.00,1.30,45.60,0.00,0.055893963,11.15325635,0.01,0.05,0.31,0.05,0.28,0.81,0.18,1.60,0.01,0.75,-0.10,0.06,0.05,0.11,Nutriscore_D
e1145696-7185-556a-a060-f294cac81a1f,f16f31d5-856b-525d-a86a-7afbb2f703da,"Provolone cheese, from cow's milk",12716,6.00,0.00,0.63,0.01,0.00,0.00,0.00,0.07,0.00,0.02,0.30,69.40,271.00,0.78,32.80,0.00,0.058405395,11.65439535,0.01,0.05,0.31,0.05,0.28,0.81,0.18,1.60,0.01,0.75,-0.10,0.06,0.05,0.11,Nutriscore_D
639e4f25-4e04-5e4d-b4a0-dbfce0dadd6d,b84a59f2-4415-5da8-83a2-c971f72fda82,"Raclette cheese, from cow's milk",12749,6.33,0.00,0.67,0.01,0.00,0.00,0.00,0.07,0.00,0.02,0.31,71.50,280.00,0.86,37.70,0.00,0.065414042,13.0529228,0.01,0.05,0.31,0.05,0.28,0.81,0.18,1.60,0.01,0.75,-0.10,0.06,0.05,0.11,Nutriscore_D
02afdc04-1f48-5ec7-8b7b-867748b85cca,4cf67abf-96ad-5175-b4c5-c8c3e0a53a01,"Reblochon cheese, from cow's milk",12045,5.21,0.00,0.52,0.01,0.00,0.00,0.00,0.06,0.00,0.02,0.28,64.20,248.00,0.56,24.80,0.00,0.063077826,12.58674698,0.01,0.05,0.31,0.05,0.28,0.81,0.18,1.60,0.01,0.75,-0.10,0.06,0.05,0.11,Nutriscore_D
e6150a63-aa99-5f49-9a38-d502441a7170,f0ae1fd2-8b73-58e5-8e88-0deaa0e6d11f,"Roquefort cheese, from ewe's milk",12500,7.02,0.00,0.66,0.01,0.00,0.00,0.00,0.14,0.00,0.03,0.61,27.30,665.00,0.63,40.30,0.00,0.046728521,7.871861091,0.01,0.05,0.31,0.05,0.28,0.81,0.18,1.60,0.01,0.75,-0.10,0.06,0.05,0.11,Nutriscore_E
0c70a9ff-cfb1-5b9a-8466-f0039f4be893,a40d39aa-f4b2-5678-ba37-e86362049f3d,"Saint-Felicien cheese, from cow's milk",12052,5.23,0.00,0.58,0.01,0.00,0.00,0.00,0.06,0.00,0.02,0.25,59.40,226.00,0.65,32.30,0.00,0.063077826,12.58674698,0.01,0.05,0.31,0.05,0.28,0.81,0.18,1.60,0.01,0.75,-0.10,0.06,0.05,0.11,Nutriscore_D
47a99c5a-d9e9-591b-b0d0-d1dd68865d1b,a40d39aa-f4b2-5678-ba37-e86362049f3d,"Saint-Marcellin cheese, from cow's milk",12049,5.12,0.00,0.58,0.01,0.00,0.00,0.00,0.06,0.00,0.02,0.24,58.00,220.00,0.64,32.20,0.00,0.063077826,12.58674698,0.01,0.05,0.31,0.05,0.28,0.81,0.18,1.60,0.01,0.75,-0.10,0.06,0.05,0.11,Nutriscore_D
f23f432a-3b4a-54d8-9d69-1266075d81d2,950341ce-d237-5ebc-8ff8-6a6d776af3f5,"Saint-Nectaire cheese, from cow's milk",12752,5.54,0.00,0.65,0.01,0.00,0.00,0.00,0.06,0.00,0.02,0.27,62.80,244.00,0.73,33.00,0.00,0.063077826,12.58674698,0.01,0.05,0.31,0.05,0.28,0.81,0.18,1.60,0.01,0.75,-0.10,0.06,0.05,0.11,Nutriscore_D
574b27e2-f667-520d-b1ce-a091e23637fd,950341ce-d237-5ebc-8ff8-6a6d776af3f5,"Saint-Nectaire cheese, from cow's milk, milk collected in an unique farm",12751,5.54,0.00,0.65,0.01,0.00,0.00,0.00,0.06,0.00,0.02,0.27,62.80,244.00,0.73,33.00,0.00,0.063077826,12.58674698,0.01,0.05,0.31,0.05,0.28,0.81,0.18,1.60,0.01,0.75,-0.10,0.06,0.05,0.11,Nutriscore_D
bc0c0f03-74dc-5d5a-8f34-b3b2b2421abf,950341ce-d237-5ebc-8ff8-6a6d776af3f5,"Saint-Nectaire cheese, from cow's milk, milks collected in many farms",12748,5.54,0.00,0.65,0.01,0.00,0.00,0.00,0.06,0.00,0.02,0.27,62.80,244.00,0.73,33.00,0.00,0.063077826,12.58674698,0.01,0.05,0.31,0.05,0.28,0.81,0.18,1.60,0.01,0.75,-0.10,0.06,0.05,0.11,Nutriscore_D
fef366de-309b-5b4b-b18f-84ce337f681b,fb6911fb-5663-54d6-9f57-2e1441c79d13,"Saint-Paulin cheese, from cow's milk (semi-hard cheese)",12755,5.81,0.00,0.64,0.01,0.00,0.00,0.00,0.07,0.00,0.02,0.29,66.80,260.00,0.76,32.90,0.00,0.058405395,11.65439535,0.01,0.05,0.31,0.05,0.28,0.81,0.18,1.60,0.01,0.75,-0.10,0.06,0.05,0.11,Nutriscore_D
613a01c5-5d41-582f-8632-5ee30dee3f43,c1093047-b9cf-5786-a592-535e37d6584c,"Pyrénées cheese, from ewe's milk",12747,5.78,0.00,0.59,0.01,0.00,0.00,0.00,0.12,0.00,0.02,0.52,21.90,562.00,0.53,31.50,0.00,0.065414042,13.0529228,0.01,0.05,0.31,0.05,0.28,0.81,0.18,1.60,0.01,0.75,-0.10,0.06,0.05,0.11,Nutriscore_D
8e57c00a-f61d-5a11-aa58-3be29a2c7788,c1093047-b9cf-5786-a592-535e37d6584c,Tomme cheese (PDO) from the French Bauges munntains,12763,5.84,0.00,0.52,0.01,0.00,0.00,0.00,0.07,0.00,0.02,0.30,69.70,270.00,0.71,28.20,0.00,0.065414042,13.0529228,0.01,0.05,0.31,0.05,0.28,0.81,0.18,1.60,0.01,0.75,-0.10,0.06,0.05,0.11,Nutriscore_D
b1f38ffb-a4c6-5020-8896-bfd43a9e14c1,c1093047-b9cf-5786-a592-535e37d6584c,"Tomme cheese, from cow's milk",12758,5.80,0.00,0.52,0.01,0.00,0.00,0.00,0.07,0.00,0.02,0.30,69.30,268.00,0.70,28.20,0.00,0.065414042,13.0529228,0.01,0.05,0.31,0.05,0.28,0.81,0.18,1.60,0.01,0.75,-0.10,0.06,0.05,0.11,Nutriscore_D
99658919-ad0b-5496-856d-bdaeb92db73e,c1093047-b9cf-5786-a592-535e37d6584c,"Tomme cheese, from mountain or Savoy",12759,5.76,0.00,0.52,0.01,0.00,0.00,0.00,0.07,0.00,0.02,0.30,68.70,266.00,0.70,28.10,0.00,0.065414042,13.0529228,0.01,0.05,0.31,0.05,0.28,0.81,0.18,1.60,0.01,0.75,-0.10,0.06,0.05,0.11,Nutriscore_D
a080ab0a-53ca-5199-9f47-a10f0c86848d,c1093047-b9cf-5786-a592-535e37d6584c,"Tomme cheese, reduced fat, around 13% fat",12760,5.76,0.00,0.52,0.01,0.00,0.00,0.00,0.07,0.00,0.02,0.30,68.70,266.00,0.70,28.10,0.00,0.065414042,13.0529228,0.01,0.05,0.31,0.05,0.28,0.81,0.18,1.60,0.01,0.75,-0.10,0.06,0.05,0.11,Nutriscore_D
05b367bd-574d-57a6-97d9-b781443f1e89,35720006-1c64-5026-851f-215107882eab,"Vacherin cheese or Mont d'or cheese, from cow's milk",12051,5.12,0.00,0.45,0.01,0.00,0.00,0.00,0.06,0.00,0.02,0.27,62.60,269.00,0.54,24.30,0.00,0.060741611,12.12057117,0.01,0.05,0.31,0.05,0.28,0.81,0.18,1.60,0.01,0.75,-0.10,0.06,0.05,0.11,Nutriscore_D
1c30b676-ac7d-578c-8331-0f1cddfc7d53,86fc6a48-f215-526d-ac81-a93e6e0e67e9,"Cheese and ham, breaded",25546,6.03,0.00,1.09,0.01,0.00,0.00,0.00,0.06,0.00,0.02,0.27,68.30,264.00,0.98,51.50,0.00,0.04677104,9.332839799,0.01,0.05,0.31,0.05,0.28,0.81,0.18,1.60,0.01,0.75,-0.10,0.06,0.05,0.11,Nutriscore_D
15f313d7-a8b1-5b91-afcf-ae6353764e43,86fc6a48-f215-526d-ac81-a93e6e0e67e9,Cheese soufflé,25020,3.53,0.00,0.91,0.01,0.00,0.00,0.00,0.03,0.00,0.01,0.14,44.10,147.00,0.80,42.80,0.00,0.04677104,9.332839799,0.01,0.05,0.31,0.05,0.28,0.81,0.18,1.60,0.01,0.75,-0.10,0.06,0.05,0.11,Nutriscore_C
a275ee7a-5b64-5d05-904c-f7b544878955,86fc6a48-f215-526d-ac81-a93e6e0e67e9,Savoy-style fondue (cheese wine and bread),25509,4.67,0.00,1.00,0.01,0.00,0.00,0.00,0.05,0.00,0.01,0.19,49.20,192.00,0.89,46.70,0.00,0.04677104,9.332839799,0.01,0.05,0.31,0.05,0.28,0.81,0.18,1.60,0.01,0.75,-0.10,0.06,0.05,0.11,Nutriscore_D
2d69669c-bddb-598d-a7af-e615cb04f1ad,f154bfb3-e19b-5ce3-88fa-1b41f6d1a265,"Drained soft fresh cheese, around 6% fat",19641,5.30,0.00,0.53,0.01,0.00,0.00,0.00,0.06,0.00,0.02,0.27,63.20,241.00,0.59,28.20,0.00,0.019639536,3.918934514,0.01,0.05,0.31,0.05,0.28,0.81,0.18,1.60,0.01,0.75,-0.10,0.06,0.05,0.11,Nutriscore_C
496cb7a8-dbf0-5495-96c7-c2e496c17801,f154bfb3-e19b-5ce3-88fa-1b41f6d1a265,"Fresh cream cheese, plain, around 3% fat",19646,2.09,0.00,0.63,0.00,0.00,0.00,0.00,0.02,0.00,0.01,0.09,22.20,82.30,0.30,23.40,0.00,0.019639536,3.918934514,0.01,0.05,0.31,0.05,0.28,0.81,0.18,1.60,0.01,0.75,-0.10,0.06,0.05,0.11,Nutriscore_A
e98f2551-5bfb-53d2-bfab-6d50e6b82dc7,f154bfb3-e19b-5ce3-88fa-1b41f6d1a265,"Fresh cream cheese, plain, creamy, around 8% fat",19649,2.34,0.00,0.41,0.00,0.00,0.00,0.00,0.02,0.00,0.01,0.10,25.90,93.90,0.33,19.80,0.00,0.019639536,3.918934514,0.01,0.05,0.31,0.05,0.28,0.81,0.18,1.60,0.01,0.75,-0.10,0.06,0.05,0.11,Nutriscore_C
b87fd907-9aa5-5383-8f71-8fe00409e74d,f154bfb3-e19b-5ce3-88fa-1b41f6d1a265,"Fresh cream cheese, plain, fat free",19644,1.81,0.00,0.32,0.00,0.00,0.00,0.00,0.02,0.00,0.00,0.07,18.20,62.50,0.28,17.50,0.00,0.019639536,3.918934514,0.01,0.05,0.31,0.05,0.28,0.81,0.18,1.60,0.01,0.75,-0.10,0.06,0.05,0.11,Nutriscore_A
28f9e15c-db26-5ce0-8571-6703fcb11335,f154bfb3-e19b-5ce3-88fa-1b41f6d1a265,"Fresh cream cheese, with fruits, creamy, with sugar, around 7% fat",19659,1.57,0.00,0.68,0.00,0.00,0.00,0.00,0.01,0.00,0.01,0.06,39.20,87.50,0.83,24.50,0.00,0.019639536,3.918934514,0.01,0.05,0.31,0.05,0.28,0.81,0.18,1.60,0.01,0.75,-0.10,0.06,0.05,0.11,Nutriscore_C
02bca97e-b027-597f-b13a-cfa788222473,f154bfb3-e19b-5ce3-88fa-1b41f6d1a265,"Petit-Suisse like fresh cream cheese, plain, around 9% fat",19666,2.48,0.00,0.42,0.01,0.00,0.00,0.00,0.03,0.00,0.01,0.11,27.80,102.00,0.34,20.10,0.00,0.019639536,3.918934514,0.01,0.05,0.31,0.05,0.28,0.81,0.18,1.60,0.01,0.75,-0.10,0.06,0.05,0.11,Nutriscore_C
8c15cef9-5488-5327-a178-cfbc69b0d7b1,f154bfb3-e19b-5ce3-88fa-1b41f6d1a265,"Petit-Suisse, fresh cream cheese type, fruits flavoured, 2-3% fat, fortified with calcium and vitamin D",19667,1.93,0.00,0.40,0.00,0.00,0.00,0.00,0.02,0.00,0.01,0.08,20.50,72.40,0.29,18.90,0.00,0.019639536,3.918934514,0.01,0.05,0.31,0.05,0.28,0.81,0.18,1.60,0.01,0.75,-0.10,0.06,0.05,0.11,Nutriscore_C
b805df60-1961-5a64-9f11-b407a61517dd,f154bfb3-e19b-5ce3-88fa-1b41f6d1a265,"Petit-Suisse, fresh cream cheese type, plain, around 4% fat",19664,2.03,0.00,0.40,0.00,0.00,0.00,0.00,0.02,0.00,0.01,0.09,21.90,77.80,0.30,19.10,0.00,0.019639536,3.918934514,0.01,0.05,0.31,0.05,0.28,0.81,0.18,1.60,0.01,0.75,-0.10,0.06,0.05,0.11,Nutriscore_A
b7f31269-9a86-54a0-b945-04b19c99346d,f154bfb3-e19b-5ce3-88fa-1b41f6d1a265,"Petit-Suisse, fresh cream cheese type, plain, fat free",19663,1.73,0.00,0.39,0.00,0.00,0.00,0.00,0.02,0.00,0.00,0.07,18.00,62.30,0.27,18.40,0.00,0.019639536,3.918934514,0.01,0.05,0.31,0.05,0.28,0.81,0.18,1.60,0.01,0.75,-0.10,0.06,0.05,0.11,Nutriscore_A
ebf5554d-e044-59ce-b598-4969b9338cb0,f154bfb3-e19b-5ce3-88fa-1b41f6d1a265,"Petit-Suisse, fresh cream cheese type, with fruits, 2-3% fat",19661,1.93,0.00,0.40,0.00,0.00,0.00,0.00,0.02,0.00,0.01,0.08,20.50,72.40,0.29,18.90,0.00,0.019639536,3.918934514,0.01,0.05,0.31,0.05,0.28,0.81,0.18,1.60,0.01,0.75,-0.10,0.06,0.05,0.11,Nutriscore_C
4a58c275-f9fd-5232-8e05-ed0ccc78fbda,f154bfb3-e19b-5ce3-88fa-1b41f6d1a265,"Petit-Suisse, fresh cream cheese type, with fruits, 2-3% fat, fortified with calcium and vitamin D",19662,1.93,0.00,0.40,0.00,0.00,0.00,0.00,0.02,0.00,0.01,0.08,20.50,72.40,0.29,18.90,0.00,0.019639536,3.918934514,0.01,0.05,0.31,0.05,0.28,0.81,0.18,1.60,0.01,0.75,-0.10,0.06,0.05,0.11,Nutriscore_B
dbd42205-43ee-5b2c-b1ac-fb6c8d8eb6c0,f154bfb3-e19b-5ce3-88fa-1b41f6d1a265,"Uncured soft cheese, spreadable, around 20% fat, in a tub",12340,4.78,0.00,0.56,0.01,0.00,0.00,0.00,0.05,0.00,0.02,0.23,54.40,205.00,0.59,30.80,0.00,0.019639536,3.918934514,0.01,0.05,0.31,0.05,0.28,0.81,0.18,1.60,0.01,0.75,-0.10,0.06,0.05,0.11,Nutriscore_C
0b2f3b95-33bb-5913-870c-a6be79879350,f154bfb3-e19b-5ce3-88fa-1b41f6d1a265,"Uncured soft cheese, spreadable, around 25% fat, in a tub",12315,5.16,0.00,0.55,0.01,0.00,0.00,0.00,0.06,0.00,0.02,0.25,59.60,226.00,0.63,31.10,0.00,0.019639536,3.918934514,0.01,0.05,0.31,0.05,0.28,0.81,0.18,1.60,0.01,0.75,-0.10,0.06,0.05,0.11,Nutriscore_C
54150372-be9c-5106-9bf2-72c53c25f0e6,f154bfb3-e19b-5ce3-88fa-1b41f6d1a265,"Uncured soft cheese, spreadable, around 30-40% fat, flavoured (ex : garlic and herbs)",19530,5.16,0.00,0.55,0.01,0.00,0.00,0.00,0.06,0.00,0.02,0.25,59.60,226.00,0.63,31.10,0.00,0.019639536,3.918934514,0.01,0.05,0.31,0.05,0.28,0.81,0.18,1.60,0.01,0.75,-0.10,0.06,0.05,0.11,Nutriscore_D
743d6999-3551-55f7-9f74-bd5251910e5a,55dff863-1543-553c-92c2-680255fadb2a,"Gex blue cheese, or Jura blue cheese or Septmoncel blue cheese, from cow's milk",12526,5.42,0.00,0.52,0.01,0.00,0.00,0.00,0.07,0.00,0.02,0.29,66.90,259.00,0.59,24.90,0.00,0.078403402,15.64486032,0.01,0.05,0.31,0.05,0.28,0.81,0.18,1.60,0.01,0.75,-0.10,0.06,0.05,0.11,Nutriscore_D
7c651b69-e531-5708-afa5-049a13652df3,6da58dc2-a5c1-50bf-bcf4-d36e57293e61,"Soft -ripened washed, bloomy and coloured rind cheese",12050,5.68,0.00,0.57,0.01,0.00,0.00,0.00,0.06,0.00,0.02,0.27,65.10,247.00,0.69,33.60,0.00,0.05922307,11.81755689,0.01,0.05,0.31,0.05,0.28,0.81,0.18,1.60,0.01,0.75,-0.10,0.06,0.05,0.11,Nutriscore_D
b7af5c70-45b9-5796-94d0-d7490e8447df,6da58dc2-a5c1-50bf-bcf4-d36e57293e61,Soft-ripened cheese with bloomy rind (Camembert-type cheese),12003,5.40,0.00,0.53,0.01,0.00,0.00,0.00,0.07,0.00,0.02,0.28,66.20,258.00,0.60,26.10,0.00,0.05922307,11.81755689,0.01,0.05,0.31,0.05,0.28,0.81,0.18,1.60,0.01,0.75,-0.10,0.06,0.05,0.11,Nutriscore_D
8e662922-74aa-5dbd-a9f2-4959fb36b4dc,6da58dc2-a5c1-50bf-bcf4-d36e57293e61,"Soft-ripened cheese with bloomy rind, from goat's milk, Camembert-type cheese",12820,8.06,0.00,0.92,0.02,0.00,0.00,0.00,0.19,0.00,0.04,0.84,69.60,563.00,2.89,46.60,0.00,0.05922307,11.81755689,0.01,0.05,0.31,0.05,0.28,0.81,0.18,1.60,0.01,0.75,-0.10,0.06,0.05,0.11,Nutriscore_C
f4d80a8d-8731-5010-85be-040b0f44e6f9,6da58dc2-a5c1-50bf-bcf4-d36e57293e61,"Soft-ripened cheese, double cream, around 30% fat",12008,5.68,0.00,0.57,0.01,0.00,0.00,0.00,0.06,0.00,0.02,0.28,65.70,252.00,0.70,32.50,0.00,0.05922307,11.81755689,0.01,0.05,0.31,0.05,0.28,0.81,0.18,1.60,0.01,0.75,-0.10,0.06,0.05,0.11,Nutriscore_D
417f838c-4fe7-54a1-84f5-1faa4a768d6e,6da58dc2-a5c1-50bf-bcf4-d36e57293e61,"Soft-ripened cheese, from goat's milk, from pasteurised milk",12814,8.47,0.00,0.95,0.02,0.00,0.00,0.00,0.20,0.00,0.04,0.84,70.80,564.00,3.00,53.10,0.00,0.05922307,11.81755689,0.01,0.05,0.31,0.05,0.28,0.81,0.18,1.60,0.01,0.75,-0.10,0.06,0.05,0.11,Nutriscore_D
bd90200b-78b6-5ab2-9234-b49276b4db32,6da58dc2-a5c1-50bf-bcf4-d36e57293e61,"Soft-ripened cheese, triple cream, around 40% fat",12033,5.68,0.00,0.57,0.01,0.00,0.00,0.00,0.06,0.00,0.02,0.27,65.10,247.00,0.69,33.60,0.00,0.05922307,11.81755689,0.01,0.05,0.31,0.05,0.28,0.81,0.18,1.60,0.01,0.75,-0.10,0.06,0.05,0.11,Nutriscore_D
e9f71cf5-a720-5e25-9587-ec3f3ce2fd09,6da58dc2-a5c1-50bf-bcf4-d36e57293e61,"Soft-ripened round cheese with bloomy rind, 5 to 11% fat, Camembert-type cheese, reduced fat",12009,4.95,0.00,0.54,0.01,0.00,0.00,0.00,0.06,0.00,0.02,0.25,60.00,232.00,0.55,25.80,0.00,0.05922307,11.81755689,0.01,0.05,0.31,0.05,0.28,0.81,0.18,1.60,0.01,0.75,-0.10,0.06,0.05,0.11,Nutriscore_C
d02c008d-653e-551c-b330-53065a781440,6da58dc2-a5c1-50bf-bcf4-d36e57293e61,"Soft-ripened round cheese with bloomy rind, around 5% fat, Camembert-type cheese, reduced fat",12013,5.02,0.00,0.54,0.01,0.00,0.00,0.00,0.06,0.00,0.02,0.26,61.00,236.00,0.56,25.90,0.00,0.05922307,11.81755689,0.01,0.05,0.31,0.05,0.28,0.81,0.18,1.60,0.01,0.75,-0.10,0.06,0.05,0.11,Nutriscore_C
a629ca16-30a9-5a17-a0ca-92a4a54e4fcd,6da58dc2-a5c1-50bf-bcf4-d36e57293e61,"Soft-ripened washed-rind cheese, from pasteurised milk (Vieux pané-type cheese)",12047,5.79,0.00,0.57,0.01,0.00,0.00,0.00,0.07,0.00,0.02,0.28,67.20,258.00,0.71,32.60,0.00,0.05922307,11.81755689,0.01,0.05,0.31,0.05,0.28,0.81,0.18,1.60,0.01,0.75,-0.10,0.06,0.05,0.11,Nutriscore_D
09c7252f-bc65-5e2f-a4de-01172e980564,6da58dc2-a5c1-50bf-bcf4-d36e57293e61,"Soft-ripened washed-rind cheese, reduced fat, around 13% fat",12035,5.68,0.00,0.57,0.01,0.00,0.00,0.00,0.06,0.00,0.02,0.27,65.10,247.00,0.69,33.60,0.00,0.05922307,11.81755689,0.01,0.05,0.31,0.05,0.28,0.81,0.18,1.60,0.01,0.75,-0.10,0.06,0.05,0.11,Nutriscore_D
55c32310-e202-58f0-a300-0c84a8cdd615,191d7814-b098-58e1-9778-915533ec0115,"Condensed milk, with sugar, whole",19027,2.53,0.00,0.18,0.00,0.00,0.00,0.00,0.03,0.00,0.01,0.13,30.20,118.00,0.32,12.00,0.00,0.024510555,4.890912797,0.00,0.00,0.04,0.00,0.03,0.07,0.02,0.13,0.00,0.05,-0.01,0.00,0.00,0.01,Nutriscore_E
854862b3-fdbe-584b-a5de-a65d46d1bc24,191d7814-b098-58e1-9778-915533ec0115,"Condensed milk, without sugar, whole",19026,2.53,0.00,0.18,0.00,0.00,0.00,0.00,0.03,0.00,0.01,0.13,30.20,118.00,0.32,12.00,0.00,0.024510555,4.890912797,0.00,0.00,0.04,0.00,0.03,0.07,0.02,0.13,0.00,0.05,-0.01,0.00,0.00,0.01,Nutriscore_E
1e16efe5-1c3a-56de-9eca-0be2dd3271e5,66db3447-a72c-5406-98e4-00a5e309d25c,"Milk, powder, semi-skimmed, non rehydrated",19044,10.60,0.00,0.60,0.02,0.00,0.00,0.00,0.13,0.00,0.03,0.57,128.00,509.00,1.12,41.70,0.00,0.047013395,9.381199982,0.00,0.00,0.04,0.00,0.03,0.07,0.02,0.13,0.00,0.05,-0.01,0.00,0.00,0.01,Nutriscore_E
5ba7779c-4b63-5aa2-905e-8015e7d9dae7,66db3447-a72c-5406-98e4-00a5e309d25c,"Milk, powder, skimmed, non rehydrated",19054,9.38,0.00,0.56,0.02,0.00,0.00,0.00,0.11,0.00,0.03,0.49,112.00,443.00,0.99,38.90,0.00,0.060566806,12.08569007,0.00,0.00,0.04,0.00,0.03,0.07,0.02,0.13,0.00,0.05,-0.01,0.00,0.00,0.01,Nutriscore_E
7b392baf-c150-5d9e-a6e1-98cf50a2e6d0,66db3447-a72c-5406-98e4-00a5e309d25c,"Milk, powder, whole, non rehydrated",19021,12.50,0.00,0.66,0.02,0.00,0.00,0.00,0.15,0.00,0.04,0.67,152.00,605.00,1.31,45.80,0.00,0.057162727,11.4064295,0.00,0.00,0.04,0.00,0.03,0.07,0.02,0.13,0.00,0.05,-0.01,0.00,0.00,0.01,Nutriscore_E
2a451f45-8989-5c1e-ae0d-eccaaa31d37d,eb20db93-9e70-5be9-9127-bc7a84b3839e,"cream, light, 4 to 8% fat, liquid or thick",19433,2.12,0.00,0.41,0.00,0.00,0.00,0.00,0.02,0.00,0.01,0.09,23.20,86.50,0.31,19.00,0.00,0.006611238,1.319227228,0.00,0.00,0.04,0.00,0.03,0.07,0.02,0.13,0.00,0.05,-0.01,0.00,0.00,0.01,Nutriscore_D
1bc8695e-3fc9-5b46-8fa8-6e0dfb7869c4,eb20db93-9e70-5be9-9127-bc7a84b3839e,"Liquid cream 30% fat, UHT",19415,3.75,0.00,0.40,0.01,0.00,0.00,0.00,0.04,0.00,0.01,0.19,44.80,176.00,0.48,20.90,0.00,0.019833715,3.957681684,0.00,0.00,0.04,0.00,0.03,0.07,0.02,0.13,0.00,0.05,-0.01,0.00,0.00,0.01,Nutriscore_D
2130b7bf-b75d-5734-ae8c-5ddf8b664759,eb20db93-9e70-5be9-9127-bc7a84b3839e,"Liquid cream, light, 15-20% fat, UHT",19430,2.60,0.00,0.34,0.01,0.00,0.00,0.00,0.03,0.00,0.01,0.12,29.90,116.00,0.36,17.80,0.00,0.013222477,2.638454456,0.00,0.00,0.04,0.00,0.03,0.07,0.02,0.13,0.00,0.05,-0.01,0.00,0.00,0.01,Nutriscore_D
c29d39d6-9c7d-5a90-be4f-9aa034ede171,eb20db93-9e70-5be9-9127-bc7a84b3839e,"Thick cream 30% fat, refrigerated",19410,3.83,0.00,0.47,0.01,0.00,0.00,0.00,0.04,0.00,0.01,0.19,45.40,176.00,0.48,23.00,0.00,0.019833715,3.957681684,0.00,0.00,0.04,0.00,0.03,0.07,0.02,0.13,0.00,0.05,-0.01,0.00,0.00,0.01,Nutriscore_D
c6f8aca4-3f5d-5fe8-b908-508762254116,eb20db93-9e70-5be9-9127-bc7a84b3839e,"Thick cream, light, 15-20% fat, refrigerated",19431,2.69,0.00,0.43,0.01,0.00,0.00,0.00,0.03,0.00,0.01,0.13,30.60,116.00,0.36,20.30,0.00,0.013222477,2.638454456,0.00,0.00,0.04,0.00,0.03,0.07,0.02,0.13,0.00,0.05,-0.01,0.00,0.00,0.01,Nutriscore_D
f20026c4-6ed8-59a0-94f7-e17b86780769,534d1faa-851c-5365-8323-69a0c7309d03,"Dairy drink or fermented milk or yogurt, plain, with sugar, with L Casei",19538,1.98,0.00,0.67,0.00,0.00,0.00,0.00,0.02,0.00,0.01,0.08,35.90,76.70,1.71,26.90,0.00,0.007820238,1.5604748,0.00,0.00,0.04,0.00,0.03,0.07,0.02,0.13,0.00,0.05,-0.01,0.00,0.00,0.01,Nutriscore_D
9098d88c-6efa-504a-a102-8f3388f05b52,8dd40322-7232-59df-8b93-29c023df01e8,"Renneted milk, flavoured, refrigerated",19678,1.83,0.00,0.28,0.00,0.00,0.00,0.00,0.02,0.00,0.00,0.07,18.90,71.30,0.31,15.90,0.00,0.004760092,0.949843604,0.00,0.00,0.04,0.00,0.03,0.07,0.02,0.13,0.00,0.05,-0.01,0.00,0.00,0.01,Nutriscore_E
7a4f6a2f-1ec4-5f22-a06d-8f5158673d77,2c3d8abf-74a7-53f4-a87c-cc66dc4cfa65,"Fermented milk drink, plain, skimmed milk",19801,1.66,0.00,0.26,0.00,0.00,0.00,0.00,0.01,0.00,0.00,0.06,16.10,58.60,0.30,15.30,0.00,0.007820238,1.5604748,0.00,0.00,0.04,0.00,0.03,0.07,0.02,0.13,0.00,0.05,-0.01,0.00,0.00,0.01,Nutriscore_B
16d0be8a-6bd6-575a-a8cf-469b2df4601e,2c3d8abf-74a7-53f4-a87c-cc66dc4cfa65,"Fermented milk drink, plain, whole milk",19805,1.83,0.00,0.25,0.00,0.00,0.00,0.00,0.02,0.00,0.00,0.07,18.40,68.00,0.32,15.30,0.00,0.007820238,1.5604748,0.00,0.00,0.04,0.00,0.03,0.07,0.02,0.13,0.00,0.05,-0.01,0.00,0.00,0.01,Nutriscore_B
fed984b9-0322-53f4-afdd-d24320383cbc,a684f450-7dad-53c6-b022-80635093a905,"Fermented milk or dairy specialty, yogurt type, plain, with bifidus",19546,1.89,0.00,0.65,0.00,0.00,0.00,0.00,0.02,0.00,0.01,0.07,17.80,65.70,0.34,25.10,0.00,0.007820238,1.5604748,0.00,0.00,0.04,0.00,0.03,0.07,0.02,0.13,0.00,0.05,-0.01,0.00,0.00,0.01,Nutriscore_E
fb5cc1ea-60d4-516c-9c6e-ed204a0d9745,a684f450-7dad-53c6-b022-80635093a905,Frozen yogurt,39517,1.96,0.00,0.99,0.00,0.00,0.00,0.00,0.02,0.00,0.01,0.08,20.50,66.80,0.64,35.50,0.00,0.007820238,1.5604748,0.00,0.00,0.04,0.00,0.03,0.07,0.02,0.13,0.00,0.05,-0.01,0.00,0.00,0.01,Nutriscore_C
4fcafc19-c0b7-5ee3-bdaa-692cfe1aa931,a684f450-7dad-53c6-b022-80635093a905,"Yogurt, fermented milk or dairy specialty, flavoured, w sugar, with cream",19577,1.85,0.00,0.69,0.00,0.00,0.00,0.00,0.02,0.00,0.01,0.07,17.30,63.30,0.45,26.20,0.00,0.007820238,1.5604748,0.00,0.00,0.04,0.00,0.03,0.07,0.02,0.13,0.00,0.05,-0.01,0.00,0.00,0.01,Nutriscore_C
6d94b538-b099-5239-975c-0e425da24679,a684f450-7dad-53c6-b022-80635093a905,"Yogurt, fermented milk or dairy specialty, flavoured, with sugar",19575,1.88,0.00,0.65,0.00,0.00,0.00,0.00,0.02,0.00,0.01,0.07,17.80,64.40,0.46,25.80,0.00,0.007820238,1.5604748,0.00,0.00,0.04,0.00,0.03,0.07,0.02,0.13,0.00,0.05,-0.01,0.00,0.00,0.01,Nutriscore_C
b2c5dd6f-e74f-5442-afa9-68ca49f4c25e,a684f450-7dad-53c6-b022-80635093a905,"Yogurt, fermented milk or dairy specialty, flavoured, with sweetener, fat free",19559,1.88,0.00,0.65,0.00,0.00,0.00,0.00,0.02,0.00,0.01,0.07,17.80,64.40,0.46,25.80,0.00,0.007820238,1.5604748,0.00,0.00,0.04,0.00,0.03,0.07,0.02,0.13,0.00,0.05,-0.01,0.00,0.00,0.01,Nutriscore_A
66b23d9a-bed9-5d45-a6c7-c5b51c097503,a684f450-7dad-53c6-b022-80635093a905,"Yogurt, fermented milk or dairy specialty, plain",19593,1.89,0.00,0.65,0.00,0.00,0.00,0.00,0.02,0.00,0.01,0.07,17.80,65.70,0.34,25.10,0.00,0.007820238,1.5604748,0.00,0.00,0.04,0.00,0.03,0.07,0.02,0.13,0.00,0.05,-0.01,0.00,0.00,0.01,Nutriscore_B
7b879caf-0696-5e55-aba6-b3df08e8ddc8,a684f450-7dad-53c6-b022-80635093a905,"Yogurt, fermented milk or dairy specialty, plain, fat free",19594,1.89,0.00,0.65,0.00,0.00,0.00,0.00,0.02,0.00,0.01,0.07,17.80,65.70,0.34,25.10,0.00,0.007820238,1.5604748,0.00,0.00,0.04,0.00,0.03,0.07,0.02,0.13,0.00,0.05,-0.01,0.00,0.00,0.01,Nutriscore_A
afc302d8-4586-5720-96fa-22d9f2b4ea15,a684f450-7dad-53c6-b022-80635093a905,"Yogurt, fermented milk or dairy specialty, plain, w cream",19598,2.21,0.00,0.71,0.00,0.00,0.00,0.00,0.02,0.00,0.01,0.09,21.60,80.90,0.38,27.30,0.00,0.007820238,1.5604748,0.00,0.00,0.04,0.00,0.03,0.07,0.02,0.13,0.00,0.05,-0.01,0.00,0.00,0.01,Nutriscore_C
e89b6137-8b3d-5021-bdb1-b4fee95fb5fd,a684f450-7dad-53c6-b022-80635093a905,"Yogurt, fermented milk or dairy specialty, plain, w sugar",19599,1.86,0.00,0.65,0.00,0.00,0.00,0.00,0.02,0.00,0.01,0.07,17.50,63.70,0.46,25.40,0.00,0.007820238,1.5604748,0.00,0.00,0.04,0.00,0.03,0.07,0.02,0.13,0.00,0.05,-0.01,0.00,0.00,0.01,Nutriscore_C
c96aa738-61f2-5675-9a32-1e8eacd2c6db,a684f450-7dad-53c6-b022-80635093a905,"Yogurt, fermented milk or dairy specialty, with chocolate shavings, with cream, with sugar",19580,2.50,0.00,0.66,0.01,0.00,0.00,0.00,0.02,0.00,0.01,0.09,57.20,97.30,1.06,27.00,0.00,0.007820238,1.5604748,0.00,0.00,0.04,0.00,0.03,0.07,0.02,0.13,0.00,0.05,-0.01,0.00,0.00,0.01,Nutriscore_C
f3381893-0621-502f-bbe9-97cff6f3a053,a96eb33f-98b5-5095-bb62-e1b178344205,"Fermented milk or dairy specialty, yogurt type, flavoured, with sugar, with bifidus",19539,1.88,0.00,0.65,0.00,0.00,0.00,0.00,0.02,0.00,0.01,0.07,17.80,64.40,0.46,25.80,0.00,0.006928731,1.382580673,0.00,0.00,0.04,0.00,0.03,0.07,0.02,0.13,0.00,0.05,-0.01,0.00,0.00,0.01,Nutriscore_C
df1934b4-7361-5637-bcce-6b1859197360,a96eb33f-98b5-5095-bb62-e1b178344205,"Fermented milk or dairy specialty, yogurt type, with fruits, with sugar, with bifidus",19542,1.89,0.00,0.66,0.00,0.00,0.00,0.00,0.02,0.00,0.01,0.07,33.50,72.10,1.64,26.20,0.00,0.006928731,1.382580673,0.00,0.00,0.04,0.00,0.03,0.07,0.02,0.13,0.00,0.05,-0.01,0.00,0.00,0.01,Nutriscore_C
fadd1725-7158-552b-9e67-66e88647abe5,a96eb33f-98b5-5095-bb62-e1b178344205,"Yogurt, fermented milk or dairy specialty, w cereals",19579,2.34,0.00,0.70,0.01,0.00,0.00,0.00,0.02,0.00,0.02,0.10,46.70,135.00,1.49,28.90,0.00,0.006928731,1.382580673,0.00,0.00,0.04,0.00,0.03,0.07,0.02,0.13,0.00,0.05,-0.01,0.00,0.00,0.01,Nutriscore_C
f21682c6-340e-50d1-ab60-0b11e34c7b34,a96eb33f-98b5-5095-bb62-e1b178344205,"Yogurt, fermented milk or dairy specialty, w fruits, with sugar",19587,1.89,0.00,0.66,0.00,0.00,0.00,0.00,0.02,0.00,0.01,0.07,33.50,72.10,1.64,26.20,0.00,0.006928731,1.382580673,0.00,0.00,0.04,0.00,0.03,0.07,0.02,0.13,0.00,0.05,-0.01,0.00,0.00,0.01,Nutriscore_C
94192850-46a3-5207-b436-b399fb37a468,a96eb33f-98b5-5095-bb62-e1b178344205,"Yogurt, fermented milk or dairy specialty, w fruits, with sugar, with cream",19589,1.89,0.00,0.66,0.00,0.00,0.00,0.00,0.02,0.00,0.01,0.07,33.50,72.10,1.64,26.20,0.00,0.006928731,1.382580673,0.00,0.00,0.04,0.00,0.03,0.07,0.02,0.13,0.00,0.05,-0.01,0.00,0.00,0.01,Nutriscore_C
dcb44417-1b8d-5789-a2c4-e3553b828562,a96eb33f-98b5-5095-bb62-e1b178344205,"Yogurt, fermented milk or dairy specialty, with cereals, fat free",19558,2.34,0.00,0.70,0.01,0.00,0.00,0.00,0.02,0.00,0.02,0.10,46.70,135.00,1.49,28.90,0.00,0.006928731,1.382580673,0.00,0.00,0.04,0.00,0.03,0.07,0.02,0.13,0.00,0.05,-0.01,0.00,0.00,0.01,Nutriscore_C
9168acf8-3e9d-5add-b727-70d5032d1c5d,a96eb33f-98b5-5095-bb62-e1b178344205,"Yogurt, fermented milk or dairy specialty, with fruits, with sugar, fortified with vitamin D",19592,1.89,0.00,0.66,0.00,0.00,0.00,0.00,0.02,0.00,0.01,0.07,33.50,72.10,1.64,26.20,0.00,0.006928731,1.382580673,0.00,0.00,0.04,0.00,0.03,0.07,0.02,0.13,0.00,0.05,-0.01,0.00,0.00,0.01,Nutriscore_C
eded3286-bb9d-53c7-894f-46f1fbf1bd2e,a96eb33f-98b5-5095-bb62-e1b178344205,"Yogurt, fermented milk or dairy specialty, with fruits, with sweetener, fat free",19581,1.89,0.00,0.66,0.00,0.00,0.00,0.00,0.02,0.00,0.01,0.07,33.50,72.10,1.64,26.20,0.00,0.006928731,1.382580673,0.00,0.00,0.04,0.00,0.03,0.07,0.02,0.13,0.00,0.05,-0.01,0.00,0.00,0.01,Nutriscore_A
24616986-aa84-522a-876e-d08ab812ecc7,a96eb33f-98b5-5095-bb62-e1b178344205,"Yogurt, fermented milk or dairy specialty, with fruits, with sweetener, fat free, fortified with vitamin D",19582,1.89,0.00,0.66,0.00,0.00,0.00,0.00,0.02,0.00,0.01,0.07,33.50,72.10,1.64,26.20,0.00,0.006928731,1.382580673,0.00,0.00,0.04,0.00,0.03,0.07,0.02,0.13,0.00,0.05,-0.01,0.00,0.00,0.01,Nutriscore_A
40b7029c-1bfb-5b31-b84a-b1e1e483f2de,4d34c42b-39be-539c-8c29-7e3f06a37cdd,"Yogurt, goat's milk, plain, around 5% fat",19556,2.04,0.00,0.68,0.00,0.00,0.00,0.00,0.03,0.00,0.01,0.15,14.90,103.00,0.69,27.00,0.00,0.00763661,1.286459138,0.00,0.00,0.04,0.00,0.03,0.07,0.02,0.13,0.00,0.05,-0.01,0.00,0.00,0.01,Nutriscore_B
fecc1236-b829-5c3f-b77a-57f1e2da2ef1,7db849ee-c29e-5f72-9c50-f869c3895e4c,"Yogurt, Greek-style, ewe's milk",19550,2.70,0.00,0.67,0.00,0.00,0.00,0.00,0.05,0.00,0.01,0.21,11.60,222.00,0.44,27.10,0.00,0.00763661,1.286459138,0.00,0.00,0.04,0.00,0.03,0.07,0.02,0.13,0.00,0.05,-0.01,0.00,0.00,0.01,Nutriscore_C
2445f554-4624-5852-8c1c-2ba8de6aacec,7db849ee-c29e-5f72-9c50-f869c3895e4c,"Yogurt, Greek-style, on a bed of fruits",19552,1.89,0.00,0.66,0.00,0.00,0.00,0.00,0.02,0.00,0.01,0.07,33.50,72.10,1.64,26.20,0.00,0.00763661,1.286459138,0.00,0.00,0.04,0.00,0.03,0.07,0.02,0.13,0.00,0.05,-0.01,0.00,0.00,0.01,Nutriscore_C
bad5ee06-371b-5e3d-9e2d-6a7d75c27c67,7db849ee-c29e-5f72-9c50-f869c3895e4c,"Yogurt, Greek-style, plain",19860,1.89,0.00,0.65,0.00,0.00,0.00,0.00,0.02,0.00,0.01,0.07,17.80,65.70,0.34,25.10,0.00,0.00763661,1.286459138,0.00,0.00,0.04,0.00,0.03,0.07,0.02,0.13,0.00,0.05,-0.01,0.00,0.00,0.01,Nutriscore_C
a15fbc6b-8928-5b7d-8552-5e0a8a162837,e647c2f2-69b8-5f0d-8708-32f516d626c2,"Milk, semi-skimmed, pasteurised",19042,1.27,0.00,0.13,0.00,0.00,0.00,0.00,0.01,0.00,0.00,0.06,14.40,54.30,0.16,8.17,0.00,0.006944371,1.385701622,0.00,0.00,0.04,0.00,0.03,0.07,0.02,0.13,0.00,0.05,-0.01,0.00,0.00,0.01,Nutriscore_B
7036e359-05a5-5da1-b718-bec174a14c14,e647c2f2-69b8-5f0d-8708-32f516d626c2,"Milk, semi-skimmed, reduced lactose",19060,1.27,0.00,0.13,0.00,0.00,0.00,0.00,0.01,0.00,0.00,0.06,14.40,54.30,0.16,8.17,0.00,0.006944371,1.385701622,0.00,0.00,0.04,0.00,0.03,0.07,0.02,0.13,0.00,0.05,-0.01,0.00,0.00,0.01,Nutriscore_B
28eef644-d867-59f5-9919-1b8f86a1f64c,e647c2f2-69b8-5f0d-8708-32f516d626c2,"Milk, semi-skimmed, UHT",19041,1.27,0.00,0.13,0.00,0.00,0.00,0.00,0.01,0.00,0.00,0.06,14.40,54.30,0.16,8.17,0.00,0.006944371,1.385701622,0.00,0.00,0.04,0.00,0.03,0.07,0.02,0.13,0.00,0.05,-0.01,0.00,0.00,0.01,Nutriscore_B
e75ab196-3f0b-529e-ad6e-80bb20e9a1fa,e647c2f2-69b8-5f0d-8708-32f516d626c2,"Milk, semi-skimmed, vitamin D fortified, UHT",19037,1.27,0.00,0.13,0.00,0.00,0.00,0.00,0.01,0.00,0.00,0.06,14.40,54.30,0.16,8.17,0.00,0.006944371,1.385701622,0.00,0.00,0.04,0.00,0.03,0.07,0.02,0.13,0.00,0.05,-0.01,0.00,0.00,0.01,Nutriscore_B
416a2198-4bb3-5b27-9173-1572bfcb01b4,e647c2f2-69b8-5f0d-8708-32f516d626c2,"Milk, skimmed, pasteurised",19051,1.15,0.00,0.13,0.00,0.00,0.00,0.00,0.01,0.00,0.00,0.05,12.80,47.70,0.14,7.89,0.00,0.008946352,1.785183171,0.00,0.00,0.04,0.00,0.03,0.07,0.02,0.13,0.00,0.05,-0.01,0.00,0.00,0.01,Nutriscore_B
fda0b229-0b26-53d7-9d92-4eefa17ab914,e647c2f2-69b8-5f0d-8708-32f516d626c2,"Milk, skimmed, UHT",19050,1.15,0.00,0.13,0.00,0.00,0.00,0.00,0.01,0.00,0.00,0.05,12.80,47.70,0.14,7.89,0.00,0.008946352,1.785183171,0.00,0.00,0.04,0.00,0.03,0.07,0.02,0.13,0.00,0.05,-0.01,0.00,0.00,0.01,Nutriscore_B
5d6641f7-09a7-56bd-8cd5-b3408bd0f8bd,e647c2f2-69b8-5f0d-8708-32f516d626c2,"Milk, whole, pasteurised",19024,1.46,0.00,0.14,0.00,0.00,0.00,0.00,0.02,0.00,0.00,0.07,16.80,63.80,0.17,8.58,0.00,0.008570124,1.71010937,0.00,0.00,0.04,0.00,0.03,0.07,0.02,0.13,0.00,0.05,-0.01,0.00,0.00,0.01,Nutriscore_B
66522250-8add-5ae2-a694-e01e43dd48df,e647c2f2-69b8-5f0d-8708-32f516d626c2,"Milk, whole, UHT",19023,1.46,0.00,0.14,0.00,0.00,0.00,0.00,0.02,0.00,0.00,0.07,16.80,63.80,0.17,8.58,0.00,0.008570124,1.71010937,0.00,0.00,0.04,0.00,0.03,0.07,0.02,0.13,0.00,0.05,-0.01,0.00,0.00,0.01,Nutriscore_C
8e3d8ce1-5c9a-572d-ba74-22c407bc2938,aca8bfec-0e6e-5389-82fe-f84f94e4df80,"Goat milk, half skimmed, UHT pasteurized",19201,1.52,0.00,0.16,0.00,0.00,0.00,0.00,0.03,0.00,0.01,0.14,12.60,95.90,0.51,10.30,0.00,0.008368888,1.409818234,0.00,0.00,0.04,0.00,0.03,0.07,0.02,0.13,0.00,0.05,-0.01,0.00,0.00,0.01,Nutriscore_B
fa5fc43d-c57d-5fd4-ad45-8e70e0995f12,aca8bfec-0e6e-5389-82fe-f84f94e4df80,"Goat milk, whole, raw",19202,1.52,0.00,0.16,0.00,0.00,0.00,0.00,0.03,0.00,0.01,0.14,12.60,95.90,0.51,10.30,0.00,0.008368888,1.409818234,0.00,0.00,0.04,0.00,0.03,0.07,0.02,0.13,0.00,0.05,-0.01,0.00,0.00,0.01,Nutriscore_B
db362861-be9b-527e-adaf-22c414370201,aca8bfec-0e6e-5389-82fe-f84f94e4df80,"Goat milk, whole, UHT",19200,1.52,0.00,0.16,0.00,0.00,0.00,0.00,0.03,0.00,0.01,0.14,12.60,95.90,0.51,10.30,0.00,0.008368888,1.409818234,0.00,0.00,0.04,0.00,0.03,0.07,0.02,0.13,0.00,0.05,-0.01,0.00,0.00,0.01,Nutriscore_C
39144d7b-6c9f-5b5e-b69a-cb4e301e9a52,494b1fe9-f0d5-551d-bdf1-db63aefaf848,"Sheep milk, whole",19250,2.18,0.00,0.15,0.00,0.00,0.00,0.00,0.05,0.00,0.01,0.20,8.91,217.00,0.17,10.20,0.00,0.008368888,1.409818234,0.00,0.00,0.04,0.00,0.03,0.07,0.02,0.13,0.00,0.05,-0.01,0.00,0.00,0.01,Nutriscore_E
3e4c653c-033f-5805-8d7e-243f035700ed,c08cc626-9fa3-59c1-94cf-d73d95fe48df,"Almond drink not sweet, not fortified, prepacked",18107,0.38,0.00,0.16,0.00,0.00,0.00,0.00,0.00,0.00,0.00,0.01,10.70,21.00,1.07,8.26,0.00,0,0,0.00,0.00,0.04,0.00,0.03,0.07,0.02,0.13,0.00,0.05,-0.01,0.00,0.00,0.01,Nutriscore_B
01a7dd48-ad29-5ad5-94c1-4451276cb95f,1af7cb67-1ecf-5267-bcfc-9bc96c6f1b67,"Oat-based drink, plain, prepacked",18905,0.57,0.00,0.17,0.00,0.00,0.00,0.00,0.00,0.00,0.01,0.01,7.02,40.40,0.38,9.58,0.00,0,0,0.00,0.00,0.04,0.00,0.03,0.07,0.02,0.13,0.00,0.05,-0.01,0.00,0.00,0.01,Nutriscore_C
b64df7ca-a9c3-55bf-9d52-a2d560b40d28,365134a9-b143-53d7-b8d5-62b1b288d0df,"Rice-based drink, plain",18904,0.38,0.00,0.16,0.00,0.00,0.00,0.00,0.00,0.00,0.00,0.01,10.70,21.00,1.07,8.35,0.00,0,0,0.00,0.00,0.04,0.00,0.03,0.07,0.02,0.13,0.00,0.05,-0.01,0.00,0.00,0.01,Nutriscore_D
6c3d8569-53fc-5c18-b505-71d24d35cb07,d09d3084-04e1-5ee4-b0c6-b77f0e018e8a,"Plant-based cheese, without soybean, prepacked, shredded",1029_2,2.48,0.00,0.27,0.01,0.00,0.00,0.00,0.02,0.00,0.01,0.07,69.90,117.00,4.52,35.50,0.00,0,0,0.01,0.03,0.09,0.01,0.08,0.23,0.05,0.58,0.00,0.32,-0.03,0.02,0.02,0.03,Nutriscore_E
2f15e8f8-80b0-5f8c-9287-014525772392,d09d3084-04e1-5ee4-b0c6-b77f0e018e8a,"Plant-based cheese, without soybean, prepacked, sliced",1029_1,2.48,0.00,0.27,0.01,0.00,0.00,0.00,0.02,0.00,0.01,0.07,69.90,117.00,4.52,35.50,0.00,0,0,0.01,0.03,0.09,0.01,0.08,0.23,0.05,0.58,0.00,0.32,-0.03,0.02,0.02,0.03,Nutriscore_E
bb1387b5-01e0-585e-a94b-450a30027c65,d09d3084-04e1-5ee4-b0c6-b77f0e018e8a,"Plant-based spread-cheese type, with soybean, prepacked",1027,1.87,0.00,0.26,0.01,0.00,0.00,0.00,0.01,0.00,0.01,0.03,21.50,83.90,1.38,29.60,0.00,0,0,0.01,0.03,0.09,0.01,0.08,0.23,0.05,0.58,0.00,0.32,-0.03,0.02,0.02,0.03,Nutriscore_C
6f1083f3-d416-553d-838f-6e8a2f0a9ca2,116a4a22-b5b2-53cb-b0d8-eb118b35005b,"Soy drink, flavoured, enriched in calcium, w sugar or fruit concentrate",18903,0.44,0.00,0.14,0.00,0.00,0.00,0.00,0.00,0.00,0.00,0.00,5.85,21.60,0.08,7.59,0.00,0,0,0.01,0.03,0.09,0.01,0.08,0.23,0.05,0.58,0.00,0.32,-0.03,0.02,0.02,0.03,Nutriscore_B
60997e22-5bed-5102-837b-922cc512d690,116a4a22-b5b2-53cb-b0d8-eb118b35005b,"Soy drink, flavoured, with sugar",18902,0.44,0.00,0.14,0.00,0.00,0.00,0.00,0.00,0.00,0.00,0.00,5.85,21.60,0.08,7.59,0.00,0,0,0.00,0.00,0.04,0.00,0.03,0.07,0.02,0.13,0.00,0.05,-0.01,0.00,0.00,0.01,Nutriscore_B
c63d33b6-2d03-5e7e-905a-3e7e3306e283,116a4a22-b5b2-53cb-b0d8-eb118b35005b,"Soy drink, plain, fortified with calcium",18901,0.44,0.00,0.14,0.00,0.00,0.00,0.00,0.00,0.00,0.00,0.00,5.85,21.60,0.08,7.59,0.00,0,0,0.00,0.00,0.04,0.00,0.03,0.07,0.02,0.13,0.00,0.05,-0.01,0.00,0.00,0.01,Nutriscore_B
6b4a4eee-1805-551e-ba31-360810568423,116a4a22-b5b2-53cb-b0d8-eb118b35005b,"Soy drink, plain, prepacked",18900,0.43,0.00,0.09,0.00,0.00,0.00,0.00,0.00,0.00,0.00,0.00,5.79,21.60,0.08,6.58,0.00,0,0,0.00,0.00,0.04,0.00,0.03,0.07,0.02,0.13,0.00,0.05,-0.01,0.00,0.00,0.01,Nutriscore_B
642828dc-dd15-5aa5-b55a-34d5a441ddb9,90e8ba96-756e-5af0-85f2-9b2b792eada3,"Soy ""cream"" preparation",11214,1.17,0.00,0.55,0.00,0.00,0.00,0.00,0.01,0.00,0.01,0.02,30.80,116.00,0.42,22.40,0.00,0,0,0.01,0.03,0.09,0.01,0.08,0.23,0.05,0.58,0.00,0.32,-0.03,0.02,0.02,0.03,Nutriscore_B
b3516dcc-1845-5e0a-9c20-69217adc3269,90e8ba96-756e-5af0-85f2-9b2b792eada3,"Soy dessert, flavoured, refrigerated",20911,1.24,0.00,0.64,0.00,0.00,0.00,0.00,0.01,0.00,0.00,0.02,27.50,40.10,1.76,27.20,0.00,0,0,0.01,0.03,0.09,0.01,0.08,0.23,0.05,0.58,0.00,0.32,-0.03,0.02,0.02,0.03,Nutriscore_C
4308ec64-b64d-591f-a978-bdae6759b5fc,90e8ba96-756e-5af0-85f2-9b2b792eada3,"Soy dessert, plain, refrigerated",19693,1.21,0.00,0.64,0.00,0.00,0.00,0.00,0.01,0.00,0.00,0.02,10.00,31.60,0.49,26.50,0.00,0,0,0.01,0.03,0.09,0.01,0.08,0.23,0.05,0.58,0.00,0.32,-0.03,0.02,0.02,0.03,Nutriscore_A
11ef1e1c-bc58-5f2e-9871-45dbdb22a1c9,90e8ba96-756e-5af0-85f2-9b2b792eada3,"Soy dessert, w fruits, refrigerated",19692,1.24,0.00,0.64,0.00,0.00,0.00,0.00,0.01,0.00,0.00,0.02,27.50,40.10,1.76,27.20,0.00,0,0,0.01,0.03,0.09,0.01,0.08,0.23,0.05,0.58,0.00,0.32,-0.03,0.02,0.02,0.03,Nutriscore_C
c19ee7e3-a7ca-5a36-91e1-33b8952d5d82,ba36290b-5acf-5918-bda3-4b5ccba822f7,Plant-based sausage with tofu (not vegan),20338,2.26,0.00,1.16,0.01,0.00,0.00,0.00,0.02,0.00,0.01,0.06,28.20,123.00,1.88,45.60,0.00,0,0,0.01,0.03,0.09,0.01,0.08,0.23,0.05,0.58,0.00,0.32,-0.03,0.02,0.02,0.03,Nutriscore_C
7d9e75a0-92e3-536a-bb26-8d34da097b10,ba36290b-5acf-5918-bda3-4b5ccba822f7,Plant-based sausage with tofu (vegan),20337,1.68,0.00,1.32,0.01,0.00,0.00,0.00,0.01,0.00,0.01,0.03,20.60,58.30,0.45,46.30,0.00,0,0,0.01,0.03,0.09,0.01,0.08,0.23,0.05,0.58,0.00,0.32,-0.03,0.02,0.02,0.03,Nutriscore_D
37989222-57c7-574e-b662-36ff1b815f46,ba36290b-5acf-5918-bda3-4b5ccba822f7,Tofu patty (vegetable steak),25597_2,2.25,0.00,0.94,0.01,0.00,0.00,0.00,0.01,0.00,0.01,0.05,14.00,121.00,1.23,40.70,0.00,0,0,0.01,0.03,0.09,0.01,0.08,0.23,0.05,0.58,0.00,0.32,-0.03,0.02,0.02,0.03,Nutriscore_B
6420f519-aad4-505a-b4b5-0286545d14fa,ba36290b-5acf-5918-bda3-4b5ccba822f7,"Tofu, plain",20904,1.00,0.00,0.70,0.00,0.00,0.00,0.00,0.00,0.00,0.00,0.01,6.34,-19.80,0.26,27.50,0.00,0,0,0.01,0.03,0.09,0.01,0.08,0.23,0.05,0.58,0.00,0.32,-0.03,0.02,0.02,0.03,Nutriscore_A
f20cb097-aa17-5129-9b46-fe4f8f09a003,ba36290b-5acf-5918-bda3-4b5ccba822f7,"Tofu, smoked",20912,2.13,0.00,0.39,0.01,0.00,0.00,0.00,0.01,0.00,0.01,0.03,9.40,114.00,1.11,30.80,0.00,0,0,0.01,0.03,0.09,0.01,0.08,0.23,0.05,0.58,0.00,0.32,-0.03,0.02,0.02,0.03,Nutriscore_A
759fe089-fd86-5312-9cdd-e724621a206a,aee31e5b-5e1d-57d9-a73a-9427fed6cace,"Chocolate flavoured milk, with sugar, partially skimmed, fortified with vitamins and chemicals elements",19122,1.51,0.00,0.25,0.00,0.00,0.00,0.00,0.01,0.00,0.00,0.06,15.50,56.20,0.23,13.60,0.00,0.007884514,1.57330062,0.00,0.00,0.04,0.00,0.03,0.07,0.02,0.13,0.00,0.05,-0.01,0.00,0.00,0.01,Nutriscore_D
354ff888-0fae-5618-9c9d-0e2cf94b4cf0,aee31e5b-5e1d-57d9-a73a-9427fed6cace,"Dairy drink or fermented milk or yogurt, flavoured, with sugar",19508,1.98,0.00,0.67,0.00,0.00,0.00,0.00,0.02,0.00,0.01,0.08,35.90,76.70,1.71,26.90,0.00,0.007884514,1.57330062,0.00,0.00,0.04,0.00,0.03,0.07,0.02,0.13,0.00,0.05,-0.01,0.00,0.00,0.01,Nutriscore_D
ab5651ff-ec3f-59db-8174-821c0b082a02,aee31e5b-5e1d-57d9-a73a-9427fed6cace,"Dairy drink or fermented milk or yogurt, with fruits, with sugar",19535,1.98,0.00,0.67,0.00,0.00,0.00,0.00,0.02,0.00,0.01,0.08,35.90,76.70,1.71,26.90,0.00,0.007713112,1.539098433,0.00,0.00,0.04,0.00,0.03,0.07,0.02,0.13,0.00,0.05,-0.01,0.00,0.00,0.01,Nutriscore_E
cc84e597-21d2-5e34-be3e-26a1b3c1c8b1,aee31e5b-5e1d-57d9-a73a-9427fed6cace,Fruit juice with milk,18343,1.01,0.00,0.22,0.00,0.00,0.00,0.00,0.01,0.00,0.00,0.03,38.90,32.30,9.02,15.70,0.00,0.007713112,1.539098433,0.00,0.00,0.04,0.00,0.03,0.07,0.02,0.13,0.00,0.05,-0.01,0.00,0.00,0.01,Nutriscore_E
603cefb2-6658-54ce-93cb-886a69a5b094,aee31e5b-5e1d-57d9-a73a-9427fed6cace,"Strawberry flavoured milk, with sugar, partially skimmed, fortified with vitamins D",19127,1.51,0.00,0.25,0.00,0.00,0.00,0.00,0.01,0.00,0.00,0.06,15.50,56.20,0.23,13.60,0.00,0.007713112,1.539098433,0.00,0.00,0.04,0.00,0.03,0.07,0.02,0.13,0.00,0.05,-0.01,0.00,0.00,0.01,Nutriscore_D
ac7d5b92-df15-52cc-a183-17a2a9b1682f,9f7ffaa2-d21a-599d-b632-966a9333cdf3,Fruit liegeois,39220,2.05,0.00,0.68,0.00,0.00,0.00,0.00,0.02,0.00,0.01,0.08,35.00,75.20,1.74,28.30,0.00,0.006060685,1.20936797,0.00,0.00,0.04,0.00,0.03,0.07,0.02,0.13,0.00,0.05,-0.01,0.00,0.00,0.01,Nutriscore_E
6dbca74a-b5b9-525b-9758-7f56436acd74,9f7ffaa2-d21a-599d-b632-966a9333cdf3,Smoothie,2500,0.74,0.00,0.62,0.00,0.00,0.00,0.00,0.01,0.00,0.00,0.02,10.10,18.80,0.73,21.40,0.00,0.006060685,1.20936797,0.00,0.00,0.04,0.00,0.03,0.07,0.02,0.13,0.00,0.05,-0.01,0.00,0.00,0.01,Nutriscore_E
acd29bf0-45cd-5783-b6bc-359422b4453f,ee70f63b-b84b-50f9-bcd1-f6fd0116da29,"Milkshake, from fast foods restaurant",39001,1.51,0.00,0.30,0.00,0.00,0.00,0.00,0.02,0.00,0.00,0.07,16.10,58.90,0.36,14.80,0.00,0.013356024,2.665102846,0.00,0.00,0.04,0.00,0.03,0.07,0.02,0.13,0.00,0.05,-0.01,0.00,0.00,0.01,Nutriscore_E
a4c15d6f-ae9d-5a9f-956c-5d2b83b8cc2b,a077dc00-4770-50e3-aad7-6537a4eb184f,"Instant cocoa or chocolate beverage, with sugar, fortified with vitamins and chemical elements, ready-to-drink (reconstituted with standard semi-skimm",18106,1.40,0.00,0.20,0.00,0.00,0.00,0.00,0.01,0.00,0.00,0.06,14.60,58.60,0.19,10.00,0.00,0.007074911,1.411749863,0.14,0.06,0.47,0.05,0.32,1.01,0.28,1.56,0.02,0.91,-0.10,0.17,0.19,0.11,Nutriscore_D
1f4bb5cc-1363-5d0c-a5ba-fc9c2371ee9a,a077dc00-4770-50e3-aad7-6537a4eb184f,"Instant cocoa or chocolate beverage, with sugar, ready-to-drink (reconstituted with standard semi-skimmed milk)",18104,1.40,0.00,0.20,0.00,0.00,0.00,0.00,0.01,0.00,0.00,0.06,14.60,58.60,0.19,10.00,0.00,0.007074911,1.411749863,0.14,0.06,0.47,0.05,0.32,1.01,0.28,1.56,0.02,0.91,-0.10,0.17,0.19,0.11,Nutriscore_C
9936d4d3-60ae-56a1-83d9-b09c993732f0,909c5b1d-d6c1-50e0-96f7-b1f6d3c4fbe1,"Not instant coffee, without sugar, ready-to-drink",18004,0.64,0.00,0.10,0.00,0.00,0.00,0.00,0.01,0.00,0.01,0.04,24.50,25.10,0.60,6.64,0.00,0,0,0.01,0.03,0.18,0.03,0.14,0.53,0.12,0.96,0.01,0.75,-0.06,0.04,0.04,0.09,Nutriscore_B
1c6abee2-f034-51cb-b8a8-7cf0476f7124,10c5f1ea-8485-5ad5-ab2c-f0d1c75d6ed5,"Espresso coffee, not instant coffee, without sugar, ready-to-drink",18071,0.64,0.00,0.10,0.00,0.00,0.00,0.00,0.01,0.00,0.01,0.04,24.50,25.10,0.60,6.64,0.00,0,0,0.01,0.03,0.18,0.03,0.14,0.53,0.12,0.96,0.01,0.75,-0.06,0.04,0.04,0.09,Nutriscore_B
e1a14527-f01d-5417-855c-9b2506976171,00348827-bb1b-5979-aa1c-8ad5dce3d235,"Coffee with milk or white coffee or cappuccino, instant coffee or not, without sugar, ready-to-drink",18151,0.54,0.00,0.11,0.00,0.00,0.00,0.00,0.01,0.00,0.00,0.02,9.65,18.40,0.30,5.93,0.00,0.005376932,1.072929896,0.01,0.03,0.18,0.03,0.14,0.53,0.12,0.96,0.01,0.75,-0.06,0.04,0.04,0.09,Nutriscore_C
4b3dea01-1c3e-513f-aaeb-a2393241a538,5b424f0a-9dde-5a44-93ee-96b7ddd10f00,"Instant coffee, without sugar, ready-to-drink",18073,1.53,0.00,0.14,0.01,0.00,0.00,0.00,0.02,0.00,0.01,0.08,50.60,52.60,1.46,14.80,0.00,0,0,0.01,0.03,0.18,0.03,0.14,0.53,0.12,0.96,0.01,0.75,-0.06,0.04,0.04,0.09,Nutriscore_B
3cd54310-d8e2-5339-b6f8-b1f64e60e849,ad86e28c-dd7b-5f6d-b77d-0db76b94b073,"Instant chicory, without sugar and artificial sweeteners, ready-to-drink (reconstituted with standard semi-skimmed milk)",18161,1.37,0.00,0.18,0.00,0.00,0.00,0.00,0.01,0.00,0.00,0.06,15.00,58.00,0.22,10.80,0.00,0,0,0.05,0.01,0.06,0.01,0.32,0.44,0.10,0.38,0.00,0.29,-0.01,0.02,0.05,0.04,Nutriscore_B
246f6f08-f9d2-5f47-b0e2-a9e4a26a5f04,5bd0785f-c161-5fe7-813a-73ebaeae052c,"Energy drink, with sugar",18352,0.69,0.00,0.27,0.00,0.00,0.00,0.00,0.01,0.00,0.00,0.02,5.08,9.68,0.37,12.80,0.00,0,0,0.03,0.01,0.13,0.01,0.10,0.17,0.08,0.37,0.00,0.25,-0.02,0.05,0.07,0.01,Nutriscore_E
370d9ef3-e2ae-5dcb-8f4d-d08ef20c8907,5bd0785f-c161-5fe7-813a-73ebaeae052c,"Energy drink, without sugar and with artificial sweetener(s)",18353,0.69,0.00,0.27,0.00,0.00,0.00,0.00,0.01,0.00,0.00,0.02,5.08,9.68,0.37,12.80,0.00,0,0,0.03,0.01,0.13,0.01,0.10,0.17,0.08,0.37,0.00,0.25,-0.02,0.05,0.07,0.01,Nutriscore_C
31be3695-0c76-5e67-af91-a6d75ef13f3a,aba7ef0e-6881-5682-a02c-f30167e7831d,"Cola, with sugar",18018,0.49,0.00,0.22,0.00,0.00,0.00,0.00,0.00,0.00,0.00,0.01,10.50,13.20,0.31,10.40,0.00,0,0,0.03,0.01,0.13,0.01,0.10,0.17,0.08,0.37,0.00,0.25,-0.02,0.05,0.07,0.01,Nutriscore_E
0e9b6f2b-5df5-59e5-bad4-cd14b758d30c,aba7ef0e-6881-5682-a02c-f30167e7831d,"Cola, with sugar and artificial sweetener(s)",18037,0.49,0.00,0.22,0.00,0.00,0.00,0.00,0.00,0.00,0.00,0.01,10.50,13.20,0.31,10.40,0.00,0,0,0.03,0.01,0.13,0.01,0.10,0.17,0.08,0.37,0.00,0.25,-0.02,0.05,0.07,0.01,Nutriscore_E
f8c00a66-b722-58ba-8450-48446895c206,a19515b0-8cef-5893-b81f-e04efd121af0,"Cola, without sugar, with artificial sweetener(s) and with caffeine",18068,0.49,0.00,0.22,0.00,0.00,0.00,0.00,0.00,0.00,0.00,0.01,10.50,13.20,0.31,10.40,0.00,0,0,0.03,0.01,0.13,0.01,0.10,0.17,0.08,0.37,0.00,0.25,-0.02,0.05,0.07,0.01,Nutriscore_C
3fe15096-66ae-5741-83f1-4444d61be2d6,112455dd-749b-5106-9425-5ea05d25da74,"Cola, with sugar and without caffeine",18067,0.49,0.00,0.22,0.00,0.00,0.00,0.00,0.00,0.00,0.00,0.01,10.50,13.20,0.31,10.40,0.00,0,0,0.03,0.01,0.13,0.01,0.10,0.17,0.08,0.37,0.00,0.25,-0.02,0.05,0.07,0.01,Nutriscore_E
cb0a26ed-f6db-5928-8778-37b2c108a3f8,de5fafdc-ff4d-508e-ae02-951e4f64f326,"Cola, without sugar and with artificial sweetener(s)",18060,0.49,0.00,0.22,0.00,0.00,0.00,0.00,0.00,0.00,0.00,0.01,10.50,13.20,0.31,10.40,0.00,0,0,0.03,0.01,0.13,0.01,0.10,0.17,0.08,0.37,0.00,0.25,-0.02,0.05,0.07,0.01,Nutriscore_C
4e4e9258-d1c0-5b4c-b924-1ffda16a39f8,974cccb2-ef25-5cfc-899d-bb1b19cdb2a1,"Bottled water, flavoured, w sugar",18012,0.38,0.00,0.22,0.00,0.00,0.00,0.00,0.00,0.00,0.00,0.00,1.98,1.70,0.08,9.25,0.00,0,0,0.03,0.01,0.13,0.01,0.10,0.17,0.08,0.37,0.00,0.25,-0.02,0.05,0.07,0.01,Nutriscore_C
d0c2677b-5ba1-57c0-aba8-92a280e8c746,974cccb2-ef25-5cfc-899d-bb1b19cdb2a1,"Bottled water, flavoured, without sugar and artificial sweeteners",18028,0.38,0.00,0.22,0.00,0.00,0.00,0.00,0.00,0.00,0.00,0.00,1.98,1.70,0.08,9.25,0.00,0,0,0.03,0.01,0.13,0.01,0.10,0.17,0.08,0.37,0.00,0.25,-0.02,0.05,0.07,0.01,Nutriscore_B
c0717b73-7457-5072-bb99-146b36b0e348,974cccb2-ef25-5cfc-899d-bb1b19cdb2a1,"Bottled water, flavoured, without sugar and with artificial sweeteners",18030,0.38,0.00,0.22,0.00,0.00,0.00,0.00,0.00,0.00,0.00,0.00,1.98,1.70,0.08,9.25,0.00,0,0,0.03,0.01,0.13,0.01,0.10,0.17,0.08,0.37,0.00,0.25,-0.02,0.05,0.07,0.01,Nutriscore_C
572f9eaa-f3d4-5a0f-af49-7f7cdd4c7587,974cccb2-ef25-5cfc-899d-bb1b19cdb2a1,"Cocktail, alcohol-free (juices and syrup-based cocktail)",2008,1.13,0.00,0.30,0.00,0.00,0.00,0.00,0.01,0.00,0.00,0.02,36.50,21.20,0.58,18.60,0.00,0,0,0.03,0.01,0.13,0.01,0.10,0.17,0.08,0.37,0.00,0.25,-0.02,0.05,0.07,0.01,Nutriscore_E
774761e4-dba8-5f95-865c-ac26cadba576,974cccb2-ef25-5cfc-899d-bb1b19cdb2a1,"Soft drink, carbonated, without fruit juice, with sugar",18026,0.49,0.00,0.22,0.00,0.00,0.00,0.00,0.00,0.00,0.00,0.01,10.50,13.20,0.31,10.40,0.00,0,0,0.03,0.01,0.13,0.01,0.10,0.17,0.08,0.37,0.00,0.25,-0.02,0.05,0.07,0.01,Nutriscore_D
666b4276-b0a5-50b7-9d8b-a1427dc6b382,974cccb2-ef25-5cfc-899d-bb1b19cdb2a1,"Soft drink, carbonated, without fruit juice, with sugar and artificial sweetener(s)",18078,0.49,0.00,0.22,0.00,0.00,0.00,0.00,0.00,0.00,0.00,0.01,10.50,13.20,0.31,10.40,0.00,0,0,0.03,0.01,0.13,0.01,0.10,0.17,0.08,0.37,0.00,0.25,-0.02,0.05,0.07,0.01,Nutriscore_E
5df13319-67ca-547e-a043-da4a51e00f40,974cccb2-ef25-5cfc-899d-bb1b19cdb2a1,"Still soft drink with tea extract, flavoured, with sugar",18075,0.42,0.00,0.22,0.00,0.00,0.00,0.00,0.00,0.00,0.00,0.01,2.81,4.15,0.30,9.55,0.00,0,0,0.03,0.01,0.13,0.01,0.10,0.17,0.08,0.37,0.00,0.25,-0.02,0.05,0.07,0.01,Nutriscore_C
5af88a6c-35bd-5b9c-a398-424d6f6748e2,974cccb2-ef25-5cfc-899d-bb1b19cdb2a1,"Still soft drink with tea extract, flavoured, without sugar and with artificial sweeteners",18065,0.42,0.00,0.22,0.00,0.00,0.00,0.00,0.00,0.00,0.00,0.01,2.81,4.15,0.30,9.55,0.00,0,0,0.03,0.01,0.13,0.01,0.10,0.17,0.08,0.37,0.00,0.25,-0.02,0.05,0.07,0.01,Nutriscore_C
1a2585ae-5468-5475-b25b-f2b9bf3c2dc7,974cccb2-ef25-5cfc-899d-bb1b19cdb2a1,"Still soft drink with tea extract, with sugar and artificial sweetener(s)",18015,0.42,0.00,0.22,0.00,0.00,0.00,0.00,0.00,0.00,0.00,0.01,2.81,4.15,0.30,9.55,0.00,0,0,0.03,0.01,0.13,0.01,0.10,0.17,0.08,0.37,0.00,0.25,-0.02,0.05,0.07,0.01,Nutriscore_D
0f5448e6-6ed7-5a8e-b2cc-baedabd4ec90,974cccb2-ef25-5cfc-899d-bb1b19cdb2a1,"Tonic drink, with sugar",18344,0.49,0.00,0.22,0.00,0.00,0.00,0.00,0.00,0.00,0.00,0.01,10.50,13.20,0.31,10.40,0.00,0,0,0.03,0.01,0.13,0.01,0.10,0.17,0.08,0.37,0.00,0.25,-0.02,0.05,0.07,0.01,Nutriscore_D
3ed4bd26-e267-52bb-8f8c-089e42459f63,974cccb2-ef25-5cfc-899d-bb1b19cdb2a1,"Tonic drink, with sugar and artificial sweetener(s)",18014,0.49,0.00,0.22,0.00,0.00,0.00,0.00,0.00,0.00,0.00,0.01,10.50,13.20,0.31,10.40,0.00,0,0,0.03,0.01,0.13,0.01,0.10,0.17,0.08,0.37,0.00,0.25,-0.02,0.05,0.07,0.01,Nutriscore_E
78ae2725-de54-5d3a-a69e-5dd6a45c0ca0,974cccb2-ef25-5cfc-899d-bb1b19cdb2a1,"Tonic drink, without sugar, with artificial sweetener(s)",18013,0.49,0.00,0.22,0.00,0.00,0.00,0.00,0.00,0.00,0.00,0.01,10.50,13.20,0.31,10.40,0.00,0,0,0.03,0.01,0.13,0.01,0.10,0.17,0.08,0.37,0.00,0.25,-0.02,0.05,0.07,0.01,Nutriscore_C
5d5742dd-2c64-535d-865d-48b4c2d71d7c,c6893ce9-d010-5e56-853b-e23eee47d6b8,"Fruit soft drink, carbonated (10-50% of fruit juice), with sugar",18019,0.41,0.00,0.22,0.00,0.00,0.00,0.00,0.00,0.00,0.00,0.00,3.44,5.60,0.29,9.58,0.00,0,0,0.03,0.01,0.13,0.01,0.10,0.17,0.08,0.37,0.00,0.25,-0.02,0.05,0.07,0.01,Nutriscore_E
a7833b3f-21ca-5ffe-aafc-7b347aa5ddb7,c6893ce9-d010-5e56-853b-e23eee47d6b8,"Fruit soft drink, carbonated (less than 10% of fruit juice), with sugar",18049,0.41,0.00,0.22,0.00,0.00,0.00,0.00,0.00,0.00,0.00,0.00,3.44,5.60,0.29,9.58,0.00,0,0,0.03,0.01,0.13,0.01,0.10,0.17,0.08,0.37,0.00,0.25,-0.02,0.05,0.07,0.01,Nutriscore_D
7adcfda6-c2df-5737-80fb-8590e151612d,c6893ce9-d010-5e56-853b-e23eee47d6b8,"Fruit soft drink, carbonated (less than 10% of fruit juice), with sugar and artificial sweetener(s)",18033,0.41,0.00,0.22,0.00,0.00,0.00,0.00,0.00,0.00,0.00,0.00,3.44,5.60,0.29,9.58,0.00,0,0,0.03,0.01,0.13,0.01,0.10,0.17,0.08,0.37,0.00,0.25,-0.02,0.05,0.07,0.01,Nutriscore_E
8b6200a1-e937-5f36-b070-51a5f0a4e01c,c6893ce9-d010-5e56-853b-e23eee47d6b8,"Fruit soft drink, carbonated (less than 10% of fruit juice), without sugar and artificial sweetener(s)",18345,0.38,0.00,0.22,0.00,0.00,0.00,0.00,0.00,0.00,0.00,0.00,1.98,1.70,0.08,9.25,0.00,0,0,0.03,0.01,0.13,0.01,0.10,0.17,0.08,0.37,0.00,0.25,-0.02,0.05,0.07,0.01,Nutriscore_C
a4466b3a-5a37-5e44-be52-612859389131,c6893ce9-d010-5e56-853b-e23eee47d6b8,"Fruit soft drink, carbonated (less than 10% of fruit juice), without sugar and with artificial sweetener(s)",18340,0.38,0.00,0.22,0.00,0.00,0.00,0.00,0.00,0.00,0.00,0.00,1.98,1.70,0.08,9.25,0.00,0,0,0.03,0.01,0.13,0.01,0.10,0.17,0.08,0.37,0.00,0.25,-0.02,0.05,0.07,0.01,Nutriscore_C
9e846e17-d730-5917-ac46-b78d17fec53c,c6893ce9-d010-5e56-853b-e23eee47d6b8,"Fruit soft drink, still (10-50% of fruit juice), reduced sugar",18304,0.57,0.00,0.23,0.00,0.00,0.00,0.00,0.01,0.00,0.00,0.03,5.10,11.40,0.65,11.10,0.00,0,0,0.03,0.01,0.13,0.01,0.10,0.17,0.08,0.37,0.00,0.25,-0.02,0.05,0.07,0.01,Nutriscore_D
ee3d9540-2ae1-5309-9564-dac9311b7cbb,c6893ce9-d010-5e56-853b-e23eee47d6b8,"Fruit soft drink, still (10-50% of fruit juice), with sugar",18339,0.57,0.00,0.23,0.00,0.00,0.00,0.00,0.01,0.00,0.00,0.03,5.10,11.40,0.65,11.10,0.00,0,0,0.03,0.01,0.13,0.01,0.10,0.17,0.08,0.37,0.00,0.25,-0.02,0.05,0.07,0.01,Nutriscore_E
7f09bc4c-4db8-5e95-ae2a-b34c4dad7b7a,c6893ce9-d010-5e56-853b-e23eee47d6b8,"Fruit soft drink, still (fruit juice content unspecified), with sugar",18309,0.57,0.00,0.23,0.00,0.00,0.00,0.00,0.01,0.00,0.00,0.03,5.10,11.40,0.65,11.10,0.00,0,0,0.03,0.01,0.13,0.01,0.10,0.17,0.08,0.37,0.00,0.25,-0.02,0.05,0.07,0.01,Nutriscore_E
13fef24e-79f4-5e29-bf36-6bc937d6eaf2,c6893ce9-d010-5e56-853b-e23eee47d6b8,"Fruit soft drink, still (less than 10% of fruit juice), with sugar",18023,0.57,0.00,0.23,0.00,0.00,0.00,0.00,0.01,0.00,0.00,0.03,5.10,11.40,0.65,11.10,0.00,0,0,0.03,0.01,0.13,0.01,0.10,0.17,0.08,0.37,0.00,0.25,-0.02,0.05,0.07,0.01,Nutriscore_D
5c30970a-aeb0-5f6e-9536-94aaa5564d35,c6893ce9-d010-5e56-853b-e23eee47d6b8,"Fruit soft drink, still (less than 10% of fruit juice), without sugar and with artificial sweetener(s)",18021,0.38,0.00,0.22,0.00,0.00,0.00,0.00,0.00,0.00,0.00,0.00,1.98,1.70,0.08,9.25,0.00,0,0,0.03,0.01,0.13,0.01,0.10,0.17,0.08,0.37,0.00,0.25,-0.02,0.05,0.07,0.01,Nutriscore_C
fdbea9c1-85c6-52ec-b075-6901049d99cb,c6893ce9-d010-5e56-853b-e23eee47d6b8,Lemonade with a flavoured syrup,18039,0.55,0.00,0.23,0.00,0.00,0.00,0.00,0.01,0.00,0.00,0.02,10.80,15.60,0.50,11.00,0.00,0,0,0.03,0.01,0.13,0.01,0.10,0.17,0.08,0.37,0.00,0.25,-0.02,0.05,0.07,0.01,Nutriscore_D
425b2fc2-c350-53c9-8348-a784154c8b6a,c6893ce9-d010-5e56-853b-e23eee47d6b8,"Lemonade, with sugar",18010,0.49,0.00,0.22,0.00,0.00,0.00,0.00,0.00,0.00,0.00,0.01,10.50,13.20,0.31,10.40,0.00,0,0,0.03,0.01,0.13,0.01,0.10,0.17,0.08,0.37,0.00,0.25,-0.02,0.05,0.07,0.01,Nutriscore_D
240fa305-6287-52ba-a69c-312669e7595e,c6893ce9-d010-5e56-853b-e23eee47d6b8,"Lemonade, with sugar and artificial sweetener(s)",18016,0.49,0.00,0.22,0.00,0.00,0.00,0.00,0.00,0.00,0.00,0.01,10.50,13.20,0.31,10.40,0.00,0,0,0.03,0.01,0.13,0.01,0.10,0.17,0.08,0.37,0.00,0.25,-0.02,0.05,0.07,0.01,Nutriscore_C
ef38289e-ebc0-58c2-8318-8c1e66a619a1,c6893ce9-d010-5e56-853b-e23eee47d6b8,"Lemonade, without sugar, with artificial sweetener(s)",18035,0.49,0.00,0.22,0.00,0.00,0.00,0.00,0.00,0.00,0.00,0.01,10.50,13.20,0.31,10.40,0.00,0,0,0.03,0.01,0.13,0.01,0.10,0.17,0.08,0.37,0.00,0.25,-0.02,0.05,0.07,0.01,Nutriscore_C
8591eb39-9857-500b-8276-4337dce56d1a,9f97c7d4-d184-5246-8c24-26c1d046484d,"Black tea, brewed, without sugar",18154,0.04,0.00,0.07,0.00,0.00,0.00,0.00,0.00,0.00,0.00,0.00,1.64,4.02,0.78,1.75,0.00,0,0,0.12,0.08,0.95,0.03,0.36,0.61,0.50,1.32,0.02,0.95,-0.14,0.12,0.15,0.11,Nutriscore_B
6165ff61-49b8-5e0f-a2da-f09445c5c3ca,9f97c7d4-d184-5246-8c24-26c1d046484d,"Tea, brewed, without sugar",18020,0.04,0.00,0.07,0.00,0.00,0.00,0.00,0.00,0.00,0.00,0.00,1.64,4.02,0.78,1.75,0.00,0,0,0.12,0.08,0.95,0.03,0.36,0.61,0.50,1.32,0.02,0.95,-0.14,0.12,0.15,0.11,Nutriscore_B
7a66a10d-3ee5-52cd-8b53-21ad31990982,90c8317c-1b22-54af-a81c-87671ed99947,"Green tea, brewed, without sugar",18155,0.04,0.00,0.07,0.00,0.00,0.00,0.00,0.00,0.00,0.00,0.00,1.64,4.02,0.78,1.75,0.00,0,0,0.12,0.08,0.95,0.03,0.36,0.61,0.50,1.32,0.02,0.95,-0.14,0.12,0.15,0.11,Nutriscore_B
1eba5148-6fe3-5fe4-b3c0-002f41cd8e85,90c8317c-1b22-54af-a81c-87671ed99947,"Oolong tea, brewed, without sugar",18156,0.04,0.00,0.07,0.00,0.00,0.00,0.00,0.00,0.00,0.00,0.00,1.64,4.02,0.78,1.75,0.00,0,0,0.12,0.08,0.95,0.03,0.36,0.61,0.50,1.32,0.02,0.95,-0.14,0.12,0.15,0.11,Nutriscore_B
a2ebc244-3139-59da-819a-0f21c30ebd2c,664353ea-300b-519f-a578-4c6051314606,"Infusion, brewed, without sugar",18022,0.04,0.00,0.07,0.00,0.00,0.00,0.00,0.00,0.00,0.00,0.00,1.64,4.02,0.78,1.75,0.00,0,0,0.12,0.08,0.95,0.03,0.36,0.61,0.50,1.32,0.02,0.95,-0.14,0.12,0.15,0.11,Nutriscore_B
c06f0ca6-01c5-587f-b962-74e1bafc9f41,ff739d0a-8e65-543e-ac3e-c3ca421dc566,"Spirulina, (spirulina sp.), dried",11086,11.80,0.00,11.20,0.05,0.00,0.00,0.00,0.11,0.00,0.02,0.14,57.90,26.70,4.83,396.00,0.00,0,0,2.60,4.68,38.05,0.21,4.68,9.45,23.93,33.38,0.15,44.55,-1.00,25.39,28.40,13.31,Nutriscore_D
1619eb5c-0512-5d55-96d5-3a010695781b,75597b02-693b-5f89-bd92-83ab149f1c18,"Meal replacement low calorie, Custard cream dessert-type",42000,2.66,0.00,0.75,0.01,0.00,0.00,0.00,0.02,0.00,0.01,0.06,21.40,55.70,0.81,42.80,0.00,0.98401458,20.38305079,0.02,0.05,0.60,0.05,0.46,1.08,0.25,1.70,0.02,0.97,-0.10,0.07,0.08,0.09,0
abcaa94d-eb41-5f10-8313-de1f130eef59,75597b02-693b-5f89-bd92-83ab149f1c18,"Meal replacement low calorie, in powder, reconstituted with skimmed milk",42004,2.66,0.00,0.75,0.01,0.00,0.00,0.00,0.02,0.00,0.01,0.06,21.40,55.70,0.81,42.80,0.00,0.98401458,20.38305079,0.02,0.05,0.60,0.05,0.46,1.08,0.25,1.70,0.02,0.97,-0.10,0.07,0.08,0.09,0
d41fea81-b087-5051-83cc-63619efb113c,75597b02-693b-5f89-bd92-83ab149f1c18,"Meal replacement low calorie, in powder, reconstituted with skimmed milk, milkshake type",42005,2.66,0.00,0.75,0.01,0.00,0.00,0.00,0.02,0.00,0.01,0.06,21.40,55.70,0.81,42.80,0.00,0.98401458,20.38305079,0.02,0.05,0.60,0.05,0.46,1.08,0.25,1.70,0.02,0.97,-0.10,0.07,0.08,0.09,0
e62d5187-079c-5edc-bf2b-cb33bb598e9f,75597b02-693b-5f89-bd92-83ab149f1c18,"Meal replacement low calorie, ready-to-drink",42003,2.66,0.00,0.75,0.01,0.00,0.00,0.00,0.02,0.00,0.01,0.06,21.40,55.70,0.81,42.80,0.00,0.98401458,20.38305079,0.02,0.05,0.60,0.05,0.46,1.08,0.25,1.70,0.02,0.97,-0.10,0.07,0.08,0.09,0
c1ff2132-9629-5da7-8169-2ba2b1785dee,63e096a9-ff13-5b4c-a86a-d99b74702188,"Chocolate mousse (milk-based), refrigerated",39206,9.68,0.00,0.41,0.02,0.00,0.00,0.00,0.03,0.00,0.03,0.11,52.70,413.00,0.93,38.20,0.00,1.057022083,2.52590598,0.00,0.00,0.04,0.00,0.03,0.07,0.02,0.13,0.00,0.05,-0.01,0.00,0.00,0.01,Nutriscore_C
cf7d6d4f-c9e5-501f-aa32-89e693dbddad,63e096a9-ff13-5b4c-a86a-d99b74702188,"Mousse (chocolate, coffee, caramel or vanilla) topped with whipped cream, refrigerated",39235,5.08,0.00,0.38,0.01,0.00,0.00,0.00,0.02,0.00,0.01,0.08,23.10,192.00,0.59,25.70,0.00,1.057022083,2.52590598,0.00,0.00,0.04,0.00,0.03,0.07,0.02,0.13,0.00,0.05,-0.01,0.00,0.00,0.01,Nutriscore_D
4b51c170-81c6-5575-a02b-5705a7ef6c2a,63e096a9-ff13-5b4c-a86a-d99b74702188,"Mousse, chocolate, refrigerated",39210,9.76,0.00,0.41,0.02,0.00,0.00,0.00,0.03,0.00,0.03,0.11,52.60,412.00,0.96,39.20,0.00,1.057022083,2.52590598,0.00,0.00,0.04,0.00,0.03,0.07,0.02,0.13,0.00,0.05,-0.01,0.00,0.00,0.01,Nutriscore_E
a8a0cafd-a50c-5eb4-95ef-2ae5907f82a3,b687e556-8fd8-5eec-9051-e7c9dff4f6b9,"Caramelized custard cream (crème brûlée), refrigerated",39213,2.18,0.00,0.85,0.01,0.00,0.00,0.00,0.02,0.00,0.01,0.09,46.10,87.00,1.02,31.90,0.00,1.345776237,1.217992064,0.00,0.00,0.04,0.00,0.03,0.07,0.02,0.13,0.00,0.05,-0.01,0.00,0.00,0.01,Nutriscore_D
9b66abf3-3a70-53b5-8fb0-2f07e709417c,b687e556-8fd8-5eec-9051-e7c9dff4f6b9,"Custard cream with caramel sauce, refrigerated",39209,1.90,0.00,0.69,0.01,0.00,0.00,0.00,0.02,0.00,0.01,0.08,24.60,77.10,0.73,27.90,0.00,1.345776237,1.217992064,0.00,0.00,0.04,0.00,0.03,0.07,0.02,0.13,0.00,0.05,-0.01,0.00,0.00,0.01,Nutriscore_C
4289a01a-1008-5b27-bf95-55fa517cf242,b687e556-8fd8-5eec-9051-e7c9dff4f6b9,"Custard cream with eggs (a small jar of chocolate or vanilla cream or other flavour), refrigerated",39211,3.88,0.00,0.71,0.01,0.00,0.00,0.00,0.02,0.00,0.01,0.08,28.10,155.00,0.68,32.10,0.00,1.345776237,1.217992064,0.00,0.00,0.04,0.00,0.03,0.07,0.02,0.13,0.00,0.05,-0.01,0.00,0.00,0.01,Nutriscore_C
10647c14-bb09-59bb-890f-fe90bc73e068,b687e556-8fd8-5eec-9051-e7c9dff4f6b9,"Custard dessert, caramel, refrigerated",39247,1.94,0.00,0.73,0.00,0.00,0.00,0.00,0.02,0.00,0.01,0.07,18.30,66.50,0.53,27.70,0.00,1.345776237,1.217992064,0.00,0.00,0.04,0.00,0.03,0.07,0.02,0.13,0.00,0.05,-0.01,0.00,0.00,0.01,Nutriscore_C
763ced5a-e6c8-5d6f-bdd9-ca5e843f0c7b,b687e556-8fd8-5eec-9051-e7c9dff4f6b9,"Custard dessert, chocolate, canned",39506,3.62,0.00,0.59,0.01,0.00,0.00,0.00,0.02,0.00,0.01,0.07,19.30,135.00,0.56,27.30,0.00,1.345776237,1.217992064,0.00,0.00,0.04,0.00,0.03,0.07,0.02,0.13,0.00,0.05,-0.01,0.00,0.00,0.01,Nutriscore_C
751bfb48-3709-506f-af9d-7512dfe28c94,b687e556-8fd8-5eec-9051-e7c9dff4f6b9,"Custard dessert, chocolate, refrigerated",39200,3.74,0.00,0.67,0.01,0.00,0.00,0.00,0.02,0.00,0.01,0.07,20.10,135.00,0.56,29.90,0.00,1.345776237,1.217992064,0.00,0.00,0.04,0.00,0.03,0.07,0.02,0.13,0.00,0.05,-0.01,0.00,0.00,0.01,Nutriscore_C
31c1360b-1937-5237-94eb-83d58cc89fe0,b687e556-8fd8-5eec-9051-e7c9dff4f6b9,"Custard dessert, coffee, refrigerated",39246,1.94,0.00,0.73,0.00,0.00,0.00,0.00,0.02,0.00,0.01,0.07,18.30,66.50,0.53,27.70,0.00,1.345776237,1.217992064,0.00,0.00,0.04,0.00,0.03,0.07,0.02,0.13,0.00,0.05,-0.01,0.00,0.00,0.01,Nutriscore_C
a7ae5c5c-5eba-5443-9494-f69759a46f62,b687e556-8fd8-5eec-9051-e7c9dff4f6b9,"Custard dessert, reduced fat, refrigerated",19673,1.94,0.00,0.73,0.00,0.00,0.00,0.00,0.02,0.00,0.01,0.07,18.30,66.50,0.53,27.70,0.00,1.345776237,1.217992064,0.00,0.00,0.04,0.00,0.03,0.07,0.02,0.13,0.00,0.05,-0.01,0.00,0.00,0.01,Nutriscore_B
3c32ca08-a32b-5fd9-9cbe-9ccd69ace39a,b687e556-8fd8-5eec-9051-e7c9dff4f6b9,"Custard dessert, vanilla, canned",39214,1.83,0.00,0.65,0.00,0.00,0.00,0.00,0.02,0.00,0.01,0.07,17.50,66.30,0.52,25.10,0.00,1.345776237,1.217992064,0.00,0.00,0.04,0.00,0.03,0.07,0.02,0.13,0.00,0.05,-0.01,0.00,0.00,0.01,Nutriscore_C
e8e8baea-f744-5765-a232-991377e4d83e,b687e556-8fd8-5eec-9051-e7c9dff4f6b9,"Custard dessert, vanilla, refrigerated",39229,1.94,0.00,0.73,0.00,0.00,0.00,0.00,0.02,0.00,0.01,0.07,18.30,66.50,0.53,27.70,0.00,1.345776237,1.217992064,0.00,0.00,0.04,0.00,0.03,0.07,0.02,0.13,0.00,0.05,-0.01,0.00,0.00,0.01,Nutriscore_C
122f8bf9-bfe2-5efe-aedd-cf6308847994,b687e556-8fd8-5eec-9051-e7c9dff4f6b9,"Custard topped with whipped cream (chocolate, coffee, caramel or vanilla custard), refrigerated",19681,5.23,0.00,0.78,0.01,0.00,0.00,0.00,0.02,0.00,0.01,0.08,23.70,195.00,0.62,35.50,0.00,1.345776237,1.217992064,0.00,0.00,0.04,0.00,0.03,0.07,0.02,0.13,0.00,0.05,-0.01,0.00,0.00,0.01,Nutriscore_C
080d363e-9a95-5508-a39b-6a0f1977734d,b687e556-8fd8-5eec-9051-e7c9dff4f6b9,"Light custard cream with vanilla, prepacked",39700,1.81,0.00,0.69,0.00,0.00,0.00,0.00,0.02,0.00,0.01,0.08,21.50,71.10,0.55,26.20,0.00,0.023418119,4.672924777,0.00,0.00,0.04,0.00,0.03,0.07,0.02,0.13,0.00,0.05,-0.01,0.00,0.00,0.01,Nutriscore_C
368a6c6c-8543-5ab6-a9b4-eb88023d7e99,b687e556-8fd8-5eec-9051-e7c9dff4f6b9,"Panna cotta, refrigerated",19685,2.38,0.00,0.99,0.01,0.00,0.00,0.00,0.02,0.00,0.01,0.10,23.20,86.00,0.67,35.10,0.00,0.023418119,4.672924777,0.00,0.00,0.04,0.00,0.03,0.07,0.02,0.13,0.00,0.05,-0.01,0.00,0.00,0.01,Nutriscore_D
3bd5825d-cc5e-5868-a13f-47a8a1e1eabe,b687e556-8fd8-5eec-9051-e7c9dff4f6b9,Pastry cream or custard,39710,1.52,0.00,0.66,0.00,0.00,0.00,0.00,0.02,0.00,0.01,0.07,16.00,59.40,0.50,22.90,0.00,1.345776237,1.217992064,0.00,0.00,0.04,0.00,0.03,0.07,0.02,0.13,0.00,0.05,-0.01,0.00,0.00,0.01,Nutriscore_C
48e3042b-8bb9-5b49-9295-ec1c731a5585,b687e556-8fd8-5eec-9051-e7c9dff4f6b9,"Whipped cream or Chantilly cream, under pressure, UHT",19420,1.97,0.00,0.50,0.00,0.00,0.00,0.00,0.02,0.00,0.01,0.09,21.60,85.20,0.46,20.00,0.00,0.024634542,4.91565358,0.00,0.00,0.04,0.00,0.03,0.07,0.02,0.13,0.00,0.05,-0.01,0.00,0.00,0.01,Nutriscore_D
2edc63fe-a432-532e-8230-c97e0d32afa9,39d2e1b3-5d12-5988-88f1-436050febbcb,"Milk jelly, flavoured, covered with caramel, refrigerated",19679,1.76,0.00,0.66,0.01,0.00,0.00,0.00,0.02,0.00,0.01,0.08,23.50,72.10,0.74,26.90,0.00,0.018405633,3.672717587,0.00,0.00,0.04,0.00,0.03,0.07,0.02,0.13,0.00,0.05,-0.01,0.00,0.00,0.01,Nutriscore_C
0f81e084-4271-5b42-8f86-4818d502736c,39d2e1b3-5d12-5988-88f1-436050febbcb,"Milk jelly, flavoured, reduced fat and sugar, refrigerated",19683,1.81,0.00,0.65,0.00,0.00,0.00,0.00,0.02,0.00,0.01,0.07,16.90,61.70,0.45,25.10,0.00,0.018405633,3.672717587,0.00,0.00,0.04,0.00,0.03,0.07,0.02,0.13,0.00,0.05,-0.01,0.00,0.00,0.01,Nutriscore_C
c587638d-1279-5db7-8a9d-154cfe78a883,39d2e1b3-5d12-5988-88f1-436050febbcb,"Milk jelly, flavoured, refrigerated",19680,1.81,0.00,0.65,0.00,0.00,0.00,0.00,0.02,0.00,0.01,0.07,16.90,61.70,0.45,25.10,0.00,0.018405633,3.672717587,0.00,0.00,0.04,0.00,0.03,0.07,0.02,0.13,0.00,0.05,-0.01,0.00,0.00,0.01,Nutriscore_C
0097d17a-4b2c-5fc7-b1f9-efe526f41849,2ef6061f-0c5c-5ad4-bc06-a1ff0e28d341,baked Alaska,39518,2.22,0.00,0.99,0.01,0.00,0.00,0.00,0.02,0.00,0.01,0.08,21.60,67.70,0.67,38.00,0.00,0.016961223,3.384495571,0.00,0.00,0.04,0.00,0.03,0.07,0.02,0.13,0.00,0.05,-0.01,0.00,0.00,0.01,Nutriscore_D
678bb2ec-9ebe-5d11-84c6-9e416b2375c5,2ef6061f-0c5c-5ad4-bc06-a1ff0e28d341,Belle Helene pear dessert (cooked pear topped with hot chocolate sauce on a bed of vanilla ice cream),39519,2.22,0.00,0.99,0.01,0.00,0.00,0.00,0.02,0.00,0.01,0.08,21.60,67.70,0.67,38.00,0.00,0.016961223,3.384495571,0.00,0.00,0.04,0.00,0.03,0.07,0.02,0.13,0.00,0.05,-0.01,0.00,0.00,0.01,Nutriscore_D
b6a16fe6-3a10-5417-8e69-98e1837ecd19,2ef6061f-0c5c-5ad4-bc06-a1ff0e28d341,"Frozen dessert, ice cream with meringue, vacherin ice cream or mystery ice cream type",39502,2.22,0.00,0.99,0.01,0.00,0.00,0.00,0.02,0.00,0.01,0.08,21.60,67.70,0.67,38.00,0.00,0.01746576,3.485172379,0.00,0.00,0.04,0.00,0.03,0.07,0.02,0.13,0.00,0.05,-0.01,0.00,0.00,0.01,Nutriscore_D
30600cb2-6015-50d4-ab76-c6bbd8d82278,2ef6061f-0c5c-5ad4-bc06-a1ff0e28d341,"Frozen dessert, Sundae ice cream type",39512,1.98,0.00,0.99,0.01,0.00,0.00,0.00,0.02,0.00,0.01,0.08,23.00,90.80,0.62,32.80,0.00,0.016961223,3.384495571,0.00,0.00,0.04,0.00,0.03,0.07,0.02,0.13,0.00,0.05,-0.01,0.00,0.00,0.01,Nutriscore_D
e4ae4d57-cd10-539e-b9cd-5d1567375e52,2ef6061f-0c5c-5ad4-bc06-a1ff0e28d341,"Goblet of ice cream, coffee or chocolate ice cream topped with whipped cream",39532,2.15,0.00,0.95,0.01,0.00,0.00,0.00,0.02,0.00,0.01,0.08,24.30,86.00,1.00,33.50,0.00,0.956213336,1.184590511,0.00,0.00,0.04,0.00,0.03,0.07,0.02,0.13,0.00,0.05,-0.01,0.00,0.00,0.01,Nutriscore_D
871b6c7f-936c-5a18-a5b9-d8ce785317a3,2ef6061f-0c5c-5ad4-bc06-a1ff0e28d341,Ice cream log,39533,2.22,0.00,0.99,0.01,0.00,0.00,0.00,0.02,0.00,0.01,0.08,21.60,67.70,0.67,38.00,0.00,0.012212081,2.436836811,0.00,0.00,0.04,0.00,0.03,0.07,0.02,0.13,0.00,0.05,-0.01,0.00,0.00,0.01,Nutriscore_D
952404b7-d076-57a6-b03c-e6dbdfdd1e3e,2ef6061f-0c5c-5ad4-bc06-a1ff0e28d341,"Ice cream on stick, with chocolate coating",39503,2.55,0.00,0.95,0.01,0.00,0.00,0.00,0.02,0.00,0.01,0.08,21.10,67.40,0.88,43.80,0.00,0.012212081,2.436836811,0.00,0.00,0.04,0.00,0.03,0.07,0.02,0.13,0.00,0.05,-0.01,0.00,0.00,0.01,Nutriscore_E
338905c3-93dc-58e9-ba50-db9633663489,2ef6061f-0c5c-5ad4-bc06-a1ff0e28d341,"Ice cream, chocolate coated",31035,1.96,0.00,0.99,0.00,0.00,0.00,0.00,0.02,0.00,0.01,0.08,20.50,66.80,0.64,35.50,0.00,0.012212081,2.436836811,0.00,0.00,0.04,0.00,0.03,0.07,0.02,0.13,0.00,0.05,-0.01,0.00,0.00,0.01,Nutriscore_E
7db18b68-5770-596c-b25f-87128b3a326e,2ef6061f-0c5c-5ad4-bc06-a1ff0e28d341,"Ice cream, cone (normal size)",39509,1.92,0.00,1.01,0.01,0.00,0.00,0.00,0.02,0.00,0.01,0.08,23.80,77.00,0.62,32.10,0.00,0.012551305,2.504526723,0.00,0.00,0.04,0.00,0.03,0.07,0.02,0.13,0.00,0.05,-0.01,0.00,0.00,0.01,Nutriscore_E
b2f29a8f-20b8-5dae-b7ec-a0851d69bf82,2ef6061f-0c5c-5ad4-bc06-a1ff0e28d341,"Ice cream, cone, mini",39522,1.92,0.00,1.01,0.01,0.00,0.00,0.00,0.02,0.00,0.01,0.08,23.80,77.00,0.62,32.10,0.00,0.012551305,2.504526723,0.00,0.00,0.04,0.00,0.03,0.07,0.02,0.13,0.00,0.05,-0.01,0.00,0.00,0.01,Nutriscore_E
5599fbcb-9e61-5a25-b590-4c3dec953d9c,2ef6061f-0c5c-5ad4-bc06-a1ff0e28d341,"Ice cream, in box",39515,1.96,0.00,0.99,0.00,0.00,0.00,0.00,0.02,0.00,0.01,0.08,20.50,66.80,0.64,35.50,0.00,0.016961223,3.384495571,0.00,0.00,0.04,0.00,0.03,0.07,0.02,0.13,0.00,0.05,-0.01,0.00,0.00,0.01,Nutriscore_D
f4aba82e-1e0f-5310-8e13-51a94b977c65,2ef6061f-0c5c-5ad4-bc06-a1ff0e28d341,"Ice cream, in cup for children",39531,1.98,0.00,0.99,0.01,0.00,0.00,0.00,0.02,0.00,0.01,0.08,23.00,90.80,0.62,32.80,0.00,0.016961223,3.384495571,0.00,0.00,0.04,0.00,0.03,0.07,0.02,0.13,0.00,0.05,-0.01,0.00,0.00,0.01,Nutriscore_D
2e6eaf67-f30c-565c-8125-bfd946a732ec,2ef6061f-0c5c-5ad4-bc06-a1ff0e28d341,"Ice cream, in individual cup",39523,1.98,0.00,0.99,0.01,0.00,0.00,0.00,0.02,0.00,0.01,0.08,23.00,90.80,0.62,32.80,0.00,0.016961223,3.384495571,0.00,0.00,0.04,0.00,0.03,0.07,0.02,0.13,0.00,0.05,-0.01,0.00,0.00,0.01,Nutriscore_D
608ad73b-52c7-58a8-bb26-a29f62659eeb,2ef6061f-0c5c-5ad4-bc06-a1ff0e28d341,"Ice cream, luxury, in box",39520,1.96,0.00,0.99,0.00,0.00,0.00,0.00,0.02,0.00,0.01,0.08,20.50,66.80,0.64,35.50,0.00,0.016961223,3.384495571,0.00,0.00,0.04,0.00,0.03,0.07,0.02,0.13,0.00,0.05,-0.01,0.00,0.00,0.01,Nutriscore_D
5192f47a-7e8d-5d5b-9c08-cf6b7e278d00,2ef6061f-0c5c-5ad4-bc06-a1ff0e28d341,"Ice cream, luxury, in cup",39521,1.98,0.00,0.99,0.01,0.00,0.00,0.00,0.02,0.00,0.01,0.08,23.00,90.80,0.62,32.80,0.00,0.016961223,3.384495571,0.00,0.00,0.04,0.00,0.03,0.07,0.02,0.13,0.00,0.05,-0.01,0.00,0.00,0.01,Nutriscore_E
369b4c54-cd5c-5def-834c-7ba12979f674,2ef6061f-0c5c-5ad4-bc06-a1ff0e28d341,Ice lolly,39526,1.53,0.00,0.81,0.00,0.00,0.00,0.00,0.01,0.00,0.00,0.04,24.50,35.50,1.10,36.90,0.00,0.016961223,3.384495571,0.00,0.00,0.04,0.00,0.03,0.07,0.02,0.13,0.00,0.05,-0.01,0.00,0.00,0.01,Nutriscore_C
52eba316-bb63-5067-ae00-9a16ad615e66,9a8f4dc1-3ca9-5260-9d84-330145bec258,Frosted lemon or orange (sorbet),39530,2.22,0.00,0.99,0.01,0.00,0.00,0.00,0.02,0.00,0.01,0.08,21.60,67.70,0.67,38.00,0.00,0,0,0.00,0.00,0.04,0.00,0.03,0.07,0.02,0.13,0.00,0.05,-0.01,0.00,0.00,0.01,Nutriscore_C
5f432bf1-8a2d-5deb-842b-9727ab39532c,9a8f4dc1-3ca9-5260-9d84-330145bec258,"Goblet of ice cream, peach Melba or Belle Helene pear type",39534,2.15,0.00,0.95,0.01,0.00,0.00,0.00,0.02,0.00,0.01,0.08,24.30,86.00,1.00,33.50,0.00,0,0,0.00,0.00,0.04,0.00,0.03,0.07,0.02,0.13,0.00,0.05,-0.01,0.00,0.00,0.01,Nutriscore_C
0f2ba48d-9907-514c-beaf-d8cd918e1640,9a8f4dc1-3ca9-5260-9d84-330145bec258,Peach melba (with vanilla ice cream and raspberry sauce),39401,2.39,0.00,0.95,0.01,0.00,0.00,0.00,0.02,0.00,0.01,0.08,22.90,62.90,1.04,38.70,0.00,0,0,0.00,0.00,0.04,0.00,0.03,0.07,0.02,0.13,0.00,0.05,-0.01,0.00,0.00,0.01,Nutriscore_C
f3dd476b-1da2-5f02-8783-a9e2c4eb32c7,9a8f4dc1-3ca9-5260-9d84-330145bec258,"Sorbet, in box",39524,1.21,0.00,0.87,0.00,0.00,0.00,0.00,0.01,0.00,0.00,0.04,91.00,62.00,6.73,33.50,0.00,0,0,0.00,0.00,0.04,0.00,0.03,0.07,0.02,0.13,0.00,0.05,-0.01,0.00,0.00,0.01,Nutriscore_C
33f3eda2-0a8d-54e1-a48c-04b0d1e60907,9a8f4dc1-3ca9-5260-9d84-330145bec258,"Sorbet, on stick",31013,1.00,0.00,0.85,0.00,0.00,0.00,0.00,0.01,0.00,0.00,0.04,90.60,61.90,6.69,29.10,0.00,0,0,0.00,0.00,0.04,0.00,0.03,0.07,0.02,0.13,0.00,0.05,-0.01,0.00,0.00,0.01,Nutriscore_C
574716b1-cb24-540e-9855-9fb8ca71f004,ad6ee52c-ee9f-5c6c-8706-2b3a9310e866,"Rice pudding w caramel sauce, refrigerated",23536,1.82,0.00,0.66,0.01,0.00,0.00,0.00,0.02,0.00,0.01,0.07,22.40,61.70,1.93,26.80,0.00,0.006722171,1.341362987,0.00,0.00,0.04,0.00,0.03,0.07,0.02,0.13,0.00,0.05,-0.01,0.00,0.00,0.01,Nutriscore_C
f47fb344-9432-579f-877e-f75abb0aa775,ad6ee52c-ee9f-5c6c-8706-2b3a9310e866,"Rice pudding, canned",39232,1.80,0.00,0.59,0.00,0.00,0.00,0.00,0.02,0.00,0.01,0.07,23.60,63.40,2.22,25.40,0.00,0.006722171,1.341362987,0.00,0.00,0.04,0.00,0.03,0.07,0.02,0.13,0.00,0.05,-0.01,0.00,0.00,0.01,Nutriscore_C
3a12b761-0cdb-5166-90b3-7658cc606ceb,ad6ee52c-ee9f-5c6c-8706-2b3a9310e866,"Rice pudding, refrigerated",39212,1.84,0.00,0.67,0.01,0.00,0.00,0.00,0.02,0.00,0.01,0.07,24.40,63.90,2.20,26.90,0.00,0.006722171,1.341362987,0.00,0.00,0.04,0.00,0.03,0.07,0.02,0.13,0.00,0.05,-0.01,0.00,0.00,0.01,Nutriscore_C
6d3e5141-a890-5949-a497-8c33798fa730,ad6ee52c-ee9f-5c6c-8706-2b3a9310e866,"Semolina pudding, canned",23535,1.78,0.00,0.60,0.00,0.00,0.00,0.00,0.02,0.00,0.01,0.07,18.20,75.40,0.55,25.50,0.00,0.006722171,1.341362987,0.00,0.00,0.04,0.00,0.03,0.07,0.02,0.13,0.00,0.05,-0.01,0.00,0.00,0.01,Nutriscore_C
4c043eac-cf84-5fbc-9a37-49705367a829,ad6ee52c-ee9f-5c6c-8706-2b3a9310e866,"Semolina pudding, refrigerated",39218,1.80,0.00,0.66,0.00,0.00,0.00,0.00,0.02,0.00,0.01,0.07,16.40,63.30,0.51,26.20,0.00,0.006722171,1.341362987,0.00,0.00,0.04,0.00,0.03,0.07,0.02,0.13,0.00,0.05,-0.01,0.00,0.00,0.01,Nutriscore_C
1f5e4762-053c-5f6e-a9d5-c883aff332cc,ad6ee52c-ee9f-5c6c-8706-2b3a9310e866,"Semolina pudding, with raisins and caramel sauce, refrigerated",23534,1.80,0.00,0.66,0.00,0.00,0.00,0.00,0.02,0.00,0.01,0.07,16.40,63.30,0.51,26.20,0.00,0.006722171,1.341362987,0.00,0.00,0.04,0.00,0.03,0.07,0.02,0.13,0.00,0.05,-0.01,0.00,0.00,0.01,Nutriscore_C
62330ea0-3d3d-5315-8743-4f47d9d3bf0b,6a0f3340-2317-5375-8edc-92cd5ac15278,"Tiramisu, refrigerated",19698,10.70,0.00,1.25,0.03,0.00,0.00,0.00,0.14,0.00,0.07,0.59,286.00,442.00,7.74,93.20,0.00,0.016514731,3.295401215,0.00,0.00,0.04,0.00,0.03,0.07,0.02,0.13,0.00,0.05,-0.01,0.00,0.00,0.01,Nutriscore_D
9acc355a-816b-5ec0-acae-edaa8270598a,d87060e5-657e-58ae-b2f4-944d87ceefec,Cheese in puff pastry,25401,4.38,0.00,1.35,0.01,0.00,0.00,0.00,0.05,0.00,0.02,0.20,52.60,197.00,0.75,49.90,0.00,0.003394721,0.677393328,0.02,0.05,0.60,0.05,0.46,1.08,0.25,1.70,0.02,0.97,-0.10,0.07,0.08,0.09,Nutriscore_E
9add0460-0464-52d8-9d5d-99361ea0e575,d87060e5-657e-58ae-b2f4-944d87ceefec,"Salted crispy crepe with cheese, prepacked",38408,1.54,0.00,0.57,0.01,0.00,0.00,0.00,0.01,0.00,0.01,0.06,33.40,189.00,0.70,24.60,0.00,0.003394721,0.677393328,0.01,0.03,0.27,0.02,0.21,0.45,0.10,0.90,0.01,0.40,-0.05,0.03,0.03,0.04,Nutriscore_E
9b079a32-da40-5245-b0bb-801060b24bf2,d87060e5-657e-58ae-b2f4-944d87ceefec,"Salty snacks, crackers, garnished or filled with cheese",38401,1.54,0.00,0.57,0.01,0.00,0.00,0.00,0.01,0.00,0.01,0.06,33.40,189.00,0.70,24.60,0.00,0.003394721,0.677393328,0.01,0.03,0.27,0.02,0.21,0.45,0.10,0.90,0.01,0.40,-0.05,0.03,0.03,0.04,Nutriscore_E
24803415-6d76-50d2-b758-25d3b7517d69,707c94fd-e6f0-5b48-8673-de3ea0da3945,"Puffed salty snacks, made from maize/corn, with peanuts",38404,1.54,0.00,0.57,0.01,0.00,0.00,0.00,0.01,0.00,0.01,0.06,33.40,189.00,0.70,24.60,0.00,0,0,0.01,0.03,0.27,0.02,0.21,0.45,0.10,0.90,0.01,0.40,-0.05,0.03,0.03,0.04,Nutriscore_E
1e7c1792-a048-5d5a-828c-36845d4bd648,707c94fd-e6f0-5b48-8673-de3ea0da3945,"Puffed salty snacks, made from maize/corn, without peanuts",38400,1.54,0.00,0.57,0.01,0.00,0.00,0.00,0.01,0.00,0.01,0.06,33.40,189.00,0.70,24.60,0.00,0,0,0.01,0.03,0.27,0.02,0.21,0.45,0.10,0.90,0.01,0.40,-0.05,0.03,0.03,0.04,Nutriscore_E
8e8bb4c4-20f6-5de1-a099-3c779ac4ec72,06538c92-3adf-55de-864e-cbba289a48c7,"Egg roll or Nem, with shrimp and/or crab, cooked",25584,2.92,0.00,1.36,0.01,0.00,0.00,0.00,0.03,0.00,0.02,0.12,52.40,112.00,6.92,51.90,0.00,2.098616212,0.03504887,0.02,0.05,0.60,0.05,0.46,1.08,0.25,1.70,0.02,0.97,-0.10,0.07,0.08,0.09,Nutriscore_C
a1f3293b-9be4-5560-b30f-3420033ebb2f,06538c92-3adf-55de-864e-cbba289a48c7,Fish or seafood in puff pastry,25151,4.69,0.00,1.58,0.02,0.00,0.00,0.00,0.04,0.00,0.04,0.17,66.70,191.00,0.90,68.00,0.00,2.098616212,0.03504887,0.02,0.05,0.60,0.05,0.46,1.08,0.25,1.70,0.02,0.97,-0.10,0.07,0.08,0.09,Nutriscore_D
a79c169e-4189-518e-91af-126da3c3b450,48ce8a3c-5207-5785-8486-439f807e6e43,"Pop-corn or air-popped maize, unsalted",9231,1.02,0.00,0.67,0.00,0.00,0.00,0.00,0.01,0.00,0.01,0.06,33.10,79.70,0.95,22.50,0.00,0,0,0.01,0.03,0.27,0.02,0.21,0.45,0.10,0.90,0.01,0.40,-0.05,0.03,0.03,0.04,Nutriscore_A
20f06ce2-fff6-5a0a-b219-bbaed2c05cfc,48ce8a3c-5207-5785-8486-439f807e6e43,"Pop-corn or oil popped maize, salted",9230,0.94,0.00,0.67,0.00,0.00,0.00,0.00,0.01,0.00,0.00,0.05,27.10,63.60,0.77,22.20,0.00,0,0,0.01,0.03,0.27,0.02,0.21,0.45,0.10,0.90,0.01,0.40,-0.05,0.03,0.03,0.04,Nutriscore_E
52ac9d16-705e-55e7-82c8-f6a49699f1f5,48ce8a3c-5207-5785-8486-439f807e6e43,"Pop-corn or popped maize, with caramel",9232,1.73,0.00,0.58,0.00,0.00,0.00,0.00,0.02,0.00,0.01,0.11,30.30,92.00,1.41,23.30,0.00,0,0,0.01,0.03,0.27,0.02,0.21,0.45,0.10,0.90,0.01,0.40,-0.05,0.03,0.03,0.04,Nutriscore_D
19e07bbc-d1c2-510b-92b1-2cb02251b5d0,55f02331-3182-5962-86ae-e5d098fb8b7d,Potato crisps,4004,1.40,0.00,0.55,0.00,0.00,0.00,0.00,0.01,0.00,0.01,0.04,38.40,226.00,0.49,23.40,0.00,0,0,0.02,0.05,0.60,0.05,0.46,1.08,0.25,1.70,0.02,0.97,-0.10,0.07,0.08,0.09,Nutriscore_D
bbb5bad7-3832-58e4-97d0-bcbad8dc9f98,55f02331-3182-5962-86ae-e5d098fb8b7d,"Potato crisps and related, reduced fat",4038,1.40,0.00,0.55,0.00,0.00,0.00,0.00,0.01,0.00,0.01,0.04,38.40,226.00,0.49,23.40,0.00,0,0,0.02,0.05,0.60,0.05,0.46,1.08,0.25,1.70,0.02,0.97,-0.10,0.07,0.08,0.09,Nutriscore_C
6e7bb9f3-7097-5504-8f10-b2750413a87b,55f02331-3182-5962-86ae-e5d098fb8b7d,"Potato crisps, ""à l'ancienne"" (old-fashioned style)",4037,1.40,0.00,0.55,0.00,0.00,0.00,0.00,0.01,0.00,0.01,0.04,38.40,226.00,0.49,23.40,0.00,0,0,0.02,0.05,0.60,0.05,0.46,1.08,0.25,1.70,0.02,0.97,-0.10,0.07,0.08,0.09,Nutriscore_D
9bdc7156-29ed-503b-8089-898f45f4e41c,55f02331-3182-5962-86ae-e5d098fb8b7d,"Puffed salty snacks, made from potato",38106,1.54,0.00,0.57,0.01,0.00,0.00,0.00,0.01,0.00,0.01,0.06,33.40,189.00,0.70,24.60,0.00,0,0,0.01,0.03,0.27,0.02,0.21,0.45,0.10,0.90,0.01,0.40,-0.05,0.03,0.03,0.04,Nutriscore_E
ba45fbfb-6218-52bf-af26-ae7997c6526c,55f02331-3182-5962-86ae-e5d098fb8b7d,"Puffed salty snacks, made from potato and soy",38108,1.54,0.00,0.57,0.01,0.00,0.00,0.00,0.01,0.00,0.01,0.06,33.40,189.00,0.70,24.60,0.00,0,0,0.01,0.03,0.27,0.02,0.21,0.45,0.10,0.90,0.01,0.40,-0.05,0.03,0.03,0.04,Nutriscore_E
c8fb4894-929c-51d9-bb3a-80f4fbdc669b,55f02331-3182-5962-86ae-e5d098fb8b7d,"Salty snacks, made from potato",38405,1.54,0.00,0.57,0.01,0.00,0.00,0.00,0.01,0.00,0.01,0.06,33.40,189.00,0.70,24.60,0.00,0,0,0.01,0.03,0.27,0.02,0.21,0.45,0.10,0.90,0.01,0.40,-0.05,0.03,0.03,0.04,Nutriscore_E
555b0f65-c530-501f-80a4-ee201ef2b209,035af557-d655-515f-8d0f-f1480e9c2f67,"Salty snacks, crackers, plain",38402,1.54,0.00,0.57,0.01,0.00,0.00,0.00,0.01,0.00,0.01,0.06,33.40,189.00,0.70,24.60,0.00,0,0,0.01,0.03,0.27,0.02,0.21,0.45,0.10,0.90,0.01,0.40,-0.05,0.03,0.03,0.04,Nutriscore_E
105a368a-6827-556d-802b-2956cb781548,035af557-d655-515f-8d0f-f1480e9c2f67,"Salty snacks, crackers, reduced fat",38403,1.54,0.00,0.57,0.01,0.00,0.00,0.00,0.01,0.00,0.01,0.06,33.40,189.00,0.70,24.60,0.00,0,0,0.01,0.03,0.27,0.02,0.21,0.45,0.10,0.90,0.01,0.40,-0.05,0.03,0.03,0.04,Nutriscore_E
a17d585e-35df-5ae9-a33f-23c7d46268fc,035af557-d655-515f-8d0f-f1480e9c2f67,"Salty snacks, mini pretzels or sticks",38107,1.54,0.00,0.57,0.01,0.00,0.00,0.00,0.01,0.00,0.01,0.06,33.40,189.00,0.70,24.60,0.00,0,0,0.01,0.03,0.27,0.02,0.21,0.45,0.10,0.90,0.01,0.40,-0.05,0.03,0.03,0.04,Nutriscore_E
9a96f3b5-924c-5855-8325-ed4cca0e9fb5,035af557-d655-515f-8d0f-f1480e9c2f67,"Salty snacks, puff pastry",38407,1.54,0.00,0.57,0.01,0.00,0.00,0.00,0.01,0.00,0.01,0.06,33.40,189.00,0.70,24.60,0.00,0,0,0.01,0.03,0.27,0.02,0.21,0.45,0.10,0.90,0.01,0.40,-0.05,0.03,0.03,0.04,Nutriscore_E
a513980b-5fc8-5507-b5db-ffe3a6ff8617,6757f74e-184d-5152-995b-0552e0624c92,Prawn crackers,38104,5.45,0.00,0.86,0.02,0.00,0.00,0.00,0.04,0.00,0.04,0.12,108.00,267.00,37.20,68.90,0.00,51.00776032,10.95567867,0.01,0.03,0.27,0.02,0.21,0.45,0.10,0.90,0.01,0.40,-0.05,0.03,0.03,0.04,Nutriscore_D
790c83b5-fe4b-5f37-8453-d67384c8b0ea,4234963b-2dfa-5f9f-bc2b-aee20bde324f,Corn chips or tortilla chips,38105,2.33,0.00,0.53,0.01,0.00,0.00,0.00,0.01,0.00,0.01,0.04,39.50,227.00,0.86,38.30,0.00,0,0,0.01,0.03,0.27,0.02,0.21,0.45,0.10,0.90,0.01,0.40,-0.05,0.03,0.03,0.04,Nutriscore_E
e13025fc-b6dc-50c9-99ea-c231413ba6fe,28370585-7a80-56de-8039-4715ff7c2daf,"Cassava or manioc, roots, cooked",54034,0.94,0.00,0.18,0.01,0.00,0.00,0.00,0.01,0.00,0.00,0.05,11.90,29.40,2.91,14.20,0.00,0,0,0.00,0.01,0.04,0.00,0.03,0.06,0.02,0.21,0.00,0.09,-0.01,0.01,0.01,0.01,Nutriscore_B
e7f3baab-5980-556d-a318-bdb08d8823b0,28370585-7a80-56de-8039-4715ff7c2daf,"Cassava or manioc, roots, raw",54031,0.59,0.00,0.04,0.00,0.00,0.00,0.00,0.01,0.00,0.00,0.03,8.17,20.30,2.02,7.18,0.00,0,0,0.00,0.01,0.04,0.00,0.03,0.06,0.02,0.21,0.00,0.09,-0.01,0.01,0.01,0.01,Nutriscore_B
5b2c5c71-8f54-5bd4-9d84-084665e36ffb,a3a593d4-31bc-50df-8311-c3958c2e6231,"Jerusalem artichoke, cooked",20050,1.32,0.00,0.24,0.00,0.00,0.00,0.00,0.01,0.00,0.01,0.03,9.99,49.00,0.30,18.20,0.00,0,0,0.00,0.01,0.04,0.00,0.03,0.06,0.02,0.21,0.00,0.09,-0.01,0.01,0.01,0.01,Nutriscore_A
e881cfb5-9025-59e1-8a0b-dfb0f14fe370,a3a593d4-31bc-50df-8311-c3958c2e6231,"Jerusalem artichoke, raw",20196,0.49,0.00,0.05,0.00,0.00,0.00,0.00,0.00,0.00,0.00,0.02,4.57,28.80,0.06,5.28,0.00,0,0,0.00,0.01,0.04,0.00,0.03,0.06,0.02,0.21,0.00,0.09,-0.01,0.01,0.01,0.01,Nutriscore_B
9e86e65e-d8c9-51c6-a51d-6dc46ec4d938,2096b3b3-cff4-5ca3-8650-a9aa90367c1c,"Sweet potato, cooked",4102,0.85,0.00,0.19,0.00,0.00,0.00,0.00,0.00,0.00,0.00,0.01,7.14,31.80,0.38,14.00,0.00,0,0,0.00,0.01,0.04,0.00,0.03,0.06,0.02,0.21,0.00,0.09,-0.01,0.01,0.01,0.01,Nutriscore_B
8501baa3-6f63-518a-b91f-8780ea453aec,2096b3b3-cff4-5ca3-8650-a9aa90367c1c,"Sweet potato, puree, cooked with cream",4103,1.31,0.00,0.64,0.00,0.00,0.00,0.00,0.01,0.00,0.00,0.04,11.40,45.90,0.38,25.80,0.00,0,0,0.00,0.01,0.04,0.00,0.03,0.06,0.02,0.21,0.00,0.09,-0.01,0.01,0.01,0.01,Nutriscore_C
7d9b0b18-3816-5813-b5e5-f8b459d7a622,2096b3b3-cff4-5ca3-8650-a9aa90367c1c,"Sweet potato, raw",4101,0.33,0.00,0.04,0.00,0.00,0.00,0.00,0.00,0.00,0.00,0.01,4.19,19.80,0.14,4.06,0.00,0,0,0.00,0.01,0.04,0.00,0.03,0.06,0.02,0.21,0.00,0.09,-0.01,0.01,0.01,0.01,Nutriscore_B
d4f6213e-aa55-54ab-a875-4a6057e81f23,2096b3b3-cff4-5ca3-8650-a9aa90367c1c,"Taro, tuber, cooked",53201,1.86,0.00,0.24,0.01,0.00,0.00,0.00,0.02,0.00,0.01,0.06,16.10,41.00,3.58,27.80,0.00,0,0,0.00,0.01,0.04,0.00,0.03,0.06,0.02,0.21,0.00,0.09,-0.01,0.01,0.01,0.01,Nutriscore_A
0b7327e1-aea1-5b97-9cc9-5912acf2aa42,2096b3b3-cff4-5ca3-8650-a9aa90367c1c,"Taro, tuber, raw",53200,0.69,0.00,0.05,0.00,0.00,0.00,0.00,0.01,0.00,0.00,0.04,9.32,23.00,2.29,7.88,0.00,0,0,0.00,0.01,0.04,0.00,0.03,0.06,0.02,0.21,0.00,0.09,-0.01,0.01,0.01,0.01,Nutriscore_A
b25bd850-2665-5f3f-a613-5be7d21151b1,1cdecd30-08c7-5b59-b94e-2439651a1706,"Tapioca, raw",4000,0.74,0.00,0.05,0.01,0.00,0.00,0.00,0.01,0.00,0.00,0.04,9.79,23.90,2.30,8.49,0.00,0,0,0.00,0.01,0.04,0.00,0.03,0.06,0.02,0.21,0.00,0.09,-0.01,0.01,0.01,0.01,Nutriscore_C
8ab1aede-a788-5e1d-abbd-2551aefac2e2,66270b78-a5c3-5f08-961e-04bab2bab060,"Yam or Indian potato, peeled, boiled/cooked in water",53503,0.81,0.00,0.16,0.00,0.00,0.00,0.00,0.01,0.00,0.00,0.04,10.70,27.20,2.70,12.40,0.00,0,0,0.00,0.01,0.04,0.00,0.03,0.06,0.02,0.21,0.00,0.09,-0.01,0.01,0.01,0.01,Nutriscore_A
bd02511e-eee2-5b8c-ac38-6c2e62daffa2,66270b78-a5c3-5f08-961e-04bab2bab060,"Yam or Indian potato, peeled, raw",53502,0.50,0.00,0.04,0.00,0.00,0.00,0.00,0.01,0.00,0.00,0.03,7.35,19.00,1.89,6.29,0.00,0,0,0.00,0.01,0.04,0.00,0.03,0.06,0.02,0.21,0.00,0.09,-0.01,0.01,0.01,0.01,Nutriscore_A
73c441d9-c3c9-5048-acf0-4e4e7cc0c55b,e0c9ef99-6fd1-5569-b6ba-c7c6ecee3342,"French fries or chips, frozen, deep-fried",4032,1.46,0.00,1.62,0.01,0.00,0.00,0.00,0.01,0.00,0.01,0.04,17.90,88.80,1.04,48.10,0.00,0,0,0.00,0.01,0.04,0.00,0.03,0.06,0.02,0.21,0.00,0.09,-0.01,0.01,0.01,0.01,Nutriscore_C
1afa6abc-040e-50fa-960c-ee200e1874fc,e0c9ef99-6fd1-5569-b6ba-c7c6ecee3342,"French fries or chips, frozen, raw, intended to be deep-fried",4046,0.77,0.00,0.83,0.00,0.00,0.00,0.00,0.00,0.00,0.00,0.01,6.70,21.50,0.29,25.60,0.00,0,0,0.00,0.01,0.04,0.00,0.03,0.06,0.02,0.21,0.00,0.09,-0.01,0.01,0.01,0.01,Nutriscore_C
7e56c4e8-bf19-521e-8bbd-5c30015a96be,e0c9ef99-6fd1-5569-b6ba-c7c6ecee3342,"French fries or chips, frozen, raw, intended to be microwaved",4045,0.77,0.00,0.83,0.00,0.00,0.00,0.00,0.00,0.00,0.00,0.01,6.70,21.50,0.29,25.60,0.00,0,0,0.00,0.01,0.04,0.00,0.03,0.06,0.02,0.21,0.00,0.09,-0.01,0.01,0.01,0.01,Nutriscore_B
7ab33192-91d2-5112-ae35-0f019c39e3a8,e0c9ef99-6fd1-5569-b6ba-c7c6ecee3342,"French fries or chips, frozen, raw, intended to be roasted/baked",4044,0.77,0.00,0.83,0.00,0.00,0.00,0.00,0.00,0.00,0.00,0.01,6.70,21.50,0.29,25.60,0.00,0,0,0.00,0.01,0.04,0.00,0.03,0.06,0.02,0.21,0.00,0.09,-0.01,0.01,0.01,0.01,Nutriscore_B
0eba6b2a-4dca-5b0b-85a3-8e914411f851,e0c9ef99-6fd1-5569-b6ba-c7c6ecee3342,"French fries or chips, frozen, roasted/baked",4030,1.17,0.00,1.62,0.00,0.00,0.00,0.00,0.01,0.00,0.00,0.02,10.10,31.10,0.43,46.30,0.00,0,0,0.00,0.01,0.04,0.00,0.03,0.06,0.02,0.21,0.00,0.09,-0.01,0.01,0.01,0.01,Nutriscore_A
4fbeac48-a9d8-5a2d-b7c6-e752b87dbdb2,15d6486d-e2ab-5605-9058-f9752ea4fcd0,"Potato, peeled, raw",4008,0.79,0.00,0.08,0.00,0.00,0.00,0.00,0.00,0.00,0.00,0.01,5.71,24.70,0.33,11.90,0.00,0,0,0.00,0.01,0.04,0.00,0.03,0.06,0.02,0.21,0.00,0.09,-0.01,0.01,0.01,0.01,Nutriscore_B
a3198f5a-9d97-5167-a585-5e79ac41736b,15d6486d-e2ab-5605-9058-f9752ea4fcd0,"Potato, pre-fried into cubes, frozen, cooked",4027,1.36,0.00,1.72,0.00,0.00,0.00,0.00,0.01,0.00,0.00,0.02,12.10,36.40,0.49,49.70,0.00,0,0,0.00,0.01,0.04,0.00,0.03,0.06,0.02,0.21,0.00,0.09,-0.01,0.01,0.01,0.01,Nutriscore_A
8b25d10c-db94-5797-871c-f1b290eaa0ed,15d6486d-e2ab-5605-9058-f9752ea4fcd0,"Potato, pre-fried into cubes, frozen, raw",4043,0.90,0.00,0.82,0.00,0.00,0.00,0.00,0.00,0.00,0.00,0.01,7.98,24.90,0.32,26.30,0.00,0,0,0.00,0.01,0.04,0.00,0.03,0.06,0.02,0.21,0.00,0.09,-0.01,0.01,0.01,0.01,Nutriscore_B
b5225e27-662c-50d5-9c1c-80da8d40a735,15d6486d-e2ab-5605-9058-f9752ea4fcd0,"Ware potato, boiled/cooked in water, peeled",4028,1.15,0.00,0.21,0.00,0.00,0.00,0.00,0.00,0.00,0.00,0.01,7.82,33.20,0.45,19.40,0.00,0,0,0.00,0.01,0.04,0.00,0.03,0.06,0.02,0.21,0.00,0.09,-0.01,0.01,0.01,0.01,Nutriscore_A
962cf72c-d5a8-524a-9c4e-a1c9a402ee69,9137fb2a-901a-543a-a3ee-768b00acc557,"Mashed potato balls pre-fried, frozen, cooked",4035,4.94,0.00,2.49,0.01,0.00,0.00,0.00,0.05,0.00,0.02,0.23,56.00,211.00,0.79,72.70,0.00,0.003589758,0.716311549,0.00,0.01,0.04,0.00,0.03,0.06,0.02,0.21,0.00,0.09,-0.01,0.01,0.01,0.01,Nutriscore_C
382eeada-d4f6-5be9-9253-850e8d5310d3,9137fb2a-901a-543a-a3ee-768b00acc557,"Mashed potato balls pre-fried, frozen, raw",4013,3.41,0.00,1.37,0.01,0.00,0.00,0.00,0.04,0.00,0.01,0.16,38.80,148.00,0.53,42.70,0.00,0.003589758,0.716311549,0.00,0.01,0.04,0.00,0.03,0.06,0.02,0.21,0.00,0.09,-0.01,0.01,0.01,0.01,Nutriscore_C
26887719-47ef-5000-a2ae-d1b43180ad7a,9137fb2a-901a-543a-a3ee-768b00acc557,"Potato puree, with milk and butter, unsalted",4018,1.69,0.00,0.65,0.00,0.00,0.00,0.00,0.01,0.00,0.00,0.06,16.20,64.90,0.43,26.90,0.00,0.003589758,0.716311549,0.00,0.01,0.04,0.00,0.03,0.06,0.02,0.21,0.00,0.09,-0.01,0.01,0.01,0.01,Nutriscore_B
00aa8f7e-066d-528d-9037-35823be93ddf,4a61177e-f16e-5124-b2c0-9bf062efecbf,"Potato puree, made from flakes, reconstituted with semi-skimmed milk and water, unsalted",4019,0.74,0.00,0.64,0.00,0.00,0.00,0.00,0.01,0.00,0.00,0.02,6.87,26.60,0.22,19.40,0.00,0.003354377,0.669342808,0.00,0.01,0.04,0.00,0.03,0.06,0.02,0.21,0.00,0.09,-0.01,0.01,0.01,0.01,Nutriscore_A
4d4598a8-fcb7-5650-9a50-b4693a1e77ae,4a61177e-f16e-5124-b2c0-9bf062efecbf,"Potato puree, made from flakes, reconstituted with whole milk, with added fat",4017,1.82,0.00,0.74,0.00,0.00,0.00,0.00,0.02,0.00,0.01,0.08,19.60,75.70,0.34,25.10,0.00,0.003354377,0.669342808,0.00,0.01,0.04,0.00,0.03,0.06,0.02,0.21,0.00,0.09,-0.01,0.01,0.01,0.01,Nutriscore_C
021cda14-4bc8-54be-80f0-fb196a9c4af4,f66db08a-b220-5763-a99f-ca509e8b9303,"Early potato, boiled/cooked in water, peeled",4029,1.15,0.00,0.21,0.00,0.00,0.00,0.00,0.00,0.00,0.00,0.01,7.82,33.20,0.45,19.40,0.00,0,0,0.00,0.01,0.04,0.00,0.03,0.06,0.02,0.21,0.00,0.09,-0.01,0.01,0.01,0.01,Nutriscore_A
cfaa6117-e965-5608-9934-ffdb8fe5b02d,f66db08a-b220-5763-a99f-ca509e8b9303,"New potato, raw",4023,0.71,0.00,0.07,0.00,0.00,0.00,0.00,0.00,0.00,0.00,0.01,5.14,22.50,0.30,10.80,0.00,0,0,0.00,0.01,0.04,0.00,0.03,0.06,0.02,0.21,0.00,0.09,-0.01,0.01,0.01,0.01,Nutriscore_A
f3ca7af4-2b3b-5a6e-8c85-04dad1f99881,74f79a45-f20d-57c6-a286-2bee44737490,"Dauphine potato, frozen, cooked",4021,2.65,0.00,1.74,0.01,0.00,0.00,0.00,0.03,0.00,0.01,0.11,39.50,130.00,0.69,52.70,0.00,0,0,0.00,0.01,0.04,0.00,0.03,0.06,0.02,0.21,0.00,0.09,-0.01,0.01,0.01,0.01,Nutriscore_D
d2f4bbed-16d3-5ad9-ad1c-9fce64551cfb,74f79a45-f20d-57c6-a286-2bee44737490,"Dauphine potato, frozen, raw",4020,1.80,0.00,0.85,0.00,0.00,0.00,0.00,0.02,0.00,0.01,0.08,27.20,91.10,0.46,28.60,0.00,0,0,0.00,0.01,0.04,0.00,0.03,0.06,0.02,0.21,0.00,0.09,-0.01,0.01,0.01,0.01,Nutriscore_C
3610a6a3-edf4-50b0-a441-bba2f7c279db,74f79a45-f20d-57c6-a286-2bee44737490,"Potato, peeled, baked",4002,1.24,0.00,0.65,0.00,0.00,0.00,0.00,0.01,0.00,0.00,0.02,9.02,36.20,0.50,29.00,0.00,0,0,0.00,0.01,0.04,0.00,0.03,0.06,0.02,0.21,0.00,0.09,-0.01,0.01,0.01,0.01,Nutriscore_B
a4fd9308-6821-5fda-9001-99768f213b6d,74f79a45-f20d-57c6-a286-2bee44737490,"Potato, roasted/baked",4026,0.85,0.00,0.68,0.00,0.00,0.00,0.00,0.00,0.00,0.00,0.01,7.75,32.40,0.40,23.80,0.00,0,0,0.00,0.01,0.04,0.00,0.03,0.06,0.02,0.21,0.00,0.09,-0.01,0.01,0.01,0.01,Nutriscore_A
0edecb4e-ef07-5059-9ef6-34ae994d0f5f,74f79a45-f20d-57c6-a286-2bee44737490,"Potato, sautéed/pan-fried",4015,0.89,0.00,0.22,0.00,0.00,0.00,0.00,0.00,0.00,0.00,0.01,7.84,35.80,0.38,15.10,0.00,0,0,0.00,0.01,0.04,0.00,0.03,0.06,0.02,0.21,0.00,0.09,-0.01,0.01,0.01,0.01,Nutriscore_C
cc11d46f-df7d-5e36-87d3-5ef28e5dd70c,74f79a45-f20d-57c6-a286-2bee44737490,"Potato, sautéed/pan-fried, with goose fat",4036,0.72,0.00,0.15,0.00,0.00,0.00,0.00,0.00,0.00,0.00,0.01,6.65,30.10,0.35,11.50,0.00,0,0,0.00,0.01,0.04,0.00,0.03,0.06,0.02,0.21,0.00,0.09,-0.01,0.01,0.01,0.01,Nutriscore_C
f16a73ae-d0dc-5b69-bd24-49566a7583ba,74f79a45-f20d-57c6-a286-2bee44737490,"Potato, steamed, vacuum-packed",4014,1.25,0.00,0.22,0.00,0.00,0.00,0.00,0.00,0.00,0.00,0.01,8.49,35.70,0.48,20.60,0.00,0,0,0.00,0.01,0.04,0.00,0.03,0.06,0.02,0.21,0.00,0.09,-0.01,0.01,0.01,0.01,Nutriscore_A
aa616f82-d544-5e2e-a2e7-825016145e27,30bb5869-5cd0-51e3-950b-e7dc8f8aa902,"Potato, boiled/cooked in water",4003,1.25,0.00,0.22,0.00,0.00,0.00,0.00,0.00,0.00,0.00,0.01,8.49,35.70,0.48,20.60,0.00,0,0,0.00,0.01,0.04,0.00,0.03,0.06,0.02,0.21,0.00,0.09,-0.01,0.01,0.01,0.01,Nutriscore_B
87ad2e15-31f2-54ff-9604-ecca2863b796,fb669106-54fc-5067-bc95-660a635e9799,"Duchesse potato, frozen, cooked",4034,2.33,0.00,1.71,0.01,0.00,0.00,0.00,0.02,0.00,0.01,0.09,29.20,101.00,0.64,50.80,0.00,0.002598985,0.518609561,0.00,0.01,0.04,0.00,0.03,0.06,0.02,0.21,0.00,0.09,-0.01,0.01,0.01,0.01,Nutriscore_C
68fb09ca-adc2-5266-a2a1-749398cd348b,fb669106-54fc-5067-bc95-660a635e9799,"Duchesse potato, frozen, raw",4042,1.57,0.00,0.82,0.00,0.00,0.00,0.00,0.01,0.00,0.01,0.06,20.00,70.70,0.43,27.30,0.00,0.002598985,0.518609561,0.00,0.01,0.04,0.00,0.03,0.06,0.02,0.21,0.00,0.09,-0.01,0.01,0.01,0.01,Nutriscore_C
bb659c8f-310a-5611-808b-448d4dfa77d7,c1db5bce-81ca-5197-ab66-111654332097,"Fritter, filled with potatoes (filo pastry)",25559,3.11,0.00,1.33,0.01,0.00,0.00,0.00,0.03,0.00,0.02,0.11,52.20,111.00,7.04,55.30,0.00,0.593825291,1.057322631,0.00,0.01,0.04,0.00,0.03,0.06,0.02,0.21,0.00,0.09,-0.01,0.01,0.01,0.01,Nutriscore_C
7ee8b5d9-bbb7-5985-b392-f96739570d59,9e9d1657-c265-5618-97ce-643f1cf560ad,"Potato flakes, dehydrated, plain",4022,2.59,0.00,3.77,0.01,0.00,0.00,0.00,0.01,0.00,0.01,0.03,18.50,76.60,1.16,110.00,0.00,0,0,0.00,0.01,0.04,0.00,0.03,0.06,0.02,0.21,0.00,0.09,-0.01,0.01,0.01,0.01,Nutriscore_A
a4d34e3c-ab1c-5c00-aa48-30662382a4b8,9e9d1657-c265-5618-97ce-643f1cf560ad,"Potato flakes, dehydrated, with milk or cream",4016,2.60,0.00,3.81,0.01,0.00,0.00,0.00,0.01,0.00,0.01,0.03,18.60,76.70,1.16,111.00,0.00,0,0,0.00,0.01,0.04,0.00,0.03,0.06,0.02,0.21,0.00,0.09,-0.01,0.01,0.01,0.01,Nutriscore_A
94c1e35e-caf5-596a-a68f-a732621e5245,2e822741-f81c-5089-9cb2-69c3c758711a,Rostis or Potatoes cake,4039,0.98,0.00,1.17,0.00,0.00,0.00,0.00,0.01,0.00,0.00,0.03,13.10,41.70,0.51,34.20,0.00,0.002157334,0.430481133,0.00,0.01,0.04,0.00,0.03,0.06,0.02,0.21,0.00,0.09,-0.01,0.01,0.01,0.01,Nutriscore_C
a41deb2c-1bef-533c-9a1a-1d2291296dcf,afca3874-33c6-54a0-8f46-5e1e9d47c1cb,"Dark chocolate bar, more than 70% cocoa",31074,19.10,0.00,0.45,0.03,0.00,0.00,0.00,0.03,0.00,0.05,0.10,43.80,725.00,0.88,55.50,0.00,0,0,0.14,0.06,0.47,0.05,0.32,1.01,0.28,1.56,0.02,0.91,-0.10,0.17,0.19,0.11,Nutriscore_D
ec00e81e-9546-5a4a-8eff-7ce5e174faa0,e7b14f72-81af-5652-9ff2-ff86b07241ba,"Chocolate confectionery, sugar coated",31041,10.50,0.00,0.80,0.02,0.00,0.00,0.00,0.05,0.00,0.03,0.20,81.10,463.00,6.07,58.10,0.00,0,0,0.14,0.06,0.47,0.05,0.32,1.01,0.28,1.56,0.02,0.91,-0.10,0.17,0.19,0.11,Nutriscore_E
0a852adc-aa60-5ed7-a5c8-97a754ecfa16,e7b14f72-81af-5652-9ff2-ff86b07241ba,"Dark chocolate bar, less than 70% cocoa",31005,19.10,0.00,0.45,0.03,0.00,0.00,0.00,0.03,0.00,0.05,0.10,43.80,725.00,0.88,55.50,0.00,0,0,0.14,0.06,0.47,0.05,0.32,1.01,0.28,1.56,0.02,0.91,-0.10,0.17,0.19,0.11,Nutriscore_E
e20b7705-6b32-5a64-bc27-310ce5730eb9,e7b14f72-81af-5652-9ff2-ff86b07241ba,"Dark chocolate bar, without sugar and with artificial sweeteners",31030,19.10,0.00,0.45,0.03,0.00,0.00,0.00,0.03,0.00,0.05,0.10,43.80,725.00,0.88,55.50,0.00,0,0,0.14,0.06,0.47,0.05,0.32,1.01,0.28,1.56,0.02,0.91,-0.10,0.17,0.19,0.11,Nutriscore_D
229fa273-6286-5587-9f56-575935402eac,e7b14f72-81af-5652-9ff2-ff86b07241ba,"Dark chocolate, filled with mint confectionery",31072,19.30,0.00,0.38,0.03,0.00,0.00,0.00,0.03,0.00,0.05,0.10,43.00,726.00,1.01,61.20,0.00,0,0,0.14,0.06,0.47,0.05,0.32,1.01,0.28,1.56,0.02,0.91,-0.10,0.17,0.19,0.11,Nutriscore_E
23223281-838b-5e8f-b290-eba3ef8d6d66,f7f75d19-4da1-56d0-8d0b-779708a7f666,Chocolate bar with biscuit,31000,7.25,0.00,0.83,0.01,0.00,0.00,0.00,0.04,0.00,0.02,0.16,45.40,298.00,0.99,42.00,0.00,0.012046824,2.403860961,0.14,0.06,0.47,0.05,0.32,1.01,0.28,1.56,0.02,0.91,-0.10,0.17,0.19,0.11,Nutriscore_E
ff0da2e5-4a97-57ac-8911-a7f6e1747aed,f7f75d19-4da1-56d0-8d0b-779708a7f666,"Chocolate confectionery or bar, with dairy filling",31012,7.25,0.00,0.83,0.01,0.00,0.00,0.00,0.04,0.00,0.02,0.16,45.40,298.00,0.99,42.00,0.00,0.007787272,1.553896698,0.14,0.06,0.47,0.05,0.32,1.01,0.28,1.56,0.02,0.91,-0.10,0.17,0.19,0.11,Nutriscore_E
6aa1fe9f-8e06-5e64-b109-35f887823fc8,f7f75d19-4da1-56d0-8d0b-779708a7f666,"Chocolate confectionery, filled with nuts and/or praline",31063,10.50,0.00,0.80,0.02,0.00,0.00,0.00,0.05,0.00,0.03,0.20,81.10,463.00,6.07,58.10,0.00,0.005486739,1.094841153,0.14,0.06,0.47,0.05,0.32,1.01,0.28,1.56,0.02,0.91,-0.10,0.17,0.19,0.11,Nutriscore_E
84a50090-a1a7-5bac-9535-78e1d099aa01,f7f75d19-4da1-56d0-8d0b-779708a7f666,"Chocolate snack bar, dairy filling with sponge cake",31099,7.25,0.00,0.83,0.01,0.00,0.00,0.00,0.04,0.00,0.02,0.16,45.40,298.00,0.99,42.00,0.00,0.007787272,1.553896698,0.14,0.06,0.47,0.05,0.32,1.01,0.28,1.56,0.02,0.91,-0.10,0.17,0.19,0.11,Nutriscore_E
0a665a22-1c79-5904-8c8e-756bfbc75543,f7f75d19-4da1-56d0-8d0b-779708a7f666,Coated chocolate bar without biscuit,31001,6.18,0.00,0.81,0.01,0.00,0.00,0.00,0.04,0.00,0.02,0.16,43.90,261.00,0.87,39.00,0.00,0.012046824,2.403860961,0.14,0.06,0.47,0.05,0.32,1.01,0.28,1.56,0.02,0.91,-0.10,0.17,0.19,0.11,Nutriscore_E
3fc6c2d2-2922-5858-b3f4-7a09f1417bc8,f7f75d19-4da1-56d0-8d0b-779708a7f666,Sugar and chocolate coated peanut,31042,9.78,0.00,0.70,0.02,0.00,0.00,0.00,0.04,0.00,0.03,0.19,79.00,461.00,5.90,45.10,0.00,0.008252055,1.646640899,0.14,0.06,0.47,0.05,0.32,1.01,0.28,1.56,0.02,0.91,-0.10,0.17,0.19,0.11,Nutriscore_E
6f762b20-2450-5dda-965e-70996672aa52,703886f9-628f-536f-9758-51bd2cc5bfb6,Chocolate and nut confectionery filled with praline,31066,10.50,0.00,0.80,0.02,0.00,0.00,0.00,0.05,0.00,0.03,0.20,81.10,463.00,6.07,58.10,0.00,0,0,0.14,0.06,0.47,0.05,0.32,1.01,0.28,1.56,0.02,0.91,-0.10,0.17,0.19,0.11,Nutriscore_E
e45e848a-383a-5f9d-afeb-dfadd7c03ac6,703886f9-628f-536f-9758-51bd2cc5bfb6,Chocolate bar with dried fruits,31071,5.32,0.00,0.70,0.01,0.00,0.00,0.00,0.02,0.00,0.01,0.06,19.20,181.00,2.86,35.80,0.00,0,0,0.14,0.06,0.47,0.05,0.32,1.01,0.28,1.56,0.02,0.91,-0.10,0.17,0.19,0.11,Nutriscore_E
25395a1a-5dc2-5a07-8770-a1b04cef4b03,703886f9-628f-536f-9758-51bd2cc5bfb6,"Dark chocolate bar, filled with praline",31080,19.10,0.00,0.45,0.03,0.00,0.00,0.00,0.03,0.00,0.05,0.10,43.80,725.00,0.88,55.50,0.00,0,0,0.14,0.06,0.47,0.05,0.32,1.01,0.28,1.56,0.02,0.91,-0.10,0.17,0.19,0.11,Nutriscore_E
18323a59-b148-57fe-84f6-c49edd0dbabb,703886f9-628f-536f-9758-51bd2cc5bfb6,"Dark chocolate bar, with dried fruits (nuts, almonds, raisin, praline)",31070,13.20,0.00,0.46,0.03,0.00,0.00,0.00,0.03,0.00,0.04,0.11,46.00,531.00,3.79,46.60,0.00,0,0,0.14,0.06,0.47,0.05,0.32,1.01,0.28,1.56,0.02,0.91,-0.10,0.17,0.19,0.11,Nutriscore_E
881e44a9-9b08-53d9-a2f2-c29a7c4d399a,703886f9-628f-536f-9758-51bd2cc5bfb6,"Dark chocolate bar, with fruits (orange, raspberries, pear)",31069,5.32,0.00,0.70,0.01,0.00,0.00,0.00,0.02,0.00,0.01,0.06,19.20,181.00,2.86,35.80,0.00,0,0,0.14,0.06,0.47,0.05,0.32,1.01,0.28,1.56,0.02,0.91,-0.10,0.17,0.19,0.11,Nutriscore_E
1c76bf36-e256-5afe-a3e9-911e4810b977,703886f9-628f-536f-9758-51bd2cc5bfb6,"Milk chocolate bar, with dried fruits (nuts, almonds, raisins, praline)",31018,11.10,0.00,0.55,0.02,0.00,0.00,0.00,0.05,0.00,0.03,0.19,60.90,469.00,3.78,45.10,0.00,0.008892301,1.77439752,0.14,0.06,0.47,0.05,0.32,1.01,0.28,1.56,0.02,0.91,-0.10,0.17,0.19,0.11,Nutriscore_E
03f85e59-a850-5348-80a3-4829defbaa8f,703886f9-628f-536f-9758-51bd2cc5bfb6,"Milk chocolate bar, with puffed/popped cereals",31009,12.60,0.00,0.56,0.02,0.00,0.00,0.00,0.05,0.00,0.03,0.20,55.10,487.00,1.19,47.10,0.00,0.008892301,1.77439752,0.14,0.06,0.47,0.05,0.32,1.01,0.28,1.56,0.02,0.91,-0.10,0.17,0.19,0.11,Nutriscore_E
aeaf6dff-78c1-552e-a4a1-6845babbae1d,703886f9-628f-536f-9758-51bd2cc5bfb6,Toblerone milk cholcolate bar w nougat,31098,5.32,0.00,0.70,0.01,0.00,0.00,0.00,0.02,0.00,0.01,0.06,19.20,181.00,2.86,35.80,0.00,0.008892301,1.77439752,0.14,0.06,0.47,0.05,0.32,1.01,0.28,1.56,0.02,0.91,-0.10,0.17,0.19,0.11,Nutriscore_E
7020ccae-5362-5ada-a95a-c7820cfbf7fe,703886f9-628f-536f-9758-51bd2cc5bfb6,"White chocolate bar, with dried fruits (nuts, almonds, raisins, praline)",31026,11.50,0.00,0.55,0.02,0.00,0.00,0.00,0.05,0.00,0.03,0.19,51.20,438.00,1.19,44.90,0.00,0.013360571,2.666010205,0.14,0.06,0.47,0.05,0.32,1.01,0.28,1.56,0.02,0.91,-0.10,0.17,0.19,0.11,Nutriscore_E
0836cc5c-6a96-5263-97cc-a60fcb8a30aa,6fc31702-2585-50c7-ab96-ae8ac28bfe1d,Chocolate spread with hazelnuts,31032,9.11,0.00,0.76,0.02,0.00,0.00,0.00,0.05,0.00,0.03,0.23,67.40,460.00,2.72,44.40,0.00,0.005437482,1.085012111,0.14,0.06,0.47,0.05,0.32,1.01,0.28,1.56,0.02,0.91,-0.10,0.17,0.19,0.11,Nutriscore_E
807e7ca8-4727-5bfd-a215-9263b4b9cbad,90566a34-13cb-56e3-976d-6793af3aabeb,"Dark chocolate bar, more than 40% cocoa, for cooking",31085,15.40,0.00,0.46,0.03,0.00,0.00,0.00,0.03,0.00,0.04,0.10,37.90,574.00,1.13,49.50,0.00,0,0,0.14,0.06,0.47,0.05,0.32,1.01,0.28,1.56,0.02,0.91,-0.10,0.17,0.19,0.11,Nutriscore_E
cd7f2cdf-5e30-5445-ad8e-6b2d08ebf6bf,20c929a1-1003-5693-83cb-df27caf740ec,"Chocolate confectionery, filled with wafer",31091,10.50,0.00,0.80,0.02,0.00,0.00,0.00,0.05,0.00,0.03,0.20,81.10,463.00,6.07,58.10,0.00,0.008667029,1.729446116,0.14,0.06,0.47,0.05,0.32,1.01,0.28,1.56,0.02,0.91,-0.10,0.17,0.19,0.11,Nutriscore_E
ab55d0d9-9312-5936-9910-8b4427543c06,20c929a1-1003-5693-83cb-df27caf740ec,"Chocolate snack bar, dairy filling",31073,7.25,0.00,0.83,0.01,0.00,0.00,0.00,0.04,0.00,0.02,0.16,45.40,298.00,0.99,42.00,0.00,0.020363119,4.063320584,0.14,0.06,0.47,0.05,0.32,1.01,0.28,1.56,0.02,0.91,-0.10,0.17,0.19,0.11,Nutriscore_E
3beaa0b4-7ec6-56c2-997e-f5ed936f8d25,6cfb0168-0bc2-5a01-ba6e-ecd7b9a5a51d,Milk chocolate bar,31004,12.60,0.00,0.56,0.02,0.00,0.00,0.00,0.05,0.00,0.03,0.20,55.10,487.00,1.19,47.10,0.00,0.011856401,2.36586336,0.14,0.06,0.47,0.05,0.32,1.01,0.28,1.56,0.02,0.91,-0.10,0.17,0.19,0.11,Nutriscore_E
32aa5ce1-bf52-5945-847a-086114e8fbef,6cfb0168-0bc2-5a01-ba6e-ecd7b9a5a51d,"Milk chocolate bar, filled with praline",31084,12.60,0.00,0.56,0.02,0.00,0.00,0.00,0.05,0.00,0.03,0.20,55.10,487.00,1.19,47.10,0.00,0.011856401,2.36586336,0.14,0.06,0.47,0.05,0.32,1.01,0.28,1.56,0.02,0.91,-0.10,0.17,0.19,0.11,Nutriscore_E
51f44c43-65b0-5197-9952-a1b9bdf84fa2,6cfb0168-0bc2-5a01-ba6e-ecd7b9a5a51d,"Milk chocolate bar, without sugar, with sweeteners",31020,12.60,0.00,0.56,0.02,0.00,0.00,0.00,0.05,0.00,0.03,0.20,55.10,487.00,1.19,47.10,0.00,0.011856401,2.36586336,0.14,0.06,0.47,0.05,0.32,1.01,0.28,1.56,0.02,0.91,-0.10,0.17,0.19,0.11,Nutriscore_E
0e7e7b16-78e0-546e-be0f-807307e74e98,6cfb0168-0bc2-5a01-ba6e-ecd7b9a5a51d,"Milk chocolate, filled",31079,12.80,0.00,0.49,0.02,0.00,0.00,0.00,0.05,0.00,0.03,0.20,54.30,487.00,1.33,52.80,0.00,0.011856401,2.36586336,0.14,0.06,0.47,0.05,0.32,1.01,0.28,1.56,0.02,0.91,-0.10,0.17,0.19,0.11,Nutriscore_E
fe4a9678-d6fd-5308-816c-9a6a9bf92e65,5f2dc495-89f1-5c73-835a-e7717d3bf612,White chocolate bar,31010,11.50,0.00,0.55,0.02,0.00,0.00,0.00,0.05,0.00,0.03,0.19,51.20,438.00,1.19,44.90,0.00,0.017814095,3.554680273,0.14,0.06,0.47,0.05,0.32,1.01,0.28,1.56,0.02,0.91,-0.10,0.17,0.19,0.11,Nutriscore_E
d916a511-d867-5985-b836-cf0b7210eec5,b4b6935d-615c-532b-97bf-cf173a4d83e2,"Candies, all types",31003,1.41,0.00,0.51,0.00,0.00,0.00,0.00,0.01,0.00,0.01,0.04,41.40,56.10,2.27,23.90,0.00,0,0,0.03,0.01,0.13,0.01,0.10,0.17,0.08,0.37,0.00,0.25,-0.02,0.05,0.07,0.01,Nutriscore_E
b421a4cf-549a-564b-8f4e-0a46c388461c,b4b6935d-615c-532b-97bf-cf173a4d83e2,Hard candy and lollipop,31059,1.62,0.00,0.12,0.01,0.00,0.00,0.00,0.01,0.00,0.01,0.04,44.60,55.40,2.44,19.20,0.00,0,0,0.03,0.01,0.13,0.01,0.10,0.17,0.08,0.37,0.00,0.25,-0.02,0.05,0.07,0.01,Nutriscore_E
d33fc6c9-cd3b-5f76-96e8-1eb3a7738301,da222ac6-c661-50c9-a46f-62ecb797af6f,Dulce de leche or confiture de lait,31040,2.06,0.00,0.69,0.01,0.00,0.00,0.00,0.02,0.00,0.01,0.08,23.80,58.00,0.89,30.30,0.00,0.004598692,0.917637411,0.04,0.09,0.50,0.10,0.45,1.17,0.57,2.86,0.02,2.34,-0.10,0.88,0.79,1.20,Nutriscore_E
861044d5-9de0-5c19-80aa-f90d0901cfab,da222ac6-c661-50c9-a46f-62ecb797af6f,Soft caramel candy,31081,2.12,0.00,0.54,0.01,0.00,0.00,0.00,0.02,0.00,0.01,0.08,46.80,85.00,2.30,26.10,0.00,0.004598692,0.917637411,0.03,0.01,0.13,0.01,0.10,0.17,0.08,0.37,0.00,0.25,-0.02,0.05,0.07,0.01,Nutriscore_E
d9c99485-ad5b-5e4b-b2df-d21d2065911d,984320b9-ca05-51c7-a8d1-8eab1091cd5a,Sugar-coated almond,31036,1.77,0.00,0.51,0.01,0.00,0.00,0.00,0.03,0.00,0.01,0.14,109.00,167.00,13.00,27.60,0.00,0,0,0.03,0.01,0.13,0.01,0.10,0.17,0.08,0.37,0.00,0.25,-0.02,0.05,0.07,0.01,Nutriscore_E
1d91defc-13fc-504e-be9b-c23b3d19a785,d1b8e6e8-daee-5ec6-aa9e-8c0dc0cc1ba0,"Candies, marshmallows",31050,1.52,0.00,0.25,0.00,0.00,0.00,0.00,0.01,0.00,0.01,0.04,44.80,56.40,2.25,19.70,0.00,0.722114193,0.040463451,0.03,0.01,0.13,0.01,0.10,0.17,0.08,0.37,0.00,0.25,-0.02,0.05,0.07,0.01,Nutriscore_E
51e57e48-5060-5041-a4bd-36cabe3eb5c3,2a5795bb-bd16-5ce0-93ec-591dc340d173,Jelly candy,31060,1.49,0.00,0.19,0.00,0.00,0.00,0.00,0.01,0.00,0.01,0.04,42.50,57.60,2.13,18.20,0.00,0,0,0.03,0.01,0.13,0.01,0.10,0.17,0.08,0.37,0.00,0.25,-0.02,0.05,0.07,0.01,Nutriscore_E
8174255f-0303-5cda-9f92-adb98e44d1fc,5bcad36c-5636-54d3-b873-546b733e4e50,"Almond paste or marzipan, prepacked",15201,2.18,0.00,0.58,0.01,0.00,0.00,0.00,0.04,0.00,0.02,0.18,153.00,236.00,17.10,31.50,0.00,0,0,0.27,0.20,2.23,0.09,0.59,1.55,1.20,6.21,0.02,3.38,-0.20,0.34,0.42,3.65,Nutriscore_E
3393b28b-7971-5bc7-ae98-4ea5b6b8c83d,5bcad36c-5636-54d3-b873-546b733e4e50,Melon and almond Candy on a unleavened bread layer,31092,0.86,0.00,0.50,0.00,0.00,0.00,0.00,0.01,0.00,0.00,0.04,10.00,24.30,1.16,20.30,0.00,0,0,0.03,0.01,0.13,0.01,0.10,0.17,0.08,0.37,0.00,0.25,-0.02,0.05,0.07,0.01,Nutriscore_E
70638b2a-9de2-5563-b55a-65f8c581beb0,c423cdf3-fca7-5f56-b80e-adaff8cad4d7,Iced nougat,39529,2.22,0.00,0.99,0.01,0.00,0.00,0.00,0.02,0.00,0.01,0.08,21.60,67.70,0.67,38.00,0.00,0.409660937,0.022955227,0.02,0.05,0.60,0.05,0.46,1.08,0.25,1.70,0.02,0.97,-0.10,0.07,0.08,0.09,Nutriscore_D
99b21d3d-f10e-5421-bc87-34aca15980ff,c423cdf3-fca7-5f56-b80e-adaff8cad4d7,Nougat,31033,2.05,0.00,0.52,0.01,0.00,0.00,0.00,0.04,0.00,0.02,0.15,122.00,183.00,13.50,30.40,0.00,0.409660937,0.022955227,0.03,0.01,0.13,0.01,0.10,0.17,0.08,0.37,0.00,0.25,-0.02,0.05,0.07,0.01,Nutriscore_E
61cc6c6c-53c5-58b4-a7aa-a5a9d43da610,692c18a4-ffde-5c23-b2d1-0b0c6dca9dba,Chocolate sauce,11300,6.88,0.00,0.70,0.01,0.00,0.00,0.00,0.02,0.00,0.02,0.06,21.10,263.00,0.47,35.10,0.00,0.009056817,1.807225581,0.14,0.06,0.47,0.05,0.32,1.01,0.28,1.56,0.02,0.91,-0.10,0.17,0.19,0.11,Nutriscore_E
cc2354b1-19e9-5ff8-a42e-b8e00770a161,1825e249-5886-5eb4-942f-9febad8c461a,Honey,31008,1.57,0.00,0.18,0.01,0.00,0.00,0.00,0.02,0.00,0.00,0.07,19.80,37.90,1.62,22.40,0.00,0,0,0.03,0.01,0.13,0.01,0.10,0.17,0.08,0.37,0.00,0.25,-0.02,0.05,0.07,0.01,Nutriscore_E
76d0d926-c2cf-59e7-8d3b-cb78fc29b405,d3ded8ff-8569-5332-8a27-75fe6f89f687,"Syrup, agave",31089,5.63,0.00,2.83,0.05,0.00,0.00,0.00,0.04,0.00,0.02,0.17,65.60,156.00,0.68,127.00,0.00,0,0,0.03,0.01,0.13,0.01,0.10,0.17,0.08,0.37,0.00,0.25,-0.02,0.05,0.07,0.01,Nutriscore_D
5270b6bb-3bd2-58f9-a674-32100965e69f,d8348aef-994a-5012-b526-3a0db63fba10,"Syrup, maple",31034,2.30,0.00,0.20,0.01,0.00,0.00,0.00,0.01,0.00,0.00,0.03,12.60,72.30,2.50,32.40,0.00,0,0,0.03,0.01,0.13,0.01,0.10,0.17,0.08,0.37,0.00,0.25,-0.02,0.05,0.07,0.01,Nutriscore_D
99e81260-6631-5564-baaa-b1498876e14d,603195f2-3e79-5ad5-934c-04fb054e672a,Cane molasses,31067,1.04,0.00,0.09,0.01,0.00,0.00,0.00,0.01,0.00,0.01,0.06,350.00,90.70,6.60,9.21,0.00,0,0,0.03,0.01,0.13,0.01,0.10,0.17,0.08,0.37,0.00,0.25,-0.02,0.05,0.07,0.01,Nutriscore_D
821d1193-7a8b-5697-bf59-9bd879184f5f,81dbdacc-6768-55fe-bd61-448521d638cb,Light syrup for canned fruits in syrup,20919,0.93,0.00,0.15,0.00,0.00,0.00,0.00,0.00,0.00,0.00,0.01,4.18,6.58,0.42,16.20,0.00,0,0,0.03,0.01,0.13,0.01,0.10,0.17,0.08,0.37,0.00,0.25,-0.02,0.05,0.07,0.01,Nutriscore_C
ef0daaf8-9f58-584d-ba15-8ad8cfa728ec,81dbdacc-6768-55fe-bd61-448521d638cb,"Syrup (mint, strawberries flavouredetc.), with sugar diluted in water",18058,0.13,0.00,0.02,0.00,0.00,0.00,0.00,0.00,0.00,0.00,0.01,1.88,4.17,0.22,1.73,0.00,0,0,0.03,0.01,0.13,0.01,0.10,0.17,0.08,0.37,0.00,0.25,-0.02,0.05,0.07,0.01,Nutriscore_B
446ce966-641e-54b5-bda9-02615f831e1a,81dbdacc-6768-55fe-bd61-448521d638cb,Syrup for canned fruits in syrup,20918,0.93,0.00,0.15,0.00,0.00,0.00,0.00,0.00,0.00,0.00,0.01,4.18,6.58,0.42,16.20,0.00,0,0,0.03,0.01,0.13,0.01,0.10,0.17,0.08,0.37,0.00,0.25,-0.02,0.05,0.07,0.01,Nutriscore_C
05ca3849-141c-5ad3-af7c-c8a6dab4d13c,81dbdacc-6768-55fe-bd61-448521d638cb,"Syrup, with sugar (to be diluted)",18017,0.83,0.00,0.13,0.00,0.00,0.00,0.00,0.01,0.00,0.00,0.05,12.60,27.90,1.44,11.50,0.00,0,0,0.03,0.01,0.13,0.01,0.10,0.17,0.08,0.37,0.00,0.25,-0.02,0.05,0.07,0.01,Nutriscore_D
bb0b4adc-6a2f-5192-9b9f-3cb2035c2f16,553dc182-d0df-5a19-9fa9-f7f5bc940642,Saccharin sweetener,31064,0.75,0.00,0.10,0.00,0.00,0.00,0.00,0.02,0.00,0.01,0.07,10.90,31.90,1.80,9.66,0.00,0,0,0.03,0.01,0.13,0.01,0.10,0.17,0.08,0.37,0.00,0.25,-0.02,0.05,0.07,0.01,Nutriscore_C
f6d74e3c-da00-5696-97e2-95dc81cb7dd8,e859d651-6728-58d2-b183-8be893b57704,"Sugar, brown",31017,1.04,0.00,0.09,0.01,0.00,0.00,0.00,0.01,0.00,0.01,0.06,350.00,90.70,6.60,9.21,0.00,0,0,0.03,0.01,0.13,0.01,0.10,0.17,0.08,0.37,0.00,0.25,-0.02,0.05,0.07,0.01,Nutriscore_E
d5a278c1-f513-5c0a-9efd-16a1721edb02,b8df3b10-f688-5988-b7dc-009a189a2b70,"Sugar, vanilla flavoured",31044,1.03,0.00,0.13,0.00,0.00,0.00,0.00,0.02,0.00,0.01,0.07,14.10,40.50,1.90,12.80,0.00,0,0,0.03,0.01,0.13,0.01,0.10,0.17,0.08,0.37,0.00,0.25,-0.02,0.05,0.07,0.01,Nutriscore_E
17111d71-36c1-5949-b2b9-7852330594fd,fe2d1d27-d28b-5ead-8e65-357b93855642,Fructose,31077,1.92,0.00,0.18,0.01,0.00,0.00,0.00,0.01,0.00,0.01,0.05,42.20,30.20,4.52,23.10,0.00,0,0,0.03,0.01,0.13,0.01,0.10,0.17,0.08,0.37,0.00,0.25,-0.02,0.05,0.07,0.01,Nutriscore_E
e08bb074-6ff2-5889-8907-e94c7cb99abe,795e26f9-ef6b-5970-9b0e-89891adb4295,"Sugar, white",31016,0.75,0.00,0.10,0.00,0.00,0.00,0.00,0.02,0.00,0.01,0.07,10.90,31.90,1.80,9.66,0.00,0,0,0.03,0.01,0.13,0.01,0.10,0.17,0.08,0.37,0.00,0.25,-0.02,0.05,0.07,0.01,Nutriscore_E
38b47919-121e-55c0-957f-fa73043db742,6eaf520f-70ef-5619-8bce-bcb58ebbc98c,"Broccoli, cooked",20006,1.66,0.00,0.26,0.01,0.00,0.00,0.00,0.01,0.00,0.01,0.02,11.00,17.00,1.28,24.30,0.00,0,0,0.41,0.02,0.15,0.01,0.05,0.21,0.22,0.68,0.00,0.84,-0.04,0.17,0.22,0.09,Nutriscore_A
8cdca58e-f202-5f21-b73e-3e1dbd41fe39,6eaf520f-70ef-5619-8bce-bcb58ebbc98c,"Broccoli, frozen, cooked",20205,1.38,0.00,0.80,0.01,0.00,0.00,0.00,0.01,0.00,0.01,0.02,11.60,13.80,1.22,31.00,0.00,0,0,0.41,0.02,0.15,0.01,0.05,0.21,0.22,0.68,0.00,0.84,-0.04,0.17,0.22,0.09,Nutriscore_A
9601d2ac-5e4b-5c8e-9d49-8081742aa9af,6eaf520f-70ef-5619-8bce-bcb58ebbc98c,"Broccoli, frozen, raw",20204,1.06,0.00,0.59,0.00,0.00,0.00,0.00,0.01,0.00,0.01,0.02,9.61,11.20,1.01,22.90,0.00,0,0,0.41,0.02,0.15,0.01,0.05,0.21,0.22,0.68,0.00,0.84,-0.04,0.17,0.22,0.09,Nutriscore_A
027b8acb-fd10-5760-abbe-45998663e106,6eaf520f-70ef-5619-8bce-bcb58ebbc98c,"Broccoli, puree",20259,1.55,0.00,0.22,0.01,0.00,0.00,0.00,0.01,0.00,0.01,0.02,10.30,15.20,1.23,22.60,0.00,0,0,0.41,0.02,0.15,0.01,0.05,0.21,0.22,0.68,0.00,0.84,-0.04,0.17,0.22,0.09,Nutriscore_A
f713b971-4344-50bd-ba66-00e8f25bfb96,6eaf520f-70ef-5619-8bce-bcb58ebbc98c,"Broccoli, raw",20057,0.95,0.00,0.11,0.00,0.00,0.00,0.00,0.00,0.00,0.01,0.02,8.45,10.50,1.01,10.90,0.00,0,0,0.41,0.02,0.15,0.01,0.05,0.21,0.22,0.68,0.00,0.84,-0.04,0.17,0.22,0.09,Nutriscore_A
a5cce504-66eb-5917-bea4-2ce764993720,d57d5d44-e874-5bc5-835c-fcaeec2b3734,"Brussels sprout, canned, drained",20077,1.30,0.00,0.32,0.00,0.00,0.00,0.00,0.01,0.00,0.00,0.02,9.62,33.40,0.26,20.80,0.00,0,0,0.41,0.02,0.15,0.01,0.05,0.21,0.22,0.68,0.00,0.84,-0.04,0.17,0.22,0.09,Nutriscore_A
6ccc827d-bae8-5c57-86f4-64287d9146f8,d57d5d44-e874-5bc5-835c-fcaeec2b3734,"Brussels sprout, cooked",20013,1.37,0.00,0.23,0.00,0.00,0.00,0.00,0.01,0.00,0.01,0.03,8.39,40.20,0.31,20.90,0.00,0,0,0.41,0.02,0.15,0.01,0.05,0.21,0.22,0.68,0.00,0.84,-0.04,0.17,0.22,0.09,Nutriscore_A
af658104-c04a-51bc-93e9-d2ff0de8bffd,d57d5d44-e874-5bc5-835c-fcaeec2b3734,"Brussels sprout, frozen, cooked",20207,1.06,0.00,0.81,0.00,0.00,0.00,0.00,0.01,0.00,0.01,0.02,7.96,33.50,0.22,27.90,0.00,0,0,0.41,0.02,0.15,0.01,0.05,0.21,0.22,0.68,0.00,0.84,-0.04,0.17,0.22,0.09,Nutriscore_A
602d04e6-8eeb-5758-ae6a-599a0c02e5ba,d57d5d44-e874-5bc5-835c-fcaeec2b3734,"Brussels sprout, frozen, raw",20206,0.78,0.00,0.60,0.00,0.00,0.00,0.00,0.00,0.00,0.00,0.02,6.50,28.00,0.16,20.30,0.00,0,0,0.41,0.02,0.15,0.01,0.05,0.21,0.22,0.68,0.00,0.84,-0.04,0.17,0.22,0.09,Nutriscore_A
de5ecf43-56e5-5fbc-9cd8-88eb382dd46b,d57d5d44-e874-5bc5-835c-fcaeec2b3734,"Brussels sprout, raw",20058,0.56,0.00,0.08,0.00,0.00,0.00,0.00,0.00,0.00,0.00,0.02,5.16,28.90,0.06,6.73,0.00,0,0,0.41,0.02,0.15,0.01,0.05,0.21,0.22,0.68,0.00,0.84,-0.04,0.17,0.22,0.09,Nutriscore_A
8c58871f-6785-5b2c-97e7-c1dee98525dc,0298d4f7-8df8-5c02-af6e-b6fdae8ac921,"Cauliflower, cooked",20017,1.43,0.00,0.27,0.00,0.00,0.00,0.00,0.01,0.00,0.01,0.03,8.66,40.30,0.31,21.70,0.00,0,0,0.41,0.02,0.15,0.01,0.05,0.21,0.22,0.68,0.00,0.84,-0.04,0.17,0.22,0.09,Nutriscore_A
e6ce7193-4199-58ba-9eb7-d42c605e9f63,0298d4f7-8df8-5c02-af6e-b6fdae8ac921,"Cauliflower, frozen, cooked",20122,1.14,0.00,0.81,0.00,0.00,0.00,0.00,0.01,0.00,0.01,0.02,9.21,37.50,0.23,28.30,0.00,0,0,0.41,0.02,0.15,0.01,0.05,0.21,0.22,0.68,0.00,0.84,-0.04,0.17,0.22,0.09,Nutriscore_A
d35c575d-0e3b-56b6-96b4-d5c08062e0a9,0298d4f7-8df8-5c02-af6e-b6fdae8ac921,"Cauliflower, frozen, raw",20082,0.85,0.00,0.60,0.00,0.00,0.00,0.00,0.01,0.00,0.00,0.02,7.57,31.50,0.16,20.70,0.00,0,0,0.41,0.02,0.15,0.01,0.05,0.21,0.22,0.68,0.00,0.84,-0.04,0.17,0.22,0.09,Nutriscore_A
8ca1a76c-89e0-584c-9892-cb0423d5f16f,0298d4f7-8df8-5c02-af6e-b6fdae8ac921,"Cauliflower, raw",20016,0.72,0.00,0.12,0.00,0.00,0.00,0.00,0.01,0.00,0.01,0.02,6.20,32.90,0.07,8.41,0.00,0,0,0.41,0.02,0.15,0.01,0.05,0.21,0.22,0.68,0.00,0.84,-0.04,0.17,0.22,0.09,Nutriscore_A
f8ec3587-777a-5b9b-930d-bba84170497b,0298d4f7-8df8-5c02-af6e-b6fdae8ac921,"Romanesco cauliflower or romanesco broccoli, raw",20280,0.72,0.00,0.12,0.00,0.00,0.00,0.00,0.01,0.00,0.01,0.02,6.20,32.90,0.07,8.41,0.00,0,0,0.41,0.02,0.15,0.01,0.05,0.21,0.22,0.68,0.00,0.84,-0.04,0.17,0.22,0.09,Nutriscore_A
f3ad8420-d34e-5fc2-85ea-6897b93ddf30,bc49b44c-2e5a-55d4-9166-014c44cccd53,"Chinese cabbage (nappa cabbage or bok choy), cooked",20221,1.60,0.00,0.28,0.00,0.00,0.00,0.00,0.01,0.00,0.01,0.03,9.68,45.30,0.35,24.20,0.00,0,0,0.41,0.02,0.15,0.01,0.05,0.21,0.22,0.68,0.00,0.84,-0.04,0.17,0.22,0.09,Nutriscore_A
2370eaed-bfbc-5771-8cba-afd16812478d,bc49b44c-2e5a-55d4-9166-014c44cccd53,"Chinese cabbage (nappa cabbage or bok choy), raw",20167,0.85,0.00,0.09,0.00,0.00,0.00,0.00,0.01,0.00,0.01,0.02,6.77,33.00,0.07,7.76,0.00,0,0,0.41,0.02,0.15,0.01,0.05,0.21,0.22,0.68,0.00,0.84,-0.04,0.17,0.22,0.09,Nutriscore_A
c1a96b3a-1a9b-55c7-b46c-c97b4e02f63a,7a0394c1-86e4-5fb6-afb2-2de561b4d56e,"Green cabbage, boiled/cooked in water",20015,1.60,0.00,0.28,0.00,0.00,0.00,0.00,0.01,0.00,0.01,0.03,9.68,45.30,0.35,24.20,0.00,0,0,0.41,0.02,0.15,0.01,0.05,0.21,0.22,0.68,0.00,0.84,-0.04,0.17,0.22,0.09,Nutriscore_A
0a63f727-febe-5064-b640-f8f290432c8d,7a0394c1-86e4-5fb6-afb2-2de561b4d56e,"Green cabbage, raw",20069,0.85,0.00,0.09,0.00,0.00,0.00,0.00,0.01,0.00,0.01,0.02,6.77,33.00,0.07,7.76,0.00,0,0,0.41,0.02,0.15,0.01,0.05,0.21,0.22,0.68,0.00,0.84,-0.04,0.17,0.22,0.09,Nutriscore_A
33281a1d-b245-5aac-8063-24d1ece0251b,7a0394c1-86e4-5fb6-afb2-2de561b4d56e,"Red cabbage, boiled/cooked in water",20095,1.68,0.00,0.29,0.01,0.00,0.00,0.00,0.01,0.00,0.00,0.02,14.90,18.30,0.80,26.40,0.00,0,0,0.41,0.02,0.15,0.01,0.05,0.21,0.22,0.68,0.00,0.84,-0.04,0.17,0.22,0.09,Nutriscore_A
bf6ad551-b9db-57b2-9aee-77ae75c663be,7a0394c1-86e4-5fb6-afb2-2de561b4d56e,"Red cabbage, raw",20014,0.91,0.00,0.10,0.00,0.00,0.00,0.00,0.00,0.00,0.00,0.01,11.00,9.82,0.46,9.58,0.00,0,0,0.41,0.02,0.15,0.01,0.05,0.21,0.22,0.68,0.00,0.84,-0.04,0.17,0.22,0.09,Nutriscore_A
d14d5faa-7e53-574b-a921-27f808646f2e,7a0394c1-86e4-5fb6-afb2-2de561b4d56e,"White cabbage, raw",20116,0.76,0.00,0.10,0.00,0.00,0.00,0.00,0.00,0.00,0.00,0.01,10.30,9.30,0.50,9.41,0.00,0,0,0.41,0.02,0.15,0.01,0.05,0.21,0.22,0.68,0.00,0.84,-0.04,0.17,0.22,0.09,Nutriscore_A
5cb1a105-b388-50d5-aa9c-d6d48269541f,acb68e8c-387b-59aa-8353-1d6e8e19f57a,"Curly kale, cooked",20219,1.60,0.00,0.26,0.00,0.00,0.00,0.00,0.01,0.00,0.01,0.03,9.70,45.20,0.35,23.50,0.00,0,0,0.41,0.02,0.15,0.01,0.05,0.21,0.22,0.68,0.00,0.84,-0.04,0.17,0.22,0.09,Nutriscore_A
b5ca3417-02b1-5c12-80ca-d0cedbb52f1a,acb68e8c-387b-59aa-8353-1d6e8e19f57a,"Curly kale, raw",20218,0.71,0.00,0.09,0.00,0.00,0.00,0.00,0.01,0.00,0.01,0.02,6.15,32.90,0.07,7.67,0.00,0,0,0.41,0.02,0.15,0.01,0.05,0.21,0.22,0.68,0.00,0.84,-0.04,0.17,0.22,0.09,Nutriscore_A
609bd569-8415-5f81-8d9b-686d527be985,004deb22-1d0c-5a6a-9489-0a2bdabaa404,"Kohlrabi, boiled/cooked in water",20094,1.59,0.00,0.23,0.00,0.00,0.00,0.00,0.01,0.00,0.01,0.03,9.66,45.20,0.34,22.80,0.00,0,0,0.41,0.02,0.15,0.01,0.05,0.21,0.22,0.68,0.00,0.84,-0.04,0.17,0.22,0.09,Nutriscore_A
af28d99e-8156-5f4c-90d2-3d45d9b589b8,e176691f-7244-5412-a98f-c76c1cea7472,"Garlic, fresh",11000,0.38,0.00,0.13,0.00,0.00,0.00,0.00,0.00,0.00,0.00,0.01,5.05,18.70,0.55,6.38,0.00,0,0,0.05,0.01,0.06,0.01,0.32,0.44,0.10,0.38,0.00,0.29,-0.01,0.02,0.05,0.04,Nutriscore_A
facb9b29-590d-5a44-8398-29daa96a8641,be71a4a1-467e-5061-835d-3c4fa0d8f58a,"Onion, cooked",20035,1.18,0.00,0.24,0.00,0.00,0.00,0.00,0.00,0.00,0.00,0.01,8.81,26.80,1.10,20.10,0.00,0,0,0.05,0.01,0.06,0.01,0.32,0.44,0.10,0.38,0.00,0.29,-0.01,0.02,0.05,0.04,Nutriscore_A
dd53609a-dc37-58ca-844b-a4f61c5dd4ed,be71a4a1-467e-5061-835d-3c4fa0d8f58a,"Onion, dried",20180,3.56,0.00,13.90,0.01,0.00,0.00,0.00,0.02,0.00,0.02,0.08,48.70,181.00,8.29,319.00,0.00,0,0,0.05,0.01,0.06,0.01,0.32,0.44,0.10,0.38,0.00,0.29,-0.01,0.02,0.05,0.04,Nutriscore_C
c8888c2a-badc-50e8-adb2-a964f01077be,be71a4a1-467e-5061-835d-3c4fa0d8f58a,"Onion, frozen, raw",20235,0.82,0.00,0.61,0.00,0.00,0.00,0.00,0.00,0.00,0.00,0.01,8.91,20.10,1.24,22.10,0.00,0,0,0.05,0.01,0.06,0.01,0.32,0.44,0.10,0.38,0.00,0.29,-0.01,0.02,0.05,0.04,Nutriscore_A
0a218d53-d292-55ae-b11e-e167ef75ab74,be71a4a1-467e-5061-835d-3c4fa0d8f58a,"Onion, raw",20034,0.42,0.00,0.07,0.00,0.00,0.00,0.00,0.00,0.00,0.00,0.01,5.57,17.60,0.74,5.79,0.00,0,0,0.05,0.01,0.06,0.01,0.32,0.44,0.10,0.38,0.00,0.29,-0.01,0.02,0.05,0.04,Nutriscore_A
731015a9-a876-5c4f-abdc-1655089468a8,e5b61875-4f58-50f3-897e-a1ed94186220,"Shallot, cooked",20255,1.15,0.00,0.24,0.00,0.00,0.00,0.00,0.00,0.00,0.00,0.01,8.31,27.30,0.86,19.90,0.00,0,0,0.05,0.01,0.06,0.01,0.32,0.44,0.10,0.38,0.00,0.29,-0.01,0.02,0.05,0.04,Nutriscore_A
4aeefada-5b64-536f-88ac-4f0afedcd22d,e5b61875-4f58-50f3-897e-a1ed94186220,"Shallot, raw",20097,0.39,0.00,0.07,0.00,0.00,0.00,0.00,0.00,0.00,0.00,0.01,5.14,18.00,0.53,5.60,0.00,0,0,0.05,0.01,0.06,0.01,0.32,0.44,0.10,0.38,0.00,0.29,-0.01,0.02,0.05,0.04,Nutriscore_A
d9c7b090-2e61-5284-94c5-dc844f7a20fb,4b65543a-5f9a-55e1-ae56-553ab59a13c2,"Cocoa powder, without sugar, powder, instant, non rehydrated",18100,29.10,0.00,0.51,0.05,0.00,0.00,0.00,0.04,0.00,0.07,0.13,80.60,1050.00,0.74,91.70,0.00,0,0,0.14,0.06,0.47,0.05,0.32,1.01,0.28,1.56,0.02,0.91,-0.10,0.17,0.19,0.11,Nutriscore_C
004016b0-f085-5e00-870a-db925003f76b,34b4b152-3d5c-5ef2-b5fa-dcbce57b3457,"Coffee, ground",18003,8.40,0.00,0.19,0.04,0.00,0.00,0.00,0.15,0.00,0.09,0.63,391.00,417.00,9.71,54.40,0.00,0,0,0.01,0.03,0.18,0.03,0.14,0.53,0.12,0.96,0.01,0.75,-0.06,0.04,0.04,0.09,Nutriscore_A
32a9c81d-b6d2-5a0e-a85e-500a39517cb2,af4c8a61-9db2-5b98-9977-2182cd446272,"Decaffeinated not instant coffee, without sugar, ready-to-drink",18070,0.68,0.00,0.10,0.00,0.00,0.00,0.00,0.01,0.00,0.01,0.04,24.50,25.20,0.61,7.23,0.00,0,0,0.01,0.03,0.18,0.03,0.14,0.53,0.12,0.96,0.01,0.75,-0.06,0.04,0.04,0.09,Nutriscore_A
5394f620-69a2-5bc6-a106-32ecc00b32ca,8026170f-f7fe-5131-a415-18a1eb4a9f86,"Decaffeinated instant coffee, without sugar, ready-to-drink",18072,1.63,0.00,0.15,0.01,0.00,0.00,0.00,0.02,0.00,0.01,0.08,50.80,52.70,1.49,16.00,0.00,0,0,0.01,0.03,0.18,0.03,0.14,0.53,0.12,0.96,0.01,0.75,-0.06,0.04,0.04,0.09,Nutriscore_A
fc7c42c6-0483-51e1-ae8e-8863bce3c5df,eac52739-3ba4-5f8e-a128-6d7252d11b74,"Chicory, powder, instant, non rehydrated",18152_1,7.87,0.00,9.85,0.02,0.00,0.00,0.00,0.03,0.00,0.02,0.10,62.70,151.00,1.42,281.00,0.00,0,0,0.05,0.01,0.06,0.01,0.32,0.44,0.10,0.38,0.00,0.29,-0.01,0.02,0.05,0.04,Nutriscore_C
8115878a-f0a0-5b41-9733-f42f5bcfd6ae,eac52739-3ba4-5f8e-a128-6d7252d11b74,"Chicory, powder, instant, ready-to-drink",18152_2,0.17,0.00,0.26,0.00,0.00,0.00,0.00,0.00,0.00,0.00,0.00,1.32,3.04,0.04,7.03,0.00,0,0,0.05,0.01,0.06,0.01,0.32,0.44,0.10,0.38,0.00,0.29,-0.01,0.02,0.05,0.04,Nutriscore_C
3e58fdc3-3fad-5b2c-968f-0da73040aaa9,9cf3dde7-7c4e-51e9-8f13-98fb46339448,"Mix of chicory and coffee, instant, without sugar, ready-to-drink (reconstituted with standard semi-skimmed milk)",18153,2.24,0.00,0.26,0.01,0.00,0.00,0.00,0.02,0.00,0.01,0.10,42.70,85.20,1.09,20.60,0.00,0,0,0.05,0.01,0.06,0.01,0.32,0.44,0.10,0.38,0.00,0.29,-0.01,0.02,0.05,0.04,Nutriscore_A
b9880593-6157-53a4-b1e5-7f49ea79dc1c,9cf3dde7-7c4e-51e9-8f13-98fb46339448,"Mix of chicory and coffee, instant, without sugar, ready-to-drink (reconstituted with water)",18162,4.48,0.00,0.56,0.02,0.00,0.00,0.00,0.03,0.00,0.01,0.12,68.30,93.50,1.46,51.50,0.00,0,0,0.05,0.01,0.06,0.01,0.32,0.44,0.10,0.38,0.00,0.29,-0.01,0.02,0.05,0.04,Nutriscore_A
991d9a31-d9ad-5233-8173-75b71a43cee6,dcba55fe-adcf-5f6f-9e87-e354a5edecef,"Eggplant, cooked",20002,1.16,0.00,0.23,0.00,0.00,0.00,0.00,0.00,0.00,0.00,0.02,7.00,22.20,0.82,20.40,0.00,0,0,0.03,0.02,0.08,0.03,0.09,0.55,0.20,0.96,0.01,1.27,-0.04,0.30,0.35,0.56,Nutriscore_A
4e337290-6592-5355-b20b-82756ff9c526,dcba55fe-adcf-5f6f-9e87-e354a5edecef,"Eggplant, raw",20053,0.47,0.00,0.08,0.00,0.00,0.00,0.00,0.00,0.00,0.00,0.01,4.51,15.10,0.55,7.41,0.00,0,0,0.03,0.02,0.08,0.03,0.09,0.55,0.20,0.96,0.01,1.27,-0.04,0.30,0.35,0.56,Nutriscore_A
24fa1fa9-3532-58dd-bbe7-f5bc108b00bc,bbce9980-bff8-53c9-8d6b-39a53f6e93b6,"Chili pepper, raw",20151,0.72,0.00,0.52,0.00,0.00,0.00,0.00,0.00,0.00,0.00,0.01,6.57,6.38,0.29,17.10,0.00,0,0,0.03,0.02,0.08,0.03,0.09,0.55,0.20,0.96,0.01,1.27,-0.04,0.30,0.35,0.56,Nutriscore_A
69d6eab1-9275-513e-b821-9ceb127d6e9f,ec6390ff-8fb8-581e-bfb1-ef1a20ad0988,"Courgette or zucchini, pulp and peel, cooked",20021,1.26,0.00,0.24,0.00,0.00,0.00,0.00,0.01,0.00,0.00,0.02,7.62,23.90,0.89,21.70,0.00,0,0,0.03,0.02,0.08,0.03,0.09,0.55,0.20,0.96,0.01,1.27,-0.04,0.30,0.35,0.56,Nutriscore_A
62e7048d-7541-559d-a650-dcb204e6e9ed,ec6390ff-8fb8-581e-bfb1-ef1a20ad0988,"Courgette or zucchini, pulp and peel, frozen, raw",20230,0.70,0.00,0.61,0.00,0.00,0.00,0.00,0.00,0.00,0.00,0.01,5.92,15.50,0.60,21.00,0.00,0,0,0.03,0.02,0.08,0.03,0.09,0.55,0.20,0.96,0.01,1.27,-0.04,0.30,0.35,0.56,Nutriscore_A
1f86bb25-a0e5-5741-87c8-ff5867698d92,ec6390ff-8fb8-581e-bfb1-ef1a20ad0988,"Courgette or zucchini, pulp and peel, raw",20020,0.50,0.00,0.08,0.00,0.00,0.00,0.00,0.00,0.00,0.00,0.01,4.58,15.10,0.55,7.41,0.00,0,0,0.03,0.02,0.08,0.03,0.09,0.55,0.20,0.96,0.01,1.27,-0.04,0.30,0.35,0.56,Nutriscore_A
eda0fe2b-5b9e-567b-a57f-d89ea0912318,ec6390ff-8fb8-581e-bfb1-ef1a20ad0988,"Courgettes, puree",20264,1.21,0.00,0.21,0.00,0.00,0.00,0.00,0.00,0.00,0.00,0.02,7.30,22.70,0.88,20.80,0.00,0,0,0.03,0.02,0.08,0.03,0.09,0.55,0.20,0.96,0.01,1.27,-0.04,0.30,0.35,0.56,Nutriscore_A
37dddf20-5710-5955-9211-a6851b372201,0563cba6-a33e-51a3-b282-f4a5b43bac78,"Cucumber, pulp and peel, raw",20019,0.51,0.00,0.08,0.00,0.00,0.00,0.00,0.00,0.00,0.00,0.01,3.75,4.53,0.33,7.85,0.00,0,0,0.03,0.02,0.08,0.03,0.09,0.55,0.20,0.96,0.01,1.27,-0.04,0.30,0.35,0.56,Nutriscore_A
7318b945-e1c1-50b6-8d3c-2cb3cb1e970a,0563cba6-a33e-51a3-b282-f4a5b43bac78,"Cucumber, pulp, raw",20210,0.51,0.00,0.08,0.00,0.00,0.00,0.00,0.00,0.00,0.00,0.01,3.75,4.53,0.33,7.85,0.00,0,0,0.03,0.02,0.08,0.03,0.09,0.55,0.20,0.96,0.01,1.27,-0.04,0.30,0.35,0.56,Nutriscore_A
5f72cb54-8a8f-54f7-8574-2c9993eb67d3,a436d641-ab57-5356-9db4-a0d2ef20e3bf,"Melon, cantaloupe (ex Cavaillon or Charentais melon), pulp, raw",13026,0.98,0.00,0.14,0.00,0.00,0.00,0.00,0.00,0.00,0.00,0.01,7.92,43.10,1.43,13.60,0.00,0,0,0.03,0.02,0.08,0.03,0.09,0.55,0.20,0.96,0.01,1.27,-0.04,0.30,0.35,0.56,Nutriscore_A
6fd672f0-934b-55be-baf5-02a453451808,a436d641-ab57-5356-9db4-a0d2ef20e3bf,"Melon, honeydew, pulp, raw",13742,0.98,0.00,0.14,0.00,0.00,0.00,0.00,0.00,0.00,0.00,0.01,7.92,43.10,1.43,13.60,0.00,0,0,0.03,0.02,0.08,0.03,0.09,0.55,0.20,0.96,0.01,1.27,-0.04,0.30,0.35,0.56,Nutriscore_A
df4c0c41-3a6d-54fc-ab91-05320139276b,3eaf27d1-5bdf-5513-947a-8a3e5dd856d7,"Okra, cooked, without salt",58103,2.03,0.00,0.28,0.01,0.00,0.00,0.00,0.01,0.00,0.01,0.04,39.20,23.40,2.00,30.00,0.00,0,0,0.03,0.02,0.08,0.03,0.09,0.55,0.20,0.96,0.01,1.27,-0.04,0.30,0.35,0.56,Nutriscore_A
f838f11a-4272-5d5c-ac97-8c82c6f5d639,dc56696f-36a4-558e-9b5d-ea5eec07d6ea,"Sweet pepper, green, cooked",20086,1.60,0.00,0.76,0.01,0.00,0.00,0.00,0.01,0.00,0.00,0.02,10.20,14.30,0.61,34.50,0.00,0,0,0.03,0.02,0.08,0.03,0.09,0.55,0.20,0.96,0.01,1.27,-0.04,0.30,0.35,0.56,Nutriscore_A
0948be80-94e2-5487-b3b8-67cfe7587bed,dc56696f-36a4-558e-9b5d-ea5eec07d6ea,"Sweet pepper, green, raw",20085,0.72,0.00,0.52,0.00,0.00,0.00,0.00,0.00,0.00,0.00,0.01,6.57,6.38,0.29,17.10,0.00,0,0,0.03,0.02,0.08,0.03,0.09,0.55,0.20,0.96,0.01,1.27,-0.04,0.30,0.35,0.56,Nutriscore_A
08ee78c6-27ff-51ae-9989-e19a5bf7e1cb,dc56696f-36a4-558e-9b5d-ea5eec07d6ea,"Sweet pepper, green, yellow or red, raw",20041,0.72,0.00,0.52,0.00,0.00,0.00,0.00,0.00,0.00,0.00,0.01,6.57,6.38,0.29,17.10,0.00,0,0,0.03,0.02,0.08,0.03,0.09,0.55,0.20,0.96,0.01,1.27,-0.04,0.30,0.35,0.56,Nutriscore_A
3ad9a945-deb2-551c-b794-87bebc7e1c41,dc56696f-36a4-558e-9b5d-ea5eec07d6ea,"Sweet pepper, red, canned, drained",20275,1.30,0.00,0.64,0.00,0.00,0.00,0.00,0.00,0.00,0.00,0.01,9.60,12.30,0.42,27.90,0.00,0,0,0.03,0.02,0.08,0.03,0.09,0.55,0.20,0.96,0.01,1.27,-0.04,0.30,0.35,0.56,Nutriscore_A
3fd53c80-823c-5e10-a311-35430379ac4f,dc56696f-36a4-558e-9b5d-ea5eec07d6ea,"Sweet pepper, red, cooked",20088,1.60,0.00,0.76,0.01,0.00,0.00,0.00,0.01,0.00,0.00,0.02,10.20,14.30,0.61,34.50,0.00,0,0,0.03,0.02,0.08,0.03,0.09,0.55,0.20,0.96,0.01,1.27,-0.04,0.30,0.35,0.56,Nutriscore_A
c7f260a2-9bf5-5b80-9635-39eb5303a438,dc56696f-36a4-558e-9b5d-ea5eec07d6ea,"Sweet pepper, red, raw",20087,0.72,0.00,0.52,0.00,0.00,0.00,0.00,0.00,0.00,0.00,0.01,6.57,6.38,0.29,17.10,0.00,0,0,0.03,0.02,0.08,0.03,0.09,0.55,0.20,0.96,0.01,1.27,-0.04,0.30,0.35,0.56,Nutriscore_A
8b4d7be4-5c3a-51b9-ab2b-970b9a7a8be6,dc56696f-36a4-558e-9b5d-ea5eec07d6ea,"Sweet pepper, yellow, raw",20168,0.72,0.00,0.52,0.00,0.00,0.00,0.00,0.00,0.00,0.00,0.01,6.57,6.38,0.29,17.10,0.00,0,0,0.03,0.02,0.08,0.03,0.09,0.55,0.20,0.96,0.01,1.27,-0.04,0.30,0.35,0.56,Nutriscore_A
1f7ddc3a-c3a1-5258-8c5c-4a5b11105aa8,139abd43-3214-5d4f-b071-f97094990a96,"Pumpkin (cucurbita moschata), pulp, raw",20128,0.61,0.00,0.10,0.00,0.00,0.00,0.00,0.00,0.00,0.00,0.01,5.42,17.20,0.63,8.57,0.00,0,0,0.03,0.02,0.08,0.03,0.09,0.55,0.20,0.96,0.01,1.27,-0.04,0.30,0.35,0.56,Nutriscore_A
d6876758-264f-5e37-875a-a8a09ec1c954,139abd43-3214-5d4f-b071-f97094990a96,"Pumpkin, canned, drained",20043,1.36,0.00,0.35,0.00,0.00,0.00,0.00,0.01,0.00,0.00,0.02,10.60,23.30,0.78,23.30,0.00,0,0,0.03,0.02,0.08,0.03,0.09,0.55,0.20,0.96,0.01,1.27,-0.04,0.30,0.35,0.56,Nutriscore_A
d019308a-ea57-5f9c-bee0-ca550b1b60f1,139abd43-3214-5d4f-b071-f97094990a96,"Pumpkin, cooked",20096,1.51,0.00,0.28,0.00,0.00,0.00,0.00,0.01,0.00,0.00,0.02,9.07,27.10,1.00,25.00,0.00,0,0,0.03,0.02,0.08,0.03,0.09,0.55,0.20,0.96,0.01,1.27,-0.04,0.30,0.35,0.56,Nutriscore_A
3071d145-6ae6-538b-9da2-654601e4b651,139abd43-3214-5d4f-b071-f97094990a96,"Pumpkin, pulp, raw",20166,0.64,0.00,0.10,0.00,0.00,0.00,0.00,0.00,0.00,0.00,0.01,5.60,17.40,0.63,8.96,0.00,0,0,0.03,0.02,0.08,0.03,0.09,0.55,0.20,0.96,0.01,1.27,-0.04,0.30,0.35,0.56,Nutriscore_A
cccf9637-5dac-538d-aec5-ac82a5061890,139abd43-3214-5d4f-b071-f97094990a96,"Pumpkin, raw",20044,0.64,0.00,0.10,0.00,0.00,0.00,0.00,0.00,0.00,0.00,0.01,5.60,17.40,0.63,8.96,0.00,0,0,0.03,0.02,0.08,0.03,0.09,0.55,0.20,0.96,0.01,1.27,-0.04,0.30,0.35,0.56,Nutriscore_A
e37355a1-e6bf-5b6e-9470-ec1fcfd23b81,139abd43-3214-5d4f-b071-f97094990a96,"Red kuri squash, pulp, raw",20132,0.61,0.00,0.10,0.00,0.00,0.00,0.00,0.00,0.00,0.00,0.01,5.42,17.20,0.63,8.57,0.00,0,0,0.03,0.02,0.08,0.03,0.09,0.55,0.20,0.96,0.01,1.27,-0.04,0.30,0.35,0.56,Nutriscore_A
8237cc33-c580-5ab7-93ca-5ffed40e25ad,139abd43-3214-5d4f-b071-f97094990a96,"Squash, all types, raw",20139,0.64,0.00,0.10,0.00,0.00,0.00,0.00,0.00,0.00,0.00,0.01,5.60,17.40,0.63,8.96,0.00,0,0,0.03,0.02,0.08,0.03,0.09,0.55,0.20,0.96,0.01,1.27,-0.04,0.30,0.35,0.56,Nutriscore_A
9a22da56-f128-5e86-acdb-428137952171,139abd43-3214-5d4f-b071-f97094990a96,"Squash, butternut, pulp, raw",20138,0.64,0.00,0.10,0.00,0.00,0.00,0.00,0.00,0.00,0.00,0.01,5.60,17.40,0.63,8.96,0.00,0,0,0.03,0.02,0.08,0.03,0.09,0.55,0.20,0.96,0.01,1.27,-0.04,0.30,0.35,0.56,Nutriscore_A
87b63e51-d3f6-51fb-babe-5b9b479e6e0a,139abd43-3214-5d4f-b071-f97094990a96,"Squash, melonnette jaspée from Vendée, pulp, raw",20136,0.64,0.00,0.10,0.00,0.00,0.00,0.00,0.00,0.00,0.00,0.01,5.60,17.40,0.63,8.96,0.00,0,0,0.03,0.02,0.08,0.03,0.09,0.55,0.20,0.96,0.01,1.27,-0.04,0.30,0.35,0.56,Nutriscore_A
8a41b462-9dc0-5f87-b8c2-f6cac220659e,139abd43-3214-5d4f-b071-f97094990a96,"Squash, spaghetti, pulp, cooked",20143,1.51,0.00,0.28,0.00,0.00,0.00,0.00,0.01,0.00,0.00,0.02,9.07,27.10,1.00,25.00,0.00,0,0,0.03,0.02,0.08,0.03,0.09,0.55,0.20,0.96,0.01,1.27,-0.04,0.30,0.35,0.56,Nutriscore_A
63b4d1d4-e0ef-5bd2-b5c7-97cd46faa450,139abd43-3214-5d4f-b071-f97094990a96,"Squash, spaghetti, pulp, raw",20145,0.64,0.00,0.10,0.00,0.00,0.00,0.00,0.00,0.00,0.00,0.01,5.60,17.40,0.63,8.96,0.00,0,0,0.03,0.02,0.08,0.03,0.09,0.55,0.20,0.96,0.01,1.27,-0.04,0.30,0.35,0.56,Nutriscore_A
5610ffe7-1461-558c-afde-080e8a855468,139abd43-3214-5d4f-b071-f97094990a96,"Sweet green hokkaido squash, pulp, raw",20134,0.61,0.00,0.10,0.00,0.00,0.00,0.00,0.00,0.00,0.00,0.01,5.42,17.20,0.63,8.57,0.00,0,0,0.03,0.02,0.08,0.03,0.09,0.55,0.20,0.96,0.01,1.27,-0.04,0.30,0.35,0.56,Nutriscore_A
24070872-3d01-5e00-9234-091caa3234c1,68c5609f-db83-5198-9ac3-3d9172f8fa61,"Sweet corn, canned, drained",20066,1.39,0.00,0.28,0.01,0.00,0.00,0.00,0.01,0.00,0.01,0.07,30.30,68.00,0.88,18.50,0.00,0,0,0.03,0.02,0.08,0.03,0.09,0.55,0.20,0.96,0.01,1.27,-0.04,0.30,0.35,0.56,Nutriscore_A
a9288dfb-2a37-5f0d-beff-41bea25edf45,68c5609f-db83-5198-9ac3-3d9172f8fa61,"Sweet corn, frozen, raw",20233,0.85,0.00,0.62,0.00,0.00,0.00,0.00,0.01,0.00,0.00,0.04,23.10,52.90,0.67,20.40,0.00,0,0,0.03,0.02,0.08,0.03,0.09,0.55,0.20,0.96,0.01,1.27,-0.04,0.30,0.35,0.56,Nutriscore_A
6c8b4e5b-b2e6-5919-97c1-0211dd53cf36,68c5609f-db83-5198-9ac3-3d9172f8fa61,"Sweet corn, on the cob, cooked",20049,1.81,0.00,0.26,0.01,0.00,0.00,0.00,0.02,0.00,0.01,0.07,37.90,89.30,1.18,23.60,0.00,0,0,0.03,0.02,0.08,0.03,0.09,0.55,0.20,0.96,0.01,1.27,-0.04,0.30,0.35,0.56,Nutriscore_A
4d075751-f0aa-5570-bd7e-a70a62a434a7,68c5609f-db83-5198-9ac3-3d9172f8fa61,"Sweet corn, on the cob, frozen, raw",20108,0.99,0.00,0.63,0.00,0.00,0.00,0.00,0.01,0.00,0.01,0.05,29.20,65.40,0.81,21.10,0.00,0,0,0.03,0.02,0.08,0.03,0.09,0.55,0.20,0.96,0.01,1.27,-0.04,0.30,0.35,0.56,Nutriscore_A
e319e10a-51a8-55d4-9b31-5b41300d9f11,fd37260f-9f24-522f-9a8a-b847f536bab4,"Tomato, cherry, raw",20172,0.63,0.00,0.09,0.00,0.00,0.00,0.00,0.00,0.00,0.00,0.01,4.47,5.18,0.38,8.94,0.00,0,0,0.03,0.02,0.08,0.03,0.09,0.55,0.20,0.96,0.01,1.27,-0.04,0.30,0.35,0.56,Nutriscore_A
a27d8a11-8729-561e-a4b2-b37e8b881343,fd37260f-9f24-522f-9a8a-b847f536bab4,"Tomato, green, raw",20119,0.75,0.00,0.09,0.00,0.00,0.00,0.00,0.00,0.00,0.00,0.02,11.60,6.51,1.27,10.20,0.00,0,0,0.03,0.02,0.08,0.03,0.09,0.55,0.20,0.96,0.01,1.27,-0.04,0.30,0.35,0.56,Nutriscore_A
4e22329f-9ed7-50c4-8667-9c052f38c168,fd37260f-9f24-522f-9a8a-b847f536bab4,"Tomato, in season, raw",20047_2,0.63,0.00,0.09,0.00,0.00,0.00,0.00,0.00,0.00,0.00,0.01,4.47,5.18,0.38,8.94,0.00,0,0,0.03,0.02,0.08,0.03,0.09,0.55,0.20,0.96,0.01,1.27,-0.04,0.30,0.35,0.56,Nutriscore_A
278d563e-0637-51e2-ae2d-a2bf8e2cada7,fd37260f-9f24-522f-9a8a-b847f536bab4,"Tomato, off season, raw",20047_3,2.11,0.00,0.15,0.01,0.00,0.00,0.00,0.01,0.00,0.00,0.03,20.20,7.94,2.07,29.50,0.00,0,0,0.03,0.02,0.08,0.03,0.09,0.55,0.20,0.96,0.01,1.27,-0.04,0.30,0.35,0.56,Nutriscore_A
dfb4abe5-f637-5105-8291-adb30133a21e,fd37260f-9f24-522f-9a8a-b847f536bab4,"Tomato, raw",20047_1,0.75,0.00,0.09,0.00,0.00,0.00,0.00,0.00,0.00,0.00,0.02,11.60,6.51,1.27,10.20,0.00,0,0,0.03,0.02,0.08,0.03,0.09,0.55,0.20,0.96,0.01,1.27,-0.04,0.30,0.35,0.56,Nutriscore_A
af889de0-7315-510a-a5b5-460fa5d5d32a,fd37260f-9f24-522f-9a8a-b847f536bab4,"Tomato, roasted/baked, with skin",20289,1.49,0.00,0.77,0.01,0.00,0.00,0.00,0.01,0.00,0.00,0.02,17.60,15.20,1.71,32.30,0.00,0,0,0.03,0.02,0.08,0.03,0.09,0.55,0.20,0.96,0.01,1.27,-0.04,0.30,0.35,0.56,Nutriscore_A
d94d74ed-172d-5962-9a58-904c6623e957,31a6e189-5eaa-518e-bd2e-2f6bf4f37f5f,"Watermelon, pulp, raw",13036,0.68,0.00,0.07,0.00,0.00,0.00,0.00,0.00,0.00,0.00,0.01,5.74,32.50,1.07,9.80,0.00,0,0,0.03,0.02,0.08,0.03,0.09,0.55,0.20,0.96,0.01,1.27,-0.04,0.30,0.35,0.56,Nutriscore_A
e26b7ff8-0a40-5050-be56-51c4d67011de,f8b2ec32-6077-50b6-b7d3-ba9a79770301,"Morel, raw",20105,6.17,0.00,0.36,0.01,0.00,0.00,0.00,0.02,0.00,0.02,0.07,60.70,27.70,56.20,79.60,0.00,0,0,0.41,0.02,0.15,0.01,0.05,0.21,0.22,0.68,0.00,0.84,-0.04,0.17,0.22,0.09,Nutriscore_A
926db15a-e7e9-50ca-a0e0-16e725a4f76d,bf9f851b-b944-574f-8bc8-7bd7cabe01d6,"Alfalfa seeds, sprouted, raw",15029,3.49,0.00,0.25,0.02,0.00,0.00,0.00,0.11,0.00,0.06,0.46,42.80,572.00,8.25,31.10,0.00,0,0,0.05,0.01,0.06,0.01,0.32,0.44,0.10,0.38,0.00,0.29,-0.01,0.02,0.05,0.04,Nutriscore_A
b901ff72-08e1-5adb-9f3b-57b0b7992e91,bf9f851b-b944-574f-8bc8-7bd7cabe01d6,"Alphalfa seeds, raw",15032,3.49,0.00,0.25,0.02,0.00,0.00,0.00,0.11,0.00,0.06,0.46,42.80,572.00,8.25,31.10,0.00,0,0,0.05,0.01,0.06,0.01,0.32,0.44,0.10,0.38,0.00,0.29,-0.01,0.02,0.05,0.04,Nutriscore_A
cc7c7e71-9b5c-580f-bcfa-7e584e117cf8,bd665786-f198-5c5c-93ad-9958527f9535,"Beans, mung, mature, seeds, dry",20530,0.57,0.00,0.32,0.00,0.00,0.00,0.00,0.01,0.00,0.00,0.03,12.80,78.00,0.98,12.90,0.00,0,0,0.05,0.01,0.06,0.01,0.32,0.44,0.10,0.38,0.00,0.29,-0.01,0.02,0.05,0.04,Nutriscore_A
ebde250c-a16d-5e08-a50c-26c97e15050d,7b01b4ef-8b83-5962-b37f-b14461a644d4,"Swiss chard, cooked",20005,1.45,0.00,0.45,0.00,0.00,0.00,0.00,0.00,0.00,0.00,0.01,21.50,-17.50,0.64,26.60,0.00,0,0,0.41,0.02,0.15,0.01,0.05,0.21,0.22,0.68,0.00,0.84,-0.04,0.17,0.22,0.09,Nutriscore_A
7f669645-6f0b-5081-9816-c70b4c9e0cd0,7b01b4ef-8b83-5962-b37f-b14461a644d4,"Swiss chard, raw",20004,0.58,0.00,0.19,0.00,0.00,0.00,0.00,0.00,0.00,0.00,0.01,16.20,-20.90,0.32,9.21,0.00,0,0,0.41,0.02,0.15,0.01,0.05,0.21,0.22,0.68,0.00,0.84,-0.04,0.17,0.22,0.09,Nutriscore_A
fc8e7daa-a347-5405-92f6-6968ea3221ef,6ad5aac6-cf43-567d-b30c-29d281b5b072,"Garden cress, raw",20199,0.87,0.00,0.32,0.00,0.00,0.00,0.00,0.00,0.00,0.00,0.01,8.54,9.16,0.64,15.60,0.00,0,0,0.41,0.02,0.15,0.01,0.05,0.21,0.22,0.68,0.00,0.84,-0.04,0.17,0.22,0.09,Nutriscore_A
1dccba60-05e7-5f86-9ba3-16c14033eea0,b200980f-b73e-5611-8101-b8f630cbbbc1,"Dandelion, raw",20038,0.87,0.00,0.32,0.00,0.00,0.00,0.00,0.00,0.00,0.00,0.01,8.54,9.16,0.64,15.60,0.00,0,0,0.41,0.02,0.15,0.01,0.05,0.21,0.22,0.68,0.00,0.84,-0.04,0.17,0.22,0.09,Nutriscore_A
c753c588-1ea0-52bb-bb21-aa2d74cd5c07,d2b8d358-6755-5dbd-80df-8700f179fe68,"Curly endive, raw",20012,0.57,0.00,0.24,0.00,0.00,0.00,0.00,0.00,0.00,0.00,0.01,6.03,6.82,0.48,11.60,0.00,0,0,0.41,0.02,0.15,0.01,0.05,0.21,0.22,0.68,0.00,0.84,-0.04,0.17,0.22,0.09,Nutriscore_A
7d603f36-bdb0-576f-a2f3-c36506cfa202,d2b8d358-6755-5dbd-80df-8700f179fe68,Escaroles,20090,1.03,0.00,0.95,0.00,0.00,0.00,0.00,0.00,0.00,0.00,0.01,9.38,9.85,0.68,29.30,0.00,0,0,0.41,0.02,0.15,0.01,0.05,0.21,0.22,0.68,0.00,0.84,-0.04,0.17,0.22,0.09,Nutriscore_A
c96c0765-de29-5253-a830-4039cbe36c71,d2b8d358-6755-5dbd-80df-8700f179fe68,"Green endive, raw",20163,0.57,0.00,0.24,0.00,0.00,0.00,0.00,0.00,0.00,0.00,0.01,6.03,6.82,0.48,11.60,0.00,0,0,0.41,0.02,0.15,0.01,0.05,0.21,0.22,0.68,0.00,0.84,-0.04,0.17,0.22,0.09,Nutriscore_A
7306c443-0e32-5096-8728-96321661b2b5,2c27093c-c255-507b-ab0d-258ac8183777,"Iceberg lettuce, raw",20200,0.96,0.00,0.26,0.00,0.00,0.00,0.00,0.00,0.00,0.00,0.01,9.03,11.70,0.68,14.40,0.00,0,0,0.41,0.02,0.15,0.01,0.05,0.21,0.22,0.68,0.00,0.84,-0.04,0.17,0.22,0.09,Nutriscore_A
746018a4-f063-5d95-bebd-eb7340247df6,56c3da25-a6dc-51b4-a51c-b3fd238b3db5,"Lamb's lettuce, raw",20099,0.87,0.00,0.32,0.00,0.00,0.00,0.00,0.00,0.00,0.00,0.01,8.54,9.16,0.64,15.60,0.00,0,0,0.41,0.02,0.15,0.01,0.05,0.21,0.22,0.68,0.00,0.84,-0.04,0.17,0.22,0.09,Nutriscore_A
cb21a60f-ac31-5f6f-be94-c408c21d6a85,7f965704-ddd5-5b90-a9a5-4658f0cc5e64,"Mesclun or salads, mix of baby leaves",20272,1.03,0.00,0.95,0.00,0.00,0.00,0.00,0.00,0.00,0.00,0.01,9.38,9.85,0.68,29.30,0.00,0,0,0.41,0.02,0.15,0.01,0.05,0.21,0.22,0.68,0.00,0.84,-0.04,0.17,0.22,0.09,Nutriscore_A
abc75522-2d30-5991-ba79-3e6124aa6204,543efc17-92c9-5d19-a2f9-88f4d8fc2f5d,"Cos or romaine lettuce, raw",20171,0.87,0.00,0.32,0.00,0.00,0.00,0.00,0.00,0.00,0.00,0.01,8.54,9.16,0.64,15.60,0.00,0,0,0.41,0.02,0.15,0.01,0.05,0.21,0.22,0.68,0.00,0.84,-0.04,0.17,0.22,0.09,Nutriscore_A
21ee3ce5-1a2a-58e4-a375-58263a4f5b96,543efc17-92c9-5d19-a2f9-88f4d8fc2f5d,"Lettuce, raw",20031,0.87,0.00,0.32,0.00,0.00,0.00,0.00,0.00,0.00,0.00,0.01,8.54,9.16,0.64,15.60,0.00,0,0,0.41,0.02,0.15,0.01,0.05,0.21,0.22,0.68,0.00,0.84,-0.04,0.17,0.22,0.09,Nutriscore_A
259b3e28-f11b-518d-a13f-33f99d66c64c,8c81db42-a8b1-5050-b07d-8853cd57c74f,"Roman rocket, raw",20217,0.87,0.00,0.32,0.00,0.00,0.00,0.00,0.00,0.00,0.00,0.01,8.54,9.16,0.64,15.60,0.00,0,0,0.41,0.02,0.15,0.01,0.05,0.21,0.22,0.68,0.00,0.84,-0.04,0.17,0.22,0.09,Nutriscore_A
1809fe17-e2c7-5935-9c95-96aaa8dc91e9,56634806-2c32-559c-a6d6-42e30c01357e,"Sorrel, raw",20111,0.57,0.00,0.24,0.00,0.00,0.00,0.00,0.00,0.00,0.00,0.01,6.03,6.82,0.48,11.60,0.00,0,0,0.41,0.02,0.15,0.01,0.05,0.21,0.22,0.68,0.00,0.84,-0.04,0.17,0.22,0.09,Nutriscore_A
76b12258-8817-5d4e-83ed-abdfef5a8458,7fee791c-8fc7-5e1d-add8-c50cb06b97db,"Spinach, canned, drained",20060,1.10,0.00,0.30,0.00,0.00,0.00,0.00,0.00,0.00,0.00,0.01,16.20,-8.77,0.41,18.80,0.00,0,0,0.41,0.02,0.15,0.01,0.05,0.21,0.22,0.68,0.00,0.84,-0.04,0.17,0.22,0.09,Nutriscore_A
387a9511-989f-5261-b451-ce68a9fa2007,7fee791c-8fc7-5e1d-add8-c50cb06b97db,"Spinach, cooked",20027,1.14,0.00,0.38,0.00,0.00,0.00,0.00,0.00,0.00,0.00,0.01,17.50,-14.40,0.53,22.20,0.00,0,0,0.41,0.02,0.15,0.01,0.05,0.21,0.22,0.68,0.00,0.84,-0.04,0.17,0.22,0.09,Nutriscore_A
24e3213d-44b1-5d5d-8061-522750f3ba4a,7fee791c-8fc7-5e1d-add8-c50cb06b97db,"Spinach, frozen, cooked",20121,0.88,0.00,0.79,0.00,0.00,0.00,0.00,0.00,0.00,0.00,0.01,16.00,-15.40,0.42,26.50,0.00,0,0,0.41,0.02,0.15,0.01,0.05,0.21,0.22,0.68,0.00,0.84,-0.04,0.17,0.22,0.09,Nutriscore_A
ec4dee82-fb0f-5a49-8e46-8e8b78fb5913,7fee791c-8fc7-5e1d-add8-c50cb06b97db,"Spinach, frozen, raw",20083,0.63,0.00,0.59,0.00,0.00,0.00,0.00,0.00,0.00,0.00,0.01,13.40,-13.70,0.33,19.10,0.00,0,0,0.41,0.02,0.15,0.01,0.05,0.21,0.22,0.68,0.00,0.84,-0.04,0.17,0.22,0.09,Nutriscore_A
dbffcdd4-fad8-5b71-b3d7-83dfdd2daee6,7fee791c-8fc7-5e1d-add8-c50cb06b97db,"Spinach, puree",20285,1.08,0.00,0.34,0.00,0.00,0.00,0.00,0.00,0.00,0.00,0.01,17.20,-15.60,0.52,21.20,0.00,0,0,0.41,0.02,0.15,0.01,0.05,0.21,0.22,0.68,0.00,0.84,-0.04,0.17,0.22,0.09,Nutriscore_A
30df5cb0-1ee8-5485-a0b4-5bd6f5ff225c,a468f6c1-c177-5c7e-8989-ad492fa5937c,"New Zealand spinach, cooked",20158,1.14,0.00,0.38,0.00,0.00,0.00,0.00,0.00,0.00,0.00,0.01,17.50,-14.40,0.53,22.20,0.00,0,0,0.41,0.02,0.15,0.01,0.05,0.21,0.22,0.68,0.00,0.84,-0.04,0.17,0.22,0.09,Nutriscore_A
3bb4b35d-955f-5a0f-b310-0187f270321c,a468f6c1-c177-5c7e-8989-ad492fa5937c,"Spinach, raw",20059,0.42,0.00,0.16,0.00,0.00,0.00,0.00,0.00,0.00,0.00,0.01,13.10,-17.20,0.26,7.56,0.00,0,0,0.41,0.02,0.15,0.01,0.05,0.21,0.22,0.68,0.00,0.84,-0.04,0.17,0.22,0.09,Nutriscore_A
213216e3-8152-5b17-951c-ead151f7566a,a468f6c1-c177-5c7e-8989-ad492fa5937c,"Spinach, young leaves, raw",20270,0.42,0.00,0.16,0.00,0.00,0.00,0.00,0.00,0.00,0.00,0.01,13.10,-17.20,0.26,7.56,0.00,0,0,0.41,0.02,0.15,0.01,0.05,0.21,0.22,0.68,0.00,0.84,-0.04,0.17,0.22,0.09,Nutriscore_A
4927de79-b0e0-545b-83f2-b15fc8d2b673,1054b14b-0c10-5c3e-a0fe-2c484983282d,"Watercress, raw",20022,0.88,0.00,0.26,0.00,0.00,0.00,0.00,0.00,0.00,0.00,0.01,22.10,-27.70,0.43,12.30,0.00,0,0,0.41,0.02,0.15,0.01,0.05,0.21,0.22,0.68,0.00,0.84,-0.04,0.17,0.22,0.09,Nutriscore_A
7a0b27c2-1e8f-5848-9acb-d7c2ed6b0e20,8fbee206-65cf-56c6-abd3-adec5a3d9b7a,"Red endive, raw",20162,0.57,0.00,0.24,0.00,0.00,0.00,0.00,0.00,0.00,0.00,0.01,6.03,6.82,0.48,11.60,0.00,0,0,0.41,0.02,0.15,0.01,0.05,0.21,0.22,0.68,0.00,0.84,-0.04,0.17,0.22,0.09,Nutriscore_A
1fab6d67-47cd-51b1-9639-6256a4107de5,c2f20654-65ea-5862-85b3-38206d7bb92a,"Snow pea, boiled/cooked in water",20216,1.88,0.00,0.30,0.00,0.00,0.00,0.00,0.01,0.00,0.02,0.02,37.10,244.00,0.54,24.70,0.00,0,0,0.03,0.04,0.27,0.03,0.09,0.21,0.21,1.28,0.01,0.79,-0.07,0.06,0.04,1.30,Nutriscore_A
01a695c9-a586-5a53-842d-3d34b88006da,c2f20654-65ea-5862-85b3-38206d7bb92a,"Snow pea, cooked",20243,1.88,0.00,0.30,0.00,0.00,0.00,0.00,0.01,0.00,0.02,0.02,37.10,244.00,0.54,24.70,0.00,0,0,0.03,0.04,0.27,0.03,0.09,0.21,0.21,1.28,0.01,0.79,-0.07,0.06,0.04,1.30,Nutriscore_A
d030dc99-ddb9-578f-9c70-c6bbaa7202ca,c2f20654-65ea-5862-85b3-38206d7bb92a,"Snow pea, raw",20173,0.96,0.00,0.12,0.00,0.00,0.00,0.00,0.00,0.00,0.01,0.01,29.60,203.00,0.24,8.74,0.00,0,0,0.03,0.04,0.27,0.03,0.09,0.21,0.21,1.28,0.01,0.79,-0.07,0.06,0.04,1.30,Nutriscore_A
445dfc97-f238-5af4-859a-0b25c8427f42,635a76d5-d72a-5d1e-9bea-525095a6721e,"Beetroot, cooked",20003,1.16,0.00,0.19,0.00,0.00,0.00,0.00,0.00,0.00,0.00,0.01,8.63,11.70,0.69,18.70,0.00,0,0,0.05,0.01,0.06,0.01,0.32,0.44,0.10,0.38,0.00,0.29,-0.01,0.02,0.05,0.04,Nutriscore_A
4b8578a2-4ccb-5cc8-a006-f5e538549473,635a76d5-d72a-5d1e-9bea-525095a6721e,"Beetroot, raw",20091,0.41,0.00,0.04,0.00,0.00,0.00,0.00,0.00,0.00,0.00,0.01,5.44,4.78,0.38,4.85,0.00,0,0,0.05,0.01,0.06,0.01,0.32,0.44,0.10,0.38,0.00,0.29,-0.01,0.02,0.05,0.04,Nutriscore_A
e271a650-ecb6-53a5-ba57-e463b27332b1,18c772ef-5576-5a6a-8ad6-4f81bda142f4,"Carrot, canned, drained",20007,1.26,0.00,0.36,0.00,0.00,0.00,0.00,0.00,0.00,0.00,0.01,21.90,16.00,0.54,22.50,0.00,0,0,0.05,0.01,0.06,0.01,0.32,0.44,0.10,0.38,0.00,0.29,-0.01,0.02,0.05,0.04,Nutriscore_A
41817908-15f0-5b0a-b45f-1b77a3ebedf8,18c772ef-5576-5a6a-8ad6-4f81bda142f4,"Carrot, cooked",20008,1.34,0.00,0.24,0.00,0.00,0.00,0.00,0.00,0.00,0.00,0.01,27.00,19.50,0.75,21.90,0.00,0,0,0.05,0.01,0.06,0.01,0.32,0.44,0.10,0.38,0.00,0.29,-0.01,0.02,0.05,0.04,Nutriscore_A
00aacfbc-734b-5ecb-8d27-015551d66417,18c772ef-5576-5a6a-8ad6-4f81bda142f4,"Carrot, frozen, cooked",20209,0.86,0.00,0.82,0.00,0.00,0.00,0.00,0.00,0.00,0.00,0.01,21.70,13.00,0.54,27.10,0.00,0,0,0.05,0.01,0.06,0.01,0.32,0.44,0.10,0.38,0.00,0.29,-0.01,0.02,0.05,0.04,Nutriscore_A
95826594-44a1-5b52-9daa-4a76716a8b43,18c772ef-5576-5a6a-8ad6-4f81bda142f4,"Carrot, frozen, raw",20208,0.61,0.00,0.61,0.00,0.00,0.00,0.00,0.00,0.00,0.00,0.01,18.30,10.50,0.43,19.70,0.00,0,0,0.05,0.01,0.06,0.01,0.32,0.44,0.10,0.38,0.00,0.29,-0.01,0.02,0.05,0.04,Nutriscore_A
0fc31639-3052-5a2e-b2f1-31063ef56793,18c772ef-5576-5a6a-8ad6-4f81bda142f4,"Carrot, raw",20009,0.40,0.00,0.06,0.00,0.00,0.00,0.00,0.00,0.00,0.00,0.01,18.20,9.54,0.36,5.53,0.00,0,0,0.05,0.01,0.06,0.01,0.32,0.44,0.10,0.38,0.00,0.29,-0.01,0.02,0.05,0.04,Nutriscore_A
18828c70-788a-5f8a-8e60-dfb055eb9832,18c772ef-5576-5a6a-8ad6-4f81bda142f4,"Carrots, puree",20261,0.97,0.00,0.24,0.00,0.00,0.00,0.00,0.00,0.00,0.00,0.01,22.80,15.40,0.63,18.40,0.00,0,0,0.05,0.01,0.06,0.01,0.32,0.44,0.10,0.38,0.00,0.29,-0.01,0.02,0.05,0.04,Nutriscore_A
dbec2c23-9f2d-50eb-89a7-c1c8bedbc4d4,aa5a799c-682d-5155-8675-d4bcb89e26c1,"Celeriac, cooked",20025,1.34,0.00,0.24,0.00,0.00,0.00,0.00,0.00,0.00,0.00,0.01,27.00,19.50,0.75,21.90,0.00,0,0,0.05,0.01,0.06,0.01,0.32,0.44,0.10,0.38,0.00,0.29,-0.01,0.02,0.05,0.04,Nutriscore_A
9a8fe5f1-c66e-5e2f-aa19-20d6b60f9a4e,aa5a799c-682d-5155-8675-d4bcb89e26c1,"Celeriac, puree",20278,0.96,0.00,0.18,0.00,0.00,0.00,0.00,0.00,0.00,0.00,0.01,22.70,15.40,0.63,17.00,0.00,0,0,0.05,0.01,0.06,0.01,0.32,0.44,0.10,0.38,0.00,0.29,-0.01,0.02,0.05,0.04,Nutriscore_A
ff2cabe6-db20-5167-8e08-8cd2c58d63ff,aa5a799c-682d-5155-8675-d4bcb89e26c1,"Celeriac, raw",20055,0.49,0.00,0.07,0.00,0.00,0.00,0.00,0.00,0.00,0.00,0.01,20.90,10.90,0.41,6.31,0.00,0,0,0.05,0.01,0.06,0.01,0.32,0.44,0.10,0.38,0.00,0.29,-0.01,0.02,0.05,0.04,Nutriscore_A
55f68e10-5dad-5fb3-9e39-79f84db8b031,585bba70-86a0-5f59-8c45-e2b08949c7f5,"Horseradish, fresh",11016,0.74,0.00,0.11,0.00,0.00,0.00,0.00,0.00,0.00,0.00,0.01,18.90,10.20,0.53,12.00,0.00,0,0,0.05,0.01,0.06,0.01,0.32,0.44,0.10,0.38,0.00,0.29,-0.01,0.02,0.05,0.04,Nutriscore_A
35e570af-016a-59af-85bd-a820dca2be12,41ddf53b-7e9f-5b37-901c-1f00f4372e45,"Parsnip, cooked",20133,1.34,0.00,0.24,0.00,0.00,0.00,0.00,0.00,0.00,0.00,0.01,27.00,19.50,0.75,21.90,0.00,0,0,0.05,0.01,0.06,0.01,0.32,0.44,0.10,0.38,0.00,0.29,-0.01,0.02,0.05,0.04,Nutriscore_A
42d56c18-b131-5d4c-8424-cccac208c89a,41ddf53b-7e9f-5b37-901c-1f00f4372e45,"Parsnip, raw",20181,0.49,0.00,0.07,0.00,0.00,0.00,0.00,0.00,0.00,0.00,0.01,20.90,10.90,0.41,6.31,0.00,0,0,0.05,0.01,0.06,0.01,0.32,0.44,0.10,0.38,0.00,0.29,-0.01,0.02,0.05,0.04,Nutriscore_A
c686a714-6555-5cb0-bcb3-add90ecd4539,e7f5234b-a33f-572f-af35-f7c5f1f2b680,"Radish, black, raw",20089,0.38,0.00,0.24,0.00,0.00,0.00,0.00,0.00,0.00,0.00,0.01,3.55,3.81,0.11,9.38,0.00,0,0,0.05,0.01,0.06,0.01,0.32,0.44,0.10,0.38,0.00,0.29,-0.01,0.02,0.05,0.04,Nutriscore_A
c91f7c7a-366e-5c43-bd7b-92b1df9adc8a,e7f5234b-a33f-572f-af35-f7c5f1f2b680,"Radish, raw",20045,0.38,0.00,0.24,0.00,0.00,0.00,0.00,0.00,0.00,0.00,0.01,3.55,3.81,0.11,9.38,0.00,0,0,0.05,0.01,0.06,0.01,0.32,0.44,0.10,0.38,0.00,0.29,-0.01,0.02,0.05,0.04,Nutriscore_A
400bcacb-ab51-56de-9bde-68ee4c461d1a,0d18b445-ff3f-596c-86de-d4d3af0f6f94,"Salsify, black, raw",20197,0.49,0.00,0.07,0.00,0.00,0.00,0.00,0.00,0.00,0.00,0.01,20.90,10.90,0.41,6.31,0.00,0,0,0.05,0.01,0.06,0.01,0.32,0.44,0.10,0.38,0.00,0.29,-0.01,0.02,0.05,0.04,Nutriscore_A
4f9edb40-cc84-5697-851e-4342adc2b604,0d18b445-ff3f-596c-86de-d4d3af0f6f94,"Salsify, canned, drained",20081,1.30,0.00,0.36,0.00,0.00,0.00,0.00,0.00,0.00,0.00,0.01,24.60,17.00,0.58,22.80,0.00,0,0,0.05,0.01,0.06,0.01,0.32,0.44,0.10,0.38,0.00,0.29,-0.01,0.02,0.05,0.04,Nutriscore_A
10932b95-f9a3-5b50-8464-4fce67cfb6d0,0d18b445-ff3f-596c-86de-d4d3af0f6f94,"Salsify, cooked",20046,1.34,0.00,0.24,0.00,0.00,0.00,0.00,0.00,0.00,0.00,0.01,27.00,19.50,0.75,21.90,0.00,0,0,0.05,0.01,0.06,0.01,0.32,0.44,0.10,0.38,0.00,0.29,-0.01,0.02,0.05,0.04,Nutriscore_A
c9ef9274-84cc-5f80-ae73-cac11bba60ac,0d18b445-ff3f-596c-86de-d4d3af0f6f94,"Salsify, frozen, raw",20237,0.58,0.00,0.46,0.00,0.00,0.00,0.00,0.00,0.00,0.00,0.01,20.30,11.50,0.47,15.90,0.00,0,0,0.05,0.01,0.06,0.01,0.32,0.44,0.10,0.38,0.00,0.29,-0.01,0.02,0.05,0.04,Nutriscore_A
e20530c6-3208-5995-b7db-4a192ebad2d1,34520652-3c27-5d4a-85ff-ccf2a58e8621,"Rutabaga or Swede, cooked",20165,1.35,0.00,0.30,0.00,0.00,0.00,0.00,0.00,0.00,0.00,0.01,27.10,19.60,0.75,23.20,0.00,0,0,0.05,0.01,0.06,0.01,0.32,0.44,0.10,0.38,0.00,0.29,-0.01,0.02,0.05,0.04,Nutriscore_A
792b79ea-bf17-5a02-bc03-ba7f9a65423b,34520652-3c27-5d4a-85ff-ccf2a58e8621,"Rutabaga or Swede, raw",20201,0.49,0.00,0.07,0.00,0.00,0.00,0.00,0.00,0.00,0.00,0.01,20.90,10.90,0.41,6.31,0.00,0,0,0.05,0.01,0.06,0.01,0.32,0.44,0.10,0.38,0.00,0.29,-0.01,0.02,0.05,0.04,Nutriscore_A
7f7fa6b5-470e-57ea-a656-aa055a3cd973,3b77e0f5-0e88-50df-8e9f-c82fc1e77ed2,"Turnip cabbage, raw",20065,0.49,0.00,0.07,0.00,0.00,0.00,0.00,0.00,0.00,0.00,0.01,20.90,10.90,0.41,6.33,0.00,0,0,0.05,0.01,0.06,0.01,0.32,0.44,0.10,0.38,0.00,0.29,-0.01,0.02,0.05,0.04,Nutriscore_A
e787d4a5-fc83-5295-bbf4-c4e677320def,3b77e0f5-0e88-50df-8e9f-c82fc1e77ed2,"Turnip, cooked",20033,1.15,0.00,0.23,0.00,0.00,0.00,0.00,0.00,0.00,0.00,0.01,23.80,17.30,0.66,19.80,0.00,0,0,0.05,0.01,0.06,0.01,0.32,0.44,0.10,0.38,0.00,0.29,-0.01,0.02,0.05,0.04,Nutriscore_A
b95ce8c8-c372-5859-8908-e6d4582ef402,3b77e0f5-0e88-50df-8e9f-c82fc1e77ed2,"Turnip, frozen, raw",20234,0.61,0.00,0.61,0.00,0.00,0.00,0.00,0.00,0.00,0.00,0.01,18.30,10.50,0.43,19.70,0.00,0,0,0.05,0.01,0.06,0.01,0.32,0.44,0.10,0.38,0.00,0.29,-0.01,0.02,0.05,0.04,Nutriscore_A
0fbc8651-82d7-5d74-809a-30d6a3395077,3b77e0f5-0e88-50df-8e9f-c82fc1e77ed2,"Turnip, peeled, raw",20064,0.40,0.00,0.06,0.00,0.00,0.00,0.00,0.00,0.00,0.00,0.01,18.20,9.54,0.36,5.53,0.00,0,0,0.05,0.01,0.06,0.01,0.32,0.44,0.10,0.38,0.00,0.29,-0.01,0.02,0.05,0.04,Nutriscore_A
2dbae417-7095-558e-9ca9-d06f032c3e1c,e421dc45-fbd9-535e-a173-5c45fc1ad7bd,"Carragheen mosses (Chondrus crispus), dried or dehydrated",20996,11.60,0.00,11.20,0.05,0.00,0.00,0.00,0.11,0.00,0.01,0.13,56.60,26.40,4.83,393.00,0.00,0,0,2.60,4.68,38.05,0.21,4.68,9.45,23.93,33.38,0.15,44.55,-1.00,25.39,28.40,13.31,Nutriscore_D
600bdf6f-169f-57fd-8ea4-98235acea584,e421dc45-fbd9-535e-a173-5c45fc1ad7bd,"Glasswort (Salicornia sp.), fresh",20283,1.23,0.00,0.79,0.01,0.00,0.00,0.00,0.01,0.00,0.00,0.02,9.19,4.52,0.42,30.40,0.00,0,0,2.60,4.68,38.05,0.21,4.68,9.45,23.93,33.38,0.15,44.55,-1.00,25.39,28.40,13.31,Nutriscore_C
d8ff4420-a91d-53cb-afa6-efc5f3dbfe30,e421dc45-fbd9-535e-a173-5c45fc1ad7bd,"North Atlantic rockweed (Ascophyllum nodosum), dried or dehydrated",20998,11.60,0.00,11.20,0.05,0.00,0.00,0.00,0.11,0.00,0.01,0.13,56.60,26.40,4.83,393.00,0.00,0,0,2.60,4.68,38.05,0.21,4.68,9.45,23.93,33.38,0.15,44.55,-1.00,25.39,28.40,13.31,Nutriscore_D
3bf51cb2-ed7b-5ad0-a1ad-ebed6cbe6f4e,e421dc45-fbd9-535e-a173-5c45fc1ad7bd,"Toothed wrack or bladder wrack (Fucus serratus et vesiculosus), dried or dehydrated",20994,11.60,0.00,11.20,0.05,0.00,0.00,0.00,0.11,0.00,0.01,0.13,56.60,26.40,4.83,393.00,0.00,0,0,2.60,4.68,38.05,0.21,4.68,9.45,23.93,33.38,0.15,44.55,-1.00,25.39,28.40,13.31,Nutriscore_D
096ded8e-6a54-59d7-9981-b7ddfd746fb8,6b577920-ed48-5ff4-9da5-ccca301bd8b9,"Kombu or Japanese kelp (Laminaria japonica), dried or dehydrated",20990,11.80,0.00,11.20,0.05,0.00,0.00,0.00,0.11,0.00,0.02,0.14,57.90,26.70,4.83,396.00,0.00,0,0,2.60,4.68,38.05,0.21,4.68,9.45,23.93,33.38,0.15,44.55,-1.00,25.39,28.40,13.31,Nutriscore_D
b4202144-2ce7-5c26-b5d3-0593bd2848cc,6b577920-ed48-5ff4-9da5-ccca301bd8b9,"Sea belt (Saccharina latissima), dried or dehydrated",20986,11.80,0.00,11.20,0.05,0.00,0.00,0.00,0.11,0.00,0.02,0.14,57.90,26.70,4.83,396.00,0.00,0,0,2.60,4.68,38.05,0.21,4.68,9.45,23.93,33.38,0.15,44.55,-1.00,25.39,28.40,13.31,Nutriscore_D
32ce030a-e55d-5015-98f6-3f512bd8329a,6b577920-ed48-5ff4-9da5-ccca301bd8b9,"Sea thong (Himanthalia elongata), dried or dehydrated",20992,11.60,0.00,11.20,0.05,0.00,0.00,0.00,0.11,0.00,0.01,0.13,56.60,26.40,4.83,393.00,0.00,0,0,2.60,4.68,38.05,0.21,4.68,9.45,23.93,33.38,0.15,44.55,-1.00,25.39,28.40,13.31,Nutriscore_D
d8a0fba8-0392-5bee-a0b7-7e94931ec96e,6b577920-ed48-5ff4-9da5-ccca301bd8b9,"Tangle (Laminaria digitata), dried or dehydrated",20991,11.60,0.00,11.20,0.05,0.00,0.00,0.00,0.11,0.00,0.01,0.13,56.60,26.40,4.83,393.00,0.00,0,0,2.60,4.68,38.05,0.21,4.68,9.45,23.93,33.38,0.15,44.55,-1.00,25.39,28.40,13.31,Nutriscore_D
c660319a-7e11-5cb5-9f12-32a710475fce,a1f63f2b-c785-56ef-b2fd-818b53d3cf73,"Dulse (Palmaria palmata), dried or dehydrated",20988,11.60,0.00,11.20,0.05,0.00,0.00,0.00,0.11,0.00,0.01,0.13,56.60,26.40,4.83,393.00,0.00,0,0,2.60,4.68,38.05,0.21,4.68,9.45,23.93,33.38,0.15,44.55,-1.00,25.39,28.40,13.31,Nutriscore_D
57cf7aee-6142-538e-b195-1173b51d7531,a1f63f2b-c785-56ef-b2fd-818b53d3cf73,"Laver (Porphyra sp.), dried or dehydrated",20987,11.80,0.00,11.20,0.05,0.00,0.00,0.00,0.11,0.00,0.02,0.14,57.90,26.70,4.83,396.00,0.00,0,0,2.60,4.68,38.05,0.21,4.68,9.45,23.93,33.38,0.15,44.55,-1.00,25.39,28.40,13.31,Nutriscore_D
e38059de-778d-550f-8ffa-0ecb6be310af,a1f63f2b-c785-56ef-b2fd-818b53d3cf73,"Sea lettuce (ulva sp.), dried or dehydrated)",20985,11.60,0.00,11.20,0.05,0.00,0.00,0.00,0.11,0.00,0.01,0.13,56.60,26.40,4.83,393.00,0.00,0,0,2.60,4.68,38.05,0.21,4.68,9.45,23.93,33.38,0.15,44.55,-1.00,25.39,28.40,13.31,Nutriscore_D
6df66166-a789-5049-b2db-948bab4baec4,e06b3759-af5d-5226-9cb7-4604b5891e61,"Atlantic wakame (Alaria esculenta), dried or dehydrated",20999,11.60,0.00,11.20,0.05,0.00,0.00,0.00,0.11,0.00,0.01,0.13,56.60,26.40,4.83,393.00,0.00,0,0,2.60,4.68,38.05,0.21,4.68,9.45,23.93,33.38,0.15,44.55,-1.00,25.39,28.40,13.31,Nutriscore_D
b5135901-4ca0-5639-9ae5-f66babbed5bb,e06b3759-af5d-5226-9cb7-4604b5891e61,"Gracilaria seaweeds (Gracilaria verrucosa), dried or dehydrated",20993,11.80,0.00,11.20,0.05,0.00,0.00,0.00,0.11,0.00,0.02,0.14,57.90,26.70,4.83,396.00,0.00,0,0,2.60,4.68,38.05,0.21,4.68,9.45,23.93,33.38,0.15,44.55,-1.00,25.39,28.40,13.31,Nutriscore_D
6075d49b-002d-5148-80f7-d320b32b6a1f,e06b3759-af5d-5226-9cb7-4604b5891e61,"Sea lettuce (Enteromorpha sp.), dried or dehydrated",20995,11.80,0.00,11.20,0.05,0.00,0.00,0.00,0.11,0.00,0.02,0.14,57.90,26.70,4.83,396.00,0.00,0,0,2.60,4.68,38.05,0.21,4.68,9.45,23.93,33.38,0.15,44.55,-1.00,25.39,28.40,13.31,Nutriscore_D
6d750db6-9409-54c8-9589-ba9a28fad892,e06b3759-af5d-5226-9cb7-4604b5891e61,"Seaweed, agar, raw",11084,11.80,0.00,11.20,0.05,0.00,0.00,0.00,0.11,0.00,0.02,0.14,57.90,26.70,4.83,396.00,0.00,0,0,2.60,4.68,38.05,0.21,4.68,9.45,23.93,33.38,0.15,44.55,-1.00,25.39,28.40,13.31,Nutriscore_A
fd4f600b-f410-5b87-94db-bfb275f2e770,e06b3759-af5d-5226-9cb7-4604b5891e61,"Wakame (Undaria pinnatifida), dried or dehydrated",20984,11.80,0.00,11.20,0.05,0.00,0.00,0.00,0.11,0.00,0.02,0.14,57.90,26.70,4.83,396.00,0.00,0,0,2.60,4.68,38.05,0.21,4.68,9.45,23.93,33.38,0.15,44.55,-1.00,25.39,28.40,13.31,Nutriscore_D
7054948d-311b-5e3a-a84d-2f02451ba7ef,71f63c2e-3b29-59b5-bc2b-c4393e83ed94,"Asparagus, boiled/cooked in water",20001,2.86,0.00,0.40,0.01,0.00,0.00,0.00,0.03,0.00,0.02,0.13,57.70,283.00,5.43,39.70,0.00,0,0,0.41,0.02,0.15,0.01,0.05,0.21,0.22,0.68,0.00,0.84,-0.04,0.17,0.22,0.09,Nutriscore_A
8efc154b-9bbd-555c-b8ff-83fe1887fe09,71f63c2e-3b29-59b5-bc2b-c4393e83ed94,"Asparagus, canned, drained",20076,2.13,0.00,0.35,0.01,0.00,0.00,0.00,0.03,0.00,0.02,0.10,48.50,220.00,4.14,29.20,0.00,0,0,0.41,0.02,0.15,0.01,0.05,0.21,0.22,0.68,0.00,0.84,-0.04,0.17,0.22,0.09,Nutriscore_A
16427d26-6744-51e7-af34-0a75d95538c4,71f63c2e-3b29-59b5-bc2b-c4393e83ed94,"Asparagus, green, raw",20279,1.64,0.00,0.19,0.01,0.00,0.00,0.00,0.03,0.00,0.02,0.10,46.80,235.00,4.36,18.60,0.00,0,0,0.41,0.02,0.15,0.01,0.05,0.21,0.22,0.68,0.00,0.84,-0.04,0.17,0.22,0.09,Nutriscore_A
a5a8c618-eae6-5016-93f1-9c94c90792fb,71f63c2e-3b29-59b5-bc2b-c4393e83ed94,"Asparagus, peeled, raw",20073,1.51,0.00,0.19,0.01,0.00,0.00,0.00,0.03,0.00,0.02,0.10,46.20,235.00,4.36,18.50,0.00,0,0,0.41,0.02,0.15,0.01,0.05,0.21,0.22,0.68,0.00,0.84,-0.04,0.17,0.22,0.09,Nutriscore_A
2ac78cef-47af-5ec6-9c6d-bc4b80ce7be2,71f63c2e-3b29-59b5-bc2b-c4393e83ed94,"Asparagus, white or purple, peeled, raw",20282,1.64,0.00,0.19,0.01,0.00,0.00,0.00,0.03,0.00,0.02,0.10,46.80,235.00,4.36,18.60,0.00,0,0,0.41,0.02,0.15,0.01,0.05,0.21,0.22,0.68,0.00,0.84,-0.04,0.17,0.22,0.09,Nutriscore_A
44a29fa3-63ad-596e-9b6b-6b90d05417cc,da11c630-95c3-5719-8e8c-9dfbbdaf9e95,"Bamboo shoots, canned, drained",20188,1.99,0.00,0.37,0.01,0.00,0.00,0.00,0.02,0.00,0.01,0.08,37.90,168.00,3.20,29.30,0.00,0,0,0.41,0.02,0.15,0.01,0.05,0.21,0.22,0.68,0.00,0.84,-0.04,0.17,0.22,0.09,Nutriscore_A
bd4e33bb-7d7d-53d6-9e51-5d768d55a566,da11c630-95c3-5719-8e8c-9dfbbdaf9e95,"Bamboo shoots, raw",20198,1.13,0.00,0.14,0.01,0.00,0.00,0.00,0.02,0.00,0.01,0.08,34.60,176.00,3.26,13.70,0.00,0,0,0.41,0.02,0.15,0.01,0.05,0.21,0.22,0.68,0.00,0.84,-0.04,0.17,0.22,0.09,Nutriscore_A
e9d4bc28-43cd-5e02-987f-9dc0a9c80272,18d09f34-5b2c-5729-a610-79766bcc1e1f,"Cardoon, cooked",20241,1.64,0.00,0.47,0.00,0.00,0.00,0.00,0.01,0.00,0.01,0.03,9.99,45.50,0.37,28.20,0.00,0,0,0.41,0.02,0.15,0.01,0.05,0.21,0.22,0.68,0.00,0.84,-0.04,0.17,0.22,0.09,Nutriscore_A
17eec081-2dba-571c-b24f-10fd3f6c0191,18d09f34-5b2c-5729-a610-79766bcc1e1f,"Cardoon, raw",20054,0.74,0.00,0.21,0.00,0.00,0.00,0.00,0.01,0.00,0.01,0.02,6.33,33.00,0.09,10.50,0.00,0,0,0.41,0.02,0.15,0.01,0.05,0.21,0.22,0.68,0.00,0.84,-0.04,0.17,0.22,0.09,Nutriscore_A
53e5f1b3-7dd9-5312-99e7-711c0205de87,4d67ba76-2535-538c-a27b-738d009b588d,"Celery stalk, canned, drained",20078,1.62,0.00,0.37,0.01,0.00,0.00,0.00,0.01,0.00,0.00,0.02,13.60,16.30,0.62,26.20,0.00,0,0,0.41,0.02,0.15,0.01,0.05,0.21,0.22,0.68,0.00,0.84,-0.04,0.17,0.22,0.09,Nutriscore_A
dbf584b7-af8a-573c-8180-46fd5abc0a1d,4d67ba76-2535-538c-a27b-738d009b588d,"Celery stalk, cooked",20024,1.47,0.00,0.23,0.00,0.00,0.00,0.00,0.01,0.00,0.00,0.02,11.30,17.00,0.75,23.10,0.00,0,0,0.41,0.02,0.15,0.01,0.05,0.21,0.22,0.68,0.00,0.84,-0.04,0.17,0.22,0.09,Nutriscore_A
ca9b1e00-1824-507a-912e-7efea2e2712b,4d67ba76-2535-538c-a27b-738d009b588d,"Celery stalk, raw",20023,0.72,0.00,0.07,0.00,0.00,0.00,0.00,0.00,0.00,0.00,0.01,7.90,9.77,0.46,9.27,0.00,0,0,0.41,0.02,0.15,0.01,0.05,0.21,0.22,0.68,0.00,0.84,-0.04,0.17,0.22,0.09,Nutriscore_A
4d92d889-c28c-5f91-a0cd-4aea07c5ca85,1ae2c72c-0e00-5504-ae23-f802e36b4eec,"Fennel, boiled/cooked in water",20118,1.95,0.00,0.25,0.01,0.00,0.00,0.00,0.01,0.00,0.01,0.03,38.80,23.30,1.99,28.50,0.00,0,0,0.41,0.02,0.15,0.01,0.05,0.21,0.22,0.68,0.00,0.84,-0.04,0.17,0.22,0.09,Nutriscore_A
28f3a87c-4dfb-56ee-b530-b7199d427b9e,1ae2c72c-0e00-5504-ae23-f802e36b4eec,"Fennel, raw",20028,1.02,0.00,0.08,0.01,0.00,0.00,0.00,0.01,0.00,0.01,0.02,31.00,14.10,1.48,12.00,0.00,0,0,0.41,0.02,0.15,0.01,0.05,0.21,0.22,0.68,0.00,0.84,-0.04,0.17,0.22,0.09,Nutriscore_A
07bd6555-5fcb-587f-bded-1e7ddedf21d9,8fbdd9b7-865c-5baa-8453-7ba2e29fffdc,"Artichoke base, canned, drained",20156,2.17,0.00,0.34,0.01,0.00,0.00,0.00,0.01,0.00,0.01,0.05,21.10,67.80,0.35,27.30,0.00,0,0,0.41,0.02,0.15,0.01,0.05,0.21,0.22,0.68,0.00,0.84,-0.04,0.17,0.22,0.09,Nutriscore_A
f83886c5-16d5-560c-92c9-3c61855ed444,8fbdd9b7-865c-5baa-8453-7ba2e29fffdc,"Artichoke base, frozen, raw",20232,1.41,0.00,0.63,0.00,0.00,0.00,0.00,0.01,0.00,0.01,0.04,16.50,60.30,0.20,23.90,0.00,0,0,0.41,0.02,0.15,0.01,0.05,0.21,0.22,0.68,0.00,0.84,-0.04,0.17,0.22,0.09,Nutriscore_A
bf4056c4-3558-5c6b-8a4e-3599e38ca63f,8fbdd9b7-865c-5baa-8453-7ba2e29fffdc,"Artichoke, canned, drained",20067,2.02,0.00,0.30,0.01,0.00,0.00,0.00,0.01,0.00,0.01,0.05,20.20,66.40,0.32,24.60,0.00,0,0,0.41,0.02,0.15,0.01,0.05,0.21,0.22,0.68,0.00,0.84,-0.04,0.17,0.22,0.09,Nutriscore_A
b5473009-3483-59f2-8abb-e2989caaab0d,8fbdd9b7-865c-5baa-8453-7ba2e29fffdc,"Artichoke, globe, cooked",20000,2.06,0.00,0.31,0.01,0.00,0.00,0.00,0.01,0.00,0.01,0.04,12.70,60.30,0.46,30.00,0.00,0,0,0.41,0.02,0.15,0.01,0.05,0.21,0.22,0.68,0.00,0.84,-0.04,0.17,0.22,0.09,Nutriscore_A
4fd2aa1c-8d1b-560a-aebe-3d3ed4b0167d,8fbdd9b7-865c-5baa-8453-7ba2e29fffdc,"Artichoke, globe, raw",20052,2.56,0.00,0.17,0.01,0.00,0.00,0.00,0.01,0.00,0.01,0.04,17.50,66.40,0.18,16.10,0.00,0,0,0.41,0.02,0.15,0.01,0.05,0.21,0.22,0.68,0.00,0.84,-0.04,0.17,0.22,0.09,Nutriscore_A
3c33fbcb-76d8-5d3e-ab90-d061a4055749,8fbdd9b7-865c-5baa-8453-7ba2e29fffdc,"Artichoke, heart, canned, drained",20155,2.02,0.00,0.30,0.01,0.00,0.00,0.00,0.01,0.00,0.01,0.05,20.20,66.40,0.32,24.60,0.00,0,0,0.41,0.02,0.15,0.01,0.05,0.21,0.22,0.68,0.00,0.84,-0.04,0.17,0.22,0.09,Nutriscore_A
2524f60e-ac9f-5219-b9a5-de26affe196d,296338a2-ccba-5b63-91c9-0f6ce28cb4b1,"Leek, cooked",20040,1.48,0.00,0.28,0.00,0.00,0.00,0.00,0.01,0.00,0.00,0.02,19.10,18.60,0.67,23.80,0.00,0,0,0.41,0.02,0.15,0.01,0.05,0.21,0.22,0.68,0.00,0.84,-0.04,0.17,0.22,0.09,Nutriscore_A
2c33d297-fe91-58eb-b67b-540fe47765ab,296338a2-ccba-5b63-91c9-0f6ce28cb4b1,"Leek, frozen, raw",20236,0.76,0.00,0.64,0.00,0.00,0.00,0.00,0.00,0.00,0.00,0.01,14.90,10.90,0.42,21.40,0.00,0,0,0.41,0.02,0.15,0.01,0.05,0.21,0.22,0.68,0.00,0.84,-0.04,0.17,0.22,0.09,Nutriscore_A
cbe3b299-1280-5e13-b2f3-f81f391b63ad,296338a2-ccba-5b63-91c9-0f6ce28cb4b1,"Leek, raw",20039,0.61,0.00,0.10,0.00,0.00,0.00,0.00,0.00,0.00,0.00,0.01,14.20,10.10,0.35,7.95,0.00,0,0,0.41,0.02,0.15,0.01,0.05,0.21,0.22,0.68,0.00,0.84,-0.04,0.17,0.22,0.09,Nutriscore_A
428fe193-1cb0-5b10-af7a-942002306951,296338a2-ccba-5b63-91c9-0f6ce28cb4b1,Leeks fondue or slow-simmered leeks,20135,2.67,0.00,1.03,0.01,0.00,0.00,0.00,0.02,0.00,0.01,0.09,35.20,82.90,0.77,40.00,0.00,0,0,0.41,0.02,0.15,0.01,0.05,0.21,0.22,0.68,0.00,0.84,-0.04,0.17,0.22,0.09,Nutriscore_A
de96ad58-2996-56ac-8be7-2a7cef26dd51,8d904927-b882-58f6-89b1-3c59ca613fa0,"Palm heart, canned, drained",20018,1.94,0.00,0.36,0.01,0.00,0.00,0.00,0.02,0.00,0.01,0.08,37.60,168.00,3.19,28.50,0.00,0,0,0.41,0.02,0.15,0.01,0.05,0.21,0.22,0.68,0.00,0.84,-0.04,0.17,0.22,0.09,Nutriscore_A
0e3ab91b-f10a-54cf-a35f-194279a10f77,96e1d058-af79-54fb-b661-49d49e0b37da,"Rhubarb, stalk, cooked, with sugar",13048,1.74,0.00,0.28,0.01,0.00,0.00,0.00,0.01,0.00,0.01,0.03,10.10,47.80,0.44,26.50,0.00,0,0,0.41,0.02,0.15,0.01,0.05,0.21,0.22,0.68,0.00,0.84,-0.04,0.17,0.22,0.09,Nutriscore_A
62025829-1863-5b36-8529-fc9ca57f0cd6,96e1d058-af79-54fb-b661-49d49e0b37da,"Rhubarb, stalk, raw",13047,0.70,0.00,0.04,0.00,0.00,0.00,0.00,0.01,0.00,0.01,0.02,6.08,32.80,0.06,6.51,0.00,0,0,0.41,0.02,0.15,0.01,0.05,0.21,0.22,0.68,0.00,0.84,-0.04,0.17,0.22,0.09,Nutriscore_A
a2e30432-4ea7-5823-89d3-2f7cab1fe338,01fe659c-5748-5907-99bd-747f23a657a9,"Chicory, raw",20026,0.86,0.00,0.68,0.00,0.00,0.00,0.00,0.00,0.00,0.00,0.01,20.70,48.10,0.17,21.70,0.00,0,0,0.03,0.01,0.13,0.01,0.10,0.17,0.08,0.37,0.00,0.25,-0.02,0.05,0.07,0.01,Nutriscore_A
687a983f-77a2-5947-8e09-ce72b32094f4,7a0720e7-751a-551c-87b7-52060b130c70,"Chinese or Japanese artichokes, frozen, raw",20231,0.54,0.00,0.46,0.00,0.00,0.00,0.00,0.00,0.00,0.00,0.01,17.60,10.40,0.42,15.60,0.00,0,0,0.12,0.08,0.95,0.03,0.36,0.61,0.50,1.32,0.02,0.95,-0.14,0.12,0.15,0.11,Nutriscore_A
904d8356-9ef9-5261-a26e-5a43515f2f6e,fb9f759b-f331-557c-9c32-0e6d60d6c435,Chestnut cream,15013,2.22,0.00,1.51,0.01,0.00,0.00,0.00,0.02,0.00,0.01,0.09,25.10,204.00,3.40,53.90,0.00,0,0,0.05,0.01,0.06,0.01,0.32,0.44,0.10,0.38,0.00,0.29,-0.01,0.02,0.05,0.04,Nutriscore_D
500f29ac-3ffe-5ffd-81e8-1aecce602b61,fb9f759b-f331-557c-9c32-0e6d60d6c435,"Chestnut cream, vanilla flavoured, canned",15016,2.01,0.00,1.37,0.01,0.00,0.00,0.00,0.02,0.00,0.01,0.08,22.70,184.00,3.07,48.90,0.00,0,0,0.05,0.01,0.06,0.01,0.32,0.44,0.10,0.38,0.00,0.29,-0.01,0.02,0.05,0.04,Nutriscore_D
6f72e228-dcd5-5973-962c-557e9e01a344,fb9f759b-f331-557c-9c32-0e6d60d6c435,"Chestnut mousse, refrigerated",19852,2.36,0.00,0.78,0.01,0.00,0.00,0.00,0.04,0.00,0.01,0.15,60.20,120.00,1.80,36.20,0.00,0,0,0.27,0.20,2.23,0.09,0.59,1.55,1.20,6.21,0.02,3.38,-0.20,0.34,0.42,3.65,Nutriscore_C
dcd8b412-da41-5ce5-bb21-e1967a5cc82e,2d3bcbc0-11e1-5cf0-9a31-da69004b578b,Coconut milk or coconut cream,18041,0.68,0.00,0.22,0.00,0.00,0.00,0.00,0.00,0.00,0.00,0.01,9.11,19.30,0.87,12.60,0.00,0,0,0.01,0.03,0.18,0.03,0.14,0.53,0.12,0.96,0.01,0.75,-0.06,0.04,0.04,0.09,Nutriscore_C
7616347c-f058-514a-a394-ada87e71ded5,2d3bcbc0-11e1-5cf0-9a31-da69004b578b,Coconut water,18907,0.84,0.00,0.12,0.00,0.00,0.00,0.00,0.01,0.00,0.00,0.03,21.40,119.00,2.03,9.97,0.00,0,0,0.01,0.03,0.18,0.03,0.14,0.53,0.12,0.96,0.01,0.75,-0.06,0.04,0.04,0.09,Nutriscore_A
a04dbaa4-cf20-55bb-bda3-b44b3f46ff67,2d3bcbc0-11e1-5cf0-9a31-da69004b578b,"Coconut-based drink, plain, prepacked",18011,1.21,0.00,0.10,0.01,0.00,0.00,0.00,0.01,0.00,0.01,0.04,54.80,102.00,2.00,13.50,0.00,0,0,0.01,0.03,0.18,0.03,0.14,0.53,0.12,0.96,0.01,0.75,-0.06,0.04,0.04,0.09,Nutriscore_A
d29a7efa-24ca-50f7-8c1b-197763fc1311,2c5dc5de-2201-503b-bec1-e6bac497a903,"Vegetables (3-4 types), mashed",20258,1.25,0.00,0.76,0.00,0.00,0.00,0.00,0.01,0.00,0.00,0.03,22.80,29.70,0.66,29.00,0.00,0,0,0.05,0.01,0.06,0.01,0.32,0.44,0.10,0.38,0.00,0.29,-0.01,0.02,0.05,0.04,Nutriscore_A
fa594c33-0966-5dd8-a789-d57697977970,66cf36bb-2a8e-5561-ab63-bb3d31643f5c,Hummus,25621,1.11,0.00,0.64,0.00,0.00,0.00,0.00,0.01,0.00,0.01,0.04,19.70,124.00,1.27,25.50,0.00,0,0,0.31,0.39,6.33,0.09,0.73,10.41,3.93,5.01,0.06,22.90,-0.29,1.43,4.19,0.76,Nutriscore_A
7f808780-6666-5a4c-9e55-c4390aa54171,9e5bbed6-e8d7-51f0-bdce-f95e417e3d0c,Tahini (sesame paste),15203,2.85,0.00,0.56,0.01,0.00,0.00,0.00,0.06,0.00,0.04,0.25,27.30,544.00,1.51,33.70,0.00,0,0,0.05,0.01,0.06,0.01,0.32,0.44,0.10,0.38,0.00,0.29,-0.01,0.02,0.05,0.04,Nutriscore_C
69e688cf-3a43-5379-a143-e8c0b6847b7d,d9d43ae4-d29e-5f1f-8a04-300c34740fec,"Tomato, dried",20189,11.20,0.00,23.20,0.04,0.00,0.00,0.00,0.06,0.00,0.02,0.17,94.10,94.70,7.37,607.00,0.00,0,0,0.05,0.01,0.06,0.01,0.32,0.44,0.10,0.38,0.00,0.29,-0.01,0.02,0.05,0.04,Nutriscore_C
61a71471-4a9c-5759-8c3f-74f65c5b5591,d9d43ae4-d29e-5f1f-8a04-300c34740fec,"Tomato, dried, in oil",20256,11.20,0.00,23.20,0.04,0.00,0.00,0.00,0.06,0.00,0.02,0.17,94.10,94.70,7.37,607.00,0.00,0,0,0.05,0.01,0.06,0.01,0.32,0.44,0.10,0.38,0.00,0.29,-0.01,0.02,0.05,0.04,Nutriscore_A
8ed381fb-6ac7-5402-9ace-79d325b0b9b6,7c324ab9-1ef3-5e1b-8e1f-603ee1b876b4,"Tomato coulis, canned (tomato puree semi-reduced 11%)",20260,0.83,0.00,0.95,0.00,0.00,0.00,0.00,0.00,0.00,0.00,0.01,5.56,8.24,0.38,29.20,0.00,0,0,0.05,0.01,0.06,0.01,0.32,0.44,0.10,0.38,0.00,0.29,-0.01,0.02,0.05,0.04,Nutriscore_A
f0e93757-e2cc-58ce-95d0-4afb2b3d021f,7c324ab9-1ef3-5e1b-8e1f-603ee1b876b4,"Tomato puree, canned",20170,0.83,0.00,0.95,0.00,0.00,0.00,0.00,0.00,0.00,0.00,0.01,5.56,8.24,0.38,29.20,0.00,0,0,0.05,0.01,0.06,0.01,0.32,0.44,0.10,0.38,0.00,0.29,-0.01,0.02,0.05,0.04,Nutriscore_A
d7aa8d2e-331c-5a17-9320-4377d7352f0a,dbe32a0b-3cc2-57bc-b072-2eb5177399c6,"Tomato, peeled, canned, drained",20048,1.51,0.00,1.49,0.01,0.00,0.00,0.00,0.01,0.00,0.00,0.02,9.76,13.30,0.61,46.00,0.00,0,0,0.05,0.01,0.06,0.01,0.32,0.44,0.10,0.38,0.00,0.29,-0.01,0.02,0.05,0.04,Nutriscore_A
c8b035ba-9587-59a3-be30-045a9e24f302,dbe32a0b-3cc2-57bc-b072-2eb5177399c6,"Tomato, pulp and peel, boiled/cooked in water",20242,1.51,0.00,0.35,0.01,0.00,0.00,0.00,0.01,0.00,0.00,0.02,17.10,14.80,1.69,24.30,0.00,0,0,0.05,0.01,0.06,0.01,0.32,0.44,0.10,0.38,0.00,0.29,-0.01,0.02,0.05,0.04,Nutriscore_A
aaaf9771-e9af-59dc-b9c0-40a9c92244d8,7779c5e0-5955-52b4-8adf-3c0f5e8214df,"Tomato paste, concentrated, canned",20068,2.42,0.00,0.35,0.01,0.00,0.00,0.00,0.01,0.00,0.01,0.05,17.00,24.50,8.80,39.20,0.00,0,0,0.05,0.01,0.06,0.01,0.32,0.44,0.10,0.38,0.00,0.29,-0.01,0.02,0.05,0.04,Nutriscore_A
4d6208dd-5946-5b5b-baa1-4eca11e33002,7779c5e0-5955-52b4-8adf-3c0f5e8214df,"Tomato paste, double concentrate, canned",20268,3.81,0.00,0.55,0.01,0.00,0.00,0.00,0.02,0.00,0.01,0.08,28.20,42.40,10.50,62.40,0.00,0,0,0.05,0.01,0.06,0.01,0.32,0.44,0.10,0.38,0.00,0.29,-0.01,0.02,0.05,0.04,Nutriscore_C
1fcbcbd3-528a-5cc6-8274-3b6793cde429,7779c5e0-5955-52b4-8adf-3c0f5e8214df,"Tomato pulp, canned",20169,1.11,0.00,1.17,0.00,0.00,0.00,0.00,0.00,0.00,0.00,0.01,7.30,10.30,0.48,36.20,0.00,0,0,0.05,0.01,0.06,0.01,0.32,0.44,0.10,0.38,0.00,0.29,-0.01,0.02,0.05,0.04,Nutriscore_A
