id,lang,term,canonical_en,description,category_hint_l1,category_hint_l2,category_hint_l3
9e73fd89-c226-5a03-8c8e-705236e72dd6,lt,Pienas,milk,"milk, the drinking kind",Milk and dairy products,Liquid milk,
9bd27897-fed2-5957-9c96-8cb2ec3f4f53,lt,Pieno,milk (of milk),"the genitive of pienas, milk, as Lithuanian compounds write it: pieno gėrimas is a milk drink",Milk and dairy products,,
8d281269-fa46-542f-9e8c-a8778cae9f64,lt,Pieno gėrimas,milk drink,a flavoured or sweetened drink made from milk,Milk and dairy products,Milk based beverages,
0568b472-ca61-50ab-93e6-b8dd05ae050f,lt,Ožkų pienas,goat milk,milk of goats,Milk and dairy products,Liquid milk,Goat milk
44c78921-731a-5ee1-8f9e-599787e4a224,lt,Sutirštintas pienas,condensed milk,milk boiled down with sugar,Milk and dairy products,Concentrated milk,Condensed milk
d0e7ae84-df02-579c-bf28-0d58c24a2f70,lt,Grietinė,sour cream,"soured cream, the thick Lithuanian table cream",Milk and dairy products,Cream and cream products,Cream
341e04dd-27aa-5c6b-a567-21998589b9ae,lt,Grietinėlė,cream,"sweet dairy cream, for coffee or whipping",Milk and dairy products,Cream and cream products,Cream
c138d215-643e-5370-9f96-58e4f09c2ac8,lt,Kastinys,kastinys,"kastinys, a Samogitian whipped soured-cream spread",Milk and dairy products,Cream and cream products,Cream
3222724c-fd3a-589e-b36a-ebd2754829fa,lt,Varškė,curd cheese,"varškė, fresh unripened curd (quark), plain or granular",Milk and dairy products,Cheese,Fresh uncured cheese
2c59a6c4-2dd8-5e65-9226-250995e0bba3,lt,Varškės,curd cheese (of curd),"the genitive of varškė, curd: varškės sūris is a pressed fresh curd cheese",Milk and dairy products,Cheese,
f2f9bb1a-e500-56ea-befd-e0ecdb5d4f7f,lt,Sūris,cheese,cheese of any kind,Milk and dairy products,Cheese,
55f2457b-8a9c-5f5a-9c18-db6cbc810e7e,lt,Kefyras,kefir,"kefir, a cultured milk drink",Milk and dairy products,Fermented milk products,Kefir
699e6928-7eca-5ecc-9ab2-65d33706363b,lt,Kefyro,kefir (of kefir),"the genitive of kefyras, kefir: kefyro gėrimas is a kefir drink",Milk and dairy products,Fermented milk products,
3b00e4c9-bf1a-5d38-9842-39b58546889f,lt,Rūgpienis,soured milk,"rūgpienis, naturally soured milk",Milk and dairy products,Fermented milk products,
a5c937f7-c207-54d2-8e8c-55bc88d53984,lt,Pasukos,buttermilk,"buttermilk, what is left when cream is churned",Milk and dairy products,Fermented milk products,
c6031451-25a4-59ce-a568-196614640c6e,lt,Sviestas,butter,dairy butter,Animal and vegetable fats and oils,Animal fat,Butter
c8627e7f-c0ec-5f58-bc91-120dba105eb7,lt,Lydytas sviestas,ghee,clarified butter (ghee),Animal and vegetable fats and oils,Animal fat,Butter oil
0da739d6-f83a-5bfa-9d2b-649b57e5aa17,lt,Taukai,rendered animal fat,"rendered animal fat, lard or dripping",Animal and vegetable fats and oils,Animal fat,
a0430ff2-4845-59f7-b1de-fe2471371fd0,lt,Margarinas,margarine,"margarine, a spreadable vegetable-fat butter substitute",Animal and vegetable fats and oils,Margarine and similar products,
805adc78-9308-56d7-94b1-7f0bb07f061e,lt,Riebalų mišinys,fat blend,a spread blending butter with vegetable fat,Animal and vegetable fats and oils,Margarine and similar products,Fat emulsions
1429691f-6555-55d4-bb14-3a4cd2e04651,lt,Tepinys,fat spread,"a spreadable fat, margarine-like",Animal and vegetable fats and oils,Margarine and similar products,
ce91210f-95f3-5862-a0c8-840747af0dba,lt,Majonezas,mayonnaise,mayonnaise,"Herbs, spices and condiments",Dressing,
77ba2c62-0072-5110-9f9e-20e15e14c40b,lt,Majonezo,mayonnaise (of mayonnaise),"the genitive of majonezas, mayonnaise: majonezo padažas is a mayonnaise-based dressing","Herbs, spices and condiments",Dressing,
2ffe3d7f-4686-5006-9df0-db2ab6d4c9c3,lt,Remuladas,remoulade,"remoulade, a mayonnaise dressing with pickles and herbs","Herbs, spices and condiments",Dressing,
0f4fb25a-2918-5d65-b63d-f08f87a5a450,lt,Padažas,sauce,a sauce or dressing,"Herbs, spices and condiments",,
d6fb6b8c-3b3c-5235-a498-78eee98b68a6,lt,Bešamelio padažas,bechamel sauce,"bechamel, a white sauce of milk, butter and flour","Herbs, spices and condiments",Savoury sauces,"White sauce (Bechamel sauce, Cheese sauce)"
93b7fb41-0537-542c-93b2-dc3273b08239,lt,Riebalai,fats,"edible fats, animal or vegetable",Animal and vegetable fats and oils,,
e6da93f7-cc9d-525b-8358-765853fef04b,lt,Gėrimas,drink,a drink; the word says nothing about what it is made of,,,
02d58b85-29b0-53bb-95be-f71cc681dc75,lt,Užtepėlė,spread,"a savoury spread, of cheese, meat, fish or vegetables",,,
98ad2c02-1a24-56e6-a999-4f157ad446e2,lt,Mišinys,blend,a blend or mixture of ingredients,,,
8cdde420-52ab-57a2-8ee7-34cb7bc6bc9b,lt,Sūrio,cheese (of cheese),"the genitive of sūris, cheese: sūrio lazdelės are cheese sticks",Milk and dairy products,Cheese,
b7ce8431-f590-5d26-8dd3-a84f601593c2,lt,Sūrių,cheeses (of cheeses),"the plural of sūris, cheeses",Milk and dairy products,Cheese,
c778c06e-65a0-5369-b6b5-9708d3054e75,lt,Sūrelis,small cheese or curd bar,either a small processed cheese or a glazed sweet curd bar,,,
fb232b84-9de5-5f5f-9b62-0bfcb62067f5,lt,Lydytas sūrelis,small processed cheese,a small portion of processed cheese,Milk and dairy products,Cheese,
2ddb5b5e-5c27-533e-a4f5-7940a33da653,lt,Sūrio gaminys,cheese product,"a cheese-based product, not legally a cheese",Milk and dairy products,Cheese,
a5f8e4c2-61a1-52a7-aff5-6aee003cdcd8,lt,Lydytas sūris,processed cheese,processed (melted) cheese,Milk and dairy products,Cheese,
0ae67bc2-763e-5009-a147-c10530afd3ca,lt,Kietasis sūris,hard cheese,"a hard, long-matured cheese",Milk and dairy products,Cheese,
95cb5705-ff4f-58ed-a791-d64d92072f0f,lt,Puskietis sūris,semi-hard cheese,a semi-hard cheese of the gouda and edam kind,Milk and dairy products,Cheese,
55d5403a-da3a-57a6-8143-bdf30de87407,lt,Fermentinis sūris,rennet cheese,"a rennet-set ripened cheese, as opposed to fresh curd",Milk and dairy products,Cheese,
046069f3-010f-5dfc-a0b9-217ed3237926,lt,Pelėsinis sūris,mould cheese,"a mould-ripened cheese, blue-veined or white-rinded",Milk and dairy products,Cheese,
01e3275c-d691-5f31-9843-e4c5348ef1af,lt,Melsvasis sūris,blue cheese,a blue-veined cheese,Milk and dairy products,Cheese,
9c5e9e19-d0dd-5103-a50a-4f04b4ab167a,lt,Šviežias sūris,fresh cheese,a fresh unripened cheese,Milk and dairy products,Cheese,Fresh uncured cheese
138ba660-58eb-53f9-a424-3034473e21f0,lt,Tepamas sūris,spreadable cheese,a soft cheese sold to be spread,Milk and dairy products,Cheese,
51f1b38c-9cc9-5b7d-b295-9528040f7dbd,lt,Rūkytas sūris,smoked cheese,a smoked cheese,Milk and dairy products,Cheese,
6805abcb-7577-5b19-83fb-e1fb49c137ab,lt,Tarkuotas sūris,grated cheese,grated cheese,Milk and dairy products,Cheese,
289cb0ce-5b2b-5e58-ab89-7694f0e3144a,lt,Pjaustytas sūris,sliced cheese,cheese sold in slices,Milk and dairy products,Cheese,
d30a68d9-a3a1-5632-8b05-89d950e54b82,lt,Sūrio lazdelės,cheese sticks,sticks of stringy cheese,Milk and dairy products,Cheese,
f4ac5549-05ec-5dee-ac0f-fe59fa003875,lt,Sūrio užkandis,cheese snack,a small cheese sold as a snack,Milk and dairy products,Cheese,
bf6e2dd4-271a-59ae-8122-b0025ac2cdb6,lt,Varškės kremas,curd cheese spread,a soft spread of fresh curd,Milk and dairy products,Cheese,Fresh uncured cheese
7abd5798-690e-5576-b1e7-92c6aa46dd1d,lt,Varškės užtepėlė,curd spread,a savoury spread of fresh curd,Milk and dairy products,Cheese,Fresh uncured cheese
8feefa12-bbb5-53ee-9efd-a0c2e7bbc39b,lt,Salotų sūris,salad cheese,"a firm white brined cheese for salads, feta-like",Milk and dairy products,Cheese,"Cheese, Feta"
7a8a4ad3-d320-5722-9126-eea58a504247,lt,Sūris salotoms,salad cheese,"cheese sold for salads, a feta-like white brined cheese",Milk and dairy products,Cheese,"Cheese, Feta"
84a94a74-f4cd-5d94-b937-ca3cae80eba2,lt,Ožkų,goat (of goats),"the genitive plural of ožka, goat: ožkų sūris is goat cheese",Milk and dairy products,,
dac20039-861b-5554-916e-da43fa89d210,lt,Ožkos,goat (of a goat),"the genitive of ožka, goat",Milk and dairy products,,
d1c434a8-5d84-5ab5-a589-b5c4aa003353,lt,Avių,sheep (of sheep),"the genitive plural of avis, sheep: avių pieno sūris is sheep-milk cheese",Milk and dairy products,,
0b1eb423-c045-5532-83b1-eff7d392ebb3,lt,Ožkų pieno sūris,goat milk cheese,cheese made from goat milk,Milk and dairy products,Cheese,"Cheese, Capra"
a7b11d99-ad59-547c-b4e3-93b8029d0677,lt,Avių pieno sūris,sheep milk cheese,cheese made from sheep milk,Milk and dairy products,Cheese,
4b7cbd18-089b-50a0-9ec7-da82bc43d1b5,lt,Čederis,cheddar,"cheddar, a firm orange-to-yellow cow cheese",Milk and dairy products,Cheese,"Cheese, Cheddar"
df12511a-cdf9-5c76-bf6b-b5de61af7f99,lt,Čederio,cheddar (of cheddar),"the genitive of čederis, cheddar",Milk and dairy products,Cheese,"Cheese, Cheddar"
d3ccf4a7-6907-59bd-82e7-c04c3a012107,lt,Mocarela,mozzarella,"mozzarella, a fresh stretched-curd cheese",Milk and dairy products,Cheese,"Cheese, Mozzarella"
04507917-ef08-536d-bc55-a34af550c242,lt,Mozzarella,mozzarella,"mozzarella, a fresh stretched-curd cheese",Milk and dairy products,Cheese,"Cheese, Mozzarella"
489ba6c7-1fa1-5b3f-bed6-c2e2ab181864,lt,Feta,feta,"feta, a white cheese ripened in brine",Milk and dairy products,Cheese,"Cheese, Feta"
7288089e-c548-5c66-9346-c2a6395b69a8,lt,Fetos,feta (of feta),"the genitive of feta, a white cheese ripened in brine",Milk and dairy products,Cheese,"Cheese, Feta"
104f7fee-84cf-553d-bfce-2077e9fd042b,lt,Brinza,brinza,"brinza, a Balkan white brined cheese",Milk and dairy products,Cheese,
d4055189-25af-5f12-9609-5c6b46b3710f,lt,Rikotos,ricotta (of ricotta),"ricotta, a soft fresh whey cheese",Milk and dairy products,Cheese,
481772da-76e9-5f8b-86fe-8fa4e531f51d,lt,Maskarponės,mascarpone (of mascarpone),"mascarpone, a very rich fresh cream cheese",Milk and dairy products,Cream and cream products,
61e28d16-7f0f-5136-9936-ee7e28816bd7,lt,Mascarpone,mascarpone,"mascarpone, a very rich fresh cream cheese",Milk and dairy products,Cream and cream products,
a78cde5a-37c9-507a-a43e-0e70f1209197,lt,Gouda,gouda,"gouda, a semi-hard cow cheese",Milk and dairy products,Cheese,"Cheese, Gouda"
6760d35c-e6b1-56ba-a39a-afea93df5c97,lt,Maasdam,maasdam,"maasdam, a semi-hard cow cheese with large holes",Milk and dairy products,Cheese,"Cheese, Maasdam"
e4cbfc38-b9b0-5871-b12c-ac127e51b941,lt,Masdamas,maasdam,"the Lithuanian spelling of maasdam, a semi-hard cow cheese",Milk and dairy products,Cheese,"Cheese, Maasdam"
8bd1ffe9-02c0-5034-b550-f1a9a8a8f809,lt,Brie,brie,"brie, a soft cheese with a white bloomy rind",Milk and dairy products,Cheese,"Cheese, Brie"
485309b1-9c15-5afa-a649-47aeb23aa1d0,lt,Camembert,camembert,"camembert, a soft cheese with a white bloomy rind",Milk and dairy products,Cheese,"Cheese, Camembert"
90651bca-ad69-5f2c-ac19-c34e3b398d40,lt,Gorgonzola,gorgonzola,"gorgonzola, an Italian blue cheese",Milk and dairy products,Cheese,"Cheese, Gorgonzola"
a7e54c07-f00b-5831-a69d-70d6284d4786,lt,Roquefort,roquefort,"roquefort, a French sheep-milk blue cheese",Milk and dairy products,Cheese,"Cheese, Roquefort"
c82ac7ea-f6d0-5f77-ab8c-0302da838480,lt,Parmigiano,parmigiano reggiano,"parmigiano reggiano (parmesan), a hard grating cheese",Milk and dairy products,Cheese,"Cheese, Parmigiano Reggiano"
9a5dea6b-83b7-56d2-9e39-a36562cba4bc,lt,Grana Padano,grana padano,"grana padano, a hard grating cheese",Milk and dairy products,Cheese,"Cheese, Grana Padano"
4677e65a-bd18-5f45-a362-a3a1f5ca704d,lt,Manchego,manchego,"manchego, a Spanish sheep-milk cheese",Milk and dairy products,Cheese,"Cheese, Manchego"
4276c58c-0149-500d-ade3-9957de774800,lt,Mimolette,mimolette,"mimolette, a hard bright-orange cow cheese",Milk and dairy products,Cheese,"Cheese, Mimolette"
3e3a83c6-dcef-5fd1-ba92-7ffb9acc3e86,lt,Provolone,provolone,"provolone, an Italian stretched-curd cheese",Milk and dairy products,Cheese,"Cheese, Provolone"
47b627b3-783e-5150-aa4e-ec908837cb1e,lt,Raclette,raclette,"raclette, a semi-hard cheese sold to be melted",Milk and dairy products,Cheese,"Cheese, Raclette"
5e41596c-4823-5e23-a934-e87da972a862,lt,Gruyere,gruyere,"gruyere, a hard alpine cow cheese",Milk and dairy products,Cheese,"Cheese, Gruyere"
0f679eb5-1cd9-541b-ad6e-5373301d60dc,lt,Halloumi,halloumi,"halloumi, a Cypriot brined cheese that holds its shape when fried",Milk and dairy products,Cheese,
1896edf8-d7df-5fc6-b07c-6592cebc8cd6,lt,Burrata,burrata,"burrata, a mozzarella pouch filled with cream",Milk and dairy products,Cheese,
fb12b0da-0be8-5405-94d3-81cba69d899b,lt,Tilsit,tilsit,"tilsit, a semi-hard washed-rind cow cheese",Milk and dairy products,Cheese,
9b098417-9979-5d15-98af-b6cf360e076d,lt,Havarti,havarti,"havarti, a semi-soft Danish cow cheese",Milk and dairy products,Cheese,
e0050984-1026-5bd7-9990-fbaeca6ccf9b,lt,Danablu,danablu,"danablu, a Danish blue cheese",Milk and dairy products,Cheese,
79fd87ee-7557-57fc-a8c3-753d8b33703a,lt,Wensleydale,wensleydale,"wensleydale, a crumbly English cow cheese",Milk and dairy products,Cheese,
d0b9b364-7c54-5214-b30a-adcc1be0a091,lt,Kremas,cream,"a smooth spreadable cream, of cheese, dairy or confectionery",,,
988eb593-972d-5d51-b7e2-b7baca16e282,lt,Kiaušiniai,eggs,eggs in the shell; the word names no bird,Eggs and egg products,"Eggs, fresh",
23a81a06-8a7f-553c-930d-5fb59636178b,lt,Kiaušinių,eggs (of eggs),"the genitive plural of kiaušinis, egg",Eggs and egg products,"Eggs, fresh",
321eeecf-cb79-58b1-b558-91876b41c0ed,lt,Vištų kiaušiniai,hen eggs,eggs of hens,Eggs and egg products,"Eggs, fresh","Whole egg, chicken"
cc1ab0c9-6cb7-5413-bcfb-be6298e6572a,lt,Putpelių kiaušiniai,quail eggs,"eggs of quail, much smaller than hen eggs",Eggs and egg products,"Eggs, fresh",
e4895842-96ed-5c21-973e-7a593804f989,lt,Kiaušinių baltymai,egg whites,"egg white, the albumen sold separately",Eggs and egg products,"Eggs, fresh","Egg white, chicken"
3bf1c301-91d6-59a7-b77f-c7671260e53c,lt,Mielės,yeast,"baker's yeast, for raising dough","Herbs, spices and condiments",Baking ingredients,
96f235de-4fd5-5a45-a2d2-8017f5b399a0,lt,Jogurtas,yoghurt,"yoghurt, plain or with fruit",Milk and dairy products,Fermented milk products,
bca078bb-ea25-578c-97df-12a7e7c4d67f,lt,Graikiškas jogurtas,Greek yoghurt,"Greek-style strained yoghurt, thick and high in fat",Milk and dairy products,Fermented milk products,
abba992f-e6aa-5b2c-9690-d8ee7cec6135,lt,Varškės sūrelis,glazed curd bar,"a small sweetened curd bar, usually glazed with chocolate",Grains and grain-based products,Fine bakery wares,Pastries and cakes
6273e27e-e112-51ac-9bc4-f83cfb8a658c,lt,Pudingas,pudding,a milk or curd pudding,"Snacks, desserts, and other foods",Ices and desserts,
f906341f-bb58-5f79-b84a-3133fbef3242,lt,Želė,jelly,"jelly: a set gelatine dessert, or the gum a sweet is made of",,,
4cf034cc-a74d-5c0b-bbca-8da046ef4ee5,lt,Varškytė,soft curd,"the diminutive of varškė, a soft sweetened fresh curd",Milk and dairy products,Cheese,Fresh uncured cheese
b4555fe3-4f6c-5dee-bce9-09fd0890ae93,lt,Ryžių košė,rice pudding,"rice cooked soft in milk, eaten as a dessert","Snacks, desserts, and other foods",Ices and desserts,Starchy pudding
79168835-8d9c-557a-940e-cfcc13d97619,lt,Desertas,dessert,a sweet dessert; the word says nothing about what it is made of,,,
2cb391e0-e72c-59dc-aebf-916bb0b54ebb,lt,Batonėlis,bar,"a bar to eat in the hand: chocolate, biscuit, cereal or protein",,,
83beb8ab-848a-5864-bd5a-183104c9a007,lt,Batonėlių,bars (of bars),"the genitive plural of batonėlis, bar",,,
da5a17a2-96f5-53d2-bd1a-21b90ddb4bc7,lt,Putėsiai,mousse,a whipped aerated mousse,,,
06ff2dae-2075-58ac-ac2c-e0d855e1272c,lt,Tyrė,puree,a smooth puree of fruit or vegetables,,,
87a09cc5-f7a7-5eb7-a3f5-16db09e4b2a7,lt,Jautiena,beef,"beef, the meat of cattle",Meat and meat products (including edible offal),Livestock meat,Beef meat (Bos spp.)
e4320e4e-399c-5614-a94e-9a51bf0c3dda,lt,Jautienos,beef (of beef),"the genitive of jautiena, beef",Meat and meat products (including edible offal),Livestock meat,Beef meat (Bos spp.)
5e4c867f-76db-5d94-95ef-da5d93551320,lt,Kiauliena,pork,"pork, the meat of pigs",Meat and meat products (including edible offal),Livestock meat,Pork / piglet meat (Sus scrofa)
c47b5d66-1c4e-50f3-b031-c169e1650dc7,lt,Kiaulienos,pork (of pork),"the genitive of kiauliena, pork",Meat and meat products (including edible offal),Livestock meat,Pork / piglet meat (Sus scrofa)
768d82f9-84c7-5f2b-b476-877d189962e3,lt,Vištienos,chicken (of chicken),"the genitive of vištiena, chicken meat",Meat and meat products (including edible offal),Poultry,Chicken meat (Gallus domesticus)
d5245845-b692-5f57-98b2-0e07131a5a22,lt,Kalakutų,turkey (of turkeys),"the genitive plural of kalakutas, turkey",Meat and meat products (including edible offal),Poultry,Turkey meat (Meleagris gallopavo)
f3a0c2b2-1e37-5ad1-b6ad-c8eda7729332,lt,Kalakutienos,turkey meat (of turkey),"the genitive of kalakutiena, turkey meat",Meat and meat products (including edible offal),Poultry,
0bcff18a-aa52-5ff8-88a4-ab7fb9b7e7c0,lt,Veršienos,veal (of veal),"the genitive of veršiena, veal",Meat and meat products (including edible offal),Livestock meat,Veal meat
6f248dc0-eabc-535e-a108-c99326b97a96,lt,Triušio,rabbit (of a rabbit),"the genitive of triušis, rabbit",Meat and meat products (including edible offal),Livestock meat,Rabbit meat (Lepus cuniculus)
e4b9d526-159c-56cd-b298-a286e05a2af2,lt,Ančiukų,duckling (of ducklings),"the genitive plural of ančiukas, duckling",Meat and meat products (including edible offal),Poultry,Duck meat (Anas spp.)
75e828f0-b719-59b7-9edc-dd02d1b80412,lt,Ančių,duck (of ducks),"the genitive plural of antis, duck",Meat and meat products (including edible offal),Poultry,Duck meat (Anas spp.)
98615093-0015-550c-8a8c-b0b1a57f9e64,lt,Broileris,broiler chicken,"a broiler, a chicken raised for meat",Meat and meat products (including edible offal),Poultry,Chicken meat (Gallus domesticus)
0e2fda87-acb7-53b3-a9bb-c42fe60b7d50,lt,Broilerių,broiler (of broilers),"the genitive plural of broileris, broiler chicken",Meat and meat products (including edible offal),Poultry,Chicken meat (Gallus domesticus)
b5f277d5-d86b-5d6e-b70f-8dbfc8ceb774,lt,Viščiukas,chicken,a young chicken,Meat and meat products (including edible offal),Poultry,Chicken meat (Gallus domesticus)
98f5467a-d0f3-5c6c-94f3-d6a43f81ba8e,lt,Viščiukų,chicken (of chickens),"the genitive plural of viščiukas, young chicken",Meat and meat products (including edible offal),Poultry,Chicken meat (Gallus domesticus)
7dd7fc49-047f-50fe-88d2-0ca2694f8d3d,lt,Mėsa,meat,meat,Meat and meat products (including edible offal),,
3e4b1b19-859a-56f3-ba3a-e6b2e51aab83,lt,Mėsos,meat (of meat),"the genitive of mėsa, meat",Meat and meat products (including edible offal),,
bbb14d44-429d-5089-8a68-3ac01fb8ece8,lt,Faršas,minced meat,minced meat of any species,Meat and meat products (including edible offal),,
44420819-8bf4-537c-b9a2-a15436f94882,lt,Smulkinta mėsa,minced meat,"minced meat, the same thing Rimi also calls faršas",Meat and meat products (including edible offal),,
de3e0258-3c73-586d-be24-f9241e59a186,lt,Filė,fillet,"a boneless fillet: on poultry the breast, on fish the side",,,
05a9aa92-4e33-56d5-9a70-e05ffe1043d8,lt,Nugarinė,loin,"the loin, the eye muscle along the back",Meat and meat products (including edible offal),Livestock meat,
f90e5bb1-c5b8-5f94-b9b3-3ff76bd4dcd7,lt,Sprandinė,neck or collar,"the neck or collar, a fatty braising and grilling cut",Meat and meat products (including edible offal),Livestock meat,
1f69fba7-c87a-550c-98b3-015938aec3d0,lt,Kumpis,ham or leg,"the whole hind leg, and the cured ham made from it",Meat and meat products (including edible offal),,
211ec475-8bf4-5fc6-b7fa-0e15f34f9a9a,lt,Kumpio,ham (of the leg),"the genitive of kumpis, the hind leg",Meat and meat products (including edible offal),Livestock meat,
d20f8d81-ca94-50af-837c-ebd9b7392cca,lt,Išpjova,tenderloin,"the tenderloin, the small muscle under the loin",Meat and meat products (including edible offal),Livestock meat,
4e5865bf-d96c-5643-85d2-981fc9358dfd,lt,Mentė,shoulder blade,"the blade, a shoulder cut",Meat and meat products (including edible offal),Livestock meat,
b1539932-2327-593a-a8f6-b2e3a4ca155f,lt,Šoninė,belly or bacon,"the pork belly, and the bacon cured from it",Meat and meat products (including edible offal),,
7e94def3-daef-5296-86c1-d7edd2b316ce,lt,Šonkauliai,ribs,"ribs, sold as a rack",Meat and meat products (including edible offal),Livestock meat,
a3859b8b-9e20-57f8-aafb-7bcbc41c535f,lt,Antrekotas,entrecote,"entrecote, the rib eye steak",Meat and meat products (including edible offal),Livestock meat,Beef meat (Bos spp.)
16cfd977-ec44-5032-9c00-a297c618d0bb,lt,Antrekoto,entrecote (of entrecote),"the genitive of antrekotas, the rib eye",Meat and meat products (including edible offal),Livestock meat,Beef meat (Bos spp.)
98598937-fd46-563e-9fd8-101c418829ad,lt,Kepsnys,steak or roast,a steak or a roasting joint,Meat and meat products (including edible offal),Livestock meat,
b77d12d9-6158-537e-9b0d-2d4ba5d1f872,lt,Karka,hock,"the hock, the pork shank with the bone in",Meat and meat products (including edible offal),Livestock meat,Pork / piglet meat (Sus scrofa)
f36f1ced-1d13-53b2-ab64-d33cb9014d75,lt,Kulninė,shank,"the shank, the leg muscle below the knee",Meat and meat products (including edible offal),Livestock meat,
233821af-fed0-5b26-a7e8-0111f4b80e00,lt,Papilvė,thin flank,"the thin flank, the belly cut of beef",Meat and meat products (including edible offal),Livestock meat,
bbabff15-4c2f-572a-a4e0-0fed4f46674b,lt,Guliašui,for goulash,meat cubed for goulash,Meat and meat products (including edible offal),,
5e8a536b-6753-5ba5-b988-0561c8b7aaeb,lt,Troškinimui,for stewing,meat cut for stewing,Meat and meat products (including edible offal),,
c0efdff4-4160-5ea3-9aaf-12ffc9997424,lt,Krūtinėlių,breast (of breasts),"the genitive plural of krūtinėlė, the breast of a bird",Meat and meat products (including edible offal),Poultry,
b1822675-791e-5f49-a92e-45706ac30a37,lt,Šlaunelės,thighs,thighs of a bird,Meat and meat products (including edible offal),Poultry,
a388e502-cfb7-5f86-9049-3d135decb06a,lt,Šlaunelių,thigh (of thighs),"the genitive plural of šlaunelė, thigh",Meat and meat products (including edible offal),Poultry,
a30d1eed-a558-5f05-805a-e06413a21d53,lt,Blauzdelės,drumsticks,"drumsticks, the lower leg of a bird",Meat and meat products (including edible offal),Poultry,
97a8552f-30dd-5030-b9fa-d4e036872a67,lt,Kulšelės,legs,"the whole leg of a bird, thigh and drumstick together",Meat and meat products (including edible offal),Poultry,
74f520a2-58b5-5a96-8faf-9c8208d8cc58,lt,Sparneliai,wings,wings of a bird,Meat and meat products (including edible offal),Poultry,
ff967d9a-ebf4-5f28-80f2-9400989b85a5,lt,Sparnelių,wing (of wings),"the genitive plural of sparnelis, wing",Meat and meat products (including edible offal),Poultry,
9770bbd2-c4ad-54ab-a47b-42c4348678aa,lt,Kepenys,liver,liver,Meat and meat products (including edible offal),"Edible offal, farmed animals",
06fabe57-0aa3-5e10-a2e1-c7bbcb5e9377,lt,Kepenėlės,liver (small),"the diminutive of kepenys, used for poultry liver",Meat and meat products (including edible offal),"Edible offal, farmed animals",
b52c92a3-3add-5f74-b70d-37e5460df3b4,lt,Širdys,hearts,hearts,Meat and meat products (including edible offal),"Edible offal, farmed animals",
b43f934f-760b-5b05-b0d2-3ad0337983d9,lt,Širdelės,hearts (small),"the diminutive of širdys, used for poultry hearts",Meat and meat products (including edible offal),"Edible offal, farmed animals",
440d9bf5-5ee5-57dc-b370-081e15c3ef7c,lt,Skilviai,gizzards,"gizzards, the muscular stomach of a bird",Meat and meat products (including edible offal),"Edible offal, farmed animals",
cbf86a57-b883-554b-bff1-8ec983370a0a,lt,Liežuviai,tongues,tongues,Meat and meat products (including edible offal),"Edible offal, farmed animals","Tongue (beef, veal, mutton, lamb, pork)"
210fc7fe-65ac-5747-8ab0-7cdc13307242,lt,Inkstai,kidneys,kidneys,Meat and meat products (including edible offal),"Edible offal, farmed animals",
418e7686-5868-58af-b6c9-579d71fca0b2,lt,Ausys,ears,"ears, a pork offal cut",Meat and meat products (including edible offal),"Edible offal, farmed animals",
66f6c3c2-7fd8-53f2-a037-a8c146ec0c20,lt,Kojos,feet,trotters and feet,Meat and meat products (including edible offal),"Edible offal, farmed animals",
6633c284-9a6f-5514-8c56-928b3c5f1717,lt,Kebabai,kebabs,"kebabs, seasoned meat formed into a roll or put on a skewer",Meat and meat products (including edible offal),,
47b22ed6-6622-55fa-9145-bc10651a2402,lt,Iešmeliai,skewers,small skewers of meat,Meat and meat products (including edible offal),,
4f1d800f-a7c9-5afd-a920-47119e88a9d0,lt,Kukuliai,meatballs,meatballs,Composite food (including frozen products),Meat-based meals,
040a25b9-7f5f-58d9-9518-cae4430d3260,lt,Paplotėliai,patties,flat patties of minced meat,Composite food (including frozen products),Meat-based meals,
dadf6139-6d57-5f21-b1b2-e9841c01525e,lt,Triušis,rabbit,"a rabbit, sold whole",Meat and meat products (including edible offal),Livestock meat,Rabbit meat (Lepus cuniculus)
92466094-7e2d-5bbf-93de-7b78b70a9dc4,lt,Kiaulių,pig (of pigs),"the genitive plural of kiaulė, pig",Meat and meat products (including edible offal),,
8bb1ecbe-e9e4-5757-b12b-f43dd8759cef,lt,Kumpeliai,small legs,"the diminutive of kumpis, small legs such as a rabbit's",Meat and meat products (including edible offal),Livestock meat,
7b966c4a-8a71-545c-b1d5-52a7a8cfa145,lt,Paslėpsniai,flank,"the flank: a grilling steak on beef, a stewing cut on pork",Meat and meat products (including edible offal),Livestock meat,
6d692094-01be-59e8-8557-d8c08e64afe2,lt,Krūtininė,brisket,"the brisket, the breast of beef",Meat and meat products (including edible offal),Livestock meat,
a677d7be-96ee-5bb9-9781-69c54422b971,lt,Didkepsnis,large steak,a thick steak for the grill,Meat and meat products (including edible offal),Livestock meat,
b54ed700-b1d4-5b4d-9a14-06204b0800e3,lt,Peteliai,drumettes,"the drumette, the upper section of a wing",Meat and meat products (including edible offal),Poultry,
5c8f6f07-5aa2-5595-96ed-bc44b7235ef5,lt,Ketvirčiai,quarters,quarters of a bird,Meat and meat products (including edible offal),Poultry,
3b5c54c9-dc7a-5314-8a71-a5eb5892bf06,lt,Žarnos,casings,"intestines, sold as sausage casings",Meat and meat products (including edible offal),"Edible offal, farmed animals",
b83d93fb-8f48-5dfa-8634-f8b92b1c7b89,lt,Šašlykas,shashlik,"shashlik, meat marinated for the grill or the skewer",Meat and meat products (including edible offal),,
3941b769-9b02-5bc8-a799-18ac1e7a41af,lt,Dešrelės,sausages,"small fresh sausages, frankfurter-like",Meat and meat products (including edible offal),Sausages,
9ef9dae5-2a79-5ec5-a156-7f9ff6d1b360,lt,Kepsniai,steaks,steaks cut for frying or grilling,Meat and meat products (including edible offal),,
e8546f54-574f-55ec-b8e2-9886ce68f81a,lt,Kepsneliai,small steaks,"the diminutive of kepsnys, small steaks or medallions",Meat and meat products (including edible offal),,
ad6532cb-bc43-54d9-8c5c-95ca1965f78c,lt,Pjausniai,slices,meat or fish cut in slices across the muscle,,,
875f4406-fdd7-552f-b44e-865398940c03,lt,Antienos,duck meat (of duck),"the genitive of antiena, duck meat",Meat and meat products (including edible offal),Poultry,Duck meat (Anas spp.)
43c985c9-d095-5ed8-85c9-ee9160e96581,lt,Dešra,sausage,a sausage,Meat and meat products (including edible offal),Sausages,
8db193f3-6706-57e2-81ab-6365a7745479,lt,Dešros,sausage (of sausage),"the genitive of dešra, sausage",Meat and meat products (including edible offal),Sausages,
e04b65b5-0e86-56e0-9a50-cacce2b4899c,lt,Vytinta dešra,dry sausage,an air-dried cured sausage,Meat and meat products (including edible offal),Sausages,Dry sausage
68a76910-d53f-5f3a-800d-7307705cce07,lt,Virta dešra,cooked sausage,"a boiled sausage, sliced cold",Meat and meat products (including edible offal),,
b013ed17-d5c7-5d09-be44-7b841ba5de00,lt,Saliamis,salami,"salami, a dry fermented sausage",Meat and meat products (including edible offal),Sausages,Dry sausage
e31973d5-5c2b-50ca-b82b-36d0b72f6b2f,lt,Kabanos,kabanos,"kabanos, a thin dried smoked sausage",Meat and meat products (including edible offal),Sausages,Dry sausage
6d40d215-a7d8-5840-807f-aefbd11d21c9,lt,Fuet,fuet,"fuet, a thin Catalan dry sausage",Meat and meat products (including edible offal),Sausages,Dry sausage
db10fee2-fc5a-5134-bfd9-0414e5b67efd,lt,Chorizo,chorizo,"chorizo, a paprika-spiced Spanish dry sausage",Meat and meat products (including edible offal),Sausages,Dry sausage
4c26cf21-c13c-5961-bf36-bc29dcde99db,lt,Sardelės,thick sausages,short thick boiling sausages,Meat and meat products (including edible offal),,
ca52f3c3-109b-554d-a4fb-1c72b3e106fe,lt,Paštetas,pate,a pate of liver or meat,Meat and meat products (including edible offal),"Pastes, pâtés and terrines",
0b6fca8e-2e78-596e-9c85-cb8f05923c93,lt,Kepenėlių paštetas,liver pate,a pate made from liver,Meat and meat products (including edible offal),"Pastes, pâtés and terrines",
2de092fb-4f35-5230-a73a-92661ea49eb3,lt,Prosciutto,prosciutto,"prosciutto, an Italian air-dried ham",Meat and meat products (including edible offal),Preserved meat,"Ham, pork"
425e5655-5c8b-5f6a-a6cd-f6b96bea79b2,lt,Bekonas,bacon,"bacon, cured pork belly or back",Meat and meat products (including edible offal),Preserved meat,
3e3c4cbd-9039-5eba-8836-c16ae98f6b3d,lt,Lašiniai,pork back fat,"lašiniai, cured pork back fat eaten in slices",Animal and vegetable fats and oils,Animal fat,
9d662a04-2fd2-5efe-a2f5-040bf1d64d5f,lt,Elniena,venison,"venison, the meat of deer",Meat and meat products (including edible offal),,
7ef5ba50-f37f-5fc9-95be-6b6d15196e9c,lt,Lazdelės,sticks,"sticks, a shape: of dried sausage, cheese or bread",,,
1452ff54-9886-5986-8512-2794e4f8fb97,lt,Užkandis,snack,something small eaten as a snack,,,
9f25fdb8-3c8e-5a9d-91b9-9e4e27e4d9a5,lt,Saliamio,salami (of salami),"the genitive of saliamis, salami",Meat and meat products (including edible offal),Sausages,Dry sausage
aba27fda-13d0-5225-b320-60c959b697a3,lt,Salamini,salamini,"salamini, small salami",Meat and meat products (including edible offal),Sausages,Dry sausage
28f9176e-ab36-5ecb-896d-9e7ad83e46dd,lt,Skilandukas,small skilandis,"the diminutive of skilandis, a Lithuanian cold-smoked sausage cured in a stomach or bladder",Meat and meat products (including edible offal),Sausages,Dry sausage
865bd6f3-aade-5492-b959-13a0177be9ff,lt,Servelatas,cervelat,"cervelat, a semi-dry smoked sausage",Meat and meat products (including edible offal),Sausages,Semi-dry sausage
d34cea4d-c965-580c-aa9d-25a694603cf2,lt,Slėgtainis,brawn,"brawn, boiled head and offal meat set in its own jelly",Meat and meat products (including edible offal),Meat specialities,Head cheese (Brawn)
106b6977-0df3-5bd7-bf3c-4be0d48dccd0,lt,Vyniotinis,meat roll,"meat rolled up and cooked, sliced cold",Meat and meat products (including edible offal),,
c0a3526b-5219-5408-9d60-379c82e08804,lt,Suktinis,roulade,a rolled joint of meat,Meat and meat products (including edible offal),,
b5475eb8-cc21-53a3-bdd1-69cb57f6b903,lt,Šiaudeliai,meat straws,thin dried strips of cured meat,Meat and meat products (including edible offal),Preserved meat,
4678a16a-bf51-58ef-a4e5-4f26cfd6a381,lt,Stirniena,roe venison,the meat of roe deer,Meat and meat products (including edible offal),,
9310c77f-2548-579a-a061-7f498393495c,lt,Šniceliai,schnitzels,breaded flattened cutlets,Composite food (including frozen products),Meat-based meals,
8279b541-28e9-544e-abde-88591c8d7c66,lt,Krūtinėlė,breast,the breast of a bird,Meat and meat products (including edible offal),Poultry,
f83e1745-1709-507d-bb44-6ffe90457a2c,lt,Puselė,half,"half a bird, split down the back",Meat and meat products (including edible offal),Poultry,
77b08f82-c94b-5664-8b29-04a6fce84e33,lt,Ketvirtis,quarter,a quarter of a bird,Meat and meat products (including edible offal),Poultry,
72a41ac2-f2a0-5bea-9aaf-ff0c5ed24b7a,lt,Juostelės,strips,strips,,,
aed9004a-e42b-57aa-bb09-2933d730c28a,lt,Kubeliai,cubes,cubes,,,
fc0bd01a-12d7-55cc-874c-c48e628c9dd4,lt,Žuvis,fish,fish,"Fish and other seafood (including amphibians, reptiles, snails and insects)",,
a766bb3d-2d2c-5373-a603-b1df6c243db0,lt,Žuvies,fish (of fish),"the genitive of žuvis, fish","Fish and other seafood (including amphibians, reptiles, snails and insects)",,
1b19d48b-9264-5f32-ac73-eeb9f2dd7405,lt,Žuvų,fish (of fishes),"the genitive plural of žuvis, fish","Fish and other seafood (including amphibians, reptiles, snails and insects)",,
3bef5e86-5e9f-5b79-9a64-f3fb1279b156,lt,Lašiša,salmon,Atlantic salmon,"Fish and other seafood (including amphibians, reptiles, snails and insects)",Fish meat,Salmon and trout (Salmo spp.)
14cac899-81c0-5b1a-a958-d4e341a2eb51,lt,Lašišos,salmon (of salmon),"the genitive of lašiša, salmon","Fish and other seafood (including amphibians, reptiles, snails and insects)",Fish meat,Salmon and trout (Salmo spp.)
1a876bbd-f2d3-5669-9475-33c63b50294e,lt,Upėtakio,trout (of trout),"the genitive of upėtakis, trout","Fish and other seafood (including amphibians, reptiles, snails and insects)",Fish meat,Salmon and trout (Salmo spp.)
2d80a47f-23c5-5ce5-908a-24367d7f1699,lt,Palija,char,Arctic char,"Fish and other seafood (including amphibians, reptiles, snails and insects)",Fish meat,Char (Salvelinus)
c6dab325-da5f-5769-b7fc-272f070939c2,lt,Silkė,herring,Atlantic herring,"Fish and other seafood (including amphibians, reptiles, snails and insects)",Fish meat,Herring (Clupea)
c6bcc4cf-cefa-5ead-ba21-af86e45086e7,lt,Silkės,herring (of herring),"the genitive of silkė, herring","Fish and other seafood (including amphibians, reptiles, snails and insects)",Fish meat,Herring (Clupea)
9fa24f40-e1dd-5528-af45-609da2fe6b8b,lt,Strimelė,Baltic herring,"Baltic herring, the small Baltic race of the Atlantic herring","Fish and other seafood (including amphibians, reptiles, snails and insects)",Fish meat,Herring (Clupea)
19e9ad19-e6b5-51d6-bf9c-644d42bfb89a,lt,Strimelės,Baltic herring (of herring),"the genitive of strimelė, Baltic herring","Fish and other seafood (including amphibians, reptiles, snails and insects)",Fish meat,Herring (Clupea)
d7b65745-c4e9-56a3-8d91-3a3ae1ea9d35,lt,Šprotai,sprats,"sprats, a small Baltic clupeid usually smoked in oil","Fish and other seafood (including amphibians, reptiles, snails and insects)",Fish meat,Sprat (Sprattus sprattus)
74c81709-5865-56e4-988a-f24a3c08c0d5,lt,Skumbrė,mackerel,mackerel,"Fish and other seafood (including amphibians, reptiles, snails and insects)",Fish meat,Mackeral (Scomber)
94062c86-e45a-5b68-9daf-4f077a922ea2,lt,Skumbrės,mackerel (of mackerel),"the genitive of skumbrė, mackerel","Fish and other seafood (including amphibians, reptiles, snails and insects)",Fish meat,Mackeral (Scomber)
30fe014d-3b5a-5b2f-b9d4-edc506f9b94c,lt,Ančiuviai,anchovies,anchovies,"Fish and other seafood (including amphibians, reptiles, snails and insects)",Fish meat,Anchovy (Engraulis)
54a48e14-d86b-508f-ad10-807485d2d737,lt,Sardinės,sardines,sardines,"Fish and other seafood (including amphibians, reptiles, snails and insects)",Fish meat,Sardine and pilchard (Sardina)
ac6dfcba-046b-5d51-a2ab-093e430ebcc1,lt,Menkė,cod,cod,"Fish and other seafood (including amphibians, reptiles, snails and insects)",Fish meat,Cod and whiting (Gadus spp.)
bc33e96a-37a8-565c-be5c-6527a9cb16a0,lt,Menkės,cod (of cod),"the genitive of menkė, cod","Fish and other seafood (including amphibians, reptiles, snails and insects)",,
e339ce7a-8c5e-5236-990a-94df7bde312b,lt,Menkių,cod (of cods),"the genitive plural of menkė, cod: menkių kepenėlės is cod liver","Fish and other seafood (including amphibians, reptiles, snails and insects)",Fish meat,Cod and whiting (Gadus spp.)
5414165b-16c6-5518-8453-0bb4ac1916ca,lt,Merlangai,whiting,"whiting, a small gadoid","Fish and other seafood (including amphibians, reptiles, snails and insects)",Fish meat,Cod and whiting (Gadus spp.)
6591b089-d7be-5ba8-a0fe-6803a4881adc,lt,Polakas,saithe,"saithe or pollock, a gadoid relative of cod","Fish and other seafood (including amphibians, reptiles, snails and insects)",Fish meat,
127e1731-9078-518f-af3f-14fa7fded4ed,lt,Karpis,carp,common carp,"Fish and other seafood (including amphibians, reptiles, snails and insects)",Fish meat,Carp (Cyprinus)
6359960e-d52e-5318-bd53-dcabe6345193,lt,Karpio,carp (of carp),"the genitive of karpis, carp","Fish and other seafood (including amphibians, reptiles, snails and insects)",Fish meat,Carp (Cyprinus)
5ad33b1b-d0e1-5912-964a-6b25e4dc85ae,lt,Karšio,bream (of bream),"the genitive of karšis, the freshwater bream","Fish and other seafood (including amphibians, reptiles, snails and insects)",Fish meat,
de0696bd-5474-5954-b19a-ea80e13c8713,lt,Ešerys,perch,"perch; jūrinis ešerys is the redfish, a different fish","Fish and other seafood (including amphibians, reptiles, snails and insects)",Fish meat,
2789c41e-6980-5e46-bcaf-719e028e6fdf,lt,Lydeka,pike,"pike; only in jūrinė lydeka, sea pike, does the word mean hake","Fish and other seafood (including amphibians, reptiles, snails and insects)",Fish meat,
8bfca288-4bc0-577a-b23a-31f7da9cea55,lt,Lydekos,pike (of pike),"the genitive of lydeka, pike, or of the hake in jūrinė lydeka","Fish and other seafood (including amphibians, reptiles, snails and insects)",Fish meat,
814f52ff-b75c-5b0f-9306-7c5b08a3b886,lt,Jūrinė lydeka,hake,hake,"Fish and other seafood (including amphibians, reptiles, snails and insects)",Fish meat,Hake (Merluccius)
4ff9402a-95a7-58c3-93c7-23163cb58d75,lt,Tunas,tuna,tuna,"Fish and other seafood (including amphibians, reptiles, snails and insects)",Fish meat,Tuna (Thunnus)
f370b145-672f-50a1-b6c5-5fa56bf3be92,lt,Tuno,tuna (of tuna),"the genitive of tunas, tuna","Fish and other seafood (including amphibians, reptiles, snails and insects)",Fish meat,Tuna (Thunnus)
8d9e3203-3c3a-5c89-a8cd-8fae1d9387ec,lt,Šamo,catfish (of catfish),"the genitive of šamas, which covers the wels, the pangasius and the African catfish","Fish and other seafood (including amphibians, reptiles, snails and insects)",Fish meat,
71d99924-05de-5d53-97e8-15bbb3852185,lt,Vilkžuvė,wolffish,"wolffish, the Atlantic catfish","Fish and other seafood (including amphibians, reptiles, snails and insects)",Fish meat,Sea catfish and wolf-fish (Anarhichas)
1701a528-3d59-5f83-93be-427ba20dc59c,lt,Stintos,smelt (of smelt),"the genitive of stinta, the European smelt","Fish and other seafood (including amphibians, reptiles, snails and insects)",Fish meat,Smelt (Osmerus)
3989e624-a1c7-51bc-978e-86d7a4639656,lt,Paltusas,halibut,halibut,"Fish and other seafood (including amphibians, reptiles, snails and insects)",Fish meat,Halibut (Hippoglossus spp.)
aede9485-d647-5b49-a1d9-9f83ad9ed6c5,lt,Stauridė,horse mackerel,"horse mackerel or scad, not a true mackerel","Fish and other seafood (including amphibians, reptiles, snails and insects)",Fish meat,
3c7ed1be-8a5b-5ee4-bdca-0d5a6b46efc9,lt,Selarai,scad,"scad, a small carangid","Fish and other seafood (including amphibians, reptiles, snails and insects)",Fish meat,
b47b8e7a-3aee-5733-85e7-6b0285edaf95,lt,Eršketas,sturgeon,sturgeon,"Fish and other seafood (including amphibians, reptiles, snails and insects)",Fish meat,
b5e76fbc-5738-5b60-84e5-b973aa2d041e,lt,Krevetės,prawns,prawns or shrimp,"Fish and other seafood (including amphibians, reptiles, snails and insects)",Crustaceans,
95a5107f-c146-54cb-bea3-dddc64e1e07a,lt,Krevečių,prawn (of prawns),"the genitive plural of krevetė, prawn","Fish and other seafood (including amphibians, reptiles, snails and insects)",,
0101141f-5d61-58c4-8319-3fcaff8761f9,lt,Krabų,crab (of crabs),"the genitive plural of krabas, crab","Fish and other seafood (including amphibians, reptiles, snails and insects)",,
3a3abbb2-4cdb-5116-ad95-ed6ae6686bb5,lt,Midijos,mussels,mussels,"Fish and other seafood (including amphibians, reptiles, snails and insects)",Water molluscs,Mussel (Mytilus edulis)
38905bc3-dadb-5345-a7a8-51f644ced821,lt,Austrės,oysters,oysters,"Fish and other seafood (including amphibians, reptiles, snails and insects)",Water molluscs,Oyster (Ostrea edulis)
5ad409b3-01d4-51bd-bd5a-a771b1702d3f,lt,Kalmarai,squid,squid,"Fish and other seafood (including amphibians, reptiles, snails and insects)",Water molluscs,Squid (Loligo vulgaris)
877bbc26-4afc-5d17-839e-17027b8c40f9,lt,Kalmarų,squid (of squid),"the genitive plural of kalmaras, squid","Fish and other seafood (including amphibians, reptiles, snails and insects)",Water molluscs,Squid (Loligo vulgaris)
f45087ed-ca52-57af-bd82-ce485dab16b2,lt,Ikrai,roe,fish roe,"Fish and other seafood (including amphibians, reptiles, snails and insects)",Fish products,
b4beebfa-cbe8-5318-90ac-70f4343a9bdc,lt,Ikrų,roe (of roe),"the genitive plural of ikrai, roe","Fish and other seafood (including amphibians, reptiles, snails and insects)",Fish products,
24d2deae-5960-57fc-a55d-0b15c7e61ae4,lt,Surimi,surimi,"surimi, a paste of minced white fish","Fish and other seafood (including amphibians, reptiles, snails and insects)",,
189b3b81-2442-5566-a7ae-26af07964f30,lt,Krabų lazdelės,crab sticks,"crab sticks, surimi coloured and shaped to imitate crab","Fish and other seafood (including amphibians, reptiles, snails and insects)",Fish meat,
b560e396-b88e-52d4-9409-1e90c701ca35,lt,Piršteliai,fingers,"fish fingers, breaded batons of fish","Fish and other seafood (including amphibians, reptiles, snails and insects)",Fish products,Fish fingers
25b3c363-e6c8-5357-8a79-8a1fab6423de,lt,Žuvies piršteliai,fish fingers,breaded batons of fish,"Fish and other seafood (including amphibians, reptiles, snails and insects)",Fish products,Fish fingers
adeae3d4-f3a5-5fd6-95c6-027cf990b4c3,lt,Maltinukai,patties,small patties of minced fish or meat,"Fish and other seafood (including amphibians, reptiles, snails and insects)",Fish products,
c66c94ae-b5e5-5d4e-8544-d8d1c17e36bc,lt,Papilvės,belly flaps,"the belly flaps of a fish, the fattest part","Fish and other seafood (including amphibians, reptiles, snails and insects)",Fish meat,
a9486b6c-9b58-536f-bb50-4aa6cc2c8099,lt,Nugarkauliai,backbones,"the backbone of a fish, sold with the meat left on it","Fish and other seafood (including amphibians, reptiles, snails and insects)",Fish meat,
97b78ed9-8815-5c8e-93e4-914715c044a6,lt,Konservai,canned food,canned food,,,
c9f8e8f0-4398-5ca6-963c-5d02ed254742,lt,Gabaliukai,pieces,pieces,,,
ca598588-f92c-5418-a25b-4323e09fae3e,lt,Tunai,tuna (plural),tuna,"Fish and other seafood (including amphibians, reptiles, snails and insects)",Fish meat,Tuna (Thunnus)
4c6819af-4b01-5e23-8c52-5f368b4a0cfb,lt,Tunų,tuna (of tunas),"the genitive plural of tunas, tuna","Fish and other seafood (including amphibians, reptiles, snails and insects)",Fish meat,Tuna (Thunnus)
a5a2696e-7e6a-5a18-a559-6e9bf0c86fc3,lt,Lašišų,salmon (of salmons),"the genitive plural of lašiša, salmon","Fish and other seafood (including amphibians, reptiles, snails and insects)",Fish meat,Salmon and trout (Salmo spp.)
c32e1acf-81b7-5ada-9bd2-c4bdc65b8af0,lt,Lašišiena,salmon meat,the meat of salmon,"Fish and other seafood (including amphibians, reptiles, snails and insects)",Fish meat,Salmon and trout (Salmo spp.)
7c2697c7-4a37-5f42-b58f-9517d48e08ae,lt,Silkių,herring (of herrings),"the genitive plural of silkė, herring","Fish and other seafood (including amphibians, reptiles, snails and insects)",Fish meat,Herring (Clupea)
89e746d1-d211-540c-961e-6161c8c49c99,lt,Šamų,catfish (of catfishes),"the genitive plural of šamas, catfish","Fish and other seafood (including amphibians, reptiles, snails and insects)",Fish meat,
b7790428-baa2-52a8-81bd-89536d9ef309,lt,Dorados,seabream (of seabream),"the genitive of dorada, the gilthead seabream","Fish and other seafood (including amphibians, reptiles, snails and insects)",Fish meat,
4e42612d-e7b1-5da8-aafd-f2bfaaed175b,lt,Vilkešeriai,seabass,European seabass,"Fish and other seafood (including amphibians, reptiles, snails and insects)",Fish meat,Bass (Marone)
0a986b32-0d73-50f9-9d8f-151f3e91f6a5,lt,Uodegėlės,tails,"the tails of prawns, the part that is eaten","Fish and other seafood (including amphibians, reptiles, snails and insects)",Crustaceans,
860ac766-5fc4-5eed-9417-0e241a39c20b,lt,Čiuptuvai,tentacles,tentacles of squid or octopus,"Fish and other seafood (including amphibians, reptiles, snails and insects)",Water molluscs,
d4ef3997-eebb-55c8-a650-792424527643,lt,Galvakojų čiuptuvai,squid tentacles,the tentacles of squid,"Fish and other seafood (including amphibians, reptiles, snails and insects)",Water molluscs,Squid (Loligo vulgaris)
f5e3fa38-6031-54fa-bcf1-b2e060df181c,lt,Jūros kopūstai,sea cabbage,"sea cabbage, an edible kelp: seaweed, not a cabbage",Vegetables and vegetable products (including fungi),Sea weeds,
e1a9a17c-4ab9-57f7-b588-992a3c233bad,lt,Jūros gėrybių,seafood (of seafood),"the genitive of jūros gėrybės, seafood","Fish and other seafood (including amphibians, reptiles, snails and insects)",,
5a50b3d7-520c-55c9-9772-e8bf9a64fdaf,lt,Jūrų gėrybių,seafood (of seafood),"a variant genitive of jūros gėrybės, seafood","Fish and other seafood (including amphibians, reptiles, snails and insects)",,
09e5bad5-46fa-599e-be4c-83081c35bf76,lt,Nugara,back,"the back of a fish, the loin","Fish and other seafood (including amphibians, reptiles, snails and insects)",Fish meat,
63b3a427-7116-5a4a-90b6-e94240847cd3,lt,Vaisiai,fruit,fruit,Fruit and fruit products,,
a7d6637a-1730-55e3-8e79-143f5b95c9b9,lt,Uogos,berries,berries,Fruit and fruit products,,
262de098-81cd-5e55-bebb-9eb5deea1120,lt,Obuoliai,apples,apples,Fruit and fruit products,Pome fruits,Apple (Malus domesticus)
715601ae-e544-5828-8f70-3a6cff3c9fb9,lt,Kriaušės,pears,pears,Fruit and fruit products,Pome fruits,Pear (Pyrus communis)
34447498-488a-5d1b-9e68-2a8a9c18dd5e,lt,Apelsinai,oranges,oranges,Fruit and fruit products,Citrus fruits,Oranges (Citrus sinensis)
1b288a54-808a-5223-a74f-6e98d282b3aa,lt,Mandarinai,mandarins,mandarins and clementines,Fruit and fruit products,Citrus fruits,Mandarins (Citrus reticulata)
793f71d8-4ed2-52f1-ae92-8912b8f88e2a,lt,Citrinos,lemons,"lemons; žaliosios citrinos, green lemons, are limes",Fruit and fruit products,Citrus fruits,Lemons (Citrus limon)
056959ee-2540-5b6d-a1e5-0b82fc13601c,lt,Greipfrutai,grapefruit,grapefruit,Fruit and fruit products,Citrus fruits,Grapefruit (Citrus paradisi)
7b94c3fe-f6a8-5080-9ee1-2bac510f0564,lt,Vynuogės,grapes,table grapes,Fruit and fruit products,Berries and small fruits,Table grapes (Vitis euvitis)
ee6c883a-d57c-5068-83fa-4e890dc39e3e,lt,Braškės,strawberries,strawberries,Fruit and fruit products,Berries and small fruits,Strawberries (Fragaria × ananassa)
ebe87aed-c83a-5fb7-aba5-48ced6576fd8,lt,Avietės,raspberries,raspberries,Fruit and fruit products,Berries and small fruits,Raspberries (Rubus idaeus)
96611f6d-10e2-5411-8f8e-e1f7d252686e,lt,Šilauogės,blueberries,cultivated blueberries,Fruit and fruit products,Berries and small fruits,Blueberries (Vaccinium corymbosum)
3eee5a31-944e-540e-ac02-37cea720aae4,lt,Spanguolės,cranberries,cranberries,Fruit and fruit products,Berries and small fruits,Cranberries (Vaccinium macrocarpon)
f516be8a-4c42-5fe4-b037-d975dc58307b,lt,Serbentai,currants,"currants, red, black or white",Fruit and fruit products,Berries and small fruits,"Currants (red, black and white) (Ribes nigrum, Ribes rubrum)"
726d7b42-7d58-5dec-a14f-036d2402d1cd,lt,Vyšnios,sour cherries,sour cherries,Fruit and fruit products,Stone fruits,Sour cherry (Prunus cerasus)
82f3ebf2-703c-5cfb-a740-c664e0327c80,lt,Slyvos,plums,plums,Fruit and fruit products,Stone fruits,Plums (Prunus domestica)
7b815c31-9f46-5990-ac47-7bd7440e7ebc,lt,Persikai,peaches,peaches,Fruit and fruit products,Stone fruits,Peaches (Prunus persica)
7fe3f0ea-883d-5d88-aca1-c30ebe716e15,lt,Nektarinai,nectarines,"nectarines, a smooth-skinned peach",Fruit and fruit products,Stone fruits,Peaches (Prunus persica)
62694fc0-526d-5c3d-aeeb-9945bc3376fd,lt,Bananai,bananas,bananas,Fruit and fruit products,Miscellaneous fruits,Bananas (Musa × paradisica)
bbb21a29-30df-5c8e-8efa-c4bee773d141,lt,Kiviai,kiwi,kiwi fruit,Fruit and fruit products,Miscellaneous fruits,Kiwi (Actinidia deliciosa syn. A. chinensis)
1185d907-e2a5-5678-b9f1-4ba3db5dffa0,lt,Ananasai,pineapples,pineapples,Fruit and fruit products,Miscellaneous fruits,Pineapples (Ananas comosus)
e788b52f-8394-506c-a05a-4c487168c4fe,lt,Mangai,mangoes,mangoes,Fruit and fruit products,Miscellaneous fruits,Mangoes (Mangifera indica)
32f77b40-a648-5f9b-a082-6aa449ab0a22,lt,Avokadai,avocados,avocados,Fruit and fruit products,Miscellaneous fruits,Avocados (Persea americana)
84fb3a07-48f9-53c9-ab13-bc4ff592bb1a,lt,Granatai,pomegranates,pomegranates,Fruit and fruit products,Miscellaneous fruits,Pomegranate (Punica granatum)
1137964d-1064-5cd6-91d4-f81a61ed13b2,lt,Figos,figs,figs,Fruit and fruit products,Miscellaneous fruits,Figs (Ficus carica)
dfd34d64-40e1-52f9-a174-f0b6e514cc94,lt,Datulės,dates,dates,Fruit and fruit products,Miscellaneous fruits,Dates (Phoenix dactylifera)
7f996bb1-1090-5428-9ed3-555ffcbc82ad,lt,Melionai,melons,melons,Vegetables and vegetable products (including fungi),Fruiting vegetables,Melons (Cucumis melo)
789daf5a-1178-52f9-9b32-bfd3b15f6f1f,lt,Arbūzai,watermelons,watermelons,Vegetables and vegetable products (including fungi),Fruiting vegetables,Watermelons (Citrullus lanatus)
e0bcecf6-8cde-5761-b1b0-5a4de4461d38,lt,Daržovės,vegetables,vegetables,Vegetables and vegetable products (including fungi),,
aaf6ca4d-0d04-53f9-8708-b0a4e86da84b,lt,Daržovių,vegetables (of vegetables),"the genitive plural of daržovė, vegetable",,,
97e8ef96-5ba9-5a60-99ca-7f0d3157e555,lt,Pomidorai,tomatoes,tomatoes,Vegetables and vegetable products (including fungi),Fruiting vegetables,Tomatoes (Lycopersicum esculentum)
6303aafd-eea0-5bd9-bd53-f1942cae9e08,lt,Agurkai,cucumbers,cucumbers,Vegetables and vegetable products (including fungi),Fruiting vegetables,Cucumbers (Cucumis sativus)
d2fdecb1-f14a-582c-a54b-39b69a8a5522,lt,Paprikos,peppers,sweet peppers,Vegetables and vegetable products (including fungi),Fruiting vegetables,"Peppers, paprika (Capsicum annuum, var. grossum and var. longum)"
31bebea6-f590-5a92-9559-1f9a2b92ef86,lt,Paprika,pepper,"a sweet pepper, or the ground spice made from it",Vegetables and vegetable products (including fungi),Fruiting vegetables,
d74f1db0-f21e-5908-a2c4-0644367372ed,lt,Moliūgai,pumpkins,pumpkins,Vegetables and vegetable products (including fungi),Fruiting vegetables,Pumpkins (Cucurbita maxima)
45ff63f2-cf0c-5dfe-b1db-136de12adc5e,lt,Cukinijos,courgettes,courgettes (zucchini),Vegetables and vegetable products (including fungi),Fruiting vegetables,Courgettes (Zucchini) (Cucurbita pepo var. melopepo)
bc3a0a52-ac1e-5f59-acb3-419f2f84d2df,lt,Kukurūzų,maize (of maize),"the genitive plural of kukurūzas, maize: sweetcorn as a vegetable, corn as a grain",,,
660cdf38-d78d-5af8-b8b3-04e0e4c824f7,lt,Kopūstai,cabbages,cabbages,Vegetables and vegetable products (including fungi),Brassica vegetables,Head cabbage (Brassica oleracea convar. capitata)
0079808c-ec2f-523e-a22c-6b9412312bdc,lt,Kopūstas,cabbage,a cabbage; the kind is in the word in front of it,Vegetables and vegetable products (including fungi),Brassica vegetables,
45e6e4b5-f3df-5f24-bfdf-cf4ad20ffd4f,lt,Brokoliai,broccoli,broccoli,Vegetables and vegetable products (including fungi),Brassica vegetables,Broccoli (Brassica oleracea var. italica)
731e0556-d1ab-5cac-97ff-94e10f7faed6,lt,Kimchi,kimchi,"kimchi, Korean fermented cabbage",Vegetables and vegetable products (including fungi),Brassica vegetables,
0bac5eb8-c372-5d96-b100-c2710e34114e,lt,Salotos,lettuce or salad,lettuce; also a dressed salad made of anything,Vegetables and vegetable products (including fungi),Leaf vegetables,
ccfe5497-02bc-5e62-a336-aae8b2d98e01,lt,Salotų,salad (of salad),"the genitive of salotos, lettuce or salad",Vegetables and vegetable products (including fungi),Leaf vegetables,Leaf vegetables
609d270d-faca-57d0-b0e6-c8584d214e96,lt,Špinatai,spinach,spinach,Vegetables and vegetable products (including fungi),Leaf vegetables,Spinach (fresh) (Spinacia oleracea)
7d2e74c3-421d-540a-a058-9bc1b904f50d,lt,Daigai,sprouts,sprouted seeds eaten raw,Vegetables and vegetable products (including fungi),Leaf vegetables,
e85eaf36-6e3e-5152-ada9-3449d3379c46,lt,Morkos,carrots,carrots,Vegetables and vegetable products (including fungi),Root vegetables,Carrots (Daucus carota)
26a31f65-d4d4-59d1-9538-71b4d15fc7fc,lt,Morkytės,baby carrots,"the diminutive of morka, small carrots",Vegetables and vegetable products (including fungi),Root vegetables,Carrots (Daucus carota)
65990399-d500-514d-92f0-c31618019c23,lt,Burokėliai,beetroot,beetroot,Vegetables and vegetable products (including fungi),Root vegetables,Beetroot (Beta vulgaris subsp. vulgaris)
23fe2312-8b3c-5c51-9f87-a9aba52929f3,lt,Ridikėliai,radishes,radishes,Vegetables and vegetable products (including fungi),Root vegetables,Radishes (Raphanus sativus var. sativus)
6f190f4b-2bc7-56c4-8072-8b80b364cae5,lt,Svogūnai,onions,onions,Vegetables and vegetable products (including fungi),Bulb vegetables,"Onions, bulb (Allium cepa)"
34a35981-0ec8-558a-b280-a547ff253232,lt,Česnakai,garlic,garlic,Vegetables and vegetable products (including fungi),Bulb vegetables,"Garlic, bulb (Allium sativum)"
8e79282d-ab25-539b-87f0-c19903b6a8bd,lt,Porai,leeks,leeks,Vegetables and vegetable products (including fungi),Stem vegetables (Fresh),Leek (Allium porrum)
8192e6ba-bf0f-5410-8e8f-aee04ace4919,lt,Grybai,mushrooms,mushrooms,Vegetables and vegetable products (including fungi),,
dd57899e-7128-597b-a27d-ddf6ba956ec6,lt,Pievagrybiai,button mushrooms,the cultivated button mushroom (Agaricus bisporus),Vegetables and vegetable products (including fungi),,
b34f2917-c3dc-514e-9f7c-e0f66226169a,lt,Bulvės,potatoes,potatoes,Starchy roots and tubers,Potatoes and potatoes products,
b49e1be1-6187-5241-a5b2-1a9541fa57ac,lt,Bulvių,potato (of potatoes),"the genitive plural of bulvė, potato",Starchy roots and tubers,Potatoes and potatoes products,
1e35a6aa-7f34-5d28-83ae-702dfd16d965,lt,Bulvytės,potato chips,"the diminutive of bulvė: small potatoes, or chips",Starchy roots and tubers,Potatoes and potatoes products,
33844b0d-7462-588e-a385-01934879a2db,lt,Pupelės,beans,"beans, green in the pod or dried","Legumes, nuts and oilseeds",,
dbd80cf5-db0a-5655-a5bf-f1ab544682af,lt,Žirneliai,peas,peas,,,
777faf38-d5ac-5e3e-85a9-3e06b61448c4,lt,Petražolės,parsley,parsley,"Herbs, spices and condiments",Herbs,"Parsley, herb (Petroselinum crispum)"
8cf05bba-2fcd-5716-b08a-de45ea875c6b,lt,Krapai,dill,dill,"Herbs, spices and condiments",Herbs,"Dill, herb (Anethum graveolens)"
bcedbfeb-602a-5d17-bb37-30bde7b60125,lt,Bazilikas,basil,basil,"Herbs, spices and condiments",Herbs,"Basil, herb (Ocimum basilicum)"
44456e8d-2885-57cd-8dd7-ac4813c6355c,lt,Arbūzas,watermelon,a watermelon,Vegetables and vegetable products (including fungi),Fruiting vegetables,Watermelons (Citrullus lanatus)
4204edfe-7cb9-5e5e-b82a-ef5ffb7dae0e,lt,Melionas,melon,a melon,Vegetables and vegetable products (including fungi),Fruiting vegetables,Melons (Cucumis melo)
beb04538-02c3-56dc-9d64-69107eab2fc7,lt,Avokadas,avocado,an avocado,Fruit and fruit products,Miscellaneous fruits,Avocados (Persea americana)
240e2a96-34c0-5aea-bcad-b753d074087e,lt,Mangas,mango,a mango,Fruit and fruit products,Miscellaneous fruits,Mangoes (Mangifera indica)
87641214-bd4b-5abf-8ae3-018db58abee1,lt,Ananasas,pineapple,a pineapple,Fruit and fruit products,Miscellaneous fruits,Pineapples (Ananas comosus)
0e0ac3de-0899-52ce-91cc-e6dba6236811,lt,Agurkas,cucumber,a cucumber,Vegetables and vegetable products (including fungi),Fruiting vegetables,Cucumbers (Cucumis sativus)
d0ae3476-d6fa-5c75-8e5b-7f8ab0573e4b,lt,Agurkėliai,gherkins,"the diminutive of agurkas: small cucumbers, gherkins",Vegetables and vegetable products (including fungi),Fruiting vegetables,Cucumbers (Cucumis sativus)
6a1233b6-9448-5e5d-a302-e6e1fdc03d92,lt,Brokolis,broccoli,a head of broccoli,Vegetables and vegetable products (including fungi),Brassica vegetables,Broccoli (Brassica oleracea var. italica)
3e0ea64a-29ba-5f31-b8d9-b240685af883,lt,Baklažanas,aubergine,an aubergine (eggplant),Vegetables and vegetable products (including fungi),Fruiting vegetables,Aubergines (egg plants) (Solanum melongena)
77ea2b79-45a3-5d51-b43c-ccf2ddbc3afc,lt,Svogūnas,onion,an onion,Vegetables and vegetable products (including fungi),Bulb vegetables,"Onions, bulb (Allium cepa)"
5759867d-dc9d-5ffb-8a82-97c5acf2d2b2,lt,Česnakas,garlic,a bulb of garlic,Vegetables and vegetable products (including fungi),Bulb vegetables,"Garlic, bulb (Allium sativum)"
ac15a901-2305-5a71-b451-7c476cba5700,lt,Moliūgas,pumpkin,a pumpkin or winter squash,Vegetables and vegetable products (including fungi),Fruiting vegetables,Pumpkins (Cucurbita maxima)
c6369198-a03c-54b0-aa48-a89dc774c749,lt,Patisonai,patty pan squash,"patty pan squash, a flat scalloped summer squash",Vegetables and vegetable products (including fungi),Fruiting vegetables,
c2b1a832-21f6-5485-836e-60d48292fb23,lt,Ridikai,radishes,"radishes, including the large white daikon",Vegetables and vegetable products (including fungi),Root vegetables,Radishes (Raphanus sativus var. sativus)
2a2bed9c-ec22-54ca-be1b-7c4e0e2d12a9,lt,Pipirai,peppers,"chilli peppers; as a spice, peppercorns",Vegetables and vegetable products (including fungi),Fruiting vegetables,
38731f1c-1760-56c3-9636-a21278e51d0b,lt,Čili pipirai,chilli peppers,chilli peppers,Vegetables and vegetable products (including fungi),Fruiting vegetables,Chilli pepper (Capsicum frutescens)
b8ace536-d1e7-56e3-a264-7f90509535eb,lt,Papaja,papaya,papaya,Fruit and fruit products,Miscellaneous fruits,Papaya (Carica papaya)
6ccbfffb-edfc-551e-8d02-24865f23a90e,lt,Pasiflora,passion fruit,passion fruit,Fruit and fruit products,Miscellaneous fruits,Passion fruit (Passiflora edulis)
75308e96-ed6d-59f7-8e76-554feae709ba,lt,Kertuotis,prickly pear,"the prickly pear, the fruit of a cactus",Fruit and fruit products,Miscellaneous fruits,Prickly pear (cactus fruit) (Opuntia ficus-indica)
b4e223f3-7042-5be9-9765-aa5d4f86b03c,lt,Karambola,carambola,carambola (star fruit),Fruit and fruit products,Miscellaneous fruits,Carambola (Averrhoa carambola)
f173b7d4-2373-5990-8113-ad621f67b05c,lt,Kinkanai,kumquats,"kumquats, eaten skin and all",Fruit and fruit products,Miscellaneous fruits,Kumquats (Fortunella species)
180821b0-6195-5b3b-bff3-1cdaae9e52df,lt,Gervuogės,blackberries,blackberries,Fruit and fruit products,Berries and small fruits,Blackberries (Rubus fruticosus)
4cf8a82f-f4b8-505e-a59f-696ed8cc6a5d,lt,Dumplainiai,physalis,"physalis, the cape gooseberry in its papery husk",Fruit and fruit products,Miscellaneous fruits,
c3b82d6f-eec1-57db-9fcc-a2aa72509f76,lt,Kokosas,coconut,a coconut,"Legumes, nuts and oilseeds",Tree nuts,Coconuts (Cocos nucifera)
396053ce-bd65-5a9e-a1bb-3a4e0ea25402,lt,Kokoso riešutas,coconut,"a coconut, literally the coconut nut","Legumes, nuts and oilseeds",Tree nuts,Coconuts (Cocos nucifera)
e42ec6ad-bffd-5bcb-af2c-37a81065c4ee,lt,Batatai,sweet potatoes,sweet potatoes,Starchy roots and tubers,Other starchy roots and tubers,Sweet potatoes (Ipomoea batatas)
31057e48-81f1-5105-bc17-37ef6bd53ff2,lt,Topinambai,Jerusalem artichokes,Jerusalem artichoke tubers,Starchy roots and tubers,Other starchy roots and tubers,Jerusalem artichokes tubers (Helianthus tuberosus)
4ddd4602-81b9-5dc4-8f8c-f428f5ae3b90,lt,Smidrai,asparagus,asparagus spears,Vegetables and vegetable products (including fungi),Stem vegetables (Fresh),Asparagus (Asparagus officinalis)
8bcf73a5-dc56-5db3-8273-bc729051605a,lt,Pankoliai,fennel,fennel bulbs,Vegetables and vegetable products (including fungi),Stem vegetables (Fresh),Fennel (Foeniculum vulgare)
60ae9460-8c91-5cdf-b329-3b8308a814c0,lt,Salierų stiebai,celery stalks,the stalks of celery,Vegetables and vegetable products (including fungi),Stem vegetables (Fresh),Celery (Apium graveolens var. dulce)
725bd104-9053-5ebf-89cc-e8076417c214,lt,Salierų šaknys,celeriac,"celeriac, the root of celery",Vegetables and vegetable products (including fungi),Root vegetables,Celeriac (Apium graveolens var. rapaceum)
9de84544-2803-510a-a972-4f3df8024f36,lt,Gražgarstės,rocket,rocket (rucola),Vegetables and vegetable products (including fungi),Leaf vegetables,"Rocket, Rucola (Eruca sativa, Diplotaxis spec.)"
7cb92715-2a93-516a-b6cc-2ee2aaab5d0d,lt,Gražgarsčių,rocket (of rocket),"the genitive plural of gražgarstė, rocket",Vegetables and vegetable products (including fungi),Leaf vegetables,"Rocket, Rucola (Eruca sativa, Diplotaxis spec.)"
99f5963c-f92d-5839-bdbf-2e6c443398cf,lt,Rukola,rucola,"rucola, the borrowed name for rocket",Vegetables and vegetable products (including fungi),Leaf vegetables,"Rocket, Rucola (Eruca sativa, Diplotaxis spec.)"
60a62345-f6e2-52a7-8490-cc1aaba77832,lt,Želmenys,shoots,"young cereal shoots, eaten green",Vegetables and vegetable products (including fungi),Leaf vegetables,
174cd620-a4df-5089-9ab4-06b5aede69af,lt,Mikrožalumynai,microgreens,"microgreens, seedlings cut at the first leaves",Vegetables and vegetable products (including fungi),Leaf vegetables,
d66f4ceb-59fa-536c-8325-c716bd3cf1fd,lt,Voveraitės,chanterelles,"chanterelles, a wild forest mushroom",Vegetables and vegetable products (including fungi),"Fungi, wild, edible",
3af74152-79f9-58ef-a2cb-b9c3055fed31,lt,Avinžirniai,chickpeas,chickpeas,"Legumes, nuts and oilseeds","Legumes, beans, dried",Chick pea (Cicer arietinum)
14ee9cea-bad9-55fa-8804-f2ee8745085b,lt,Žirniai,peas,"peas, green or dried","Legumes, nuts and oilseeds",,
b7c3cc3e-0204-5af3-94ca-10beac6fe8d5,lt,Imbierų šaknys,ginger root,the root of ginger,"Herbs, spices and condiments",Spices,Ginger (Zingiber officinale)
b1fe3b58-15c8-54cf-a4c2-4adc8e05e0d1,lt,Kalendra,coriander,coriander leaf (cilantro),"Herbs, spices and condiments",Herbs,Coriander leaves
381b2027-95a4-5955-bd03-853007669ba6,lt,Kalendros,coriander (of coriander),"the genitive of kalendra, coriander leaf","Herbs, spices and condiments",Herbs,Coriander leaves
c2388a14-8378-548b-9b0e-e4b43d9bf345,lt,Mėtos,mint,mint,"Herbs, spices and condiments",Herbs,Mint
7fac2dd9-408f-5183-97c7-6e01ebc15e8a,lt,Melisa,lemon balm,lemon balm,"Herbs, spices and condiments",Herbs,
d6d50f36-d885-57a2-ae56-4451d628c196,lt,Rozmarinas,rosemary,rosemary,"Herbs, spices and condiments",Herbs,"Rosemary, herb (Rosmarinus officinalis)"
f6f92a33-749d-5c9c-a266-24c37d62d1c8,lt,Čiobreliai,thyme,thyme,"Herbs, spices and condiments",Herbs,"Thyme, herb (Thymus spp.)"
a61de902-27f3-52f1-a944-3a56dbc9e504,lt,Čiobrelis,thyme,a pot of thyme,"Herbs, spices and condiments",Herbs,"Thyme, herb (Thymus spp.)"
7ef142a5-6e67-5f7f-9885-24843f8d5896,lt,Šalavijas,sage,sage,"Herbs, spices and condiments",Herbs,"Sage, herb (Salvia officinalis)"
723ffb13-356d-5ff0-9207-d6f6553993c0,lt,Raudonėlis,oregano,oregano,"Herbs, spices and condiments",Herbs,
ccc630a1-86e7-5814-a670-729c9020f9c0,lt,Mairūnas,marjoram,marjoram,"Herbs, spices and condiments",Herbs,
2bba81c7-fc68-5764-936b-0de4e367e253,lt,Citrinžolė,lemongrass,lemongrass,"Herbs, spices and condiments",Herbs,
d039d30c-d57b-57af-9f99-4beb6cdf73b9,lt,Laiškinis česnakas,chives,chives,"Herbs, spices and condiments",Herbs,"Chives, herb (Allium schoenoprasum)"
9e8b8092-2297-5c80-a912-41bd7e5bd4f2,lt,Svogūnų laiškai,spring onion tops,"the green tops of onions, chive-like","Herbs, spices and condiments",Herbs,"Chives, herb (Allium schoenoprasum)"
e4cb2500-7fce-564b-8277-a5a13089b048,lt,Žolelių,herbs (of herbs),"the genitive plural of žolelė, herb","Herbs, spices and condiments",,
31884744-fc2e-50e9-b0da-44d234c372b6,lt,Žalumynų,greens (of greens),"the genitive plural of žalumynas, green","Herbs, spices and condiments",,
571557e6-049e-5988-b2cc-05798e28c6ee,lt,Rinkinys,set,a set or assortment sold together,,,
94371115-5233-5a6a-a84c-625539171d30,lt,Asorti,assortment,an assortment,,,
686823b4-9515-54d4-984d-cbda6520ba8d,lt,Avižų,oat (of oats),"the genitive plural of aviža, oat",Grains and grain-based products,,
8772ed50-1d21-554d-9782-c540d96b3f43,lt,Ryžių,rice (of rice),"the genitive plural of ryžiai, rice",Grains and grain-based products,,
1e554b7e-5860-592f-897a-3d345b4cb9ef,lt,Kviečių,wheat (of wheat),"the genitive plural of kviečiai, wheat",Grains and grain-based products,,
480fd20e-1094-5df6-a148-21aba37f9ec6,lt,Grikių,buckwheat (of buckwheat),"the genitive plural of grikiai, buckwheat",Grains and grain-based products,,
2145d3cb-1908-5259-8818-e47bcf0522c3,lt,Migdolų,almond (of almonds),"the genitive plural of migdolas, almond","Legumes, nuts and oilseeds",Tree nuts,
787a6f6a-d043-5230-bf96-7a16decfdcbb,lt,Anakardžių,cashew (of cashews),"the genitive plural of anakardis, cashew","Legumes, nuts and oilseeds",Tree nuts,
20982253-26e9-50fd-affc-d71a6d57f029,lt,Kokosų,coconut (of coconuts),"the genitive plural of kokosas, coconut","Legumes, nuts and oilseeds",Tree nuts,
bf889a4e-5f6c-5750-a442-4cdbbfd3c32d,lt,Sojos,soya (of soya),"the genitive of soja, the soya bean","Legumes, nuts and oilseeds",,
8c4752f5-3527-53cc-a0ec-94cea2c79546,lt,Sojų,soya (of soyas),"the genitive plural of soja, the soya bean","Legumes, nuts and oilseeds",,
f42ad16e-d3d0-546a-b48c-324c625c6f8d,lt,Žirnių,pea (of peas),"the genitive plural of žirnis, pea",,,
326a2b03-1313-5d6b-afbe-a3042651816a,lt,Avižų gėrimas,oat drink,"a drink made from oats, used as milk is",Milk and dairy products,Milk and milk product imitates,Oats drink
0474b5b0-e831-5b47-a6ef-0076f3a53ce8,lt,Sojos gėrimas,soya drink,"a drink made from soya beans, used as milk is",Milk and dairy products,Milk and milk product imitates,Soya drink
827de451-0cc8-5492-b94b-f0a34a516e4c,lt,Sojų gėrimas,soya drink,"a drink made from soya beans, used as milk is",Milk and dairy products,Milk and milk product imitates,Soya drink
21f45e74-63d5-538b-801e-ba644e154c00,lt,Migdolų gėrimas,almond drink,"a drink made from almonds, used as milk is",Milk and dairy products,Milk and milk product imitates,Almond drink
cc5a52a9-8608-519c-a0b6-02899747a94a,lt,Ryžių gėrimas,rice drink,"a drink made from rice, used as milk is",Milk and dairy products,Milk and milk product imitates,Rice drink
15cb71fa-9851-5f29-a268-a027e93d9bdd,lt,Kokosų gėrimas,coconut drink,a drink made from coconut,Vegetables and vegetable products (including fungi),Vegetable products,Coconut milk (Cocos nucifera)
cc5deceb-34ee-5935-8801-ba9232cf8691,lt,Tofu,tofu,"tofu, curd pressed from soya drink",Milk and dairy products,Milk and milk product imitates,Tofu
993168ee-4545-5d46-9948-3204fbf5051c,lt,Tyrelė,puree (small),"the diminutive of tyrė, a smooth fruit puree",Fruit and fruit products,,
1621690f-fbc3-500f-a186-482fa18cf56c,lt,Duona,bread,bread,Grains and grain-based products,Bread and rolls,
5ab052a7-e7d0-5d6f-9e68-392c7583f895,lt,Duonos,bread (of bread),"the genitive of duona, bread",Grains and grain-based products,Bread and rolls,
0a50bab8-9acb-531e-b24e-2bc018e2db92,lt,Duonelės,small breads,"the diminutive of duona: rolls, or thin crisp breads",Grains and grain-based products,Bread and rolls,
0d72640f-c872-543a-abcc-c8dd5ff825cf,lt,Duoniukai,bread bites,small dried pieces of bread eaten as a snack,Grains and grain-based products,Bread and rolls,
fb139f82-e65d-560b-a6d6-5cd1531572ad,lt,Juoda duona,black bread,dark Lithuanian rye bread,Grains and grain-based products,Bread and rolls,Mixed wheat and rye bread and rolls
00854660-9d8a-59c2-9e9e-5d70621ccc83,lt,Ruginė duona,rye bread,"rye bread, in Lithuania nearly always part wheat",Grains and grain-based products,Bread and rolls,Mixed wheat and rye bread and rolls
53e97a71-f7c2-511e-9683-3da39cc5d7bc,lt,Batonas,white loaf,a long white wheat loaf,Grains and grain-based products,Bread and rolls,Wheat bread and rolls
1483bc7d-a4ce-5631-9360-e54533df97b4,lt,Bandelė,bun,"a bun, sweet or plain",Grains and grain-based products,,
4dec9854-084d-511c-a655-c8a4db2e439a,lt,Bandelės,buns,"buns, sweet or plain",Grains and grain-based products,,
9d6e8060-dc2a-54d8-afb8-cecbb9613c77,lt,Riestainiai,bread rings,"riestainiai, boiled-then-baked bread rings, bagel-like",Grains and grain-based products,Bread and rolls,
f3cbda83-6728-50e0-9ebd-2f495b6b6352,lt,Džiūvėsėliai,breadcrumbs,"dried breadcrumbs, and the rusks they are made from",Grains and grain-based products,Bread and rolls,"Unleavened bread, crisp bread and rusk"
f09e15a4-d45d-5d96-83f3-080f52871d71,lt,Lavašas,lavash,"lavash, a thin unleavened flatbread",Grains and grain-based products,Bread and rolls,"Unleavened bread, crisp bread and rusk"
4150d962-57eb-5fbd-bb09-b9fb2d226f69,lt,Pyragas,cake or pie,a cake or a filled pie,Grains and grain-based products,Fine bakery wares,Pastries and cakes
05a878aa-cbd7-5375-b498-cd18a6689716,lt,Pyragėlis,small pie,"the diminutive of pyragas, a small filled pastry",Grains and grain-based products,Fine bakery wares,Pastries and cakes
db27556c-48a6-519f-8a4d-6ab471f16867,lt,Pyragaičiai,small cakes,small cakes and pastries,Grains and grain-based products,Fine bakery wares,Pastries and cakes
451c0fe9-1f15-5755-bd47-9247be6c2837,lt,Kruasanas,croissant,a croissant,Grains and grain-based products,Fine bakery wares,Pastries and cakes
cbeb41eb-eff5-5e47-bf9f-57cf043fff95,lt,Spurga,doughnut,a doughnut,Grains and grain-based products,Fine bakery wares,Pastries and cakes
5ac36cd7-f8cf-5466-b71f-2b56929b2df8,lt,Sausainiai,biscuits,biscuits (cookies),Grains and grain-based products,Fine bakery wares,Biscuits (cookies)
a83a1d1a-251d-504b-9e1f-d458d70af69f,lt,Vafliai,waffles,"waffles, crisp or soft",Grains and grain-based products,Fine bakery wares,
c4d9ee7b-d81b-5e7b-9133-214df43823ef,lt,Traškučiai,crisps,"crisps: thin crisp slices, of potato, maize or bread",,,
c03c86de-2fd8-5e15-865c-be5141faa9a7,lt,Sumuštinių,sandwich (of sandwiches),"the genitive plural of sumuštinis, sandwich: sumuštinių duona is sandwich bread",,,
143003a0-b352-5a1a-8ed1-66ff7333dc4c,lt,Ragelis,crescent roll,a crescent-shaped filled pastry,Grains and grain-based products,Fine bakery wares,Pastries and cakes
232fb162-9fd6-5ed0-97f6-57001eafac4a,lt,Raguolis,horn,a horn-shaped baked good,Grains and grain-based products,,
7890511d-fdcb-5f8a-a136-e551f9ee1dd0,lt,Ciabatta,ciabatta,"ciabatta, an open-crumbed Italian white loaf",Grains and grain-based products,Bread and rolls,Wheat bread and rolls
2e673b68-426b-51b5-a74c-09421eb9bcc6,lt,Pynė,plait,a plaited sweet loaf,Grains and grain-based products,Fine bakery wares,Pastries and cakes
b3b0a6d1-5080-5470-a4ac-30d7e26f67f9,lt,Keksas,cake,a loaf cake,Grains and grain-based products,Fine bakery wares,Pastries and cakes
eff0d025-3596-58fc-895b-bf2212cdefd9,lt,Keksiukas,small cake,"the diminutive of keksas, a cupcake or muffin",Grains and grain-based products,Fine bakery wares,Pastries and cakes
dd804115-4261-5e26-896c-9d440a069f2e,lt,Morengai,meringues,"meringues, baked whipped egg white and sugar",Grains and grain-based products,Fine bakery wares,
84f6a23a-bf4a-5900-b61f-847293cf5a3a,lt,Krepšeliai,pastry cases,small baked pastry cases for filling,Grains and grain-based products,Fine bakery wares,
0b4766a5-112c-5626-89c7-09daf5c3562f,lt,Grietinietis,sour cream cake,"grietinietis, a Lithuanian soured-cream cake",Grains and grain-based products,Fine bakery wares,
9c20edca-72fb-5cc4-aa99-0c35ebf9442c,lt,Sausučiai,rusks,dry twice-baked rusks,Grains and grain-based products,Bread and rolls,"Unleavened bread, crisp bread and rusk"
e93c3ece-fb38-50b4-ade3-fa36c77f6344,lt,Skrebučiai,croutons,toasted or fried pieces of bread,Grains and grain-based products,Bread and rolls,Bread products
01a5d39f-8871-530a-a383-1602fb499155,lt,Brusketa,bruschetta,"bruschetta, toasted bread with a topping",Grains and grain-based products,Bread and rolls,Bread products
ea9af0e5-0316-5f1e-af45-ce2b474019b8,lt,Tešlos,dough (of dough),"the genitive of tešla, dough",Grains and grain-based products,,
c80fcca1-e251-54de-bab7-88237b804142,lt,Traškiai,crisp snacks,thin crisp baked snacks,"Snacks, desserts, and other foods",Snack food,
d00944be-098c-5cfd-b558-c81588e4b4b7,lt,Krekeriai,crackers,"crackers, dry savoury biscuits","Snacks, desserts, and other foods",Snack food,
27c97847-bf63-5e4a-9547-f67948668caf,lt,Apkepėlė,small bake,"a small baked dish, pizza-like",Composite food (including frozen products),Cereal-based dishes,
38052d02-3019-5f30-a60f-2184e5892e70,lt,Paplotis,flatbread,a flat round of baked dough,Composite food (including frozen products),Cereal-based dishes,
29e8d3ad-c0b3-59c9-84bf-66044f21ca15,lt,Ledai,ice cream,"ice cream; valgomieji ledai, edible ice, is the legal name","Snacks, desserts, and other foods",Ices and desserts,"Ice cream, milk-based"
63ae43a0-d0fc-5354-a4ac-1a944390af3c,lt,Ledų,ice cream (of ice cream),"the genitive plural of ledai, ice cream","Snacks, desserts, and other foods",Ices and desserts,"Ice cream, milk-based"
f148b682-b7ee-53d2-8a7c-1d1e1247bc96,lt,Plombyras,plombir,"plombyras, the Baltic full-fat dairy ice cream","Snacks, desserts, and other foods",Ices and desserts,"Ice cream, milk-based"
78883d23-1d39-5321-b380-dd1ebfd41e07,lt,Šerbetas,sherbet,"a water ice of fruit, without milk","Snacks, desserts, and other foods",Ices and desserts,Sorbet
f3bc553e-6dd6-5a8c-8212-389c793e0d98,lt,Sorbetas,sorbet,"sorbet, a water ice of fruit","Snacks, desserts, and other foods",Ices and desserts,Sorbet
3360dfb2-d46b-5ca1-ba13-790232bb3309,lt,Valgomieji ledai,edible ice,the legal name for ice cream on a Lithuanian pack,"Snacks, desserts, and other foods",Ices and desserts,"Ice cream, milk-based"
4cb366a2-1fba-5599-81ba-254a5932522b,lt,Koldūnai,dumplings,"koldūnai, filled boiled dumplings of the pelmeni family",Composite food (including frozen products),Cereal-based dishes,"Pasta, cooked"
2272435c-aca6-5c42-9384-18c77def5eba,lt,Virtiniai,boiled dumplings,"virtiniai, filled dumplings boiled in water",Composite food (including frozen products),Cereal-based dishes,"Pasta, cooked"
7cbb7abf-0824-5307-9820-e45143ee3206,lt,Cepelinai,cepelinai,"cepelinai, large Lithuanian dumplings of grated potato around a meat filling",Starchy roots and tubers,Potatoes and potatoes products,"Potato dumpling, plain"
5115faa1-8ad9-5bae-9802-91a7ca9c5bfc,lt,Lazanija,lasagne,lasagne,Composite food (including frozen products),Cereal-based dishes,"Pasta, cooked"
f7fd747e-626b-5c6f-86ff-f2618f943172,lt,Pica,pizza,pizza,Composite food (including frozen products),Cereal-based dishes,Pizza and pizza-like pies
ce03d216-0f89-5264-a317-3825211f08e4,lt,Picos,pizza (of pizza),"the genitive of pica, pizza",Composite food (including frozen products),Cereal-based dishes,Pizza and pizza-like pies
01fd2ec5-15ca-549d-b1e4-5b5ba59e0c91,lt,Blynai,pancakes,pancakes; bulviniai blynai are potato pancakes,,,
4f148630-1423-5bd2-900d-c8e379c99049,lt,Blyneliai,small pancakes,"the diminutive of blynai, small pancakes",,,
b4d23e03-cf5f-5cab-84b6-b28aa626484f,lt,Tešla,dough,"dough or pastry, raw",Grains and grain-based products,Fine bakery wares,
1e043c30-f900-5d33-b6d1-58ad9c96a196,lt,Blynas,pancake,a pancake,,,
535c979d-af5c-5f1d-b344-aa0faaa1e2fd,lt,Varškėčiai,curd fritters,"varškėčiai, fritters of fresh curd and flour",Grains and grain-based products,Fine bakery wares,Pastries and cakes
8c33afee-4de1-5b55-bc9d-a27b25a6aeae,lt,Kruasanai,croissants,croissants,Grains and grain-based products,Fine bakery wares,Pastries and cakes
addf5f5b-4044-5f5f-a324-f3947d079855,lt,Rageliai,crescent rolls,crescent-shaped filled pastries,Grains and grain-based products,Fine bakery wares,Pastries and cakes
326e3b3d-0760-5a4a-8140-86a373e0bb6f,lt,Batonai,loaves,long white wheat loaves,Grains and grain-based products,Bread and rolls,Wheat bread and rolls
93183d5c-e267-59c7-82a3-50ecadb021e9,lt,Kotletai,cutlets,"kotletai, patties of minced meat, usually breaded",Composite food (including frozen products),Meat-based meals,Meat croquettes
8d7d29f2-4795-55b3-ace4-9b45c77322d5,lt,Šnicelis,schnitzel,a breaded flattened cutlet,Composite food (including frozen products),Meat-based meals,
d8a0a69b-55a0-5c9b-8b63-f54ac82fd570,lt,Mėsainiai,burgers,burgers,Composite food (including frozen products),,
efe85d77-3758-5288-9149-b6557f72af58,lt,Burgeriai,burgers,"burgers, the borrowed name",Composite food (including frozen products),,
cee55cdc-05f4-54c3-bd76-150767a35790,lt,Falafeliai,falafel,"falafel, fried balls of ground chickpeas",Composite food (including frozen products),Beans-based meals,
1d13c163-da25-51cf-81c6-afa898fa6376,lt,Paelija,paella,"paella, a Spanish rice dish",Composite food (including frozen products),,
8dea61b9-3e29-5bfe-93be-b91768d5e821,lt,Vištiena,chicken,chicken meat,Meat and meat products (including edible offal),Poultry,Chicken meat (Gallus domesticus)
a115bf9c-5359-50ac-8ea1-1bf6efe4d08c,lt,Trapučiai,crispbreads,"puffed grain cakes, light and crisp",Grains and grain-based products,Bread and rolls,Other bread
869576f2-813b-54fd-a324-b76d3b995265,lt,Baltyminis batonėlis,protein bar,a bar sold for its protein,Grains and grain-based products,Breakfast cereals,Cereal bars
522a6393-0197-545e-872f-00ae28a67a92,lt,Dribsniai,flakes,rolled cereal flakes,Grains and grain-based products,Breakfast cereals,
581ca028-86f1-59d0-9f16-348427c0aa8f,lt,Granola,granola,"granola, baked clusters of oats, nuts and sweetener",Grains and grain-based products,Breakfast cereals,Muesli
54adb4de-60c4-5571-bf55-3216c8067c65,lt,Kruopos,groats,"groats, hulled and cut grain",Grains and grain-based products,Grains for human consumption,
8c1a173a-3d61-5da5-8204-89ecd6215e70,lt,Sėklos,seeds,edible seeds,"Legumes, nuts and oilseeds",,
ca823dd5-355f-5299-8886-24d62a6f09ed,lt,Sėklų,seeds (of seeds),"the genitive plural of sėkla, seed",,,
75672935-c7dd-5577-adfd-94cd8fc3d1d2,lt,Lęšių,lentil (of lentils),"the genitive plural of lęšis, lentil",,,
2bf10609-340f-5ca1-b39a-519c5614a467,lt,Milteliai,powder,a powder to be stirred into liquid,,,
2c8fd76e-2b34-5fcd-82a5-c2fb8a0066ac,lt,Baltymai,protein,"protein, as a named ingredient or a powder",,,
5440ee69-7247-5676-a3d8-af5faaf59a85,lt,Tabletės,tablets,"tablets, a supplement form",Products for special nutritional use,Dietary supplements,
ce2cbfec-6535-57d9-a3ef-3a98bd8ddc78,lt,Druska,salt,salt,,,
320cb5b6-63bc-5daf-91c3-0a7471ef4c41,lt,Sausainis,biscuit,a biscuit (cookie),Grains and grain-based products,Fine bakery wares,Biscuits (cookies)
808e1ea8-fd02-5d26-9672-e41792f7c8b1,lt,Skanėstas,treat,"a treat, something sweet eaten for pleasure",,,
df29e489-1272-5347-a339-6e3132efcbb1,lt,Sojų padažas,soy sauce,soy sauce,"Herbs, spices and condiments",Condiment,Soy sauce
92ddc3e6-1cc5-5bab-aa07-40b8e9ad8662,lt,Tortilijos,tortillas,"tortillas, thin unleavened flatbreads of wheat or maize",Grains and grain-based products,Bread and rolls,"Unleavened bread, crisp bread and rusk"
fd81926a-88dd-5775-a31f-220534a0509a,lt,Makaronai,pasta,"pasta or noodles, dried",Grains and grain-based products,Pasta (Raw),
55d34c1f-7ed1-5892-a14e-26aa78e33bf7,lt,Makaronų,pasta (of pasta),"the genitive plural of makaronai, pasta",Grains and grain-based products,,
029c3add-fd1d-564b-9a5d-261abd4a06ff,lt,Vermišeliai,vermicelli,"vermicelli, very thin noodles",Grains and grain-based products,Pasta (Raw),
98b22816-f90a-5dda-858f-83d3f5a89ba2,lt,Prieskonių,spice (of spices),"the genitive plural of prieskonis, spice","Herbs, spices and condiments",,
92877342-8b98-5a9a-9b22-19171a9a0cb8,lt,Actas,vinegar,vinegar,"Herbs, spices and condiments",Condiment,
b08383fd-b4d3-5123-8434-1438fc9bbde8,lt,Salsa,salsa,"salsa, a chunky tomato and chilli sauce","Herbs, spices and condiments",Savoury sauces,
54d7107a-e5de-58ed-9359-414f6acb8ee5,lt,Pasta,paste,"a thick paste, of spices, nuts or vegetables",,,
36e48fdb-f716-57ce-ac16-1b7ea1d0f0f1,lt,Aliejus,oil,edible oil,Animal and vegetable fats and oils,,
15f639c8-3d0c-5afa-8b74-76d4f514b53d,lt,Ryžiai,rice,rice,Grains and grain-based products,Grains for human consumption,Rice
556ddacc-40ac-5e1a-bf9d-ca804f83b7e7,lt,Jūros dumbliai,seaweed,"edible seaweed, nori and the like",Vegetables and vegetable products (including fungi),Sea weeds,
7c82ec30-8bc7-5de7-b638-a2fa5f169e63,lt,Bambukų ūgliai,bamboo shoots,bamboo shoots,Vegetables and vegetable products (including fungi),Stem vegetables (Fresh),Bamboo shoots (Bambusa vulgaris)
b8855b94-f079-5e25-a97c-e4f5432fbb24,lt,Marinatas,marinade,"a marinade, poured over food before cooking","Herbs, spices and condiments",Condiment,
8cf955d2-6d64-5a40-b29c-9b5eaba0d513,lt,Javainiai,breakfast cereal,"breakfast cereal, flaked or puffed grain",Grains and grain-based products,Breakfast cereals,
11b81581-9de8-56e2-842f-5fe2d47822aa,lt,Musli,muesli,"muesli, raw flakes with nuts and dried fruit",Grains and grain-based products,Breakfast cereals,
034ac8bd-f612-579f-9b92-d58df2882dda,lt,Pusryčiai,breakfast,"breakfast; sausi pusryčiai, dry breakfast, is breakfast cereal",Grains and grain-based products,Breakfast cereals,
71ec0c5b-52bc-5a51-906b-fe974527d8f1,lt,Javainis,cereal bar,a bar of pressed cereal flakes,Grains and grain-based products,Breakfast cereals,Cereal bars
e41a6c84-9d7b-51ac-af4c-3ea58fdfe3dd,lt,Batonėliai,bars,"bars to eat in the hand: cereal, chocolate or protein",,,
36afbb4f-a524-5ea9-95d4-46adbd494cd1,lt,Kviečiai,wheat,wheat grain,Grains and grain-based products,,
f3916c2c-c5f0-5c64-8b63-2b389a2c3a2f,lt,Alyvuogės,olives,table olives,Fruit and fruit products,Miscellaneous fruits,Table olives (Olea europaea)
5eec728f-4473-59e2-8f78-c9289ed612c6,lt,Sriuba,soup,soup,Composite food (including frozen products),Ready to eat soups,
889dff9e-8c09-5d37-85d9-71f13f6ded48,lt,Uogienė,jam,"jam, fruit boiled with sugar",Fruit and fruit products,"Jam, marmalade and other fruit spreads",Jam
5ea4ce96-f1ed-529c-9815-b55eef700ccc,lt,Džemas,jam,"jam, the borrowed name",Fruit and fruit products,"Jam, marmalade and other fruit spreads",Jam
0f6b02e9-5ab5-52d9-93fc-db7dd314a503,lt,Marmeladas,marmalade,"marmalade, a citrus preserve",Fruit and fruit products,"Jam, marmalade and other fruit spreads",Marmalade
88800bed-1614-582c-8932-b17e76c4ba97,lt,Kompotas,compote,fruit stewed in syrup,Fruit and fruit products,Other fruit products (excluding beverages),Fruit compote
d1b77d6e-935d-5f33-8a50-0619336376ba,lt,Riešutų kremas,nut butter,"a spread of ground nuts, sweetened or not",,,
7d7bf693-f56f-58d3-bbc4-987bebbb77cd,lt,Žemės riešutų,peanut (of peanuts),"the genitive plural of žemės riešutas, peanut",,,
a6ef6ca3-328e-5cb9-b40f-e328db937ecb,lt,Kukurūzai,sweetcorn,sweetcorn kernels,Vegetables and vegetable products (including fungi),Fruiting vegetables,Sweet corn (Zea mays var. saccharata)
3de969cc-e539-52c0-ae3d-01923a73f50c,lt,Kaparėliai,capers,"capers, pickled flower buds",Vegetables and vegetable products (including fungi),,
5b560a1d-3e48-5ae9-90c4-fda146076334,lt,Medus,honey,honey,Sugar and confectionary,Honey,Honey
0aa6bd69-13fa-5aa2-a008-be1c7631ba0b,lt,Lęšiai,lentils,lentils,"Legumes, nuts and oilseeds","Legumes, beans, dried",Lentils (Lens culinaris syn. L. esculenta)
94542a1f-cbb8-5a89-aa28-09de3963719b,lt,Sirupas,syrup,a sweet syrup,Sugar and confectionary,Molasses and other syrups,
f618902b-f530-5d21-99b6-de0cf2dcb188,lt,Klevų sirupas,maple syrup,maple syrup,Sugar and confectionary,Molasses and other syrups,Maple syrup
9c78d16d-ba9b-531f-94cf-4d964f60eb60,lt,Rūgštynės,sorrel,"sorrel, a sharp-tasting leaf",Vegetables and vegetable products (including fungi),Leaf vegetables,Sorrel (Rumex spp.)
6dd8527d-b668-5a0e-a98d-2ded820762eb,lt,Svogūnėliai,small onions,"the diminutive of svogūnas, small pickling onions",Vegetables and vegetable products (including fungi),Bulb vegetables,"Onions, bulb (Allium cepa)"
c7158802-999c-57b8-8428-18bda4655f55,lt,Griežinėliai,slices,thin round slices,,,
b8f658a8-9f60-5cca-aec7-80aabf6de052,lt,Alyvuogių,olive (of olives),"the genitive plural of alyvuogė, olive",Animal and vegetable fats and oils,Vegetable oil,Olive oil
1019c524-99fd-50d6-84f8-03d15a661caa,lt,Alyvuogių aliejus,olive oil,olive oil,Animal and vegetable fats and oils,Vegetable oil,Olive oil
938d1ce3-9ba4-5823-ac9b-b41553b2b31d,lt,Saulėgrąžų,sunflower (of sunflowers),"the genitive plural of saulėgrąža, sunflower",Animal and vegetable fats and oils,Vegetable oil,Sunflower oil
b988951f-43d4-58e9-a3ee-c56d3a4e4b98,lt,Rapsų,rapeseed (of rape),"the genitive plural of rapsas, rapeseed (canola)",Animal and vegetable fats and oils,Vegetable oil,Rapeseed oil
01534c3c-44c1-507c-af56-ea443377b245,lt,Linų,linseed (of flax),"the genitive plural of linas, flax: linseed",Animal and vegetable fats and oils,Vegetable oil,Linseed oil
e1660fa1-2c88-590c-93e1-690dc3198367,lt,Riešutų,nut (of nuts),"the genitive plural of riešutas, nut",,,
6a04fa6a-c7f5-5440-acb7-c1c4f8715447,lt,Balzaminis,balsamic,"balsamic, said of the sweet aged vinegar of Modena","Herbs, spices and condiments",Condiment,
b4cc992d-27ba-5f63-82bb-da707cf4c073,lt,Citrinų,lemon (of lemons),"the genitive plural of citrina, lemon",,,
b3c47837-c84f-5ae1-84df-0f74ef6bf358,lt,Glajus,glaze,"a thick sweet glaze, here of balsamic vinegar","Herbs, spices and condiments",Condiment,
b702ee4c-a0c0-515d-a745-af1f63b4b9bb,lt,Spagečiai,spaghetti,spaghetti,Grains and grain-based products,Pasta (Raw),
4f4d38d7-5680-5eed-b47f-8b25f3b38ebf,lt,Lakštai,sheets,"sheets of pasta, for lasagne",Grains and grain-based products,Pasta (Raw),
ad1c1bcf-5839-5d2c-8253-393586bb93d4,lt,Grikiai,buckwheat,buckwheat groats,Grains and grain-based products,Grains for human consumption,Buckwheat grain
6ee6ba0d-c19f-57d4-bd97-736b46958a73,lt,Kruopų,groats (of groats),"the genitive plural of kruopos, groats",Grains and grain-based products,,
937cdf7b-e536-553a-892a-8d5fc284305f,lt,Perlinės,pearl (barley),"pearled, said of barley polished round",Grains and grain-based products,Grains for human consumption,Barley grain
8d52d55f-41a8-5be6-b3cf-e7bb9123e942,lt,Avižos,oats,oats,Grains and grain-based products,,
bc2bba6a-c79c-5390-96cb-edd9740bf52a,lt,Avižiniai,oat (oaten),"oaten, made of oats",Grains and grain-based products,Breakfast cereals,
da1677cb-0853-5b49-a811-97b2bfb24239,lt,Manai,semolina,"semolina, coarse wheat meal cooked as porridge",Grains and grain-based products,Grain milling products,
90fd876a-1ada-564b-8de9-6473dda8a91e,lt,Kuskusas,couscous,"couscous, steamed semolina grains",Grains and grain-based products,Grain milling products,Wheat milling products
2ff4ba3d-df7e-515f-a1e7-a62716342ac1,lt,Bulguras,bulgur,"bulgur, parboiled cracked wheat",Grains and grain-based products,Grains for human consumption,Wheat grain
1c74a7ca-2f18-5fc8-8652-11ee20edb266,lt,Sorų,millet (of millet),"the genitive plural of soros, millet",Grains and grain-based products,Grains for human consumption,Millet grain
c6d1113d-5a35-5d8e-8d48-b39064adc996,lt,Košė,porridge,"porridge, grain cooked soft in liquid",Grains and grain-based products,,
9a491eab-c254-5d9c-8fb0-98e13ea56133,lt,Sėmenys,linseed,linseed (flaxseed),"Legumes, nuts and oilseeds",Oilseeds,Linseed (Linum usitatissimum)
ca4f71f9-ff1b-5a7d-bde8-f95037e79875,lt,Miltai,flour,flour; unqualified it is grain flour,Grains and grain-based products,Grain milling products,
5bc1d2e8-e492-5431-9ab9-8d11bb0f290d,lt,Miltų,flour (of flour),"the genitive plural of miltai, flour",Grains and grain-based products,,
4b9e5ffe-102b-5b5c-b199-34be6857903a,lt,Kvietiniai,wheaten,"wheaten, made of wheat",Grains and grain-based products,Grain milling products,Wheat milling products
97f1a8cb-2a0e-5235-a903-967c320989b7,lt,Ruginiai,rye (made of rye),made of rye,Grains and grain-based products,Grain milling products,Rye milling products
79b477c3-aa79-5811-823a-dbf9bff12c41,lt,Krakmolas,starch,"starch, for thickening",Grains and grain-based products,Grain milling products,
4d369b51-f359-50b2-acb9-d106da7800ca,lt,Grūdai,grains,whole grains,Grains and grain-based products,,
7d1d911e-25ca-5f40-ac8d-0ab41e979e6e,lt,Sultinys,broth,"broth, or the cube and powder it is made from",Composite food (including frozen products),Ready to eat soups,
53485b4f-02ac-598c-a382-e5d321b51764,lt,Ramen,ramen,"ramen, Japanese wheat noodles served in broth",Grains and grain-based products,Pasta (Raw),
3c5422d4-119e-5d13-9af4-6afb2c611c3e,lt,Kečupas,ketchup,tomato ketchup,"Herbs, spices and condiments",Condiment,Tomato ketchup
b4a53584-feee-5440-bd3a-17a6b9febdcf,lt,Garstyčios,mustard,mustard,"Herbs, spices and condiments",Condiment,
118d4489-cc16-585a-82cc-8f3a9484de0c,lt,Pesto,pesto,"pesto, a sauce of basil, oil, cheese and nuts","Herbs, spices and condiments",Savoury sauces,"Oil-based sauce (Pesto, Aioli sauce)"
f36bd6ce-be44-53b7-a29f-278a3c61b0b8,lt,Pomidorų,tomato (of tomatoes),"the genitive plural of pomidoras, tomato",,,
c663784b-f216-5e43-b475-0b98559b344e,lt,Pomidorų padažas,tomato sauce,a sauce based on tomatoes,"Herbs, spices and condiments",,
58c0c3cc-d9c6-5d11-a665-7e836d7cceab,lt,Krienai,horseradish,"horseradish, grated as a hot condiment",Vegetables and vegetable products (including fungi),Root vegetables,Horseradish (Armoracia rusticana)
b2e8f391-62e4-5a9e-9ec9-a05fd0ddab17,lt,Kava,coffee,coffee,Vegetables and vegetable products (including fungi),Coffee beans and coffee products (Solid),
b825de2f-e004-54ee-8a13-0d6e59828d0c,lt,Kavos,coffee (of coffee),"the genitive of kava, coffee",Vegetables and vegetable products (including fungi),Coffee beans and coffee products (Solid),
96758ce8-1aae-550b-9bdf-29bf7ad9ac3b,lt,Kavos pupelės,coffee beans,coffee beans,Vegetables and vegetable products (including fungi),Coffee beans and coffee products (Solid),"Coffee beans, roasted and ground"
a1edfe89-2167-5ac9-a159-f8cfff59c210,lt,Espresso,espresso,"espresso, coffee brewed short under pressure",Vegetables and vegetable products (including fungi),Coffee beans and coffee products (Solid),
7cfa8162-508e-58c2-bb4b-ee5fd0ba3e3b,lt,Cikorija,chicory,"chicory root, roasted as a coffee substitute",Vegetables and vegetable products (including fungi),Coffee imitates (Solid),Chicory coffee
1a514804-7bb8-5f91-94b6-1aa1319c243a,lt,Arbata,tea,"tea, or any leaf or fruit infusion",Non-alcoholic beverages (excepting milk based beverages),Tea (Infusion),
472b4b41-7dbe-5d48-aad0-e22bd6f4ae76,lt,Arbatos,tea (of tea),"the genitive of arbata, tea",Non-alcoholic beverages (excepting milk based beverages),Tea (Infusion),
59061b8f-8081-55e4-8479-e0f92e07ec5a,lt,Žalioji,green (feminine),"green, as in žalioji arbata, green tea",Non-alcoholic beverages (excepting milk based beverages),Tea (Infusion),"Green tee, infusion"
c456f387-54da-5a71-a29d-7bef2b0d9c27,lt,Juodoji,black (feminine),"black, as in juodoji arbata, black tea",Non-alcoholic beverages (excepting milk based beverages),Tea (Infusion),"Black tea, infusion"
13d01ec3-e6da-5e9a-bd33-0fdc27cb2455,lt,Vaisinė,fruit (feminine),"fruit, as in vaisinė arbata, fruit infusion",Non-alcoholic beverages (excepting milk based beverages),Tea (Infusion),"Herbal tea, infusion"
047b1ea4-0823-553e-b7c9-72982de6bcfd,lt,Matcha,matcha,"matcha, powdered Japanese green tea",Non-alcoholic beverages (excepting milk based beverages),Tea (Infusion),"Green tee, infusion"
92d32f5f-5cf1-53e9-ac27-65576e03d786,lt,Rooibos,rooibos,"rooibos, a South African bush infusion",Non-alcoholic beverages (excepting milk based beverages),Tea (Infusion),"Herbal tea, infusion"
c2fd2a17-a4bf-59c5-bd2e-1dfec58b4eae,lt,Kakavos,cocoa (of cocoa),"the genitive of kakava, cocoa",Vegetables and vegetable products (including fungi),Cocoa beans and cocoa products,
16abcf0e-ab3d-523f-b5c8-bde4ef8b006d,lt,Kapsulės,capsules,capsules for a coffee machine,,,
88cdea2e-e56c-5318-9b97-13f1a232704e,lt,Cukrus,sugar,sugar,Sugar and confectionary,Sugars,
8a324e4f-d4f7-562f-84d0-fc23a9f77011,lt,Cukraus,sugar (of sugar),"the genitive of cukrus, sugar",Sugar and confectionary,,
3016094e-a1e7-5023-a463-90bec193c0b6,lt,Saldiklis,sweetener,a sweetener standing in for sugar,Sugar and confectionary,Sugar substitutes,
f4c43e47-1bde-5946-8989-1d92d9214b35,lt,Stevija,stevia,"stevia, a sweetener from the leaves of Stevia rebaudiana",Sugar and confectionary,,
1c82b95f-b8b2-565d-9aa6-1002eff2b847,lt,Rudasis,brown (masculine),"brown, as in rudasis cukrus, brown sugar",Sugar and confectionary,Sugars,Brown sugar
98e4fb0f-fb85-5e5b-b8d8-2795f3a8b47f,lt,Riešutai,nuts,"nuts; žemės riešutai, ground nuts, are peanuts","Legumes, nuts and oilseeds",,
4812c545-0493-50b4-bac6-48fbc5e395eb,lt,Žemės riešutai,peanuts,"peanuts, literally ground nuts, which are a legume","Legumes, nuts and oilseeds","Legumes, beans, dried",Peanut (Arachis hypogea)
840fcf45-dd51-50aa-8dec-f3428bf31695,lt,Migdolai,almonds,almonds,"Legumes, nuts and oilseeds",Tree nuts,"Almond, sweet (Prunus amygalus dulcis)"
6166fecb-c1ca-5cf1-b8f1-46c73b4017d1,lt,Lazdyno,hazel (of hazel),"the genitive of lazdynas, hazel: lazdyno riešutai are hazelnuts","Legumes, nuts and oilseeds",Tree nuts,Hazelnuts (Corylus avellana)
b1573f14-975d-5a0b-a6a6-3713733b47e6,lt,Graikiniai,walnut (Greek),"Greek, as in graikiniai riešutai, walnuts","Legumes, nuts and oilseeds",Tree nuts,Walnuts (Juglans regia)
c3ed8a4b-b8a8-58bc-97e6-628c17b88d59,lt,Anakardžiai,cashews,cashew nuts,"Legumes, nuts and oilseeds",Tree nuts,Cashew nuts (Anacardium occidentale)
49cca59d-e2bf-5cc0-b77e-b92051471cf7,lt,Pistacijos,pistachios,pistachios,"Legumes, nuts and oilseeds",Tree nuts,Pistachios (Pistachia vera)
9f088761-6103-5509-a7ca-de25ec5dbd9c,lt,Saulėgrąžos,sunflower seeds,sunflower seeds,"Legumes, nuts and oilseeds",Oilseeds,Sunflower seed (Helianthus annuus)
1c9ca9fd-1c20-58e2-a6a5-760e967759bd,lt,Moliūgų,pumpkin (of pumpkins),"the genitive plural of moliūgas, pumpkin: moliūgų sėklos are pumpkin seeds","Legumes, nuts and oilseeds",Oilseeds,Pumpkin seeds (Cucurbita pepo var. oleifera)
1c7742dd-e6a9-56df-8f7b-f5a064617d6f,lt,Razinos,raisins,"raisins, dried grapes",Fruit and fruit products,Dried fruits,"Dried vine fruits (currants, raisins and sultanas)"
60ac2474-9e12-5a91-b220-763cc8bd1713,lt,Abrikosai,apricots,apricots,Fruit and fruit products,Stone fruits,Apricots (Prunus armeniaca)
01e93bac-a167-5a43-92e8-50338e4d8e07,lt,Bertoletijos,Brazil nuts,Brazil nuts,"Legumes, nuts and oilseeds",Tree nuts,Brazil nuts (Bertholletia excelsa)
8a9a25df-cde2-5b74-ba39-30ad32d32344,lt,Pinijos,pine nuts,pine nuts,"Legumes, nuts and oilseeds",Tree nuts,Pine nuts (Pinus pinea)
af958ab1-536e-5e46-8ab2-501f338ecc36,lt,Pinijų,pine nut (of pine nuts),"the genitive plural of pinija, pine nut","Legumes, nuts and oilseeds",Tree nuts,Pine nuts (Pinus pinea)
a825996a-75de-5ecd-ae9a-cc8033494cc3,lt,Pupos,broad beans,broad beans (fava beans),"Legumes, nuts and oilseeds","Legumes, beans, dried",Broad bean (Vicia faba)
967b815c-3971-51bd-aff3-b1960495b2e2,lt,Studentų maistas,trail mix,"student food, the Lithuanian name for a trail mix of nuts and dried fruit","Legumes, nuts and oilseeds",Tree nuts,Mixed nuts and dried fruits
edfe596d-f29e-5efb-818d-b25892afe9eb,lt,Bulvių traškučiai,potato crisps,potato crisps (chips),"Snacks, desserts, and other foods",Snack food,Potato crisps
6673fa84-da28-5c1d-9221-1e92c262c977,lt,Spragėsiai,popcorn,popcorn,"Snacks, desserts, and other foods",Snack food,Popcorn
89b235be-943e-57ff-899b-a0e02a14a518,lt,Meduoliai,gingerbread,"meduoliai, honey-and-spice cakes",Grains and grain-based products,Fine bakery wares,Pastries and cakes
a529b511-ce5a-590d-b23d-22b74d45379a,lt,Keksiukai,cupcakes,"small cakes, muffin-like",Grains and grain-based products,Fine bakery wares,Pastries and cakes
1a95be23-080e-5909-8b32-2c9e68d209de,lt,Migdoliniai,almond (made of almonds),"almond, said of a macaroon",Grains and grain-based products,Fine bakery wares,Biscuits (cookies)
dff3fac0-87c4-5c5f-8c28-ffcf364d97c6,lt,Šokoladiniai,chocolate (chocolate-made),"chocolate, said of what is made or coated with it",,,
2e89fe7e-9618-55b0-b655-46f22a4f5999,lt,Šokoladas,chocolate,chocolate,Sugar and confectionary,Chocolate (Cocoa) products,
6013f935-abd9-58e2-b288-4a03137c14f8,lt,Šokoladinis,chocolate (masculine),"chocolate, said of a bar or a coating",Sugar and confectionary,Chocolate (Cocoa) products,
2991840b-2080-5848-b629-8816247daf91,lt,Plytelė,bar (tablet),a moulded tablet of chocolate,Sugar and confectionary,Chocolate (Cocoa) products,
17353c8a-11ff-5ac8-b51d-8d0011938aba,lt,Juodasis,dark (masculine),"dark, as in juodasis šokoladas, dark chocolate",Sugar and confectionary,Chocolate (Cocoa) products,
2de02ac4-5cf9-5d58-9483-430b93090107,lt,Pieniškas,milk (adjective),"milk, as in pieniškas šokoladas, milk chocolate",Sugar and confectionary,Chocolate (Cocoa) products,
229d5a50-3fb4-572b-a7f8-45ab437d99ab,lt,Baltasis,white (masculine),"white, as in baltasis šokoladas, white chocolate",Sugar and confectionary,Chocolate (Cocoa) products,White chocolate
d0b4378a-a73f-5d98-80ab-6e853034d000,lt,Nuga,nougat,"nougat, a whipped sugar and nut confection",Sugar and confectionary,Chocolate (Cocoa) products,
6766014a-4128-5642-817a-f7525951e033,lt,Saldainiai,sweets,sweets (candy) of any kind,Sugar and confectionary,,
59257fa2-f7a4-51fc-83ad-d41f3a85842a,lt,Ledinukai,hard candy,"boiled sugar sweets, hard and clear",Sugar and confectionary,Confectionery (non-chocolate),"Candies, with sugar"
c60c972a-68b0-5189-ab7e-a8473d4d915f,lt,Guminukai,gummies,"gum sweets, chewy and set with gelatine or pectin",Sugar and confectionary,Confectionery (non-chocolate),Jelly candies
59f43630-2356-5254-a057-acfe430fc51a,lt,Karamelė,caramel,"caramel, boiled sugar, soft or hard",Sugar and confectionary,Confectionery (non-chocolate),
95301a2d-0725-5211-a576-b992d96ed97e,lt,Dražė,dragee,"dragees, small sweets in a hard shell",Sugar and confectionary,,
a7d85991-d857-5c6e-8ad4-2e87deb0fc52,lt,Zefyras,zefir,"zefyras, a whipped fruit-and-sugar foam sweet, marshmallow-like",Sugar and confectionary,Confectionery (non-chocolate),Foamed sugar products (marshmallows)
6308ce26-a09d-5d8b-9ab5-53ee11d6fb9a,lt,Chalva,halva,"halva, a crumbly sweet of ground sesame or sunflower seed and sugar",Sugar and confectionary,Confectionery (non-chocolate),
9c290bb5-aa14-5579-a063-e83e0b53dd1b,lt,Varškėtukai,curd dumplings,small dumplings of fresh curd,Composite food (including frozen products),Cereal-based dishes,
5c45e4be-4e88-5735-a95f-69c0fe9758d2,lt,Trapukai,crisp cakes,light crisp cakes of pressed grain or pulse,Grains and grain-based products,Bread and rolls,Other bread
4a7333ca-fc46-591b-a0d8-fe17877c3d4b,lt,Ežiukai,hedgehogs,"hedgehogs, a small ridged pasta shape",Grains and grain-based products,Pasta (Raw),
437f1bde-d601-5842-85b0-4722a0407cc2,lt,Grybukai,mushroom biscuits,"grybukai, small spiced biscuits shaped as mushrooms",Grains and grain-based products,Fine bakery wares,Biscuits (cookies)
1d9b128e-b531-5e7e-b93c-08bca0981620,lt,Mišrainė,dressed salad,a dressed salad of chopped vegetables,,,
e8ed58a3-071f-56e3-9421-858b0a6d1739,lt,Pagardas,relish,a relish served alongside food,,,
2c4bcdfb-f8f2-57d8-8338-4a22944fc788,lt,Užtepas,spread,a spread,,,
95196e6d-8ded-532a-814c-efc0998619c5,lt,Užkandėlė,small snack,"the diminutive of užkandis, a small snack",,,
2e5089fb-6be8-5464-b10e-6050d975fcca,lt,Vaflis,wafer,a wafer biscuit,Grains and grain-based products,Fine bakery wares,Biscuits (cookies)
810c9bef-47da-50d4-ac0e-bdd78096e98f,lt,Ledinukas,hard candy,a boiled sugar sweet on a stick or loose,Sugar and confectionary,Confectionery (non-chocolate),"Candies, with sugar"
60b55019-bdc9-5a19-9f89-c9cc13a62854,lt,Kąsneliai,bites,bite-sized pieces,,,
58c0634f-1244-582e-922b-7ef6d37fd0ea,lt,Lazdelė,stick,"a stick, the shape a snack is pressed into",,,
a828483a-45b7-5f6a-9e63-520199e6eb8a,lt,Eritritolis,erythritol,"erythritol, a polyol sweetener the body does not burn",Sugar and confectionary,Sugar substitutes,
f2e2ae15-0bcb-5f25-ba42-769e40e329e6,lt,Ksilitolis,xylitol,"xylitol, a polyol sweetener",Sugar and confectionary,Sugar substitutes,
514cdb3a-03ce-5be2-bc57-92502a3be7e7,lt,Stevijos,stevia (of stevia),"the genitive of stevija, the sweet leaf",Sugar and confectionary,Sugar substitutes,
fbb52b48-2103-5f5c-9ad9-4d5e907a3d87,lt,Inulinas,inulin,"inulin, a soluble fibre from chicory root",Products for special nutritional use,Dietary supplements,
73cea766-76c5-5c88-8642-55006f87c559,lt,Gysločio luobelės,psyllium husk,"psyllium husk, the seed coat of Plantago ovata, eaten as fibre",Products for special nutritional use,Dietary supplements,
3140bd0c-ae55-5c2f-8aab-77c8a9554611,lt,Mačia,matcha,"the Lithuanian spelling of matcha, powdered green tea",Non-alcoholic beverages (excepting milk based beverages),Tea (Infusion),"Green tee, infusion"
a0f9abc6-44d4-599e-a1fb-99b27d09d922,lt,Trešnių,sweet cherry (of cherries),"the genitive plural of trešnė, sweet cherry",Fruit and fruit products,Stone fruits,Sweet cherry (Prunus avium)
